vsim +access+r;
# ELBREAD: Elaboration process.
# ELBREAD: Warning: ELBREAD_0049 The "uvm_pkg" design unit does not have a time unit/precision defined but other design units do.
# ELBREAD: Elaboration time 1.2 [s].
# KERNEL: Main thread initiated.
# KERNEL: Kernel process initialization phase.
# ELAB2: Elaboration final pass...
# KERNEL: PLI/VHPI kernel's engine initialization done.
# PLI: Loading library '/usr/share/Riviera-PRO/bin/libsystf.so'
# ELAB2: Create instances ...
# KERNEL: Info: Loading library:  /usr/share/Riviera-PRO/bin/uvm_1_2_dpi
# KERNEL: Time resolution set to 1ns.
# ELAB2: Create instances complete.
# SLP: Started
# SLP: Elaboration phase ...
# SLP: Elaboration phase ... done : 0.1 [s]
# SLP: Generation phase ...
# SLP: Generation phase ... done : 0.1 [s]
# SLP: Finished : 0.2 [s]
# SLP: 0 primitives and 17 (45.95%) other processes in SLP
# SLP: 83 (0.26%) signals in SLP and 142 (0.45%) interface signals
# ELAB2: Elaboration final pass complete - time: 2.7 [s].
# KERNEL: SLP loading done - time: 0.0 [s].
# KERNEL: Warning: You are using the Riviera-PRO EDU Edition. The performance of simulation is reduced.
# KERNEL: Warning: Contact Aldec for available upgrade options - sales@aldec.com.
# KERNEL: SLP simulation initialization done - time: 0.0 [s].
# KERNEL: Kernel process initialization done.
# Allocation: Simulator allocated 32176 kB (elbread=2179 elab2=24843 kernel=5153 sdf=0)
# KERNEL: UVM_INFO ./uvm-1.2/src/base/uvm_root.svh(392) @ 0: reporter [UVM/RELNOTES] 
# KERNEL: ----------------------------------------------------------------
# KERNEL: UVM-1.2
# KERNEL: (C) 2007-2014 Mentor Graphics Corporation
# KERNEL: (C) 2007-2014 Cadence Design Systems, Inc.
# KERNEL: (C) 2006-2014 Synopsys, Inc.
# KERNEL: (C) 2011-2013 Cypress Semiconductor Corp.
# KERNEL: (C) 2013-2014 NVIDIA Corporation
# KERNEL: ----------------------------------------------------------------
# KERNEL: 
# KERNEL:   ***********       IMPORTANT RELEASE NOTES         ************
# KERNEL: 
# KERNEL:   You are using a version of the UVM library that has been compiled
# KERNEL:   with `UVM_NO_DEPRECATED undefined.
# KERNEL:   See http://www.eda.org/svdb/view.php?id=3313 for more details.
# KERNEL: 
# KERNEL:   You are using a version of the UVM library that has been compiled
# KERNEL:   with `UVM_OBJECT_DO_NOT_NEED_CONSTRUCTOR undefined.
# KERNEL:   See http://www.eda.org/svdb/view.php?id=3770 for more details.
# KERNEL: 
# KERNEL:       (Specify +UVM_NO_RELNOTES to turn off this notice)
# KERNEL: 
# KERNEL: ASDB file was created in location /home/runner/dataset.asdb
run -all;
# KERNEL: UVM_INFO @ 0: reporter [RNTST] Running test fifo_random_test...
# KERNEL: UVM_INFO /home/runner/test_2.sv(30) @ 0: uvm_test_top [fifo_random_test] Starting test...
# KERNEL: UVM_INFO /home/runner/sequence2.sv(13) @ 0: uvm_test_top.env.wr_agent.sqr@@wr_seq [fifo_random_seq] Starting fifo_random_seq Stimulus for all ports...
# KERNEL: UVM_INFO /home/runner/sequence2.sv(13) @ 0: uvm_test_top.env.rd_agent.sqr@@rd_seq [fifo_random_seq] Starting fifo_random_seq Stimulus for all ports...
# KERNEL: UVM_INFO /home/runner/wr_driver.sv(33) @ 0: uvm_test_top.env.wr_agent.drv [WR_DRV] wrst_n = 0, wdata =0, winc= 0, 
# KERNEL: UVM_INFO /home/runner/rd_driver.sv(33) @ 0: uvm_test_top.env.rd_agent.drv [RD_DRV] rrst_n = 0, rinc= 0
# KERNEL: UVM_INFO /home/runner/scoreboard.sv(29) @ 15: uvm_test_top.env.scb [SCB] Reset detected, clearing WR queue
# KERNEL: UVM_INFO /home/runner/wr_driver.sv(33) @ 15: uvm_test_top.env.wr_agent.drv [WR_DRV] wrst_n = 0, wdata =0, winc= 0, 
# KERNEL: UVM_INFO /home/runner/scoreboard.sv(57) @ 39: uvm_test_top.env.scb [SCB] Reset detected, clearing RD queue
# KERNEL: UVM_INFO /home/runner/rd_driver.sv(33) @ 39: uvm_test_top.env.rd_agent.drv [RD_DRV] rrst_n = 0, rinc= 0
# KERNEL: UVM_INFO /home/runner/sequence2.sv(21) @ 65: uvm_test_top.env.wr_agent.sqr@@wr_seq [SEQ] Starting Randomized Writes
# KERNEL: UVM_INFO /home/runner/wr_driver.sv(33) @ 65: uvm_test_top.env.wr_agent.drv [WR_DRV] wrst_n = 1, wdata =4c, winc= 1, 
# KERNEL: UVM_INFO /home/runner/wr_monitor.sv(46) @ 75: uvm_test_top.env.wr_agent.mon [WR_MON] wrst_n = 1, wdata =4c, winc= 1, wfull=0
# KERNEL: UVM_INFO /home/runner/scoreboard.sv(37) @ 75: uvm_test_top.env.scb [fifo_scoreboard] Scoreboard received item
# KERNEL: UVM_INFO /home/runner/scoreboard.sv(43) @ 75: uvm_test_top.env.scb [SCB_WR] DATA WRITTEN=4c , count=1
# KERNEL: UVM_INFO /home/runner/wr_driver.sv(33) @ 75: uvm_test_top.env.wr_agent.drv [WR_DRV] wrst_n = 1, wdata =f6, winc= 1, 
# KERNEL: UVM_INFO /home/runner/wr_monitor.sv(46) @ 95: uvm_test_top.env.wr_agent.mon [WR_MON] wrst_n = 1, wdata =f6, winc= 1, wfull=0
# KERNEL: UVM_INFO /home/runner/scoreboard.sv(37) @ 95: uvm_test_top.env.scb [fifo_scoreboard] Scoreboard received item
# KERNEL: UVM_INFO /home/runner/scoreboard.sv(43) @ 95: uvm_test_top.env.scb [SCB_WR] DATA WRITTEN=f6 , count=2
# KERNEL: UVM_INFO /home/runner/wr_driver.sv(33) @ 95: uvm_test_top.env.wr_agent.drv [WR_DRV] wrst_n = 1, wdata =73, winc= 1, 
# KERNEL: UVM_INFO /home/runner/wr_monitor.sv(46) @ 115: uvm_test_top.env.wr_agent.mon [WR_MON] wrst_n = 1, wdata =73, winc= 1, wfull=0
# KERNEL: UVM_INFO /home/runner/scoreboard.sv(37) @ 115: uvm_test_top.env.scb [fifo_scoreboard] Scoreboard received item
# KERNEL: UVM_INFO /home/runner/scoreboard.sv(43) @ 115: uvm_test_top.env.scb [SCB_WR] DATA WRITTEN=73 , count=3
# KERNEL: UVM_INFO /home/runner/wr_driver.sv(33) @ 115: uvm_test_top.env.wr_agent.drv [WR_DRV] wrst_n = 1, wdata =c1, winc= 1, 
# KERNEL: UVM_INFO /home/runner/sequence2.sv(28) @ 121: uvm_test_top.env.rd_agent.sqr@@rd_seq [SEQ] Starting Randomized Reads
# KERNEL: UVM_INFO /home/runner/rd_driver.sv(33) @ 121: uvm_test_top.env.rd_agent.drv [RD_DRV] rrst_n = 1, rinc= 1
# KERNEL: UVM_INFO /home/runner/wr_monitor.sv(46) @ 135: uvm_test_top.env.wr_agent.mon [WR_MON] wrst_n = 1, wdata =c1, winc= 1, wfull=0
# KERNEL: UVM_INFO /home/runner/scoreboard.sv(37) @ 135: uvm_test_top.env.scb [fifo_scoreboard] Scoreboard received item
# KERNEL: UVM_INFO /home/runner/scoreboard.sv(43) @ 135: uvm_test_top.env.scb [SCB_WR] DATA WRITTEN=c1 , count=4
# KERNEL: UVM_INFO /home/runner/wr_driver.sv(33) @ 135: uvm_test_top.env.wr_agent.drv [WR_DRV] wrst_n = 1, wdata =e2, winc= 1, 
# KERNEL: UVM_INFO /home/runner/wr_monitor.sv(46) @ 155: uvm_test_top.env.wr_agent.mon [WR_MON] wrst_n = 1, wdata =e2, winc= 1, wfull=0
# KERNEL: UVM_INFO /home/runner/scoreboard.sv(37) @ 155: uvm_test_top.env.scb [fifo_scoreboard] Scoreboard received item
# KERNEL: UVM_INFO /home/runner/scoreboard.sv(43) @ 155: uvm_test_top.env.scb [SCB_WR] DATA WRITTEN=e2 , count=5
# KERNEL: UVM_INFO /home/runner/wr_driver.sv(33) @ 155: uvm_test_top.env.wr_agent.drv [WR_DRV] wrst_n = 1, wdata =d4, winc= 1, 
# KERNEL: UVM_INFO /home/runner/rd_driver.sv(33) @ 169: uvm_test_top.env.rd_agent.drv [RD_DRV] rrst_n = 1, rinc= 1
# KERNEL: Error: assertion.sv (43): UNDERFLOW!!, Read ignored because FIFO empty
# KERNEL: UVM_INFO /home/runner/wr_monitor.sv(46) @ 175: uvm_test_top.env.wr_agent.mon [WR_MON] wrst_n = 1, wdata =d4, winc= 1, wfull=0
# KERNEL: UVM_INFO /home/runner/scoreboard.sv(37) @ 175: uvm_test_top.env.scb [fifo_scoreboard] Scoreboard received item
# KERNEL: UVM_INFO /home/runner/scoreboard.sv(43) @ 175: uvm_test_top.env.scb [SCB_WR] DATA WRITTEN=d4 , count=6
# KERNEL: UVM_INFO /home/runner/wr_driver.sv(33) @ 175: uvm_test_top.env.wr_agent.drv [WR_DRV] wrst_n = 1, wdata =0, winc= 0, 
# KERNEL: UVM_INFO /home/runner/wr_driver.sv(33) @ 195: uvm_test_top.env.wr_agent.drv [WR_DRV] wrst_n = 1, wdata =2f, winc= 1, 
# KERNEL: UVM_INFO /home/runner/wr_monitor.sv(46) @ 215: uvm_test_top.env.wr_agent.mon [WR_MON] wrst_n = 1, wdata =2f, winc= 1, wfull=0
# KERNEL: UVM_INFO /home/runner/scoreboard.sv(37) @ 215: uvm_test_top.env.scb [fifo_scoreboard] Scoreboard received item
# KERNEL: UVM_INFO /home/runner/scoreboard.sv(43) @ 215: uvm_test_top.env.scb [SCB_WR] DATA WRITTEN=2f , count=7
# KERNEL: UVM_INFO /home/runner/wr_driver.sv(33) @ 215: uvm_test_top.env.wr_agent.drv [WR_DRV] wrst_n = 1, wdata =98, winc= 1, 
# KERNEL: UVM_INFO /home/runner/rd_driver.sv(33) @ 221: uvm_test_top.env.rd_agent.drv [RD_DRV] rrst_n = 1, rinc= 1
# KERNEL: Error: assertion.sv (43): UNDERFLOW!!, Read ignored because FIFO empty
# KERNEL: UVM_INFO /home/runner/wr_monitor.sv(46) @ 235: uvm_test_top.env.wr_agent.mon [WR_MON] wrst_n = 1, wdata =98, winc= 1, wfull=0
# KERNEL: UVM_INFO /home/runner/scoreboard.sv(37) @ 235: uvm_test_top.env.scb [fifo_scoreboard] Scoreboard received item
# KERNEL: UVM_INFO /home/runner/scoreboard.sv(43) @ 235: uvm_test_top.env.scb [SCB_WR] DATA WRITTEN=98 , count=8
# KERNEL: UVM_INFO /home/runner/wr_driver.sv(33) @ 235: uvm_test_top.env.wr_agent.drv [WR_DRV] wrst_n = 1, wdata =d2, winc= 1, 
# KERNEL: UVM_INFO /home/runner/wr_monitor.sv(46) @ 255: uvm_test_top.env.wr_agent.mon [WR_MON] wrst_n = 1, wdata =d2, winc= 1, wfull=0
# KERNEL: UVM_INFO /home/runner/scoreboard.sv(37) @ 255: uvm_test_top.env.scb [fifo_scoreboard] Scoreboard received item
# KERNEL: UVM_INFO /home/runner/scoreboard.sv(43) @ 255: uvm_test_top.env.scb [SCB_WR] DATA WRITTEN=d2 , count=9
# KERNEL: UVM_INFO /home/runner/wr_driver.sv(33) @ 255: uvm_test_top.env.wr_agent.drv [WR_DRV] wrst_n = 1, wdata =df, winc= 1, 
# KERNEL: UVM_INFO /home/runner/rd_driver.sv(33) @ 273: uvm_test_top.env.rd_agent.drv [RD_DRV] rrst_n = 1, rinc= 1
# KERNEL: UVM_INFO /home/runner/wr_monitor.sv(46) @ 275: uvm_test_top.env.wr_agent.mon [WR_MON] wrst_n = 1, wdata =df, winc= 1, wfull=0
# KERNEL: UVM_INFO /home/runner/scoreboard.sv(37) @ 275: uvm_test_top.env.scb [fifo_scoreboard] Scoreboard received item
# KERNEL: UVM_INFO /home/runner/scoreboard.sv(43) @ 275: uvm_test_top.env.scb [SCB_WR] DATA WRITTEN=df , count=10
# KERNEL: UVM_INFO /home/runner/wr_driver.sv(33) @ 275: uvm_test_top.env.wr_agent.drv [WR_DRV] wrst_n = 1, wdata =bd, winc= 1, 
# KERNEL: UVM_INFO /home/runner/wr_monitor.sv(46) @ 295: uvm_test_top.env.wr_agent.mon [WR_MON] wrst_n = 1, wdata =bd, winc= 1, wfull=0
# KERNEL: UVM_INFO /home/runner/scoreboard.sv(37) @ 295: uvm_test_top.env.scb [fifo_scoreboard] Scoreboard received item
# KERNEL: UVM_INFO /home/runner/scoreboard.sv(43) @ 295: uvm_test_top.env.scb [SCB_WR] DATA WRITTEN=bd , count=11
# KERNEL: UVM_INFO /home/runner/wr_driver.sv(33) @ 295: uvm_test_top.env.wr_agent.drv [WR_DRV] wrst_n = 1, wdata =6e, winc= 1, 
# KERNEL: UVM_INFO /home/runner/rd_monitor.sv(50) @ 299: uvm_test_top.env.rd_agent.mon [RD_MON] rrst_n = 1, rdata =4c, rinc= 1, rempty=0
# KERNEL: UVM_INFO /home/runner/scoreboard.sv(64) @ 299: uvm_test_top.env.scb [fifo_scoreboard] Scoreboard received item
# KERNEL: UVM_INFO /home/runner/scoreboard.sv(69) @ 299: uvm_test_top.env.scb [SCB_RD] DATA READ=4c ,count=10
# KERNEL: UVM_INFO /home/runner/scoreboard.sv(71) @ 299: uvm_test_top.env.scb [SCB_PASS] MATCH exp_rdata=4c, ACT rdata=4c
# KERNEL: UVM_INFO /home/runner/wr_monitor.sv(46) @ 315: uvm_test_top.env.wr_agent.mon [WR_MON] wrst_n = 1, wdata =6e, winc= 1, wfull=0
# KERNEL: UVM_INFO /home/runner/scoreboard.sv(37) @ 315: uvm_test_top.env.scb [fifo_scoreboard] Scoreboard received item
# KERNEL: UVM_INFO /home/runner/scoreboard.sv(43) @ 315: uvm_test_top.env.scb [SCB_WR] DATA WRITTEN=6e , count=11
# KERNEL: UVM_INFO /home/runner/wr_driver.sv(33) @ 315: uvm_test_top.env.wr_agent.drv [WR_DRV] wrst_n = 1, wdata =f0, winc= 1, 
# KERNEL: UVM_INFO /home/runner/rd_driver.sv(33) @ 325: uvm_test_top.env.rd_agent.drv [RD_DRV] rrst_n = 1, rinc= 1
# KERNEL: UVM_INFO /home/runner/wr_monitor.sv(46) @ 335: uvm_test_top.env.wr_agent.mon [WR_MON] wrst_n = 1, wdata =f0, winc= 1, wfull=0
# KERNEL: UVM_INFO /home/runner/scoreboard.sv(37) @ 335: uvm_test_top.env.scb [fifo_scoreboard] Scoreboard received item
# KERNEL: UVM_INFO /home/runner/scoreboard.sv(43) @ 335: uvm_test_top.env.scb [SCB_WR] DATA WRITTEN=f0 , count=12
# KERNEL: UVM_INFO /home/runner/wr_driver.sv(33) @ 335: uvm_test_top.env.wr_agent.drv [WR_DRV] wrst_n = 1, wdata =45, winc= 1, 
# KERNEL: UVM_INFO /home/runner/rd_monitor.sv(50) @ 351: uvm_test_top.env.rd_agent.mon [RD_MON] rrst_n = 1, rdata =f6, rinc= 1, rempty=0
# KERNEL: UVM_INFO /home/runner/scoreboard.sv(64) @ 351: uvm_test_top.env.scb [fifo_scoreboard] Scoreboard received item
# KERNEL: UVM_INFO /home/runner/scoreboard.sv(69) @ 351: uvm_test_top.env.scb [SCB_RD] DATA READ=f6 ,count=11
# KERNEL: UVM_INFO /home/runner/scoreboard.sv(71) @ 351: uvm_test_top.env.scb [SCB_PASS] MATCH exp_rdata=f6, ACT rdata=f6
# KERNEL: UVM_INFO /home/runner/wr_monitor.sv(46) @ 355: uvm_test_top.env.wr_agent.mon [WR_MON] wrst_n = 1, wdata =45, winc= 1, wfull=0
# KERNEL: UVM_INFO /home/runner/scoreboard.sv(37) @ 355: uvm_test_top.env.scb [fifo_scoreboard] Scoreboard received item
# KERNEL: UVM_INFO /home/runner/scoreboard.sv(43) @ 355: uvm_test_top.env.scb [SCB_WR] DATA WRITTEN=45 , count=12
# KERNEL: UVM_INFO /home/runner/wr_driver.sv(33) @ 355: uvm_test_top.env.wr_agent.drv [WR_DRV] wrst_n = 1, wdata =6b, winc= 1, 
# KERNEL: UVM_INFO /home/runner/wr_monitor.sv(46) @ 375: uvm_test_top.env.wr_agent.mon [WR_MON] wrst_n = 1, wdata =6b, winc= 1, wfull=0
# KERNEL: UVM_INFO /home/runner/scoreboard.sv(37) @ 375: uvm_test_top.env.scb [fifo_scoreboard] Scoreboard received item
# KERNEL: UVM_INFO /home/runner/scoreboard.sv(43) @ 375: uvm_test_top.env.scb [SCB_WR] DATA WRITTEN=6b , count=13
# KERNEL: UVM_INFO /home/runner/wr_driver.sv(33) @ 375: uvm_test_top.env.wr_agent.drv [WR_DRV] wrst_n = 1, wdata =0, winc= 0, 
# KERNEL: UVM_INFO /home/runner/rd_driver.sv(33) @ 377: uvm_test_top.env.rd_agent.drv [RD_DRV] rrst_n = 1, rinc= 1
# KERNEL: UVM_INFO /home/runner/wr_driver.sv(33) @ 395: uvm_test_top.env.wr_agent.drv [WR_DRV] wrst_n = 1, wdata =2e, winc= 1, 
# KERNEL: UVM_INFO /home/runner/rd_monitor.sv(50) @ 403: uvm_test_top.env.rd_agent.mon [RD_MON] rrst_n = 1, rdata =73, rinc= 1, rempty=0
# KERNEL: UVM_INFO /home/runner/scoreboard.sv(64) @ 403: uvm_test_top.env.scb [fifo_scoreboard] Scoreboard received item
# KERNEL: UVM_INFO /home/runner/scoreboard.sv(69) @ 403: uvm_test_top.env.scb [SCB_RD] DATA READ=73 ,count=12
# KERNEL: UVM_INFO /home/runner/scoreboard.sv(71) @ 403: uvm_test_top.env.scb [SCB_PASS] MATCH exp_rdata=73, ACT rdata=73
# KERNEL: UVM_INFO /home/runner/wr_monitor.sv(46) @ 415: uvm_test_top.env.wr_agent.mon [WR_MON] wrst_n = 1, wdata =2e, winc= 1, wfull=0
# KERNEL: UVM_INFO /home/runner/scoreboard.sv(37) @ 415: uvm_test_top.env.scb [fifo_scoreboard] Scoreboard received item
# KERNEL: UVM_INFO /home/runner/scoreboard.sv(43) @ 415: uvm_test_top.env.scb [SCB_WR] DATA WRITTEN=2e , count=13
# KERNEL: UVM_INFO /home/runner/wr_driver.sv(33) @ 415: uvm_test_top.env.wr_agent.drv [WR_DRV] wrst_n = 1, wdata =cb, winc= 1, 
# KERNEL: UVM_INFO /home/runner/rd_driver.sv(33) @ 429: uvm_test_top.env.rd_agent.drv [RD_DRV] rrst_n = 1, rinc= 1
# KERNEL: UVM_INFO /home/runner/wr_monitor.sv(46) @ 435: uvm_test_top.env.wr_agent.mon [WR_MON] wrst_n = 1, wdata =cb, winc= 1, wfull=0
# KERNEL: UVM_INFO /home/runner/scoreboard.sv(37) @ 435: uvm_test_top.env.scb [fifo_scoreboard] Scoreboard received item
# KERNEL: UVM_INFO /home/runner/scoreboard.sv(43) @ 435: uvm_test_top.env.scb [SCB_WR] DATA WRITTEN=cb , count=14
# KERNEL: UVM_INFO /home/runner/wr_driver.sv(33) @ 435: uvm_test_top.env.wr_agent.drv [WR_DRV] wrst_n = 1, wdata =39, winc= 1, 
# KERNEL: UVM_INFO /home/runner/wr_monitor.sv(46) @ 455: uvm_test_top.env.wr_agent.mon [WR_MON] wrst_n = 1, wdata =39, winc= 1, wfull=0
# KERNEL: UVM_INFO /home/runner/scoreboard.sv(37) @ 455: uvm_test_top.env.scb [fifo_scoreboard] Scoreboard received item
# KERNEL: UVM_INFO /home/runner/scoreboard.sv(43) @ 455: uvm_test_top.env.scb [SCB_WR] DATA WRITTEN=39 , count=15
# KERNEL: UVM_INFO /home/runner/rd_monitor.sv(50) @ 455: uvm_test_top.env.rd_agent.mon [RD_MON] rrst_n = 1, rdata =c1, rinc= 1, rempty=0
# KERNEL: UVM_INFO /home/runner/scoreboard.sv(64) @ 455: uvm_test_top.env.scb [fifo_scoreboard] Scoreboard received item
# KERNEL: UVM_INFO /home/runner/scoreboard.sv(69) @ 455: uvm_test_top.env.scb [SCB_RD] DATA READ=c1 ,count=14
# KERNEL: UVM_INFO /home/runner/scoreboard.sv(71) @ 455: uvm_test_top.env.scb [SCB_PASS] MATCH exp_rdata=c1, ACT rdata=c1
# KERNEL: UVM_INFO /home/runner/wr_driver.sv(33) @ 455: uvm_test_top.env.wr_agent.drv [WR_DRV] wrst_n = 1, wdata =0, winc= 0, 
# KERNEL: UVM_INFO /home/runner/wr_driver.sv(33) @ 475: uvm_test_top.env.wr_agent.drv [WR_DRV] wrst_n = 1, wdata =8c, winc= 1, 
# KERNEL: UVM_INFO /home/runner/rd_driver.sv(33) @ 481: uvm_test_top.env.rd_agent.drv [RD_DRV] rrst_n = 1, rinc= 1
# KERNEL: UVM_INFO /home/runner/wr_monitor.sv(46) @ 495: uvm_test_top.env.wr_agent.mon [WR_MON] wrst_n = 1, wdata =8c, winc= 1, wfull=0
# KERNEL: UVM_INFO /home/runner/scoreboard.sv(37) @ 495: uvm_test_top.env.scb [fifo_scoreboard] Scoreboard received item
# KERNEL: UVM_INFO /home/runner/scoreboard.sv(43) @ 495: uvm_test_top.env.scb [SCB_WR] DATA WRITTEN=8c , count=15
# KERNEL: UVM_INFO /home/runner/wr_driver.sv(33) @ 495: uvm_test_top.env.wr_agent.drv [WR_DRV] wrst_n = 1, wdata =0, winc= 0, 
# KERNEL: UVM_INFO /home/runner/rd_monitor.sv(50) @ 507: uvm_test_top.env.rd_agent.mon [RD_MON] rrst_n = 1, rdata =e2, rinc= 1, rempty=0
# KERNEL: UVM_INFO /home/runner/scoreboard.sv(64) @ 507: uvm_test_top.env.scb [fifo_scoreboard] Scoreboard received item
# KERNEL: UVM_INFO /home/runner/scoreboard.sv(69) @ 507: uvm_test_top.env.scb [SCB_RD] DATA READ=e2 ,count=14
# KERNEL: UVM_INFO /home/runner/scoreboard.sv(71) @ 507: uvm_test_top.env.scb [SCB_PASS] MATCH exp_rdata=e2, ACT rdata=e2
# KERNEL: UVM_INFO /home/runner/wr_driver.sv(33) @ 515: uvm_test_top.env.wr_agent.drv [WR_DRV] wrst_n = 1, wdata =27, winc= 1, 
# KERNEL: UVM_INFO /home/runner/rd_driver.sv(33) @ 533: uvm_test_top.env.rd_agent.drv [RD_DRV] rrst_n = 1, rinc= 1
# KERNEL: UVM_INFO /home/runner/wr_monitor.sv(46) @ 535: uvm_test_top.env.wr_agent.mon [WR_MON] wrst_n = 1, wdata =27, winc= 1, wfull=0
# KERNEL: UVM_INFO /home/runner/scoreboard.sv(37) @ 535: uvm_test_top.env.scb [fifo_scoreboard] Scoreboard received item
# KERNEL: UVM_INFO /home/runner/scoreboard.sv(43) @ 535: uvm_test_top.env.scb [SCB_WR] DATA WRITTEN=27 , count=15
# KERNEL: UVM_INFO /home/runner/wr_driver.sv(33) @ 535: uvm_test_top.env.wr_agent.drv [WR_DRV] wrst_n = 1, wdata =b0, winc= 1, 
# KERNEL: UVM_INFO /home/runner/wr_monitor.sv(46) @ 555: uvm_test_top.env.wr_agent.mon [WR_MON] wrst_n = 1, wdata =b0, winc= 1, wfull=0
# KERNEL: UVM_INFO /home/runner/scoreboard.sv(37) @ 555: uvm_test_top.env.scb [fifo_scoreboard] Scoreboard received item
# KERNEL: UVM_INFO /home/runner/scoreboard.sv(43) @ 555: uvm_test_top.env.scb [SCB_WR] DATA WRITTEN=b0 , count=16
# KERNEL: UVM_INFO /home/runner/wr_driver.sv(33) @ 555: uvm_test_top.env.wr_agent.drv [WR_DRV] wrst_n = 1, wdata =a, winc= 1, 
# KERNEL: UVM_INFO /home/runner/rd_monitor.sv(50) @ 559: uvm_test_top.env.rd_agent.mon [RD_MON] rrst_n = 1, rdata =d4, rinc= 1, rempty=0
# KERNEL: UVM_INFO /home/runner/scoreboard.sv(64) @ 559: uvm_test_top.env.scb [fifo_scoreboard] Scoreboard received item
# KERNEL: UVM_INFO /home/runner/scoreboard.sv(69) @ 559: uvm_test_top.env.scb [SCB_RD] DATA READ=d4 ,count=15
# KERNEL: UVM_INFO /home/runner/scoreboard.sv(71) @ 559: uvm_test_top.env.scb [SCB_PASS] MATCH exp_rdata=d4, ACT rdata=d4
# KERNEL: UVM_INFO /home/runner/wr_monitor.sv(46) @ 575: uvm_test_top.env.wr_agent.mon [WR_MON] wrst_n = 1, wdata =a, winc= 1, wfull=0
# KERNEL: UVM_INFO /home/runner/scoreboard.sv(37) @ 575: uvm_test_top.env.scb [fifo_scoreboard] Scoreboard received item
# KERNEL: UVM_INFO /home/runner/scoreboard.sv(43) @ 575: uvm_test_top.env.scb [SCB_WR] DATA WRITTEN=a , count=16
# KERNEL: UVM_INFO /home/runner/wr_driver.sv(33) @ 575: uvm_test_top.env.wr_agent.drv [WR_DRV] wrst_n = 1, wdata =0, winc= 0, 
# KERNEL: UVM_INFO /home/runner/rd_driver.sv(33) @ 585: uvm_test_top.env.rd_agent.drv [RD_DRV] rrst_n = 1, rinc= 1
# KERNEL: UVM_INFO /home/runner/wr_driver.sv(33) @ 595: uvm_test_top.env.wr_agent.drv [WR_DRV] wrst_n = 1, wdata =35, winc= 1, 
# KERNEL: UVM_INFO /home/runner/rd_monitor.sv(50) @ 611: uvm_test_top.env.rd_agent.mon [RD_MON] rrst_n = 1, rdata =2f, rinc= 1, rempty=0
# KERNEL: UVM_INFO /home/runner/scoreboard.sv(64) @ 611: uvm_test_top.env.scb [fifo_scoreboard] Scoreboard received item
# KERNEL: UVM_INFO /home/runner/scoreboard.sv(69) @ 611: uvm_test_top.env.scb [SCB_RD] DATA READ=2f ,count=15
# KERNEL: UVM_INFO /home/runner/scoreboard.sv(71) @ 611: uvm_test_top.env.scb [SCB_PASS] MATCH exp_rdata=2f, ACT rdata=2f
# KERNEL: UVM_INFO /home/runner/wr_monitor.sv(59) @ 615: uvm_test_top.env.wr_agent.mon [WR_MON] wrst_n = 1, wdata =35, winc= 1, wfull=1
# KERNEL: UVM_INFO /home/runner/scoreboard.sv(37) @ 615: uvm_test_top.env.scb [fifo_scoreboard] Scoreboard received item
# KERNEL: UVM_INFO /home/runner/scoreboard.sv(46) @ 615: uvm_test_top.env.scb [SCB_wr_ig] Write ignored correctly: FIFO Full
# KERNEL: UVM_INFO /home/runner/wr_driver.sv(33) @ 615: uvm_test_top.env.wr_agent.drv [WR_DRV] wrst_n = 1, wdata =6, winc= 1, 
# KERNEL: Error: assertion.sv (36): OVERFLOW !!, write ignored because full detected
# KERNEL: UVM_INFO /home/runner/wr_monitor.sv(46) @ 635: uvm_test_top.env.wr_agent.mon [WR_MON] wrst_n = 1, wdata =6, winc= 1, wfull=0
# KERNEL: UVM_INFO /home/runner/scoreboard.sv(37) @ 635: uvm_test_top.env.scb [fifo_scoreboard] Scoreboard received item
# KERNEL: UVM_INFO /home/runner/scoreboard.sv(43) @ 635: uvm_test_top.env.scb [SCB_WR] DATA WRITTEN=6 , count=16
# KERNEL: UVM_INFO /home/runner/wr_driver.sv(33) @ 635: uvm_test_top.env.wr_agent.drv [WR_DRV] wrst_n = 1, wdata =0, winc= 0, 
# KERNEL: UVM_INFO /home/runner/rd_driver.sv(33) @ 637: uvm_test_top.env.rd_agent.drv [RD_DRV] rrst_n = 1, rinc= 1
# KERNEL: UVM_INFO /home/runner/wr_driver.sv(33) @ 655: uvm_test_top.env.wr_agent.drv [WR_DRV] wrst_n = 1, wdata =0, winc= 0, 
# KERNEL: UVM_INFO /home/runner/rd_monitor.sv(50) @ 663: uvm_test_top.env.rd_agent.mon [RD_MON] rrst_n = 1, rdata =98, rinc= 1, rempty=0
# KERNEL: UVM_INFO /home/runner/scoreboard.sv(64) @ 663: uvm_test_top.env.scb [fifo_scoreboard] Scoreboard received item
# KERNEL: UVM_INFO /home/runner/scoreboard.sv(69) @ 663: uvm_test_top.env.scb [SCB_RD] DATA READ=98 ,count=15
# KERNEL: UVM_INFO /home/runner/scoreboard.sv(71) @ 663: uvm_test_top.env.scb [SCB_PASS] MATCH exp_rdata=98, ACT rdata=98
# KERNEL: UVM_INFO /home/runner/wr_driver.sv(33) @ 675: uvm_test_top.env.wr_agent.drv [WR_DRV] wrst_n = 1, wdata =63, winc= 1, 
# KERNEL: UVM_INFO /home/runner/rd_driver.sv(33) @ 689: uvm_test_top.env.rd_agent.drv [RD_DRV] rrst_n = 1, rinc= 1
# KERNEL: UVM_INFO /home/runner/wr_monitor.sv(46) @ 695: uvm_test_top.env.wr_agent.mon [WR_MON] wrst_n = 1, wdata =63, winc= 1, wfull=0
# KERNEL: UVM_INFO /home/runner/scoreboard.sv(37) @ 695: uvm_test_top.env.scb [fifo_scoreboard] Scoreboard received item
# KERNEL: UVM_INFO /home/runner/scoreboard.sv(43) @ 695: uvm_test_top.env.scb [SCB_WR] DATA WRITTEN=63 , count=16
# KERNEL: UVM_INFO /home/runner/wr_driver.sv(33) @ 695: uvm_test_top.env.wr_agent.drv [WR_DRV] wrst_n = 1, wdata =0, winc= 0, 
# KERNEL: UVM_INFO /home/runner/rd_monitor.sv(50) @ 715: uvm_test_top.env.rd_agent.mon [RD_MON] rrst_n = 1, rdata =d2, rinc= 1, rempty=0
# KERNEL: UVM_INFO /home/runner/scoreboard.sv(64) @ 715: uvm_test_top.env.scb [fifo_scoreboard] Scoreboard received item
# KERNEL: UVM_INFO /home/runner/scoreboard.sv(69) @ 715: uvm_test_top.env.scb [SCB_RD] DATA READ=d2 ,count=15
# KERNEL: UVM_INFO /home/runner/scoreboard.sv(71) @ 715: uvm_test_top.env.scb [SCB_PASS] MATCH exp_rdata=d2, ACT rdata=d2
# KERNEL: UVM_INFO /home/runner/wr_driver.sv(33) @ 715: uvm_test_top.env.wr_agent.drv [WR_DRV] wrst_n = 1, wdata =0, winc= 0, 
# KERNEL: UVM_INFO /home/runner/wr_driver.sv(33) @ 735: uvm_test_top.env.wr_agent.drv [WR_DRV] wrst_n = 1, wdata =23, winc= 1, 
# KERNEL: UVM_INFO /home/runner/rd_driver.sv(33) @ 741: uvm_test_top.env.rd_agent.drv [RD_DRV] rrst_n = 1, rinc= 0
# KERNEL: UVM_INFO /home/runner/wr_monitor.sv(46) @ 755: uvm_test_top.env.wr_agent.mon [WR_MON] wrst_n = 1, wdata =23, winc= 1, wfull=0
# KERNEL: UVM_INFO /home/runner/scoreboard.sv(37) @ 755: uvm_test_top.env.scb [fifo_scoreboard] Scoreboard received item
# KERNEL: UVM_INFO /home/runner/scoreboard.sv(43) @ 755: uvm_test_top.env.scb [SCB_WR] DATA WRITTEN=23 , count=16
# KERNEL: UVM_INFO /home/runner/wr_driver.sv(33) @ 755: uvm_test_top.env.wr_agent.drv [WR_DRV] wrst_n = 1, wdata =b1, winc= 1, 
# KERNEL: UVM_INFO /home/runner/rd_monitor.sv(50) @ 767: uvm_test_top.env.rd_agent.mon [RD_MON] rrst_n = 1, rdata =df, rinc= 1, rempty=0
# KERNEL: UVM_INFO /home/runner/scoreboard.sv(64) @ 767: uvm_test_top.env.scb [fifo_scoreboard] Scoreboard received item
# KERNEL: UVM_INFO /home/runner/scoreboard.sv(69) @ 767: uvm_test_top.env.scb [SCB_RD] DATA READ=df ,count=15
# KERNEL: UVM_INFO /home/runner/scoreboard.sv(71) @ 767: uvm_test_top.env.scb [SCB_PASS] MATCH exp_rdata=df, ACT rdata=df
# KERNEL: UVM_INFO /home/runner/wr_monitor.sv(46) @ 775: uvm_test_top.env.wr_agent.mon [WR_MON] wrst_n = 1, wdata =b1, winc= 1, wfull=0
# KERNEL: UVM_INFO /home/runner/scoreboard.sv(37) @ 775: uvm_test_top.env.scb [fifo_scoreboard] Scoreboard received item
# KERNEL: UVM_INFO /home/runner/scoreboard.sv(43) @ 775: uvm_test_top.env.scb [SCB_WR] DATA WRITTEN=b1 , count=16
# KERNEL: UVM_INFO /home/runner/wr_driver.sv(33) @ 775: uvm_test_top.env.wr_agent.drv [WR_DRV] wrst_n = 1, wdata =12, winc= 1, 
# KERNEL: UVM_INFO /home/runner/rd_driver.sv(33) @ 793: uvm_test_top.env.rd_agent.drv [RD_DRV] rrst_n = 1, rinc= 1
# KERNEL: UVM_INFO /home/runner/wr_monitor.sv(59) @ 795: uvm_test_top.env.wr_agent.mon [WR_MON] wrst_n = 1, wdata =12, winc= 1, wfull=1
# KERNEL: UVM_INFO /home/runner/scoreboard.sv(37) @ 795: uvm_test_top.env.scb [fifo_scoreboard] Scoreboard received item
# KERNEL: UVM_INFO /home/runner/scoreboard.sv(46) @ 795: uvm_test_top.env.scb [SCB_wr_ig] Write ignored correctly: FIFO Full
# KERNEL: UVM_INFO /home/runner/wr_driver.sv(33) @ 795: uvm_test_top.env.wr_agent.drv [WR_DRV] wrst_n = 1, wdata =44, winc= 1, 
# KERNEL: Error: assertion.sv (36): OVERFLOW !!, write ignored because full detected
# KERNEL: UVM_INFO /home/runner/wr_monitor.sv(59) @ 815: uvm_test_top.env.wr_agent.mon [WR_MON] wrst_n = 1, wdata =44, winc= 1, wfull=1
# KERNEL: UVM_INFO /home/runner/scoreboard.sv(37) @ 815: uvm_test_top.env.scb [fifo_scoreboard] Scoreboard received item
# KERNEL: UVM_INFO /home/runner/scoreboard.sv(46) @ 815: uvm_test_top.env.scb [SCB_wr_ig] Write ignored correctly: FIFO Full
# KERNEL: UVM_INFO /home/runner/wr_driver.sv(33) @ 815: uvm_test_top.env.wr_agent.drv [WR_DRV] wrst_n = 1, wdata =49, winc= 1, 
# KERNEL: Error: assertion.sv (36): OVERFLOW !!, write ignored because full detected
# KERNEL: UVM_INFO /home/runner/wr_monitor.sv(59) @ 835: uvm_test_top.env.wr_agent.mon [WR_MON] wrst_n = 1, wdata =49, winc= 1, wfull=1
# KERNEL: UVM_INFO /home/runner/scoreboard.sv(37) @ 835: uvm_test_top.env.scb [fifo_scoreboard] Scoreboard received item
# KERNEL: UVM_INFO /home/runner/scoreboard.sv(46) @ 835: uvm_test_top.env.scb [SCB_wr_ig] Write ignored correctly: FIFO Full
# KERNEL: UVM_INFO /home/runner/wr_driver.sv(33) @ 835: uvm_test_top.env.wr_agent.drv [WR_DRV] wrst_n = 1, wdata =0, winc= 0, 
# KERNEL: Error: assertion.sv (36): OVERFLOW !!, write ignored because full detected
# KERNEL: UVM_INFO /home/runner/rd_driver.sv(33) @ 845: uvm_test_top.env.rd_agent.drv [RD_DRV] rrst_n = 1, rinc= 1
# KERNEL: UVM_INFO /home/runner/wr_driver.sv(33) @ 855: uvm_test_top.env.wr_agent.drv [WR_DRV] wrst_n = 1, wdata =0, winc= 0, 
# KERNEL: UVM_INFO /home/runner/rd_monitor.sv(50) @ 871: uvm_test_top.env.rd_agent.mon [RD_MON] rrst_n = 1, rdata =bd, rinc= 1, rempty=0
# KERNEL: UVM_INFO /home/runner/scoreboard.sv(64) @ 871: uvm_test_top.env.scb [fifo_scoreboard] Scoreboard received item
# KERNEL: UVM_INFO /home/runner/scoreboard.sv(69) @ 871: uvm_test_top.env.scb [SCB_RD] DATA READ=bd ,count=15
# KERNEL: UVM_INFO /home/runner/scoreboard.sv(71) @ 871: uvm_test_top.env.scb [SCB_PASS] MATCH exp_rdata=bd, ACT rdata=bd
# KERNEL: UVM_INFO /home/runner/wr_driver.sv(33) @ 875: uvm_test_top.env.wr_agent.drv [WR_DRV] wrst_n = 1, wdata =0, winc= 0, 
# KERNEL: UVM_INFO /home/runner/wr_driver.sv(33) @ 895: uvm_test_top.env.wr_agent.drv [WR_DRV] wrst_n = 1, wdata =8f, winc= 1, 
# KERNEL: UVM_INFO /home/runner/rd_driver.sv(33) @ 897: uvm_test_top.env.rd_agent.drv [RD_DRV] rrst_n = 1, rinc= 0
# KERNEL: UVM_INFO /home/runner/wr_monitor.sv(46) @ 915: uvm_test_top.env.wr_agent.mon [WR_MON] wrst_n = 1, wdata =8f, winc= 1, wfull=0
# KERNEL: UVM_INFO /home/runner/scoreboard.sv(37) @ 915: uvm_test_top.env.scb [fifo_scoreboard] Scoreboard received item
# KERNEL: UVM_INFO /home/runner/scoreboard.sv(43) @ 915: uvm_test_top.env.scb [SCB_WR] DATA WRITTEN=8f , count=16
# KERNEL: UVM_INFO /home/runner/wr_driver.sv(33) @ 915: uvm_test_top.env.wr_agent.drv [WR_DRV] wrst_n = 1, wdata =0, winc= 0, 
# KERNEL: UVM_INFO /home/runner/rd_monitor.sv(50) @ 923: uvm_test_top.env.rd_agent.mon [RD_MON] rrst_n = 1, rdata =6e, rinc= 1, rempty=0
# KERNEL: UVM_INFO /home/runner/scoreboard.sv(64) @ 923: uvm_test_top.env.scb [fifo_scoreboard] Scoreboard received item
# KERNEL: UVM_INFO /home/runner/scoreboard.sv(69) @ 923: uvm_test_top.env.scb [SCB_RD] DATA READ=6e ,count=15
# KERNEL: UVM_INFO /home/runner/scoreboard.sv(71) @ 923: uvm_test_top.env.scb [SCB_PASS] MATCH exp_rdata=6e, ACT rdata=6e
# KERNEL: UVM_INFO /home/runner/wr_driver.sv(33) @ 935: uvm_test_top.env.wr_agent.drv [WR_DRV] wrst_n = 1, wdata =9e, winc= 1, 
# KERNEL: UVM_INFO /home/runner/rd_driver.sv(33) @ 949: uvm_test_top.env.rd_agent.drv [RD_DRV] rrst_n = 1, rinc= 1
# KERNEL: UVM_INFO /home/runner/wr_monitor.sv(46) @ 955: uvm_test_top.env.wr_agent.mon [WR_MON] wrst_n = 1, wdata =9e, winc= 1, wfull=0
# KERNEL: UVM_INFO /home/runner/scoreboard.sv(37) @ 955: uvm_test_top.env.scb [fifo_scoreboard] Scoreboard received item
# KERNEL: UVM_INFO /home/runner/scoreboard.sv(43) @ 955: uvm_test_top.env.scb [SCB_WR] DATA WRITTEN=9e , count=16
# KERNEL: UVM_INFO /home/runner/wr_driver.sv(33) @ 955: uvm_test_top.env.wr_agent.drv [WR_DRV] wrst_n = 1, wdata =60, winc= 1, 
# KERNEL: UVM_INFO /home/runner/wr_monitor.sv(59) @ 975: uvm_test_top.env.wr_agent.mon [WR_MON] wrst_n = 1, wdata =60, winc= 1, wfull=1
# KERNEL: UVM_INFO /home/runner/scoreboard.sv(37) @ 975: uvm_test_top.env.scb [fifo_scoreboard] Scoreboard received item
# KERNEL: UVM_INFO /home/runner/scoreboard.sv(46) @ 975: uvm_test_top.env.scb [SCB_wr_ig] Write ignored correctly: FIFO Full
# KERNEL: UVM_INFO /home/runner/wr_driver.sv(33) @ 975: uvm_test_top.env.wr_agent.drv [WR_DRV] wrst_n = 1, wdata =f5, winc= 1, 
# KERNEL: Error: assertion.sv (36): OVERFLOW !!, write ignored because full detected
# KERNEL: UVM_INFO /home/runner/wr_monitor.sv(59) @ 995: uvm_test_top.env.wr_agent.mon [WR_MON] wrst_n = 1, wdata =f5, winc= 1, wfull=1
# KERNEL: UVM_INFO /home/runner/scoreboard.sv(37) @ 995: uvm_test_top.env.scb [fifo_scoreboard] Scoreboard received item
# KERNEL: UVM_INFO /home/runner/scoreboard.sv(46) @ 995: uvm_test_top.env.scb [SCB_wr_ig] Write ignored correctly: FIFO Full
# KERNEL: UVM_INFO /home/runner/wr_driver.sv(33) @ 995: uvm_test_top.env.wr_agent.drv [WR_DRV] wrst_n = 1, wdata =5b, winc= 1, 
# KERNEL: Error: assertion.sv (36): OVERFLOW !!, write ignored because full detected
# KERNEL: UVM_INFO /home/runner/rd_driver.sv(33) @ 1001: uvm_test_top.env.rd_agent.drv [RD_DRV] rrst_n = 1, rinc= 1
# KERNEL: UVM_INFO /home/runner/wr_monitor.sv(59) @ 1015: uvm_test_top.env.wr_agent.mon [WR_MON] wrst_n = 1, wdata =5b, winc= 1, wfull=1
# KERNEL: UVM_INFO /home/runner/scoreboard.sv(37) @ 1015: uvm_test_top.env.scb [fifo_scoreboard] Scoreboard received item
# KERNEL: UVM_INFO /home/runner/scoreboard.sv(46) @ 1015: uvm_test_top.env.scb [SCB_wr_ig] Write ignored correctly: FIFO Full
# KERNEL: UVM_INFO /home/runner/wr_driver.sv(33) @ 1015: uvm_test_top.env.wr_agent.drv [WR_DRV] wrst_n = 1, wdata =94, winc= 1, 
# KERNEL: Error: assertion.sv (36): OVERFLOW !!, write ignored because full detected
# KERNEL: UVM_INFO /home/runner/rd_monitor.sv(50) @ 1027: uvm_test_top.env.rd_agent.mon [RD_MON] rrst_n = 1, rdata =f0, rinc= 1, rempty=0
# KERNEL: UVM_INFO /home/runner/scoreboard.sv(64) @ 1027: uvm_test_top.env.scb [fifo_scoreboard] Scoreboard received item
# KERNEL: UVM_INFO /home/runner/scoreboard.sv(69) @ 1027: uvm_test_top.env.scb [SCB_RD] DATA READ=f0 ,count=15
# KERNEL: UVM_INFO /home/runner/scoreboard.sv(71) @ 1027: uvm_test_top.env.scb [SCB_PASS] MATCH exp_rdata=f0, ACT rdata=f0
# KERNEL: UVM_INFO /home/runner/wr_monitor.sv(46) @ 1035: uvm_test_top.env.wr_agent.mon [WR_MON] wrst_n = 1, wdata =94, winc= 1, wfull=0
# KERNEL: UVM_INFO /home/runner/scoreboard.sv(37) @ 1035: uvm_test_top.env.scb [fifo_scoreboard] Scoreboard received item
# KERNEL: UVM_INFO /home/runner/scoreboard.sv(43) @ 1035: uvm_test_top.env.scb [SCB_WR] DATA WRITTEN=94 , count=16
# KERNEL: UVM_INFO /home/runner/wr_driver.sv(33) @ 1035: uvm_test_top.env.wr_agent.drv [WR_DRV] wrst_n = 1, wdata =9e, winc= 1, 
# KERNEL: UVM_INFO /home/runner/rd_driver.sv(33) @ 1053: uvm_test_top.env.rd_agent.drv [RD_DRV] rrst_n = 1, rinc= 0
# KERNEL: UVM_INFO /home/runner/wr_monitor.sv(59) @ 1055: uvm_test_top.env.wr_agent.mon [WR_MON] wrst_n = 1, wdata =9e, winc= 1, wfull=1
# KERNEL: UVM_INFO /home/runner/scoreboard.sv(37) @ 1055: uvm_test_top.env.scb [fifo_scoreboard] Scoreboard received item
# KERNEL: UVM_INFO /home/runner/scoreboard.sv(46) @ 1055: uvm_test_top.env.scb [SCB_wr_ig] Write ignored correctly: FIFO Full
# KERNEL: UVM_INFO /home/runner/wr_driver.sv(33) @ 1055: uvm_test_top.env.wr_agent.drv [WR_DRV] wrst_n = 1, wdata =7b, winc= 1, 
# KERNEL: Error: assertion.sv (36): OVERFLOW !!, write ignored because full detected
# KERNEL: UVM_INFO /home/runner/wr_monitor.sv(59) @ 1075: uvm_test_top.env.wr_agent.mon [WR_MON] wrst_n = 1, wdata =7b, winc= 1, wfull=1
# KERNEL: UVM_INFO /home/runner/scoreboard.sv(37) @ 1075: uvm_test_top.env.scb [fifo_scoreboard] Scoreboard received item
# KERNEL: UVM_INFO /home/runner/scoreboard.sv(46) @ 1075: uvm_test_top.env.scb [SCB_wr_ig] Write ignored correctly: FIFO Full
# KERNEL: UVM_INFO /home/runner/wr_driver.sv(33) @ 1075: uvm_test_top.env.wr_agent.drv [WR_DRV] wrst_n = 1, wdata =0, winc= 0, 
# KERNEL: Error: assertion.sv (36): OVERFLOW !!, write ignored because full detected
# KERNEL: UVM_INFO /home/runner/rd_monitor.sv(50) @ 1079: uvm_test_top.env.rd_agent.mon [RD_MON] rrst_n = 1, rdata =45, rinc= 1, rempty=0
# KERNEL: UVM_INFO /home/runner/scoreboard.sv(64) @ 1079: uvm_test_top.env.scb [fifo_scoreboard] Scoreboard received item
# KERNEL: UVM_INFO /home/runner/scoreboard.sv(69) @ 1079: uvm_test_top.env.scb [SCB_RD] DATA READ=45 ,count=15
# KERNEL: UVM_INFO /home/runner/scoreboard.sv(71) @ 1079: uvm_test_top.env.scb [SCB_PASS] MATCH exp_rdata=45, ACT rdata=45
# KERNEL: UVM_INFO /home/runner/wr_driver.sv(33) @ 1095: uvm_test_top.env.wr_agent.drv [WR_DRV] wrst_n = 1, wdata =aa, winc= 1, 
# KERNEL: UVM_INFO /home/runner/rd_driver.sv(33) @ 1105: uvm_test_top.env.rd_agent.drv [RD_DRV] rrst_n = 1, rinc= 0
# KERNEL: UVM_INFO /home/runner/wr_monitor.sv(46) @ 1115: uvm_test_top.env.wr_agent.mon [WR_MON] wrst_n = 1, wdata =aa, winc= 1, wfull=0
# KERNEL: UVM_INFO /home/runner/scoreboard.sv(37) @ 1115: uvm_test_top.env.scb [fifo_scoreboard] Scoreboard received item
# KERNEL: UVM_INFO /home/runner/scoreboard.sv(43) @ 1115: uvm_test_top.env.scb [SCB_WR] DATA WRITTEN=aa , count=16
# KERNEL: UVM_INFO /home/runner/wr_driver.sv(33) @ 1115: uvm_test_top.env.wr_agent.drv [WR_DRV] wrst_n = 1, wdata =fc, winc= 1, 
# KERNEL: UVM_INFO /home/runner/wr_monitor.sv(59) @ 1135: uvm_test_top.env.wr_agent.mon [WR_MON] wrst_n = 1, wdata =fc, winc= 1, wfull=1
# KERNEL: UVM_INFO /home/runner/scoreboard.sv(37) @ 1135: uvm_test_top.env.scb [fifo_scoreboard] Scoreboard received item
# KERNEL: UVM_INFO /home/runner/scoreboard.sv(46) @ 1135: uvm_test_top.env.scb [SCB_wr_ig] Write ignored correctly: FIFO Full
# KERNEL: UVM_INFO /home/runner/wr_driver.sv(33) @ 1135: uvm_test_top.env.wr_agent.drv [WR_DRV] wrst_n = 1, wdata =21, winc= 1, 
# KERNEL: Error: assertion.sv (36): OVERFLOW !!, write ignored because full detected
# KERNEL: UVM_INFO /home/runner/wr_monitor.sv(59) @ 1155: uvm_test_top.env.wr_agent.mon [WR_MON] wrst_n = 1, wdata =21, winc= 1, wfull=1
# KERNEL: UVM_INFO /home/runner/scoreboard.sv(37) @ 1155: uvm_test_top.env.scb [fifo_scoreboard] Scoreboard received item
# KERNEL: UVM_INFO /home/runner/scoreboard.sv(46) @ 1155: uvm_test_top.env.scb [SCB_wr_ig] Write ignored correctly: FIFO Full
# KERNEL: UVM_INFO /home/runner/wr_driver.sv(33) @ 1155: uvm_test_top.env.wr_agent.drv [WR_DRV] wrst_n = 1, wdata =0, winc= 0, 
# KERNEL: Error: assertion.sv (36): OVERFLOW !!, write ignored because full detected
# KERNEL: UVM_INFO /home/runner/rd_driver.sv(33) @ 1157: uvm_test_top.env.rd_agent.drv [RD_DRV] rrst_n = 1, rinc= 1
# KERNEL: UVM_INFO /home/runner/wr_driver.sv(33) @ 1175: uvm_test_top.env.wr_agent.drv [WR_DRV] wrst_n = 1, wdata =e0, winc= 1, 
# KERNEL: UVM_INFO /home/runner/wr_monitor.sv(59) @ 1195: uvm_test_top.env.wr_agent.mon [WR_MON] wrst_n = 1, wdata =e0, winc= 1, wfull=1
# KERNEL: UVM_INFO /home/runner/scoreboard.sv(37) @ 1195: uvm_test_top.env.scb [fifo_scoreboard] Scoreboard received item
# KERNEL: UVM_INFO /home/runner/scoreboard.sv(46) @ 1195: uvm_test_top.env.scb [SCB_wr_ig] Write ignored correctly: FIFO Full
# KERNEL: UVM_INFO /home/runner/wr_driver.sv(33) @ 1195: uvm_test_top.env.wr_agent.drv [WR_DRV] wrst_n = 1, wdata =0, winc= 0, 
# KERNEL: Error: assertion.sv (36): OVERFLOW !!, write ignored because full detected
# KERNEL: UVM_INFO /home/runner/rd_driver.sv(33) @ 1209: uvm_test_top.env.rd_agent.drv [RD_DRV] rrst_n = 1, rinc= 1
# KERNEL: UVM_INFO /home/runner/wr_driver.sv(33) @ 1215: uvm_test_top.env.wr_agent.drv [WR_DRV] wrst_n = 1, wdata =0, winc= 0, 
# KERNEL: UVM_INFO /home/runner/rd_monitor.sv(50) @ 1235: uvm_test_top.env.rd_agent.mon [RD_MON] rrst_n = 1, rdata =6b, rinc= 1, rempty=0
# KERNEL: UVM_INFO /home/runner/scoreboard.sv(64) @ 1235: uvm_test_top.env.scb [fifo_scoreboard] Scoreboard received item
# KERNEL: UVM_INFO /home/runner/scoreboard.sv(69) @ 1235: uvm_test_top.env.scb [SCB_RD] DATA READ=6b ,count=15
# KERNEL: UVM_INFO /home/runner/scoreboard.sv(71) @ 1235: uvm_test_top.env.scb [SCB_PASS] MATCH exp_rdata=6b, ACT rdata=6b
# KERNEL: UVM_INFO /home/runner/wr_driver.sv(33) @ 1235: uvm_test_top.env.wr_agent.drv [WR_DRV] wrst_n = 1, wdata =25, winc= 1, 
# KERNEL: UVM_INFO /home/runner/wr_monitor.sv(46) @ 1255: uvm_test_top.env.wr_agent.mon [WR_MON] wrst_n = 1, wdata =25, winc= 1, wfull=0
# KERNEL: UVM_INFO /home/runner/scoreboard.sv(37) @ 1255: uvm_test_top.env.scb [fifo_scoreboard] Scoreboard received item
# KERNEL: UVM_INFO /home/runner/scoreboard.sv(43) @ 1255: uvm_test_top.env.scb [SCB_WR] DATA WRITTEN=25 , count=16
# KERNEL: UVM_INFO /home/runner/wr_driver.sv(33) @ 1255: uvm_test_top.env.wr_agent.drv [WR_DRV] wrst_n = 1, wdata =36, winc= 1, 
# KERNEL: UVM_INFO /home/runner/rd_driver.sv(33) @ 1261: uvm_test_top.env.rd_agent.drv [RD_DRV] rrst_n = 1, rinc= 0
# KERNEL: UVM_INFO /home/runner/wr_monitor.sv(59) @ 1275: uvm_test_top.env.wr_agent.mon [WR_MON] wrst_n = 1, wdata =36, winc= 1, wfull=1
# KERNEL: UVM_INFO /home/runner/scoreboard.sv(37) @ 1275: uvm_test_top.env.scb [fifo_scoreboard] Scoreboard received item
# KERNEL: UVM_INFO /home/runner/scoreboard.sv(46) @ 1275: uvm_test_top.env.scb [SCB_wr_ig] Write ignored correctly: FIFO Full
# KERNEL: UVM_INFO /home/runner/wr_driver.sv(33) @ 1275: uvm_test_top.env.wr_agent.drv [WR_DRV] wrst_n = 1, wdata =18, winc= 1, 
# KERNEL: Error: assertion.sv (36): OVERFLOW !!, write ignored because full detected
# KERNEL: UVM_INFO /home/runner/rd_monitor.sv(50) @ 1287: uvm_test_top.env.rd_agent.mon [RD_MON] rrst_n = 1, rdata =2e, rinc= 1, rempty=0
# KERNEL: UVM_INFO /home/runner/scoreboard.sv(64) @ 1287: uvm_test_top.env.scb [fifo_scoreboard] Scoreboard received item
# KERNEL: UVM_INFO /home/runner/scoreboard.sv(69) @ 1287: uvm_test_top.env.scb [SCB_RD] DATA READ=2e ,count=15
# KERNEL: UVM_INFO /home/runner/scoreboard.sv(71) @ 1287: uvm_test_top.env.scb [SCB_PASS] MATCH exp_rdata=2e, ACT rdata=2e
# KERNEL: UVM_INFO /home/runner/wr_monitor.sv(46) @ 1295: uvm_test_top.env.wr_agent.mon [WR_MON] wrst_n = 1, wdata =18, winc= 1, wfull=0
# KERNEL: UVM_INFO /home/runner/scoreboard.sv(37) @ 1295: uvm_test_top.env.scb [fifo_scoreboard] Scoreboard received item
# KERNEL: UVM_INFO /home/runner/scoreboard.sv(43) @ 1295: uvm_test_top.env.scb [SCB_WR] DATA WRITTEN=18 , count=16
# KERNEL: UVM_INFO /home/runner/wr_driver.sv(33) @ 1295: uvm_test_top.env.wr_agent.drv [WR_DRV] wrst_n = 1, wdata =cd, winc= 1, 
# KERNEL: UVM_INFO /home/runner/rd_driver.sv(33) @ 1313: uvm_test_top.env.rd_agent.drv [RD_DRV] rrst_n = 1, rinc= 0
# KERNEL: UVM_INFO /home/runner/wr_monitor.sv(59) @ 1315: uvm_test_top.env.wr_agent.mon [WR_MON] wrst_n = 1, wdata =cd, winc= 1, wfull=1
# KERNEL: UVM_INFO /home/runner/scoreboard.sv(37) @ 1315: uvm_test_top.env.scb [fifo_scoreboard] Scoreboard received item
# KERNEL: UVM_INFO /home/runner/scoreboard.sv(46) @ 1315: uvm_test_top.env.scb [SCB_wr_ig] Write ignored correctly: FIFO Full
# KERNEL: UVM_INFO /home/runner/wr_driver.sv(33) @ 1315: uvm_test_top.env.wr_agent.drv [WR_DRV] wrst_n = 1, wdata =53, winc= 1, 
# KERNEL: Error: assertion.sv (36): OVERFLOW !!, write ignored because full detected
# KERNEL: UVM_INFO /home/runner/wr_monitor.sv(59) @ 1335: uvm_test_top.env.wr_agent.mon [WR_MON] wrst_n = 1, wdata =53, winc= 1, wfull=1
# KERNEL: UVM_INFO /home/runner/scoreboard.sv(37) @ 1335: uvm_test_top.env.scb [fifo_scoreboard] Scoreboard received item
# KERNEL: UVM_INFO /home/runner/scoreboard.sv(46) @ 1335: uvm_test_top.env.scb [SCB_wr_ig] Write ignored correctly: FIFO Full
# KERNEL: UVM_INFO /home/runner/wr_driver.sv(33) @ 1335: uvm_test_top.env.wr_agent.drv [WR_DRV] wrst_n = 1, wdata =0, winc= 0, 
# KERNEL: Error: assertion.sv (36): OVERFLOW !!, write ignored because full detected
# KERNEL: UVM_INFO /home/runner/wr_driver.sv(33) @ 1355: uvm_test_top.env.wr_agent.drv [WR_DRV] wrst_n = 1, wdata =d6, winc= 1, 
# KERNEL: UVM_INFO /home/runner/rd_driver.sv(33) @ 1365: uvm_test_top.env.rd_agent.drv [RD_DRV] rrst_n = 1, rinc= 1
# KERNEL: UVM_INFO /home/runner/wr_monitor.sv(59) @ 1375: uvm_test_top.env.wr_agent.mon [WR_MON] wrst_n = 1, wdata =d6, winc= 1, wfull=1
# KERNEL: UVM_INFO /home/runner/scoreboard.sv(37) @ 1375: uvm_test_top.env.scb [fifo_scoreboard] Scoreboard received item
# KERNEL: UVM_INFO /home/runner/scoreboard.sv(46) @ 1375: uvm_test_top.env.scb [SCB_wr_ig] Write ignored correctly: FIFO Full
# KERNEL: UVM_INFO /home/runner/wr_driver.sv(33) @ 1375: uvm_test_top.env.wr_agent.drv [WR_DRV] wrst_n = 1, wdata =0, winc= 0, 
# KERNEL: Error: assertion.sv (36): OVERFLOW !!, write ignored because full detected
# KERNEL: UVM_INFO /home/runner/wr_driver.sv(33) @ 1395: uvm_test_top.env.wr_agent.drv [WR_DRV] wrst_n = 1, wdata =a1, winc= 1, 
# KERNEL: UVM_INFO /home/runner/wr_monitor.sv(59) @ 1415: uvm_test_top.env.wr_agent.mon [WR_MON] wrst_n = 1, wdata =a1, winc= 1, wfull=1
# KERNEL: UVM_INFO /home/runner/scoreboard.sv(37) @ 1415: uvm_test_top.env.scb [fifo_scoreboard] Scoreboard received item
# KERNEL: UVM_INFO /home/runner/scoreboard.sv(46) @ 1415: uvm_test_top.env.scb [SCB_wr_ig] Write ignored correctly: FIFO Full
# KERNEL: UVM_INFO /home/runner/wr_driver.sv(33) @ 1415: uvm_test_top.env.wr_agent.drv [WR_DRV] wrst_n = 1, wdata =42, winc= 1, 
# KERNEL: Error: assertion.sv (36): OVERFLOW !!, write ignored because full detected
# KERNEL: UVM_INFO /home/runner/rd_driver.sv(33) @ 1417: uvm_test_top.env.rd_agent.drv [RD_DRV] rrst_n = 1, rinc= 1
# KERNEL: UVM_INFO /home/runner/wr_monitor.sv(59) @ 1435: uvm_test_top.env.wr_agent.mon [WR_MON] wrst_n = 1, wdata =42, winc= 1, wfull=1
# KERNEL: UVM_INFO /home/runner/scoreboard.sv(37) @ 1435: uvm_test_top.env.scb [fifo_scoreboard] Scoreboard received item
# KERNEL: UVM_INFO /home/runner/scoreboard.sv(46) @ 1435: uvm_test_top.env.scb [SCB_wr_ig] Write ignored correctly: FIFO Full
# KERNEL: UVM_INFO /home/runner/wr_driver.sv(33) @ 1435: uvm_test_top.env.wr_agent.drv [WR_DRV] wrst_n = 1, wdata =b4, winc= 1, 
# KERNEL: Error: assertion.sv (36): OVERFLOW !!, write ignored because full detected
# KERNEL: UVM_INFO /home/runner/rd_monitor.sv(50) @ 1443: uvm_test_top.env.rd_agent.mon [RD_MON] rrst_n = 1, rdata =cb, rinc= 1, rempty=0
# KERNEL: UVM_INFO /home/runner/scoreboard.sv(64) @ 1443: uvm_test_top.env.scb [fifo_scoreboard] Scoreboard received item
# KERNEL: UVM_INFO /home/runner/scoreboard.sv(69) @ 1443: uvm_test_top.env.scb [SCB_RD] DATA READ=cb ,count=15
# KERNEL: UVM_INFO /home/runner/scoreboard.sv(71) @ 1443: uvm_test_top.env.scb [SCB_PASS] MATCH exp_rdata=cb, ACT rdata=cb
# KERNEL: UVM_INFO /home/runner/wr_monitor.sv(46) @ 1455: uvm_test_top.env.wr_agent.mon [WR_MON] wrst_n = 1, wdata =b4, winc= 1, wfull=0
# KERNEL: UVM_INFO /home/runner/scoreboard.sv(37) @ 1455: uvm_test_top.env.scb [fifo_scoreboard] Scoreboard received item
# KERNEL: UVM_INFO /home/runner/scoreboard.sv(43) @ 1455: uvm_test_top.env.scb [SCB_WR] DATA WRITTEN=b4 , count=16
# KERNEL: UVM_INFO /home/runner/wr_driver.sv(33) @ 1455: uvm_test_top.env.wr_agent.drv [WR_DRV] wrst_n = 1, wdata =f9, winc= 1, 
# KERNEL: UVM_INFO /home/runner/rd_driver.sv(33) @ 1469: uvm_test_top.env.rd_agent.drv [RD_DRV] rrst_n = 1, rinc= 1
# KERNEL: UVM_INFO /home/runner/wr_monitor.sv(59) @ 1475: uvm_test_top.env.wr_agent.mon [WR_MON] wrst_n = 1, wdata =f9, winc= 1, wfull=1
# KERNEL: UVM_INFO /home/runner/scoreboard.sv(37) @ 1475: uvm_test_top.env.scb [fifo_scoreboard] Scoreboard received item
# KERNEL: UVM_INFO /home/runner/scoreboard.sv(46) @ 1475: uvm_test_top.env.scb [SCB_wr_ig] Write ignored correctly: FIFO Full
# KERNEL: UVM_INFO /home/runner/wr_driver.sv(33) @ 1475: uvm_test_top.env.wr_agent.drv [WR_DRV] wrst_n = 1, wdata =f, winc= 1, 
# KERNEL: Error: assertion.sv (36): OVERFLOW !!, write ignored because full detected
# KERNEL: UVM_INFO /home/runner/wr_monitor.sv(59) @ 1495: uvm_test_top.env.wr_agent.mon [WR_MON] wrst_n = 1, wdata =f, winc= 1, wfull=1
# KERNEL: UVM_INFO /home/runner/scoreboard.sv(37) @ 1495: uvm_test_top.env.scb [fifo_scoreboard] Scoreboard received item
# KERNEL: UVM_INFO /home/runner/scoreboard.sv(46) @ 1495: uvm_test_top.env.scb [SCB_wr_ig] Write ignored correctly: FIFO Full
# KERNEL: UVM_INFO /home/runner/rd_monitor.sv(50) @ 1495: uvm_test_top.env.rd_agent.mon [RD_MON] rrst_n = 1, rdata =39, rinc= 1, rempty=0
# KERNEL: UVM_INFO /home/runner/scoreboard.sv(64) @ 1495: uvm_test_top.env.scb [fifo_scoreboard] Scoreboard received item
# KERNEL: UVM_INFO /home/runner/scoreboard.sv(69) @ 1495: uvm_test_top.env.scb [SCB_RD] DATA READ=39 ,count=15
# KERNEL: UVM_INFO /home/runner/scoreboard.sv(71) @ 1495: uvm_test_top.env.scb [SCB_PASS] MATCH exp_rdata=39, ACT rdata=39
# KERNEL: UVM_INFO /home/runner/wr_driver.sv(33) @ 1495: uvm_test_top.env.wr_agent.drv [WR_DRV] wrst_n = 1, wdata =0, winc= 0, 
# KERNEL: Error: assertion.sv (36): OVERFLOW !!, write ignored because full detected
# KERNEL: UVM_INFO /home/runner/wr_driver.sv(33) @ 1515: uvm_test_top.env.wr_agent.drv [WR_DRV] wrst_n = 1, wdata =b2, winc= 1, 
# KERNEL: UVM_INFO /home/runner/rd_driver.sv(33) @ 1521: uvm_test_top.env.rd_agent.drv [RD_DRV] rrst_n = 1, rinc= 1
# KERNEL: UVM_INFO /home/runner/wr_monitor.sv(46) @ 1535: uvm_test_top.env.wr_agent.mon [WR_MON] wrst_n = 1, wdata =b2, winc= 1, wfull=0
# KERNEL: UVM_INFO /home/runner/scoreboard.sv(37) @ 1535: uvm_test_top.env.scb [fifo_scoreboard] Scoreboard received item
# KERNEL: UVM_INFO /home/runner/scoreboard.sv(43) @ 1535: uvm_test_top.env.scb [SCB_WR] DATA WRITTEN=b2 , count=16
# KERNEL: UVM_INFO /home/runner/wr_driver.sv(33) @ 1535: uvm_test_top.env.wr_agent.drv [WR_DRV] wrst_n = 1, wdata =3f, winc= 1, 
# KERNEL: UVM_INFO /home/runner/rd_monitor.sv(50) @ 1547: uvm_test_top.env.rd_agent.mon [RD_MON] rrst_n = 1, rdata =8c, rinc= 1, rempty=0
# KERNEL: UVM_INFO /home/runner/scoreboard.sv(64) @ 1547: uvm_test_top.env.scb [fifo_scoreboard] Scoreboard received item
# KERNEL: UVM_INFO /home/runner/scoreboard.sv(69) @ 1547: uvm_test_top.env.scb [SCB_RD] DATA READ=8c ,count=15
# KERNEL: UVM_INFO /home/runner/scoreboard.sv(71) @ 1547: uvm_test_top.env.scb [SCB_PASS] MATCH exp_rdata=8c, ACT rdata=8c
# KERNEL: UVM_INFO /home/runner/wr_monitor.sv(46) @ 1555: uvm_test_top.env.wr_agent.mon [WR_MON] wrst_n = 1, wdata =3f, winc= 1, wfull=0
# KERNEL: UVM_INFO /home/runner/scoreboard.sv(37) @ 1555: uvm_test_top.env.scb [fifo_scoreboard] Scoreboard received item
# KERNEL: UVM_INFO /home/runner/scoreboard.sv(43) @ 1555: uvm_test_top.env.scb [SCB_WR] DATA WRITTEN=3f , count=16
# KERNEL: UVM_INFO /home/runner/wr_driver.sv(33) @ 1555: uvm_test_top.env.wr_agent.drv [WR_DRV] wrst_n = 1, wdata =9d, winc= 1, 
# KERNEL: UVM_INFO /home/runner/rd_driver.sv(33) @ 1573: uvm_test_top.env.rd_agent.drv [RD_DRV] rrst_n = 1, rinc= 0
# KERNEL: UVM_INFO /home/runner/wr_monitor.sv(59) @ 1575: uvm_test_top.env.wr_agent.mon [WR_MON] wrst_n = 1, wdata =9d, winc= 1, wfull=1
# KERNEL: UVM_INFO /home/runner/scoreboard.sv(37) @ 1575: uvm_test_top.env.scb [fifo_scoreboard] Scoreboard received item
# KERNEL: UVM_INFO /home/runner/scoreboard.sv(46) @ 1575: uvm_test_top.env.scb [SCB_wr_ig] Write ignored correctly: FIFO Full
# KERNEL: UVM_INFO /home/runner/wr_driver.sv(33) @ 1575: uvm_test_top.env.wr_agent.drv [WR_DRV] wrst_n = 1, wdata =ce, winc= 1, 
# KERNEL: Error: assertion.sv (36): OVERFLOW !!, write ignored because full detected
# KERNEL: UVM_INFO /home/runner/wr_monitor.sv(59) @ 1595: uvm_test_top.env.wr_agent.mon [WR_MON] wrst_n = 1, wdata =ce, winc= 1, wfull=1
# KERNEL: UVM_INFO /home/runner/scoreboard.sv(37) @ 1595: uvm_test_top.env.scb [fifo_scoreboard] Scoreboard received item
# KERNEL: UVM_INFO /home/runner/scoreboard.sv(46) @ 1595: uvm_test_top.env.scb [SCB_wr_ig] Write ignored correctly: FIFO Full
# KERNEL: UVM_INFO /home/runner/wr_driver.sv(33) @ 1595: uvm_test_top.env.wr_agent.drv [WR_DRV] wrst_n = 1, wdata =d0, winc= 1, 
# KERNEL: Error: assertion.sv (36): OVERFLOW !!, write ignored because full detected
# KERNEL: UVM_INFO /home/runner/rd_monitor.sv(50) @ 1599: uvm_test_top.env.rd_agent.mon [RD_MON] rrst_n = 1, rdata =27, rinc= 1, rempty=0
# KERNEL: UVM_INFO /home/runner/scoreboard.sv(64) @ 1599: uvm_test_top.env.scb [fifo_scoreboard] Scoreboard received item
# KERNEL: UVM_INFO /home/runner/scoreboard.sv(69) @ 1599: uvm_test_top.env.scb [SCB_RD] DATA READ=27 ,count=15
# KERNEL: UVM_INFO /home/runner/scoreboard.sv(71) @ 1599: uvm_test_top.env.scb [SCB_PASS] MATCH exp_rdata=27, ACT rdata=27
# KERNEL: UVM_INFO /home/runner/wr_monitor.sv(46) @ 1615: uvm_test_top.env.wr_agent.mon [WR_MON] wrst_n = 1, wdata =d0, winc= 1, wfull=0
# KERNEL: UVM_INFO /home/runner/scoreboard.sv(37) @ 1615: uvm_test_top.env.scb [fifo_scoreboard] Scoreboard received item
# KERNEL: UVM_INFO /home/runner/scoreboard.sv(43) @ 1615: uvm_test_top.env.scb [SCB_WR] DATA WRITTEN=d0 , count=16
# KERNEL: UVM_INFO /home/runner/wr_driver.sv(33) @ 1615: uvm_test_top.env.wr_agent.drv [WR_DRV] wrst_n = 1, wdata =a5, winc= 1, 
# KERNEL: UVM_INFO /home/runner/rd_driver.sv(33) @ 1625: uvm_test_top.env.rd_agent.drv [RD_DRV] rrst_n = 1, rinc= 1
# KERNEL: UVM_INFO /home/runner/wr_monitor.sv(59) @ 1635: uvm_test_top.env.wr_agent.mon [WR_MON] wrst_n = 1, wdata =a5, winc= 1, wfull=1
# KERNEL: UVM_INFO /home/runner/scoreboard.sv(37) @ 1635: uvm_test_top.env.scb [fifo_scoreboard] Scoreboard received item
# KERNEL: UVM_INFO /home/runner/scoreboard.sv(46) @ 1635: uvm_test_top.env.scb [SCB_wr_ig] Write ignored correctly: FIFO Full
# KERNEL: UVM_INFO /home/runner/wr_driver.sv(33) @ 1635: uvm_test_top.env.wr_agent.drv [WR_DRV] wrst_n = 1, wdata =0, winc= 0, 
# KERNEL: Error: assertion.sv (36): OVERFLOW !!, write ignored because full detected
# KERNEL: UVM_INFO /home/runner/wr_driver.sv(33) @ 1655: uvm_test_top.env.wr_agent.drv [WR_DRV] wrst_n = 1, wdata =c4, winc= 1, 
# KERNEL: UVM_INFO /home/runner/wr_monitor.sv(59) @ 1675: uvm_test_top.env.wr_agent.mon [WR_MON] wrst_n = 1, wdata =c4, winc= 1, wfull=1
# KERNEL: UVM_INFO /home/runner/scoreboard.sv(37) @ 1675: uvm_test_top.env.scb [fifo_scoreboard] Scoreboard received item
# KERNEL: UVM_INFO /home/runner/scoreboard.sv(46) @ 1675: uvm_test_top.env.scb [SCB_wr_ig] Write ignored correctly: FIFO Full
# KERNEL: UVM_INFO /home/runner/wr_driver.sv(33) @ 1675: uvm_test_top.env.wr_agent.drv [WR_DRV] wrst_n = 1, wdata =0, winc= 0, 
# KERNEL: Error: assertion.sv (36): OVERFLOW !!, write ignored because full detected
# KERNEL: UVM_INFO /home/runner/rd_driver.sv(33) @ 1677: uvm_test_top.env.rd_agent.drv [RD_DRV] rrst_n = 1, rinc= 1
# KERNEL: UVM_INFO /home/runner/wr_driver.sv(33) @ 1695: uvm_test_top.env.wr_agent.drv [WR_DRV] wrst_n = 1, wdata =2b, winc= 1, 
# KERNEL: UVM_INFO /home/runner/rd_monitor.sv(50) @ 1703: uvm_test_top.env.rd_agent.mon [RD_MON] rrst_n = 1, rdata =b0, rinc= 1, rempty=0
# KERNEL: UVM_INFO /home/runner/scoreboard.sv(64) @ 1703: uvm_test_top.env.scb [fifo_scoreboard] Scoreboard received item
# KERNEL: UVM_INFO /home/runner/scoreboard.sv(69) @ 1703: uvm_test_top.env.scb [SCB_RD] DATA READ=b0 ,count=15
# KERNEL: UVM_INFO /home/runner/scoreboard.sv(71) @ 1703: uvm_test_top.env.scb [SCB_PASS] MATCH exp_rdata=b0, ACT rdata=b0
# KERNEL: UVM_INFO /home/runner/wr_monitor.sv(46) @ 1715: uvm_test_top.env.wr_agent.mon [WR_MON] wrst_n = 1, wdata =2b, winc= 1, wfull=0
# KERNEL: UVM_INFO /home/runner/scoreboard.sv(37) @ 1715: uvm_test_top.env.scb [fifo_scoreboard] Scoreboard received item
# KERNEL: UVM_INFO /home/runner/scoreboard.sv(43) @ 1715: uvm_test_top.env.scb [SCB_WR] DATA WRITTEN=2b , count=16
# KERNEL: UVM_INFO /home/runner/wr_driver.sv(33) @ 1715: uvm_test_top.env.wr_agent.drv [WR_DRV] wrst_n = 1, wdata =19, winc= 1, 
# KERNEL: UVM_INFO /home/runner/rd_driver.sv(33) @ 1729: uvm_test_top.env.rd_agent.drv [RD_DRV] rrst_n = 1, rinc= 0
# KERNEL: UVM_INFO /home/runner/wr_monitor.sv(59) @ 1735: uvm_test_top.env.wr_agent.mon [WR_MON] wrst_n = 1, wdata =19, winc= 1, wfull=1
# KERNEL: UVM_INFO /home/runner/scoreboard.sv(37) @ 1735: uvm_test_top.env.scb [fifo_scoreboard] Scoreboard received item
# KERNEL: UVM_INFO /home/runner/scoreboard.sv(46) @ 1735: uvm_test_top.env.scb [SCB_wr_ig] Write ignored correctly: FIFO Full
# KERNEL: UVM_INFO /home/runner/wr_driver.sv(33) @ 1735: uvm_test_top.env.wr_agent.drv [WR_DRV] wrst_n = 1, wdata =da, winc= 1, 
# KERNEL: Error: assertion.sv (36): OVERFLOW !!, write ignored because full detected
# KERNEL: UVM_INFO /home/runner/wr_monitor.sv(59) @ 1755: uvm_test_top.env.wr_agent.mon [WR_MON] wrst_n = 1, wdata =da, winc= 1, wfull=1
# KERNEL: UVM_INFO /home/runner/scoreboard.sv(37) @ 1755: uvm_test_top.env.scb [fifo_scoreboard] Scoreboard received item
# KERNEL: UVM_INFO /home/runner/scoreboard.sv(46) @ 1755: uvm_test_top.env.scb [SCB_wr_ig] Write ignored correctly: FIFO Full
# KERNEL: UVM_INFO /home/runner/rd_monitor.sv(50) @ 1755: uvm_test_top.env.rd_agent.mon [RD_MON] rrst_n = 1, rdata =a, rinc= 1, rempty=0
# KERNEL: UVM_INFO /home/runner/scoreboard.sv(64) @ 1755: uvm_test_top.env.scb [fifo_scoreboard] Scoreboard received item
# KERNEL: UVM_INFO /home/runner/scoreboard.sv(69) @ 1755: uvm_test_top.env.scb [SCB_RD] DATA READ=a ,count=15
# KERNEL: UVM_INFO /home/runner/scoreboard.sv(71) @ 1755: uvm_test_top.env.scb [SCB_PASS] MATCH exp_rdata=a, ACT rdata=a
# KERNEL: UVM_INFO /home/runner/wr_driver.sv(33) @ 1755: uvm_test_top.env.wr_agent.drv [WR_DRV] wrst_n = 1, wdata =6c, winc= 1, 
# KERNEL: Error: assertion.sv (36): OVERFLOW !!, write ignored because full detected
# KERNEL: UVM_INFO /home/runner/wr_monitor.sv(46) @ 1775: uvm_test_top.env.wr_agent.mon [WR_MON] wrst_n = 1, wdata =6c, winc= 1, wfull=0
# KERNEL: UVM_INFO /home/runner/scoreboard.sv(37) @ 1775: uvm_test_top.env.scb [fifo_scoreboard] Scoreboard received item
# KERNEL: UVM_INFO /home/runner/scoreboard.sv(43) @ 1775: uvm_test_top.env.scb [SCB_WR] DATA WRITTEN=6c , count=16
# KERNEL: UVM_INFO /home/runner/wr_driver.sv(33) @ 1775: uvm_test_top.env.wr_agent.drv [WR_DRV] wrst_n = 1, wdata =d1, winc= 1, 
# KERNEL: UVM_INFO /home/runner/rd_driver.sv(33) @ 1781: uvm_test_top.env.rd_agent.drv [RD_DRV] rrst_n = 1, rinc= 1
# KERNEL: UVM_INFO /home/runner/wr_monitor.sv(59) @ 1795: uvm_test_top.env.wr_agent.mon [WR_MON] wrst_n = 1, wdata =d1, winc= 1, wfull=1
# KERNEL: UVM_INFO /home/runner/scoreboard.sv(37) @ 1795: uvm_test_top.env.scb [fifo_scoreboard] Scoreboard received item
# KERNEL: UVM_INFO /home/runner/scoreboard.sv(46) @ 1795: uvm_test_top.env.scb [SCB_wr_ig] Write ignored correctly: FIFO Full
# KERNEL: UVM_INFO /home/runner/wr_driver.sv(33) @ 1795: uvm_test_top.env.wr_agent.drv [WR_DRV] wrst_n = 1, wdata =0, winc= 0, 
# KERNEL: Error: assertion.sv (36): OVERFLOW !!, write ignored because full detected
# KERNEL: UVM_INFO /home/runner/wr_driver.sv(33) @ 1815: uvm_test_top.env.wr_agent.drv [WR_DRV] wrst_n = 1, wdata =10, winc= 1, 
# KERNEL: UVM_INFO /home/runner/rd_driver.sv(33) @ 1833: uvm_test_top.env.rd_agent.drv [RD_DRV] rrst_n = 1, rinc= 0
# KERNEL: UVM_INFO /home/runner/wr_monitor.sv(59) @ 1835: uvm_test_top.env.wr_agent.mon [WR_MON] wrst_n = 1, wdata =10, winc= 1, wfull=1
# KERNEL: UVM_INFO /home/runner/scoreboard.sv(37) @ 1835: uvm_test_top.env.scb [fifo_scoreboard] Scoreboard received item
# KERNEL: UVM_INFO /home/runner/scoreboard.sv(46) @ 1835: uvm_test_top.env.scb [SCB_wr_ig] Write ignored correctly: FIFO Full
# KERNEL: UVM_INFO /home/runner/wr_driver.sv(33) @ 1835: uvm_test_top.env.wr_agent.drv [WR_DRV] wrst_n = 1, wdata =ea, winc= 1, 
# KERNEL: Error: assertion.sv (36): OVERFLOW !!, write ignored because full detected
# KERNEL: UVM_INFO /home/runner/wr_monitor.sv(59) @ 1855: uvm_test_top.env.wr_agent.mon [WR_MON] wrst_n = 1, wdata =ea, winc= 1, wfull=1
# KERNEL: UVM_INFO /home/runner/scoreboard.sv(37) @ 1855: uvm_test_top.env.scb [fifo_scoreboard] Scoreboard received item
# KERNEL: UVM_INFO /home/runner/scoreboard.sv(46) @ 1855: uvm_test_top.env.scb [SCB_wr_ig] Write ignored correctly: FIFO Full
# KERNEL: UVM_INFO /home/runner/wr_driver.sv(33) @ 1855: uvm_test_top.env.wr_agent.drv [WR_DRV] wrst_n = 1, wdata =97, winc= 1, 
# KERNEL: Error: assertion.sv (36): OVERFLOW !!, write ignored because full detected
# KERNEL: UVM_INFO /home/runner/rd_monitor.sv(50) @ 1859: uvm_test_top.env.rd_agent.mon [RD_MON] rrst_n = 1, rdata =6, rinc= 1, rempty=0
# KERNEL: UVM_INFO /home/runner/scoreboard.sv(64) @ 1859: uvm_test_top.env.scb [fifo_scoreboard] Scoreboard received item
# KERNEL: UVM_INFO /home/runner/scoreboard.sv(69) @ 1859: uvm_test_top.env.scb [SCB_RD] DATA READ=6 ,count=15
# KERNEL: UVM_INFO /home/runner/scoreboard.sv(71) @ 1859: uvm_test_top.env.scb [SCB_PASS] MATCH exp_rdata=6, ACT rdata=6
# KERNEL: UVM_INFO /home/runner/wr_monitor.sv(46) @ 1875: uvm_test_top.env.wr_agent.mon [WR_MON] wrst_n = 1, wdata =97, winc= 1, wfull=0
# KERNEL: UVM_INFO /home/runner/scoreboard.sv(37) @ 1875: uvm_test_top.env.scb [fifo_scoreboard] Scoreboard received item
# KERNEL: UVM_INFO /home/runner/scoreboard.sv(43) @ 1875: uvm_test_top.env.scb [SCB_WR] DATA WRITTEN=97 , count=16
# KERNEL: UVM_INFO /home/runner/wr_driver.sv(33) @ 1875: uvm_test_top.env.wr_agent.drv [WR_DRV] wrst_n = 1, wdata =15, winc= 1, 
# KERNEL: UVM_INFO /home/runner/rd_driver.sv(33) @ 1885: uvm_test_top.env.rd_agent.drv [RD_DRV] rrst_n = 1, rinc= 1
# KERNEL: UVM_INFO /home/runner/wr_monitor.sv(59) @ 1895: uvm_test_top.env.wr_agent.mon [WR_MON] wrst_n = 1, wdata =15, winc= 1, wfull=1
# KERNEL: UVM_INFO /home/runner/scoreboard.sv(37) @ 1895: uvm_test_top.env.scb [fifo_scoreboard] Scoreboard received item
# KERNEL: UVM_INFO /home/runner/scoreboard.sv(46) @ 1895: uvm_test_top.env.scb [SCB_wr_ig] Write ignored correctly: FIFO Full
# KERNEL: UVM_INFO /home/runner/wr_driver.sv(33) @ 1895: uvm_test_top.env.wr_agent.drv [WR_DRV] wrst_n = 1, wdata =66, winc= 1, 
# KERNEL: Error: assertion.sv (36): OVERFLOW !!, write ignored because full detected
# KERNEL: UVM_INFO /home/runner/wr_monitor.sv(59) @ 1915: uvm_test_top.env.wr_agent.mon [WR_MON] wrst_n = 1, wdata =66, winc= 1, wfull=1
# KERNEL: UVM_INFO /home/runner/scoreboard.sv(37) @ 1915: uvm_test_top.env.scb [fifo_scoreboard] Scoreboard received item
# KERNEL: UVM_INFO /home/runner/scoreboard.sv(46) @ 1915: uvm_test_top.env.scb [SCB_wr_ig] Write ignored correctly: FIFO Full
# KERNEL: UVM_INFO /home/runner/wr_driver.sv(33) @ 1915: uvm_test_top.env.wr_agent.drv [WR_DRV] wrst_n = 1, wdata =88, winc= 1, 
# KERNEL: Error: assertion.sv (36): OVERFLOW !!, write ignored because full detected
# KERNEL: UVM_INFO /home/runner/wr_monitor.sv(59) @ 1935: uvm_test_top.env.wr_agent.mon [WR_MON] wrst_n = 1, wdata =88, winc= 1, wfull=1
# KERNEL: UVM_INFO /home/runner/scoreboard.sv(37) @ 1935: uvm_test_top.env.scb [fifo_scoreboard] Scoreboard received item
# KERNEL: UVM_INFO /home/runner/scoreboard.sv(46) @ 1935: uvm_test_top.env.scb [SCB_wr_ig] Write ignored correctly: FIFO Full
# KERNEL: UVM_INFO /home/runner/wr_driver.sv(33) @ 1935: uvm_test_top.env.wr_agent.drv [WR_DRV] wrst_n = 1, wdata =0, winc= 0, 
# KERNEL: Error: assertion.sv (36): OVERFLOW !!, write ignored because full detected
# KERNEL: UVM_INFO /home/runner/rd_driver.sv(33) @ 1937: uvm_test_top.env.rd_agent.drv [RD_DRV] rrst_n = 1, rinc= 0
# KERNEL: UVM_INFO /home/runner/wr_driver.sv(33) @ 1955: uvm_test_top.env.wr_agent.drv [WR_DRV] wrst_n = 1, wdata =43, winc= 1, 
# KERNEL: UVM_INFO /home/runner/rd_monitor.sv(50) @ 1963: uvm_test_top.env.rd_agent.mon [RD_MON] rrst_n = 1, rdata =63, rinc= 1, rempty=0
# KERNEL: UVM_INFO /home/runner/scoreboard.sv(64) @ 1963: uvm_test_top.env.scb [fifo_scoreboard] Scoreboard received item
# KERNEL: UVM_INFO /home/runner/scoreboard.sv(69) @ 1963: uvm_test_top.env.scb [SCB_RD] DATA READ=63 ,count=15
# KERNEL: UVM_INFO /home/runner/scoreboard.sv(71) @ 1963: uvm_test_top.env.scb [SCB_PASS] MATCH exp_rdata=63, ACT rdata=63
# KERNEL: UVM_INFO /home/runner/wr_monitor.sv(46) @ 1975: uvm_test_top.env.wr_agent.mon [WR_MON] wrst_n = 1, wdata =43, winc= 1, wfull=0
# KERNEL: UVM_INFO /home/runner/scoreboard.sv(37) @ 1975: uvm_test_top.env.scb [fifo_scoreboard] Scoreboard received item
# KERNEL: UVM_INFO /home/runner/scoreboard.sv(43) @ 1975: uvm_test_top.env.scb [SCB_WR] DATA WRITTEN=43 , count=16
# KERNEL: UVM_INFO /home/runner/wr_driver.sv(33) @ 1975: uvm_test_top.env.wr_agent.drv [WR_DRV] wrst_n = 1, wdata =0, winc= 0, 
# KERNEL: UVM_INFO /home/runner/rd_driver.sv(33) @ 1989: uvm_test_top.env.rd_agent.drv [RD_DRV] rrst_n = 1, rinc= 1
# KERNEL: UVM_INFO /home/runner/wr_driver.sv(33) @ 1995: uvm_test_top.env.wr_agent.drv [WR_DRV] wrst_n = 1, wdata =46, winc= 1, 
# KERNEL: UVM_INFO /home/runner/wr_monitor.sv(59) @ 2015: uvm_test_top.env.wr_agent.mon [WR_MON] wrst_n = 1, wdata =46, winc= 1, wfull=1
# KERNEL: UVM_INFO /home/runner/scoreboard.sv(37) @ 2015: uvm_test_top.env.scb [fifo_scoreboard] Scoreboard received item
# KERNEL: UVM_INFO /home/runner/scoreboard.sv(46) @ 2015: uvm_test_top.env.scb [SCB_wr_ig] Write ignored correctly: FIFO Full
# KERNEL: UVM_INFO /home/runner/wr_driver.sv(33) @ 2015: uvm_test_top.env.wr_agent.drv [WR_DRV] wrst_n = 1, wdata =83, winc= 1, 
# KERNEL: Error: assertion.sv (36): OVERFLOW !!, write ignored because full detected
# KERNEL: UVM_INFO /home/runner/wr_monitor.sv(59) @ 2035: uvm_test_top.env.wr_agent.mon [WR_MON] wrst_n = 1, wdata =83, winc= 1, wfull=1
# KERNEL: UVM_INFO /home/runner/scoreboard.sv(37) @ 2035: uvm_test_top.env.scb [fifo_scoreboard] Scoreboard received item
# KERNEL: UVM_INFO /home/runner/scoreboard.sv(46) @ 2035: uvm_test_top.env.scb [SCB_wr_ig] Write ignored correctly: FIFO Full
# KERNEL: UVM_INFO /home/runner/wr_driver.sv(33) @ 2035: uvm_test_top.env.wr_agent.drv [WR_DRV] wrst_n = 1, wdata =91, winc= 1, 
# KERNEL: Error: assertion.sv (36): OVERFLOW !!, write ignored because full detected
# KERNEL: UVM_INFO /home/runner/rd_driver.sv(33) @ 2041: uvm_test_top.env.rd_agent.drv [RD_DRV] rrst_n = 1, rinc= 0
# KERNEL: UVM_INFO /home/runner/wr_monitor.sv(59) @ 2055: uvm_test_top.env.wr_agent.mon [WR_MON] wrst_n = 1, wdata =91, winc= 1, wfull=1
# KERNEL: UVM_INFO /home/runner/scoreboard.sv(37) @ 2055: uvm_test_top.env.scb [fifo_scoreboard] Scoreboard received item
# KERNEL: UVM_INFO /home/runner/scoreboard.sv(46) @ 2055: uvm_test_top.env.scb [SCB_wr_ig] Write ignored correctly: FIFO Full
# KERNEL: UVM_INFO /home/runner/wr_driver.sv(33) @ 2055: uvm_test_top.env.wr_agent.drv [WR_DRV] wrst_n = 1, wdata =0, winc= 0, 
# KERNEL: Error: assertion.sv (36): OVERFLOW !!, write ignored because full detected
# KERNEL: UVM_INFO /home/runner/rd_monitor.sv(50) @ 2067: uvm_test_top.env.rd_agent.mon [RD_MON] rrst_n = 1, rdata =23, rinc= 1, rempty=0
# KERNEL: UVM_INFO /home/runner/scoreboard.sv(64) @ 2067: uvm_test_top.env.scb [fifo_scoreboard] Scoreboard received item
# KERNEL: UVM_INFO /home/runner/scoreboard.sv(69) @ 2067: uvm_test_top.env.scb [SCB_RD] DATA READ=23 ,count=15
# KERNEL: UVM_INFO /home/runner/scoreboard.sv(71) @ 2067: uvm_test_top.env.scb [SCB_PASS] MATCH exp_rdata=23, ACT rdata=23
# KERNEL: UVM_INFO /home/runner/wr_driver.sv(33) @ 2075: uvm_test_top.env.wr_agent.drv [WR_DRV] wrst_n = 1, wdata =24, winc= 1, 
# KERNEL: UVM_INFO /home/runner/rd_driver.sv(33) @ 2093: uvm_test_top.env.rd_agent.drv [RD_DRV] rrst_n = 1, rinc= 1
# KERNEL: UVM_INFO /home/runner/wr_monitor.sv(46) @ 2095: uvm_test_top.env.wr_agent.mon [WR_MON] wrst_n = 1, wdata =24, winc= 1, wfull=0
# KERNEL: UVM_INFO /home/runner/scoreboard.sv(37) @ 2095: uvm_test_top.env.scb [fifo_scoreboard] Scoreboard received item
# KERNEL: UVM_INFO /home/runner/scoreboard.sv(43) @ 2095: uvm_test_top.env.scb [SCB_WR] DATA WRITTEN=24 , count=16
# KERNEL: UVM_INFO /home/runner/wr_driver.sv(33) @ 2095: uvm_test_top.env.wr_agent.drv [WR_DRV] wrst_n = 1, wdata =0, winc= 0, 
# KERNEL: UVM_INFO /home/runner/wr_driver.sv(33) @ 2115: uvm_test_top.env.wr_agent.drv [WR_DRV] wrst_n = 1, wdata =0, winc= 0, 
# KERNEL: UVM_INFO /home/runner/wr_driver.sv(33) @ 2135: uvm_test_top.env.wr_agent.drv [WR_DRV] wrst_n = 1, wdata =28, winc= 1, 
# KERNEL: UVM_INFO /home/runner/rd_driver.sv(33) @ 2145: uvm_test_top.env.rd_agent.drv [RD_DRV] rrst_n = 1, rinc= 0
# KERNEL: UVM_INFO /home/runner/wr_monitor.sv(59) @ 2155: uvm_test_top.env.wr_agent.mon [WR_MON] wrst_n = 1, wdata =28, winc= 1, wfull=1
# KERNEL: UVM_INFO /home/runner/scoreboard.sv(37) @ 2155: uvm_test_top.env.scb [fifo_scoreboard] Scoreboard received item
# KERNEL: UVM_INFO /home/runner/scoreboard.sv(46) @ 2155: uvm_test_top.env.scb [SCB_wr_ig] Write ignored correctly: FIFO Full
# KERNEL: UVM_INFO /home/runner/wr_driver.sv(33) @ 2155: uvm_test_top.env.wr_agent.drv [WR_DRV] wrst_n = 1, wdata =22, winc= 1, 
# KERNEL: Error: assertion.sv (36): OVERFLOW !!, write ignored because full detected
# KERNEL: UVM_INFO /home/runner/rd_monitor.sv(50) @ 2171: uvm_test_top.env.rd_agent.mon [RD_MON] rrst_n = 1, rdata =b1, rinc= 1, rempty=0
# KERNEL: UVM_INFO /home/runner/scoreboard.sv(64) @ 2171: uvm_test_top.env.scb [fifo_scoreboard] Scoreboard received item
# KERNEL: UVM_INFO /home/runner/scoreboard.sv(69) @ 2171: uvm_test_top.env.scb [SCB_RD] DATA READ=b1 ,count=15
# KERNEL: UVM_INFO /home/runner/scoreboard.sv(71) @ 2171: uvm_test_top.env.scb [SCB_PASS] MATCH exp_rdata=b1, ACT rdata=b1
# KERNEL: UVM_INFO /home/runner/wr_monitor.sv(59) @ 2175: uvm_test_top.env.wr_agent.mon [WR_MON] wrst_n = 1, wdata =22, winc= 1, wfull=1
# KERNEL: UVM_INFO /home/runner/scoreboard.sv(37) @ 2175: uvm_test_top.env.scb [fifo_scoreboard] Scoreboard received item
# KERNEL: UVM_INFO /home/runner/scoreboard.sv(46) @ 2175: uvm_test_top.env.scb [SCB_wr_ig] Write ignored correctly: FIFO Full
# KERNEL: UVM_INFO /home/runner/wr_driver.sv(33) @ 2175: uvm_test_top.env.wr_agent.drv [WR_DRV] wrst_n = 1, wdata =ef, winc= 1, 
# KERNEL: Error: assertion.sv (36): OVERFLOW !!, write ignored because full detected
# KERNEL: UVM_INFO /home/runner/wr_monitor.sv(46) @ 2195: uvm_test_top.env.wr_agent.mon [WR_MON] wrst_n = 1, wdata =ef, winc= 1, wfull=0
# KERNEL: UVM_INFO /home/runner/scoreboard.sv(37) @ 2195: uvm_test_top.env.scb [fifo_scoreboard] Scoreboard received item
# KERNEL: UVM_INFO /home/runner/scoreboard.sv(43) @ 2195: uvm_test_top.env.scb [SCB_WR] DATA WRITTEN=ef , count=16
# KERNEL: UVM_INFO /home/runner/wr_driver.sv(33) @ 2195: uvm_test_top.env.wr_agent.drv [WR_DRV] wrst_n = 1, wdata =8d, winc= 1, 
# KERNEL: UVM_INFO /home/runner/rd_driver.sv(33) @ 2197: uvm_test_top.env.rd_agent.drv [RD_DRV] rrst_n = 1, rinc= 0
# KERNEL: UVM_INFO /home/runner/wr_monitor.sv(59) @ 2215: uvm_test_top.env.wr_agent.mon [WR_MON] wrst_n = 1, wdata =8d, winc= 1, wfull=1
# KERNEL: UVM_INFO /home/runner/scoreboard.sv(37) @ 2215: uvm_test_top.env.scb [fifo_scoreboard] Scoreboard received item
# KERNEL: UVM_INFO /home/runner/scoreboard.sv(46) @ 2215: uvm_test_top.env.scb [SCB_wr_ig] Write ignored correctly: FIFO Full
# KERNEL: UVM_INFO /home/runner/wr_driver.sv(33) @ 2215: uvm_test_top.env.wr_agent.drv [WR_DRV] wrst_n = 1, wdata =fe, winc= 1, 
# KERNEL: Error: assertion.sv (36): OVERFLOW !!, write ignored because full detected
# KERNEL: UVM_INFO /home/runner/wr_monitor.sv(59) @ 2235: uvm_test_top.env.wr_agent.mon [WR_MON] wrst_n = 1, wdata =fe, winc= 1, wfull=1
# KERNEL: UVM_INFO /home/runner/scoreboard.sv(37) @ 2235: uvm_test_top.env.scb [fifo_scoreboard] Scoreboard received item
# KERNEL: UVM_INFO /home/runner/scoreboard.sv(46) @ 2235: uvm_test_top.env.scb [SCB_wr_ig] Write ignored correctly: FIFO Full
# KERNEL: UVM_INFO /home/runner/wr_driver.sv(33) @ 2235: uvm_test_top.env.wr_agent.drv [WR_DRV] wrst_n = 1, wdata =40, winc= 1, 
# KERNEL: Error: assertion.sv (36): OVERFLOW !!, write ignored because full detected
# KERNEL: UVM_INFO /home/runner/rd_driver.sv(33) @ 2249: uvm_test_top.env.rd_agent.drv [RD_DRV] rrst_n = 1, rinc= 1
# KERNEL: UVM_INFO /home/runner/wr_monitor.sv(59) @ 2255: uvm_test_top.env.wr_agent.mon [WR_MON] wrst_n = 1, wdata =40, winc= 1, wfull=1
# KERNEL: UVM_INFO /home/runner/scoreboard.sv(37) @ 2255: uvm_test_top.env.scb [fifo_scoreboard] Scoreboard received item
# KERNEL: UVM_INFO /home/runner/scoreboard.sv(46) @ 2255: uvm_test_top.env.scb [SCB_wr_ig] Write ignored correctly: FIFO Full
# KERNEL: UVM_INFO /home/runner/wr_driver.sv(33) @ 2255: uvm_test_top.env.wr_agent.drv [WR_DRV] wrst_n = 1, wdata =55, winc= 1, 
# KERNEL: Error: assertion.sv (36): OVERFLOW !!, write ignored because full detected
# KERNEL: UVM_INFO /home/runner/wr_monitor.sv(59) @ 2275: uvm_test_top.env.wr_agent.mon [WR_MON] wrst_n = 1, wdata =55, winc= 1, wfull=1
# KERNEL: UVM_INFO /home/runner/scoreboard.sv(37) @ 2275: uvm_test_top.env.scb [fifo_scoreboard] Scoreboard received item
# KERNEL: UVM_INFO /home/runner/scoreboard.sv(46) @ 2275: uvm_test_top.env.scb [SCB_wr_ig] Write ignored correctly: FIFO Full
# KERNEL: UVM_INFO /home/runner/wr_driver.sv(33) @ 2275: uvm_test_top.env.wr_agent.drv [WR_DRV] wrst_n = 1, wdata =0, winc= 0, 
# KERNEL: Error: assertion.sv (36): OVERFLOW !!, write ignored because full detected
# KERNEL: UVM_INFO /home/runner/wr_driver.sv(33) @ 2295: uvm_test_top.env.wr_agent.drv [WR_DRV] wrst_n = 1, wdata =f4, winc= 1, 
# KERNEL: UVM_INFO /home/runner/rd_driver.sv(33) @ 2301: uvm_test_top.env.rd_agent.drv [RD_DRV] rrst_n = 1, rinc= 0
# KERNEL: UVM_INFO /home/runner/wr_monitor.sv(59) @ 2315: uvm_test_top.env.wr_agent.mon [WR_MON] wrst_n = 1, wdata =f4, winc= 1, wfull=1
# KERNEL: UVM_INFO /home/runner/scoreboard.sv(37) @ 2315: uvm_test_top.env.scb [fifo_scoreboard] Scoreboard received item
# KERNEL: UVM_INFO /home/runner/scoreboard.sv(46) @ 2315: uvm_test_top.env.scb [SCB_wr_ig] Write ignored correctly: FIFO Full
# KERNEL: UVM_INFO /home/runner/wr_driver.sv(33) @ 2315: uvm_test_top.env.wr_agent.drv [WR_DRV] wrst_n = 1, wdata =7e, winc= 1, 
# KERNEL: Error: assertion.sv (36): OVERFLOW !!, write ignored because full detected
# KERNEL: UVM_INFO /home/runner/rd_monitor.sv(50) @ 2327: uvm_test_top.env.rd_agent.mon [RD_MON] rrst_n = 1, rdata =8f, rinc= 1, rempty=0
# KERNEL: UVM_INFO /home/runner/scoreboard.sv(64) @ 2327: uvm_test_top.env.scb [fifo_scoreboard] Scoreboard received item
# KERNEL: UVM_INFO /home/runner/scoreboard.sv(69) @ 2327: uvm_test_top.env.scb [SCB_RD] DATA READ=8f ,count=15
# KERNEL: UVM_INFO /home/runner/scoreboard.sv(71) @ 2327: uvm_test_top.env.scb [SCB_PASS] MATCH exp_rdata=8f, ACT rdata=8f
# KERNEL: UVM_INFO /home/runner/wr_monitor.sv(46) @ 2335: uvm_test_top.env.wr_agent.mon [WR_MON] wrst_n = 1, wdata =7e, winc= 1, wfull=0
# KERNEL: UVM_INFO /home/runner/scoreboard.sv(37) @ 2335: uvm_test_top.env.scb [fifo_scoreboard] Scoreboard received item
# KERNEL: UVM_INFO /home/runner/scoreboard.sv(43) @ 2335: uvm_test_top.env.scb [SCB_WR] DATA WRITTEN=7e , count=16
# KERNEL: UVM_INFO /home/runner/wr_driver.sv(33) @ 2335: uvm_test_top.env.wr_agent.drv [WR_DRV] wrst_n = 1, wdata =0, winc= 0, 
# KERNEL: UVM_INFO /home/runner/rd_driver.sv(33) @ 2353: uvm_test_top.env.rd_agent.drv [RD_DRV] rrst_n = 1, rinc= 1
# KERNEL: UVM_INFO /home/runner/wr_driver.sv(33) @ 2355: uvm_test_top.env.wr_agent.drv [WR_DRV] wrst_n = 1, wdata =0, winc= 0, 
# KERNEL: UVM_INFO /home/runner/wr_driver.sv(33) @ 2375: uvm_test_top.env.wr_agent.drv [WR_DRV] wrst_n = 1, wdata =a, winc= 1, 
# KERNEL: UVM_INFO /home/runner/wr_monitor.sv(59) @ 2395: uvm_test_top.env.wr_agent.mon [WR_MON] wrst_n = 1, wdata =a, winc= 1, wfull=1
# KERNEL: UVM_INFO /home/runner/scoreboard.sv(37) @ 2395: uvm_test_top.env.scb [fifo_scoreboard] Scoreboard received item
# KERNEL: UVM_INFO /home/runner/scoreboard.sv(46) @ 2395: uvm_test_top.env.scb [SCB_wr_ig] Write ignored correctly: FIFO Full
# KERNEL: UVM_INFO /home/runner/wr_driver.sv(33) @ 2395: uvm_test_top.env.wr_agent.drv [WR_DRV] wrst_n = 1, wdata =dc, winc= 1, 
# KERNEL: Error: assertion.sv (36): OVERFLOW !!, write ignored because full detected
# KERNEL: UVM_INFO /home/runner/rd_driver.sv(33) @ 2405: uvm_test_top.env.rd_agent.drv [RD_DRV] rrst_n = 1, rinc= 1
# KERNEL: UVM_INFO /home/runner/wr_monitor.sv(59) @ 2415: uvm_test_top.env.wr_agent.mon [WR_MON] wrst_n = 1, wdata =dc, winc= 1, wfull=1
# KERNEL: UVM_INFO /home/runner/scoreboard.sv(37) @ 2415: uvm_test_top.env.scb [fifo_scoreboard] Scoreboard received item
# KERNEL: UVM_INFO /home/runner/scoreboard.sv(46) @ 2415: uvm_test_top.env.scb [SCB_wr_ig] Write ignored correctly: FIFO Full
# KERNEL: UVM_INFO /home/runner/wr_driver.sv(33) @ 2415: uvm_test_top.env.wr_agent.drv [WR_DRV] wrst_n = 1, wdata =0, winc= 0, 
# KERNEL: Error: assertion.sv (36): OVERFLOW !!, write ignored because full detected
# KERNEL: UVM_INFO /home/runner/rd_monitor.sv(50) @ 2431: uvm_test_top.env.rd_agent.mon [RD_MON] rrst_n = 1, rdata =9e, rinc= 1, rempty=0
# KERNEL: UVM_INFO /home/runner/scoreboard.sv(64) @ 2431: uvm_test_top.env.scb [fifo_scoreboard] Scoreboard received item
# KERNEL: UVM_INFO /home/runner/scoreboard.sv(69) @ 2431: uvm_test_top.env.scb [SCB_RD] DATA READ=9e ,count=15
# KERNEL: UVM_INFO /home/runner/scoreboard.sv(71) @ 2431: uvm_test_top.env.scb [SCB_PASS] MATCH exp_rdata=9e, ACT rdata=9e
# KERNEL: UVM_INFO /home/runner/wr_driver.sv(33) @ 2435: uvm_test_top.env.wr_agent.drv [WR_DRV] wrst_n = 1, wdata =27, winc= 1, 
# KERNEL: UVM_INFO /home/runner/wr_monitor.sv(46) @ 2455: uvm_test_top.env.wr_agent.mon [WR_MON] wrst_n = 1, wdata =27, winc= 1, wfull=0
# KERNEL: UVM_INFO /home/runner/scoreboard.sv(37) @ 2455: uvm_test_top.env.scb [fifo_scoreboard] Scoreboard received item
# KERNEL: UVM_INFO /home/runner/scoreboard.sv(43) @ 2455: uvm_test_top.env.scb [SCB_WR] DATA WRITTEN=27 , count=16
# KERNEL: UVM_INFO /home/runner/wr_driver.sv(33) @ 2455: uvm_test_top.env.wr_agent.drv [WR_DRV] wrst_n = 1, wdata =70, winc= 1, 
# KERNEL: UVM_INFO /home/runner/rd_driver.sv(33) @ 2457: uvm_test_top.env.rd_agent.drv [RD_DRV] rrst_n = 1, rinc= 0
# KERNEL: UVM_INFO /home/runner/wr_monitor.sv(59) @ 2475: uvm_test_top.env.wr_agent.mon [WR_MON] wrst_n = 1, wdata =70, winc= 1, wfull=1
# KERNEL: UVM_INFO /home/runner/scoreboard.sv(37) @ 2475: uvm_test_top.env.scb [fifo_scoreboard] Scoreboard received item
# KERNEL: UVM_INFO /home/runner/scoreboard.sv(46) @ 2475: uvm_test_top.env.scb [SCB_wr_ig] Write ignored correctly: FIFO Full
# KERNEL: UVM_INFO /home/runner/wr_driver.sv(33) @ 2475: uvm_test_top.env.wr_agent.drv [WR_DRV] wrst_n = 1, wdata =8a, winc= 1, 
# KERNEL: Error: assertion.sv (36): OVERFLOW !!, write ignored because full detected
# KERNEL: UVM_INFO /home/runner/rd_monitor.sv(50) @ 2483: uvm_test_top.env.rd_agent.mon [RD_MON] rrst_n = 1, rdata =94, rinc= 1, rempty=0
# KERNEL: UVM_INFO /home/runner/scoreboard.sv(64) @ 2483: uvm_test_top.env.scb [fifo_scoreboard] Scoreboard received item
# KERNEL: UVM_INFO /home/runner/scoreboard.sv(69) @ 2483: uvm_test_top.env.scb [SCB_RD] DATA READ=94 ,count=15
# KERNEL: UVM_INFO /home/runner/scoreboard.sv(71) @ 2483: uvm_test_top.env.scb [SCB_PASS] MATCH exp_rdata=94, ACT rdata=94
# KERNEL: UVM_INFO /home/runner/wr_monitor.sv(46) @ 2495: uvm_test_top.env.wr_agent.mon [WR_MON] wrst_n = 1, wdata =8a, winc= 1, wfull=0
# KERNEL: UVM_INFO /home/runner/scoreboard.sv(37) @ 2495: uvm_test_top.env.scb [fifo_scoreboard] Scoreboard received item
# KERNEL: UVM_INFO /home/runner/scoreboard.sv(43) @ 2495: uvm_test_top.env.scb [SCB_WR] DATA WRITTEN=8a , count=16
# KERNEL: UVM_INFO /home/runner/wr_driver.sv(33) @ 2495: uvm_test_top.env.wr_agent.drv [WR_DRV] wrst_n = 1, wdata =77, winc= 1, 
# KERNEL: UVM_INFO /home/runner/rd_driver.sv(33) @ 2509: uvm_test_top.env.rd_agent.drv [RD_DRV] rrst_n = 1, rinc= 1
# KERNEL: UVM_INFO /home/runner/wr_monitor.sv(59) @ 2515: uvm_test_top.env.wr_agent.mon [WR_MON] wrst_n = 1, wdata =77, winc= 1, wfull=1
# KERNEL: UVM_INFO /home/runner/scoreboard.sv(37) @ 2515: uvm_test_top.env.scb [fifo_scoreboard] Scoreboard received item
# KERNEL: UVM_INFO /home/runner/scoreboard.sv(46) @ 2515: uvm_test_top.env.scb [SCB_wr_ig] Write ignored correctly: FIFO Full
# KERNEL: UVM_INFO /home/runner/wr_driver.sv(33) @ 2515: uvm_test_top.env.wr_agent.drv [WR_DRV] wrst_n = 1, wdata =35, winc= 1, 
# KERNEL: Error: assertion.sv (36): OVERFLOW !!, write ignored because full detected
# KERNEL: UVM_INFO /home/runner/wr_monitor.sv(59) @ 2535: uvm_test_top.env.wr_agent.mon [WR_MON] wrst_n = 1, wdata =35, winc= 1, wfull=1
# KERNEL: UVM_INFO /home/runner/scoreboard.sv(37) @ 2535: uvm_test_top.env.scb [fifo_scoreboard] Scoreboard received item
# KERNEL: UVM_INFO /home/runner/scoreboard.sv(46) @ 2535: uvm_test_top.env.scb [SCB_wr_ig] Write ignored correctly: FIFO Full
# KERNEL: UVM_INFO /home/runner/wr_driver.sv(33) @ 2535: uvm_test_top.env.wr_agent.drv [WR_DRV] wrst_n = 1, wdata =c6, winc= 1, 
# KERNEL: Error: assertion.sv (36): OVERFLOW !!, write ignored because full detected
# KERNEL: UVM_INFO /home/runner/wr_monitor.sv(59) @ 2555: uvm_test_top.env.wr_agent.mon [WR_MON] wrst_n = 1, wdata =c6, winc= 1, wfull=1
# KERNEL: UVM_INFO /home/runner/scoreboard.sv(37) @ 2555: uvm_test_top.env.scb [fifo_scoreboard] Scoreboard received item
# KERNEL: UVM_INFO /home/runner/scoreboard.sv(46) @ 2555: uvm_test_top.env.scb [SCB_wr_ig] Write ignored correctly: FIFO Full
# KERNEL: UVM_INFO /home/runner/wr_driver.sv(33) @ 2555: uvm_test_top.env.wr_agent.drv [WR_DRV] wrst_n = 1, wdata =28, winc= 1, 
# KERNEL: Error: assertion.sv (36): OVERFLOW !!, write ignored because full detected
# KERNEL: UVM_INFO /home/runner/rd_driver.sv(33) @ 2561: uvm_test_top.env.rd_agent.drv [RD_DRV] rrst_n = 1, rinc= 1
# KERNEL: UVM_INFO /home/runner/wr_monitor.sv(59) @ 2575: uvm_test_top.env.wr_agent.mon [WR_MON] wrst_n = 1, wdata =28, winc= 1, wfull=1
# KERNEL: UVM_INFO /home/runner/scoreboard.sv(37) @ 2575: uvm_test_top.env.scb [fifo_scoreboard] Scoreboard received item
# KERNEL: UVM_INFO /home/runner/scoreboard.sv(46) @ 2575: uvm_test_top.env.scb [SCB_wr_ig] Write ignored correctly: FIFO Full
# KERNEL: UVM_INFO /home/runner/wr_driver.sv(33) @ 2575: uvm_test_top.env.wr_agent.drv [WR_DRV] wrst_n = 1, wdata =5d, winc= 1, 
# KERNEL: Error: assertion.sv (36): OVERFLOW !!, write ignored because full detected
# KERNEL: UVM_INFO /home/runner/rd_monitor.sv(50) @ 2587: uvm_test_top.env.rd_agent.mon [RD_MON] rrst_n = 1, rdata =aa, rinc= 1, rempty=0
# KERNEL: UVM_INFO /home/runner/scoreboard.sv(64) @ 2587: uvm_test_top.env.scb [fifo_scoreboard] Scoreboard received item
# KERNEL: UVM_INFO /home/runner/scoreboard.sv(69) @ 2587: uvm_test_top.env.scb [SCB_RD] DATA READ=aa ,count=15
# KERNEL: UVM_INFO /home/runner/scoreboard.sv(71) @ 2587: uvm_test_top.env.scb [SCB_PASS] MATCH exp_rdata=aa, ACT rdata=aa
# KERNEL: UVM_INFO /home/runner/wr_monitor.sv(46) @ 2595: uvm_test_top.env.wr_agent.mon [WR_MON] wrst_n = 1, wdata =5d, winc= 1, wfull=0
# KERNEL: UVM_INFO /home/runner/scoreboard.sv(37) @ 2595: uvm_test_top.env.scb [fifo_scoreboard] Scoreboard received item
# KERNEL: UVM_INFO /home/runner/scoreboard.sv(43) @ 2595: uvm_test_top.env.scb [SCB_WR] DATA WRITTEN=5d , count=16
# KERNEL: UVM_INFO /home/runner/wr_driver.sv(33) @ 2595: uvm_test_top.env.wr_agent.drv [WR_DRV] wrst_n = 1, wdata =63, winc= 1, 
# KERNEL: UVM_INFO /home/runner/rd_driver.sv(33) @ 2613: uvm_test_top.env.rd_agent.drv [RD_DRV] rrst_n = 1, rinc= 1
# KERNEL: UVM_INFO /home/runner/wr_monitor.sv(59) @ 2615: uvm_test_top.env.wr_agent.mon [WR_MON] wrst_n = 1, wdata =63, winc= 1, wfull=1
# KERNEL: UVM_INFO /home/runner/scoreboard.sv(37) @ 2615: uvm_test_top.env.scb [fifo_scoreboard] Scoreboard received item
# KERNEL: UVM_INFO /home/runner/scoreboard.sv(46) @ 2615: uvm_test_top.env.scb [SCB_wr_ig] Write ignored correctly: FIFO Full
# KERNEL: UVM_INFO /home/runner/wr_driver.sv(33) @ 2615: uvm_test_top.env.wr_agent.drv [WR_DRV] wrst_n = 1, wdata =3c, winc= 1, 
# KERNEL: Error: assertion.sv (36): OVERFLOW !!, write ignored because full detected
# KERNEL: UVM_INFO /home/runner/wr_monitor.sv(59) @ 2635: uvm_test_top.env.wr_agent.mon [WR_MON] wrst_n = 1, wdata =3c, winc= 1, wfull=1
# KERNEL: UVM_INFO /home/runner/scoreboard.sv(37) @ 2635: uvm_test_top.env.scb [fifo_scoreboard] Scoreboard received item
# KERNEL: UVM_INFO /home/runner/scoreboard.sv(46) @ 2635: uvm_test_top.env.scb [SCB_wr_ig] Write ignored correctly: FIFO Full
# KERNEL: UVM_INFO /home/runner/wr_driver.sv(33) @ 2635: uvm_test_top.env.wr_agent.drv [WR_DRV] wrst_n = 1, wdata =0, winc= 0, 
# KERNEL: Error: assertion.sv (36): OVERFLOW !!, write ignored because full detected
# KERNEL: UVM_INFO /home/runner/rd_monitor.sv(50) @ 2639: uvm_test_top.env.rd_agent.mon [RD_MON] rrst_n = 1, rdata =25, rinc= 1, rempty=0
# KERNEL: UVM_INFO /home/runner/scoreboard.sv(64) @ 2639: uvm_test_top.env.scb [fifo_scoreboard] Scoreboard received item
# KERNEL: UVM_INFO /home/runner/scoreboard.sv(69) @ 2639: uvm_test_top.env.scb [SCB_RD] DATA READ=25 ,count=15
# KERNEL: UVM_INFO /home/runner/scoreboard.sv(71) @ 2639: uvm_test_top.env.scb [SCB_PASS] MATCH exp_rdata=25, ACT rdata=25
# KERNEL: UVM_INFO /home/runner/wr_driver.sv(33) @ 2655: uvm_test_top.env.wr_agent.drv [WR_DRV] wrst_n = 1, wdata =63, winc= 1, 
# KERNEL: UVM_INFO /home/runner/rd_driver.sv(33) @ 2665: uvm_test_top.env.rd_agent.drv [RD_DRV] rrst_n = 1, rinc= 1
# KERNEL: UVM_INFO /home/runner/wr_monitor.sv(46) @ 2675: uvm_test_top.env.wr_agent.mon [WR_MON] wrst_n = 1, wdata =63, winc= 1, wfull=0
# KERNEL: UVM_INFO /home/runner/scoreboard.sv(37) @ 2675: uvm_test_top.env.scb [fifo_scoreboard] Scoreboard received item
# KERNEL: UVM_INFO /home/runner/scoreboard.sv(43) @ 2675: uvm_test_top.env.scb [SCB_WR] DATA WRITTEN=63 , count=16
# KERNEL: UVM_INFO /home/runner/wr_driver.sv(33) @ 2675: uvm_test_top.env.wr_agent.drv [WR_DRV] wrst_n = 1, wdata =0, winc= 0, 
# KERNEL: UVM_INFO /home/runner/rd_monitor.sv(50) @ 2691: uvm_test_top.env.rd_agent.mon [RD_MON] rrst_n = 1, rdata =18, rinc= 1, rempty=0
# KERNEL: UVM_INFO /home/runner/scoreboard.sv(64) @ 2691: uvm_test_top.env.scb [fifo_scoreboard] Scoreboard received item
# KERNEL: UVM_INFO /home/runner/scoreboard.sv(69) @ 2691: uvm_test_top.env.scb [SCB_RD] DATA READ=18 ,count=15
# KERNEL: UVM_INFO /home/runner/scoreboard.sv(71) @ 2691: uvm_test_top.env.scb [SCB_PASS] MATCH exp_rdata=18, ACT rdata=18
# KERNEL: UVM_INFO /home/runner/wr_driver.sv(33) @ 2695: uvm_test_top.env.wr_agent.drv [WR_DRV] wrst_n = 1, wdata =d2, winc= 1, 
# KERNEL: UVM_INFO /home/runner/wr_monitor.sv(46) @ 2715: uvm_test_top.env.wr_agent.mon [WR_MON] wrst_n = 1, wdata =d2, winc= 1, wfull=0
# KERNEL: UVM_INFO /home/runner/scoreboard.sv(37) @ 2715: uvm_test_top.env.scb [fifo_scoreboard] Scoreboard received item
# KERNEL: UVM_INFO /home/runner/scoreboard.sv(43) @ 2715: uvm_test_top.env.scb [SCB_WR] DATA WRITTEN=d2 , count=16
# KERNEL: UVM_INFO /home/runner/wr_driver.sv(33) @ 2715: uvm_test_top.env.wr_agent.drv [WR_DRV] wrst_n = 1, wdata =c4, winc= 1, 
# KERNEL: UVM_INFO /home/runner/rd_driver.sv(33) @ 2717: uvm_test_top.env.rd_agent.drv [RD_DRV] rrst_n = 1, rinc= 1
# KERNEL: UVM_INFO /home/runner/wr_monitor.sv(59) @ 2735: uvm_test_top.env.wr_agent.mon [WR_MON] wrst_n = 1, wdata =c4, winc= 1, wfull=1
# KERNEL: UVM_INFO /home/runner/scoreboard.sv(37) @ 2735: uvm_test_top.env.scb [fifo_scoreboard] Scoreboard received item
# KERNEL: UVM_INFO /home/runner/scoreboard.sv(46) @ 2735: uvm_test_top.env.scb [SCB_wr_ig] Write ignored correctly: FIFO Full
# KERNEL: UVM_INFO /home/runner/wr_driver.sv(33) @ 2735: uvm_test_top.env.wr_agent.drv [WR_DRV] wrst_n = 1, wdata =89, winc= 1, 
# KERNEL: Error: assertion.sv (36): OVERFLOW !!, write ignored because full detected
# KERNEL: UVM_INFO /home/runner/rd_monitor.sv(50) @ 2743: uvm_test_top.env.rd_agent.mon [RD_MON] rrst_n = 1, rdata =b4, rinc= 1, rempty=0
# KERNEL: UVM_INFO /home/runner/scoreboard.sv(64) @ 2743: uvm_test_top.env.scb [fifo_scoreboard] Scoreboard received item
# KERNEL: UVM_INFO /home/runner/scoreboard.sv(69) @ 2743: uvm_test_top.env.scb [SCB_RD] DATA READ=b4 ,count=15
# KERNEL: UVM_INFO /home/runner/scoreboard.sv(71) @ 2743: uvm_test_top.env.scb [SCB_PASS] MATCH exp_rdata=b4, ACT rdata=b4
# KERNEL: UVM_INFO /home/runner/wr_monitor.sv(46) @ 2755: uvm_test_top.env.wr_agent.mon [WR_MON] wrst_n = 1, wdata =89, winc= 1, wfull=0
# KERNEL: UVM_INFO /home/runner/scoreboard.sv(37) @ 2755: uvm_test_top.env.scb [fifo_scoreboard] Scoreboard received item
# KERNEL: UVM_INFO /home/runner/scoreboard.sv(43) @ 2755: uvm_test_top.env.scb [SCB_WR] DATA WRITTEN=89 , count=16
# KERNEL: UVM_INFO /home/runner/wr_driver.sv(33) @ 2755: uvm_test_top.env.wr_agent.drv [WR_DRV] wrst_n = 1, wdata =0, winc= 0, 
# KERNEL: UVM_INFO /home/runner/rd_driver.sv(33) @ 2769: uvm_test_top.env.rd_agent.drv [RD_DRV] rrst_n = 1, rinc= 1
# KERNEL: UVM_INFO /home/runner/wr_driver.sv(33) @ 2775: uvm_test_top.env.wr_agent.drv [WR_DRV] wrst_n = 1, wdata =88, winc= 1, 
# KERNEL: UVM_INFO /home/runner/wr_monitor.sv(59) @ 2795: uvm_test_top.env.wr_agent.mon [WR_MON] wrst_n = 1, wdata =88, winc= 1, wfull=1
# KERNEL: UVM_INFO /home/runner/scoreboard.sv(37) @ 2795: uvm_test_top.env.scb [fifo_scoreboard] Scoreboard received item
# KERNEL: UVM_INFO /home/runner/scoreboard.sv(46) @ 2795: uvm_test_top.env.scb [SCB_wr_ig] Write ignored correctly: FIFO Full
# KERNEL: UVM_INFO /home/runner/rd_monitor.sv(50) @ 2795: uvm_test_top.env.rd_agent.mon [RD_MON] rrst_n = 1, rdata =b2, rinc= 1, rempty=0
# KERNEL: UVM_INFO /home/runner/scoreboard.sv(64) @ 2795: uvm_test_top.env.scb [fifo_scoreboard] Scoreboard received item
# KERNEL: UVM_INFO /home/runner/scoreboard.sv(69) @ 2795: uvm_test_top.env.scb [SCB_RD] DATA READ=b2 ,count=15
# KERNEL: UVM_INFO /home/runner/scoreboard.sv(71) @ 2795: uvm_test_top.env.scb [SCB_PASS] MATCH exp_rdata=b2, ACT rdata=b2
# KERNEL: UVM_INFO /home/runner/wr_driver.sv(33) @ 2795: uvm_test_top.env.wr_agent.drv [WR_DRV] wrst_n = 1, wdata =0, winc= 0, 
# KERNEL: Error: assertion.sv (36): OVERFLOW !!, write ignored because full detected
# KERNEL: UVM_INFO /home/runner/wr_driver.sv(33) @ 2815: uvm_test_top.env.wr_agent.drv [WR_DRV] wrst_n = 1, wdata =0, winc= 0, 
# KERNEL: UVM_INFO /home/runner/rd_driver.sv(33) @ 2821: uvm_test_top.env.rd_agent.drv [RD_DRV] rrst_n = 1, rinc= 1
# KERNEL: UVM_INFO /home/runner/wr_driver.sv(33) @ 2835: uvm_test_top.env.wr_agent.drv [WR_DRV] wrst_n = 1, wdata =ad, winc= 1, 
# KERNEL: UVM_INFO /home/runner/rd_monitor.sv(50) @ 2847: uvm_test_top.env.rd_agent.mon [RD_MON] rrst_n = 1, rdata =3f, rinc= 1, rempty=0
# KERNEL: UVM_INFO /home/runner/scoreboard.sv(64) @ 2847: uvm_test_top.env.scb [fifo_scoreboard] Scoreboard received item
# KERNEL: UVM_INFO /home/runner/scoreboard.sv(69) @ 2847: uvm_test_top.env.scb [SCB_RD] DATA READ=3f ,count=14
# KERNEL: UVM_INFO /home/runner/scoreboard.sv(71) @ 2847: uvm_test_top.env.scb [SCB_PASS] MATCH exp_rdata=3f, ACT rdata=3f
# KERNEL: UVM_INFO /home/runner/wr_monitor.sv(46) @ 2855: uvm_test_top.env.wr_agent.mon [WR_MON] wrst_n = 1, wdata =ad, winc= 1, wfull=0
# KERNEL: UVM_INFO /home/runner/scoreboard.sv(37) @ 2855: uvm_test_top.env.scb [fifo_scoreboard] Scoreboard received item
# KERNEL: UVM_INFO /home/runner/scoreboard.sv(43) @ 2855: uvm_test_top.env.scb [SCB_WR] DATA WRITTEN=ad , count=15
# KERNEL: UVM_INFO /home/runner/wr_driver.sv(33) @ 2855: uvm_test_top.env.wr_agent.drv [WR_DRV] wrst_n = 1, wdata =5e, winc= 1, 
# KERNEL: UVM_INFO /home/runner/rd_driver.sv(33) @ 2873: uvm_test_top.env.rd_agent.drv [RD_DRV] rrst_n = 1, rinc= 1
# KERNEL: UVM_INFO /home/runner/wr_monitor.sv(46) @ 2875: uvm_test_top.env.wr_agent.mon [WR_MON] wrst_n = 1, wdata =5e, winc= 1, wfull=0
# KERNEL: UVM_INFO /home/runner/scoreboard.sv(37) @ 2875: uvm_test_top.env.scb [fifo_scoreboard] Scoreboard received item
# KERNEL: UVM_INFO /home/runner/scoreboard.sv(43) @ 2875: uvm_test_top.env.scb [SCB_WR] DATA WRITTEN=5e , count=16
# KERNEL: UVM_INFO /home/runner/wr_driver.sv(33) @ 2875: uvm_test_top.env.wr_agent.drv [WR_DRV] wrst_n = 1, wdata =e0, winc= 1, 
# KERNEL: UVM_INFO /home/runner/wr_monitor.sv(59) @ 2895: uvm_test_top.env.wr_agent.mon [WR_MON] wrst_n = 1, wdata =e0, winc= 1, wfull=1
# KERNEL: UVM_INFO /home/runner/scoreboard.sv(37) @ 2895: uvm_test_top.env.scb [fifo_scoreboard] Scoreboard received item
# KERNEL: UVM_INFO /home/runner/scoreboard.sv(46) @ 2895: uvm_test_top.env.scb [SCB_wr_ig] Write ignored correctly: FIFO Full
# KERNEL: UVM_INFO /home/runner/wr_driver.sv(33) @ 2895: uvm_test_top.env.wr_agent.drv [WR_DRV] wrst_n = 1, wdata =0, winc= 0, 
# KERNEL: Error: assertion.sv (36): OVERFLOW !!, write ignored because full detected
# KERNEL: UVM_INFO /home/runner/rd_monitor.sv(50) @ 2899: uvm_test_top.env.rd_agent.mon [RD_MON] rrst_n = 1, rdata =d0, rinc= 1, rempty=0
# KERNEL: UVM_INFO /home/runner/scoreboard.sv(64) @ 2899: uvm_test_top.env.scb [fifo_scoreboard] Scoreboard received item
# KERNEL: UVM_INFO /home/runner/scoreboard.sv(69) @ 2899: uvm_test_top.env.scb [SCB_RD] DATA READ=d0 ,count=15
# KERNEL: UVM_INFO /home/runner/scoreboard.sv(71) @ 2899: uvm_test_top.env.scb [SCB_PASS] MATCH exp_rdata=d0, ACT rdata=d0
# KERNEL: UVM_INFO /home/runner/wr_driver.sv(33) @ 2915: uvm_test_top.env.wr_agent.drv [WR_DRV] wrst_n = 1, wdata =5b, winc= 1, 
# KERNEL: UVM_INFO /home/runner/rd_driver.sv(33) @ 2925: uvm_test_top.env.rd_agent.drv [RD_DRV] rrst_n = 1, rinc= 0
# KERNEL: UVM_INFO /home/runner/wr_monitor.sv(46) @ 2935: uvm_test_top.env.wr_agent.mon [WR_MON] wrst_n = 1, wdata =5b, winc= 1, wfull=0
# KERNEL: UVM_INFO /home/runner/scoreboard.sv(37) @ 2935: uvm_test_top.env.scb [fifo_scoreboard] Scoreboard received item
# KERNEL: UVM_INFO /home/runner/scoreboard.sv(43) @ 2935: uvm_test_top.env.scb [SCB_WR] DATA WRITTEN=5b , count=16
# KERNEL: UVM_INFO /home/runner/wr_driver.sv(33) @ 2935: uvm_test_top.env.wr_agent.drv [WR_DRV] wrst_n = 1, wdata =54, winc= 1, 
# KERNEL: UVM_INFO /home/runner/rd_monitor.sv(50) @ 2951: uvm_test_top.env.rd_agent.mon [RD_MON] rrst_n = 1, rdata =2b, rinc= 1, rempty=0
# KERNEL: UVM_INFO /home/runner/scoreboard.sv(64) @ 2951: uvm_test_top.env.scb [fifo_scoreboard] Scoreboard received item
# KERNEL: UVM_INFO /home/runner/scoreboard.sv(69) @ 2951: uvm_test_top.env.scb [SCB_RD] DATA READ=2b ,count=15
# KERNEL: UVM_INFO /home/runner/scoreboard.sv(71) @ 2951: uvm_test_top.env.scb [SCB_PASS] MATCH exp_rdata=2b, ACT rdata=2b
# KERNEL: UVM_INFO /home/runner/wr_monitor.sv(59) @ 2955: uvm_test_top.env.wr_agent.mon [WR_MON] wrst_n = 1, wdata =54, winc= 1, wfull=1
# KERNEL: UVM_INFO /home/runner/scoreboard.sv(37) @ 2955: uvm_test_top.env.scb [fifo_scoreboard] Scoreboard received item
# KERNEL: UVM_INFO /home/runner/scoreboard.sv(46) @ 2955: uvm_test_top.env.scb [SCB_wr_ig] Write ignored correctly: FIFO Full
# KERNEL: UVM_INFO /home/runner/wr_driver.sv(33) @ 2955: uvm_test_top.env.wr_agent.drv [WR_DRV] wrst_n = 1, wdata =1e, winc= 1, 
# KERNEL: Error: assertion.sv (36): OVERFLOW !!, write ignored because full detected
# KERNEL: UVM_INFO /home/runner/wr_monitor.sv(46) @ 2975: uvm_test_top.env.wr_agent.mon [WR_MON] wrst_n = 1, wdata =1e, winc= 1, wfull=0
# KERNEL: UVM_INFO /home/runner/scoreboard.sv(37) @ 2975: uvm_test_top.env.scb [fifo_scoreboard] Scoreboard received item
# KERNEL: UVM_INFO /home/runner/scoreboard.sv(43) @ 2975: uvm_test_top.env.scb [SCB_WR] DATA WRITTEN=1e , count=16
# KERNEL: UVM_INFO /home/runner/wr_driver.sv(33) @ 2975: uvm_test_top.env.wr_agent.drv [WR_DRV] wrst_n = 1, wdata =bb, winc= 1, 
# KERNEL: UVM_INFO /home/runner/rd_driver.sv(33) @ 2977: uvm_test_top.env.rd_agent.drv [RD_DRV] rrst_n = 1, rinc= 1
# KERNEL: UVM_INFO /home/runner/wr_monitor.sv(59) @ 2995: uvm_test_top.env.wr_agent.mon [WR_MON] wrst_n = 1, wdata =bb, winc= 1, wfull=1
# KERNEL: UVM_INFO /home/runner/scoreboard.sv(37) @ 2995: uvm_test_top.env.scb [fifo_scoreboard] Scoreboard received item
# KERNEL: UVM_INFO /home/runner/scoreboard.sv(46) @ 2995: uvm_test_top.env.scb [SCB_wr_ig] Write ignored correctly: FIFO Full
# KERNEL: UVM_INFO /home/runner/wr_driver.sv(33) @ 2995: uvm_test_top.env.wr_agent.drv [WR_DRV] wrst_n = 1, wdata =29, winc= 1, 
# KERNEL: Error: assertion.sv (36): OVERFLOW !!, write ignored because full detected
# KERNEL: UVM_INFO /home/runner/wr_monitor.sv(59) @ 3015: uvm_test_top.env.wr_agent.mon [WR_MON] wrst_n = 1, wdata =29, winc= 1, wfull=1
# KERNEL: UVM_INFO /home/runner/scoreboard.sv(37) @ 3015: uvm_test_top.env.scb [fifo_scoreboard] Scoreboard received item
# KERNEL: UVM_INFO /home/runner/scoreboard.sv(46) @ 3015: uvm_test_top.env.scb [SCB_wr_ig] Write ignored correctly: FIFO Full
# KERNEL: UVM_INFO /home/runner/wr_driver.sv(33) @ 3015: uvm_test_top.env.wr_agent.drv [WR_DRV] wrst_n = 1, wdata =6a, winc= 1, 
# KERNEL: Error: assertion.sv (36): OVERFLOW !!, write ignored because full detected
# KERNEL: UVM_INFO /home/runner/rd_driver.sv(33) @ 3029: uvm_test_top.env.rd_agent.drv [RD_DRV] rrst_n = 1, rinc= 1
# KERNEL: UVM_INFO /home/runner/wr_monitor.sv(59) @ 3035: uvm_test_top.env.wr_agent.mon [WR_MON] wrst_n = 1, wdata =6a, winc= 1, wfull=1
# KERNEL: UVM_INFO /home/runner/scoreboard.sv(37) @ 3035: uvm_test_top.env.scb [fifo_scoreboard] Scoreboard received item
# KERNEL: UVM_INFO /home/runner/scoreboard.sv(46) @ 3035: uvm_test_top.env.scb [SCB_wr_ig] Write ignored correctly: FIFO Full
# KERNEL: UVM_INFO /home/runner/wr_driver.sv(33) @ 3035: uvm_test_top.env.wr_agent.drv [WR_DRV] wrst_n = 1, wdata =7c, winc= 1, 
# KERNEL: Error: assertion.sv (36): OVERFLOW !!, write ignored because full detected
# KERNEL: UVM_INFO /home/runner/wr_monitor.sv(59) @ 3055: uvm_test_top.env.wr_agent.mon [WR_MON] wrst_n = 1, wdata =7c, winc= 1, wfull=1
# KERNEL: UVM_INFO /home/runner/scoreboard.sv(37) @ 3055: uvm_test_top.env.scb [fifo_scoreboard] Scoreboard received item
# KERNEL: UVM_INFO /home/runner/scoreboard.sv(46) @ 3055: uvm_test_top.env.scb [SCB_wr_ig] Write ignored correctly: FIFO Full
# KERNEL: UVM_INFO /home/runner/rd_monitor.sv(50) @ 3055: uvm_test_top.env.rd_agent.mon [RD_MON] rrst_n = 1, rdata =6c, rinc= 1, rempty=0
# KERNEL: UVM_INFO /home/runner/scoreboard.sv(64) @ 3055: uvm_test_top.env.scb [fifo_scoreboard] Scoreboard received item
# KERNEL: UVM_INFO /home/runner/scoreboard.sv(69) @ 3055: uvm_test_top.env.scb [SCB_RD] DATA READ=6c ,count=15
# KERNEL: UVM_INFO /home/runner/scoreboard.sv(71) @ 3055: uvm_test_top.env.scb [SCB_PASS] MATCH exp_rdata=6c, ACT rdata=6c
# KERNEL: UVM_INFO /home/runner/wr_driver.sv(33) @ 3055: uvm_test_top.env.wr_agent.drv [WR_DRV] wrst_n = 1, wdata =61, winc= 1, 
# KERNEL: Error: assertion.sv (36): OVERFLOW !!, write ignored because full detected
# KERNEL: UVM_INFO /home/runner/wr_monitor.sv(46) @ 3075: uvm_test_top.env.wr_agent.mon [WR_MON] wrst_n = 1, wdata =61, winc= 1, wfull=0
# KERNEL: UVM_INFO /home/runner/scoreboard.sv(37) @ 3075: uvm_test_top.env.scb [fifo_scoreboard] Scoreboard received item
# KERNEL: UVM_INFO /home/runner/scoreboard.sv(43) @ 3075: uvm_test_top.env.scb [SCB_WR] DATA WRITTEN=61 , count=16
# KERNEL: UVM_INFO /home/runner/wr_driver.sv(33) @ 3075: uvm_test_top.env.wr_agent.drv [WR_DRV] wrst_n = 1, wdata =0, winc= 0, 
# KERNEL: UVM_INFO /home/runner/rd_driver.sv(33) @ 3081: uvm_test_top.env.rd_agent.drv [RD_DRV] rrst_n = 1, rinc= 1
# KERNEL: UVM_INFO /home/runner/wr_driver.sv(33) @ 3095: uvm_test_top.env.wr_agent.drv [WR_DRV] wrst_n = 1, wdata =a0, winc= 1, 
# KERNEL: UVM_INFO /home/runner/rd_monitor.sv(50) @ 3107: uvm_test_top.env.rd_agent.mon [RD_MON] rrst_n = 1, rdata =97, rinc= 1, rempty=0
# KERNEL: UVM_INFO /home/runner/scoreboard.sv(64) @ 3107: uvm_test_top.env.scb [fifo_scoreboard] Scoreboard received item
# KERNEL: UVM_INFO /home/runner/scoreboard.sv(69) @ 3107: uvm_test_top.env.scb [SCB_RD] DATA READ=97 ,count=15
# KERNEL: UVM_INFO /home/runner/scoreboard.sv(71) @ 3107: uvm_test_top.env.scb [SCB_PASS] MATCH exp_rdata=97, ACT rdata=97
# KERNEL: UVM_INFO /home/runner/wr_monitor.sv(46) @ 3115: uvm_test_top.env.wr_agent.mon [WR_MON] wrst_n = 1, wdata =a0, winc= 1, wfull=0
# KERNEL: UVM_INFO /home/runner/scoreboard.sv(37) @ 3115: uvm_test_top.env.scb [fifo_scoreboard] Scoreboard received item
# KERNEL: UVM_INFO /home/runner/scoreboard.sv(43) @ 3115: uvm_test_top.env.scb [SCB_WR] DATA WRITTEN=a0 , count=16
# KERNEL: UVM_INFO /home/runner/wr_driver.sv(33) @ 3115: uvm_test_top.env.wr_agent.drv [WR_DRV] wrst_n = 1, wdata =fa, winc= 1, 
# KERNEL: UVM_INFO /home/runner/rd_driver.sv(33) @ 3133: uvm_test_top.env.rd_agent.drv [RD_DRV] rrst_n = 1, rinc= 1
# KERNEL: UVM_INFO /home/runner/wr_monitor.sv(59) @ 3135: uvm_test_top.env.wr_agent.mon [WR_MON] wrst_n = 1, wdata =fa, winc= 1, wfull=1
# KERNEL: UVM_INFO /home/runner/scoreboard.sv(37) @ 3135: uvm_test_top.env.scb [fifo_scoreboard] Scoreboard received item
# KERNEL: UVM_INFO /home/runner/scoreboard.sv(46) @ 3135: uvm_test_top.env.scb [SCB_wr_ig] Write ignored correctly: FIFO Full
# KERNEL: UVM_INFO /home/runner/wr_driver.sv(33) @ 3135: uvm_test_top.env.wr_agent.drv [WR_DRV] wrst_n = 1, wdata =0, winc= 0, 
# KERNEL: Error: assertion.sv (36): OVERFLOW !!, write ignored because full detected
# KERNEL: UVM_INFO /home/runner/wr_driver.sv(33) @ 3155: uvm_test_top.env.wr_agent.drv [WR_DRV] wrst_n = 1, wdata =25, winc= 1, 
# KERNEL: UVM_INFO /home/runner/rd_monitor.sv(50) @ 3159: uvm_test_top.env.rd_agent.mon [RD_MON] rrst_n = 1, rdata =43, rinc= 1, rempty=0
# KERNEL: UVM_INFO /home/runner/scoreboard.sv(64) @ 3159: uvm_test_top.env.scb [fifo_scoreboard] Scoreboard received item
# KERNEL: UVM_INFO /home/runner/scoreboard.sv(69) @ 3159: uvm_test_top.env.scb [SCB_RD] DATA READ=43 ,count=15
# KERNEL: UVM_INFO /home/runner/scoreboard.sv(71) @ 3159: uvm_test_top.env.scb [SCB_PASS] MATCH exp_rdata=43, ACT rdata=43
# KERNEL: UVM_INFO /home/runner/wr_monitor.sv(46) @ 3175: uvm_test_top.env.wr_agent.mon [WR_MON] wrst_n = 1, wdata =25, winc= 1, wfull=0
# KERNEL: UVM_INFO /home/runner/scoreboard.sv(37) @ 3175: uvm_test_top.env.scb [fifo_scoreboard] Scoreboard received item
# KERNEL: UVM_INFO /home/runner/scoreboard.sv(43) @ 3175: uvm_test_top.env.scb [SCB_WR] DATA WRITTEN=25 , count=16
# KERNEL: UVM_INFO /home/runner/wr_driver.sv(33) @ 3175: uvm_test_top.env.wr_agent.drv [WR_DRV] wrst_n = 1, wdata =0, winc= 0, 
# KERNEL: UVM_INFO /home/runner/rd_driver.sv(33) @ 3185: uvm_test_top.env.rd_agent.drv [RD_DRV] rrst_n = 1, rinc= 0
# KERNEL: UVM_INFO /home/runner/wr_driver.sv(33) @ 3195: uvm_test_top.env.wr_agent.drv [WR_DRV] wrst_n = 1, wdata =98, winc= 1, 
# KERNEL: UVM_INFO /home/runner/rd_monitor.sv(50) @ 3211: uvm_test_top.env.rd_agent.mon [RD_MON] rrst_n = 1, rdata =24, rinc= 1, rempty=0
# KERNEL: UVM_INFO /home/runner/scoreboard.sv(64) @ 3211: uvm_test_top.env.scb [fifo_scoreboard] Scoreboard received item
# KERNEL: UVM_INFO /home/runner/scoreboard.sv(69) @ 3211: uvm_test_top.env.scb [SCB_RD] DATA READ=24 ,count=15
# KERNEL: UVM_INFO /home/runner/scoreboard.sv(71) @ 3211: uvm_test_top.env.scb [SCB_PASS] MATCH exp_rdata=24, ACT rdata=24
# KERNEL: UVM_INFO /home/runner/wr_monitor.sv(59) @ 3215: uvm_test_top.env.wr_agent.mon [WR_MON] wrst_n = 1, wdata =98, winc= 1, wfull=1
# KERNEL: UVM_INFO /home/runner/scoreboard.sv(37) @ 3215: uvm_test_top.env.scb [fifo_scoreboard] Scoreboard received item
# KERNEL: UVM_INFO /home/runner/scoreboard.sv(46) @ 3215: uvm_test_top.env.scb [SCB_wr_ig] Write ignored correctly: FIFO Full
# KERNEL: UVM_INFO /home/runner/wr_driver.sv(33) @ 3215: uvm_test_top.env.wr_agent.drv [WR_DRV] wrst_n = 1, wdata =d, winc= 1, 
# KERNEL: Error: assertion.sv (36): OVERFLOW !!, write ignored because full detected
# KERNEL: UVM_INFO /home/runner/wr_monitor.sv(46) @ 3235: uvm_test_top.env.wr_agent.mon [WR_MON] wrst_n = 1, wdata =d, winc= 1, wfull=0
# KERNEL: UVM_INFO /home/runner/scoreboard.sv(37) @ 3235: uvm_test_top.env.scb [fifo_scoreboard] Scoreboard received item
# KERNEL: UVM_INFO /home/runner/scoreboard.sv(43) @ 3235: uvm_test_top.env.scb [SCB_WR] DATA WRITTEN=d , count=16
# KERNEL: UVM_INFO /home/runner/wr_driver.sv(33) @ 3235: uvm_test_top.env.wr_agent.drv [WR_DRV] wrst_n = 1, wdata =53, winc= 1, 
# KERNEL: UVM_INFO /home/runner/rd_driver.sv(33) @ 3237: uvm_test_top.env.rd_agent.drv [RD_DRV] rrst_n = 1, rinc= 0
# KERNEL: UVM_INFO /home/runner/wr_monitor.sv(59) @ 3255: uvm_test_top.env.wr_agent.mon [WR_MON] wrst_n = 1, wdata =53, winc= 1, wfull=1
# KERNEL: UVM_INFO /home/runner/scoreboard.sv(37) @ 3255: uvm_test_top.env.scb [fifo_scoreboard] Scoreboard received item
# KERNEL: UVM_INFO /home/runner/scoreboard.sv(46) @ 3255: uvm_test_top.env.scb [SCB_wr_ig] Write ignored correctly: FIFO Full
# KERNEL: UVM_INFO /home/runner/wr_driver.sv(33) @ 3255: uvm_test_top.env.wr_agent.drv [WR_DRV] wrst_n = 1, wdata =0, winc= 0, 
# KERNEL: Error: assertion.sv (36): OVERFLOW !!, write ignored because full detected
# KERNEL: UVM_INFO /home/runner/wr_driver.sv(33) @ 3275: uvm_test_top.env.wr_agent.drv [WR_DRV] wrst_n = 1, wdata =56, winc= 1, 
# KERNEL: UVM_INFO /home/runner/rd_driver.sv(33) @ 3289: uvm_test_top.env.rd_agent.drv [RD_DRV] rrst_n = 1, rinc= 1
# KERNEL: UVM_INFO /home/runner/wr_monitor.sv(59) @ 3295: uvm_test_top.env.wr_agent.mon [WR_MON] wrst_n = 1, wdata =56, winc= 1, wfull=1
# KERNEL: UVM_INFO /home/runner/scoreboard.sv(37) @ 3295: uvm_test_top.env.scb [fifo_scoreboard] Scoreboard received item
# KERNEL: UVM_INFO /home/runner/scoreboard.sv(46) @ 3295: uvm_test_top.env.scb [SCB_wr_ig] Write ignored correctly: FIFO Full
# KERNEL: UVM_INFO /home/runner/wr_driver.sv(33) @ 3295: uvm_test_top.env.wr_agent.drv [WR_DRV] wrst_n = 1, wdata =0, winc= 0, 
# KERNEL: Error: assertion.sv (36): OVERFLOW !!, write ignored because full detected
# KERNEL: UVM_INFO /home/runner/wr_driver.sv(33) @ 3315: uvm_test_top.env.wr_agent.drv [WR_DRV] wrst_n = 1, wdata =0, winc= 0, 
# KERNEL: UVM_INFO /home/runner/wr_driver.sv(33) @ 3335: uvm_test_top.env.wr_agent.drv [WR_DRV] wrst_n = 1, wdata =2, winc= 1, 
# KERNEL: UVM_INFO /home/runner/rd_driver.sv(33) @ 3341: uvm_test_top.env.rd_agent.drv [RD_DRV] rrst_n = 1, rinc= 0
# KERNEL: UVM_INFO /home/runner/wr_monitor.sv(59) @ 3355: uvm_test_top.env.wr_agent.mon [WR_MON] wrst_n = 1, wdata =2, winc= 1, wfull=1
# KERNEL: UVM_INFO /home/runner/scoreboard.sv(37) @ 3355: uvm_test_top.env.scb [fifo_scoreboard] Scoreboard received item
# KERNEL: UVM_INFO /home/runner/scoreboard.sv(46) @ 3355: uvm_test_top.env.scb [SCB_wr_ig] Write ignored correctly: FIFO Full
# KERNEL: UVM_INFO /home/runner/wr_driver.sv(33) @ 3355: uvm_test_top.env.wr_agent.drv [WR_DRV] wrst_n = 1, wdata =34, winc= 1, 
# KERNEL: Error: assertion.sv (36): OVERFLOW !!, write ignored because full detected
# KERNEL: UVM_INFO /home/runner/rd_monitor.sv(50) @ 3367: uvm_test_top.env.rd_agent.mon [RD_MON] rrst_n = 1, rdata =ef, rinc= 1, rempty=0
# KERNEL: UVM_INFO /home/runner/scoreboard.sv(64) @ 3367: uvm_test_top.env.scb [fifo_scoreboard] Scoreboard received item
# KERNEL: UVM_INFO /home/runner/scoreboard.sv(69) @ 3367: uvm_test_top.env.scb [SCB_RD] DATA READ=ef ,count=15
# KERNEL: UVM_INFO /home/runner/scoreboard.sv(71) @ 3367: uvm_test_top.env.scb [SCB_PASS] MATCH exp_rdata=ef, ACT rdata=ef
# KERNEL: UVM_INFO /home/runner/wr_monitor.sv(46) @ 3375: uvm_test_top.env.wr_agent.mon [WR_MON] wrst_n = 1, wdata =34, winc= 1, wfull=0
# KERNEL: UVM_INFO /home/runner/scoreboard.sv(37) @ 3375: uvm_test_top.env.scb [fifo_scoreboard] Scoreboard received item
# KERNEL: UVM_INFO /home/runner/scoreboard.sv(43) @ 3375: uvm_test_top.env.scb [SCB_WR] DATA WRITTEN=34 , count=16
# KERNEL: UVM_INFO /home/runner/wr_driver.sv(33) @ 3375: uvm_test_top.env.wr_agent.drv [WR_DRV] wrst_n = 1, wdata =39, winc= 1, 
# KERNEL: UVM_INFO /home/runner/rd_driver.sv(33) @ 3393: uvm_test_top.env.rd_agent.drv [RD_DRV] rrst_n = 1, rinc= 1
# KERNEL: UVM_INFO /home/runner/wr_monitor.sv(59) @ 3395: uvm_test_top.env.wr_agent.mon [WR_MON] wrst_n = 1, wdata =39, winc= 1, wfull=1
# KERNEL: UVM_INFO /home/runner/scoreboard.sv(37) @ 3395: uvm_test_top.env.scb [fifo_scoreboard] Scoreboard received item
# KERNEL: UVM_INFO /home/runner/scoreboard.sv(46) @ 3395: uvm_test_top.env.scb [SCB_wr_ig] Write ignored correctly: FIFO Full
# KERNEL: UVM_INFO /home/runner/wr_driver.sv(33) @ 3395: uvm_test_top.env.wr_agent.drv [WR_DRV] wrst_n = 1, wdata =0, winc= 0, 
# KERNEL: Error: assertion.sv (36): OVERFLOW !!, write ignored because full detected
# KERNEL: UVM_INFO /home/runner/wr_driver.sv(33) @ 3415: uvm_test_top.env.wr_agent.drv [WR_DRV] wrst_n = 1, wdata =0, winc= 0, 
# KERNEL: UVM_INFO /home/runner/wr_driver.sv(33) @ 3435: uvm_test_top.env.wr_agent.drv [WR_DRV] wrst_n = 1, wdata =32, winc= 1, 
# KERNEL: UVM_INFO /home/runner/rd_driver.sv(33) @ 3445: uvm_test_top.env.rd_agent.drv [RD_DRV] rrst_n = 1, rinc= 0
# KERNEL: UVM_INFO /home/runner/wr_monitor.sv(59) @ 3455: uvm_test_top.env.wr_agent.mon [WR_MON] wrst_n = 1, wdata =32, winc= 1, wfull=1
# KERNEL: UVM_INFO /home/runner/scoreboard.sv(37) @ 3455: uvm_test_top.env.scb [fifo_scoreboard] Scoreboard received item
# KERNEL: UVM_INFO /home/runner/scoreboard.sv(46) @ 3455: uvm_test_top.env.scb [SCB_wr_ig] Write ignored correctly: FIFO Full
# KERNEL: UVM_INFO /home/runner/wr_driver.sv(33) @ 3455: uvm_test_top.env.wr_agent.drv [WR_DRV] wrst_n = 1, wdata =7f, winc= 1, 
# KERNEL: Error: assertion.sv (36): OVERFLOW !!, write ignored because full detected
# KERNEL: UVM_INFO /home/runner/rd_monitor.sv(50) @ 3471: uvm_test_top.env.rd_agent.mon [RD_MON] rrst_n = 1, rdata =7e, rinc= 1, rempty=0
# KERNEL: UVM_INFO /home/runner/scoreboard.sv(64) @ 3471: uvm_test_top.env.scb [fifo_scoreboard] Scoreboard received item
# KERNEL: UVM_INFO /home/runner/scoreboard.sv(69) @ 3471: uvm_test_top.env.scb [SCB_RD] DATA READ=7e ,count=15
# KERNEL: UVM_INFO /home/runner/scoreboard.sv(71) @ 3471: uvm_test_top.env.scb [SCB_PASS] MATCH exp_rdata=7e, ACT rdata=7e
# KERNEL: UVM_INFO /home/runner/wr_monitor.sv(59) @ 3475: uvm_test_top.env.wr_agent.mon [WR_MON] wrst_n = 1, wdata =7f, winc= 1, wfull=1
# KERNEL: UVM_INFO /home/runner/scoreboard.sv(37) @ 3475: uvm_test_top.env.scb [fifo_scoreboard] Scoreboard received item
# KERNEL: UVM_INFO /home/runner/scoreboard.sv(46) @ 3475: uvm_test_top.env.scb [SCB_wr_ig] Write ignored correctly: FIFO Full
# KERNEL: UVM_INFO /home/runner/wr_driver.sv(33) @ 3475: uvm_test_top.env.wr_agent.drv [WR_DRV] wrst_n = 1, wdata =9d, winc= 1, 
# KERNEL: Error: assertion.sv (36): OVERFLOW !!, write ignored because full detected
# KERNEL: UVM_INFO /home/runner/wr_monitor.sv(46) @ 3495: uvm_test_top.env.wr_agent.mon [WR_MON] wrst_n = 1, wdata =9d, winc= 1, wfull=0
# KERNEL: UVM_INFO /home/runner/scoreboard.sv(37) @ 3495: uvm_test_top.env.scb [fifo_scoreboard] Scoreboard received item
# KERNEL: UVM_INFO /home/runner/scoreboard.sv(43) @ 3495: uvm_test_top.env.scb [SCB_WR] DATA WRITTEN=9d , count=16
# KERNEL: UVM_INFO /home/runner/wr_driver.sv(33) @ 3495: uvm_test_top.env.wr_agent.drv [WR_DRV] wrst_n = 1, wdata =8e, winc= 1, 
# KERNEL: UVM_INFO /home/runner/rd_driver.sv(33) @ 3497: uvm_test_top.env.rd_agent.drv [RD_DRV] rrst_n = 1, rinc= 1
# KERNEL: UVM_INFO /home/runner/wr_monitor.sv(59) @ 3515: uvm_test_top.env.wr_agent.mon [WR_MON] wrst_n = 1, wdata =8e, winc= 1, wfull=1
# KERNEL: UVM_INFO /home/runner/scoreboard.sv(37) @ 3515: uvm_test_top.env.scb [fifo_scoreboard] Scoreboard received item
# KERNEL: UVM_INFO /home/runner/scoreboard.sv(46) @ 3515: uvm_test_top.env.scb [SCB_wr_ig] Write ignored correctly: FIFO Full
# KERNEL: UVM_INFO /home/runner/wr_driver.sv(33) @ 3515: uvm_test_top.env.wr_agent.drv [WR_DRV] wrst_n = 1, wdata =50, winc= 1, 
# KERNEL: Error: assertion.sv (36): OVERFLOW !!, write ignored because full detected
# KERNEL: UVM_INFO /home/runner/wr_monitor.sv(59) @ 3535: uvm_test_top.env.wr_agent.mon [WR_MON] wrst_n = 1, wdata =50, winc= 1, wfull=1
# KERNEL: UVM_INFO /home/runner/scoreboard.sv(37) @ 3535: uvm_test_top.env.scb [fifo_scoreboard] Scoreboard received item
# KERNEL: UVM_INFO /home/runner/scoreboard.sv(46) @ 3535: uvm_test_top.env.scb [SCB_wr_ig] Write ignored correctly: FIFO Full
# KERNEL: UVM_INFO /home/runner/wr_driver.sv(33) @ 3535: uvm_test_top.env.wr_agent.drv [WR_DRV] wrst_n = 1, wdata =e5, winc= 1, 
# KERNEL: Error: assertion.sv (36): OVERFLOW !!, write ignored because full detected
# KERNEL: UVM_INFO /home/runner/rd_driver.sv(33) @ 3549: uvm_test_top.env.rd_agent.drv [RD_DRV] rrst_n = 1, rinc= 0
# KERNEL: UVM_INFO /home/runner/wr_monitor.sv(59) @ 3555: uvm_test_top.env.wr_agent.mon [WR_MON] wrst_n = 1, wdata =e5, winc= 1, wfull=1
# KERNEL: UVM_INFO /home/runner/scoreboard.sv(37) @ 3555: uvm_test_top.env.scb [fifo_scoreboard] Scoreboard received item
# KERNEL: UVM_INFO /home/runner/scoreboard.sv(46) @ 3555: uvm_test_top.env.scb [SCB_wr_ig] Write ignored correctly: FIFO Full
# KERNEL: UVM_INFO /home/runner/wr_driver.sv(33) @ 3555: uvm_test_top.env.wr_agent.drv [WR_DRV] wrst_n = 1, wdata =4b, winc= 1, 
# KERNEL: Error: assertion.sv (36): OVERFLOW !!, write ignored because full detected
# KERNEL: UVM_INFO /home/runner/wr_monitor.sv(59) @ 3575: uvm_test_top.env.wr_agent.mon [WR_MON] wrst_n = 1, wdata =4b, winc= 1, wfull=1
# KERNEL: UVM_INFO /home/runner/scoreboard.sv(37) @ 3575: uvm_test_top.env.scb [fifo_scoreboard] Scoreboard received item
# KERNEL: UVM_INFO /home/runner/scoreboard.sv(46) @ 3575: uvm_test_top.env.scb [SCB_wr_ig] Write ignored correctly: FIFO Full
# KERNEL: UVM_INFO /home/runner/rd_monitor.sv(50) @ 3575: uvm_test_top.env.rd_agent.mon [RD_MON] rrst_n = 1, rdata =27, rinc= 1, rempty=0
# KERNEL: UVM_INFO /home/runner/scoreboard.sv(64) @ 3575: uvm_test_top.env.scb [fifo_scoreboard] Scoreboard received item
# KERNEL: UVM_INFO /home/runner/scoreboard.sv(69) @ 3575: uvm_test_top.env.scb [SCB_RD] DATA READ=27 ,count=15
# KERNEL: UVM_INFO /home/runner/scoreboard.sv(71) @ 3575: uvm_test_top.env.scb [SCB_PASS] MATCH exp_rdata=27, ACT rdata=27
# KERNEL: UVM_INFO /home/runner/wr_driver.sv(33) @ 3575: uvm_test_top.env.wr_agent.drv [WR_DRV] wrst_n = 1, wdata =84, winc= 1, 
# KERNEL: Error: assertion.sv (36): OVERFLOW !!, write ignored because full detected
# KERNEL: UVM_INFO /home/runner/wr_monitor.sv(46) @ 3595: uvm_test_top.env.wr_agent.mon [WR_MON] wrst_n = 1, wdata =84, winc= 1, wfull=0
# KERNEL: UVM_INFO /home/runner/scoreboard.sv(37) @ 3595: uvm_test_top.env.scb [fifo_scoreboard] Scoreboard received item
# KERNEL: UVM_INFO /home/runner/scoreboard.sv(43) @ 3595: uvm_test_top.env.scb [SCB_WR] DATA WRITTEN=84 , count=16
# KERNEL: UVM_INFO /home/runner/wr_driver.sv(33) @ 3595: uvm_test_top.env.wr_agent.drv [WR_DRV] wrst_n = 1, wdata =8e, winc= 1, 
# KERNEL: UVM_INFO /home/runner/rd_driver.sv(33) @ 3601: uvm_test_top.env.rd_agent.drv [RD_DRV] rrst_n = 1, rinc= 1
# KERNEL: UVM_INFO /home/runner/wr_monitor.sv(59) @ 3615: uvm_test_top.env.wr_agent.mon [WR_MON] wrst_n = 1, wdata =8e, winc= 1, wfull=1
# KERNEL: UVM_INFO /home/runner/scoreboard.sv(37) @ 3615: uvm_test_top.env.scb [fifo_scoreboard] Scoreboard received item
# KERNEL: UVM_INFO /home/runner/scoreboard.sv(46) @ 3615: uvm_test_top.env.scb [SCB_wr_ig] Write ignored correctly: FIFO Full
# KERNEL: UVM_INFO /home/runner/wr_driver.sv(33) @ 3615: uvm_test_top.env.wr_agent.drv [WR_DRV] wrst_n = 1, wdata =6b, winc= 1, 
# KERNEL: Error: assertion.sv (36): OVERFLOW !!, write ignored because full detected
# KERNEL: UVM_INFO /home/runner/wr_monitor.sv(59) @ 3635: uvm_test_top.env.wr_agent.mon [WR_MON] wrst_n = 1, wdata =6b, winc= 1, wfull=1
# KERNEL: UVM_INFO /home/runner/scoreboard.sv(37) @ 3635: uvm_test_top.env.scb [fifo_scoreboard] Scoreboard received item
# KERNEL: UVM_INFO /home/runner/scoreboard.sv(46) @ 3635: uvm_test_top.env.scb [SCB_wr_ig] Write ignored correctly: FIFO Full
# KERNEL: UVM_INFO /home/runner/wr_driver.sv(33) @ 3635: uvm_test_top.env.wr_agent.drv [WR_DRV] wrst_n = 1, wdata =19, winc= 1, 
# KERNEL: Error: assertion.sv (36): OVERFLOW !!, write ignored because full detected
# KERNEL: UVM_INFO /home/runner/rd_driver.sv(33) @ 3653: uvm_test_top.env.rd_agent.drv [RD_DRV] rrst_n = 1, rinc= 0
# KERNEL: UVM_INFO /home/runner/wr_monitor.sv(59) @ 3655: uvm_test_top.env.wr_agent.mon [WR_MON] wrst_n = 1, wdata =19, winc= 1, wfull=1
# KERNEL: UVM_INFO /home/runner/scoreboard.sv(37) @ 3655: uvm_test_top.env.scb [fifo_scoreboard] Scoreboard received item
# KERNEL: UVM_INFO /home/runner/scoreboard.sv(46) @ 3655: uvm_test_top.env.scb [SCB_wr_ig] Write ignored correctly: FIFO Full
# KERNEL: UVM_INFO /home/runner/wr_driver.sv(33) @ 3655: uvm_test_top.env.wr_agent.drv [WR_DRV] wrst_n = 1, wdata =9a, winc= 1, 
# KERNEL: Error: assertion.sv (36): OVERFLOW !!, write ignored because full detected
# KERNEL: UVM_INFO /home/runner/wr_monitor.sv(59) @ 3675: uvm_test_top.env.wr_agent.mon [WR_MON] wrst_n = 1, wdata =9a, winc= 1, wfull=1
# KERNEL: UVM_INFO /home/runner/scoreboard.sv(37) @ 3675: uvm_test_top.env.scb [fifo_scoreboard] Scoreboard received item
# KERNEL: UVM_INFO /home/runner/scoreboard.sv(46) @ 3675: uvm_test_top.env.scb [SCB_wr_ig] Write ignored correctly: FIFO Full
# KERNEL: UVM_INFO /home/runner/wr_driver.sv(33) @ 3675: uvm_test_top.env.wr_agent.drv [WR_DRV] wrst_n = 1, wdata =ec, winc= 1, 
# KERNEL: Error: assertion.sv (36): OVERFLOW !!, write ignored because full detected
# KERNEL: UVM_INFO /home/runner/rd_monitor.sv(50) @ 3679: uvm_test_top.env.rd_agent.mon [RD_MON] rrst_n = 1, rdata =8a, rinc= 1, rempty=0
# KERNEL: UVM_INFO /home/runner/scoreboard.sv(64) @ 3679: uvm_test_top.env.scb [fifo_scoreboard] Scoreboard received item
# KERNEL: UVM_INFO /home/runner/scoreboard.sv(69) @ 3679: uvm_test_top.env.scb [SCB_RD] DATA READ=8a ,count=15
# KERNEL: UVM_INFO /home/runner/scoreboard.sv(71) @ 3679: uvm_test_top.env.scb [SCB_PASS] MATCH exp_rdata=8a, ACT rdata=8a
# KERNEL: UVM_INFO /home/runner/wr_monitor.sv(46) @ 3695: uvm_test_top.env.wr_agent.mon [WR_MON] wrst_n = 1, wdata =ec, winc= 1, wfull=0
# KERNEL: UVM_INFO /home/runner/scoreboard.sv(37) @ 3695: uvm_test_top.env.scb [fifo_scoreboard] Scoreboard received item
# KERNEL: UVM_INFO /home/runner/scoreboard.sv(43) @ 3695: uvm_test_top.env.scb [SCB_WR] DATA WRITTEN=ec , count=16
# KERNEL: UVM_INFO /home/runner/wr_driver.sv(33) @ 3695: uvm_test_top.env.wr_agent.drv [WR_DRV] wrst_n = 1, wdata =11, winc= 1, 
# KERNEL: UVM_INFO /home/runner/rd_driver.sv(33) @ 3705: uvm_test_top.env.rd_agent.drv [RD_DRV] rrst_n = 1, rinc= 0
# KERNEL: UVM_INFO /home/runner/wr_monitor.sv(59) @ 3715: uvm_test_top.env.wr_agent.mon [WR_MON] wrst_n = 1, wdata =11, winc= 1, wfull=1
# KERNEL: UVM_INFO /home/runner/scoreboard.sv(37) @ 3715: uvm_test_top.env.scb [fifo_scoreboard] Scoreboard received item
# KERNEL: UVM_INFO /home/runner/scoreboard.sv(46) @ 3715: uvm_test_top.env.scb [SCB_wr_ig] Write ignored correctly: FIFO Full
# KERNEL: UVM_INFO /home/runner/wr_driver.sv(33) @ 3715: uvm_test_top.env.wr_agent.drv [WR_DRV] wrst_n = 1, wdata =7, winc= 1, 
# KERNEL: Error: assertion.sv (36): OVERFLOW !!, write ignored because full detected
# KERNEL: UVM_INFO /home/runner/wr_monitor.sv(59) @ 3735: uvm_test_top.env.wr_agent.mon [WR_MON] wrst_n = 1, wdata =7, winc= 1, wfull=1
# KERNEL: UVM_INFO /home/runner/scoreboard.sv(37) @ 3735: uvm_test_top.env.scb [fifo_scoreboard] Scoreboard received item
# KERNEL: UVM_INFO /home/runner/scoreboard.sv(46) @ 3735: uvm_test_top.env.scb [SCB_wr_ig] Write ignored correctly: FIFO Full
# KERNEL: UVM_INFO /home/runner/wr_driver.sv(33) @ 3735: uvm_test_top.env.wr_agent.drv [WR_DRV] wrst_n = 1, wdata =0, winc= 0, 
# KERNEL: Error: assertion.sv (36): OVERFLOW !!, write ignored because full detected
# KERNEL: UVM_INFO /home/runner/wr_driver.sv(33) @ 3755: uvm_test_top.env.wr_agent.drv [WR_DRV] wrst_n = 1, wdata =6a, winc= 1, 
# KERNEL: UVM_INFO /home/runner/rd_driver.sv(33) @ 3757: uvm_test_top.env.rd_agent.drv [RD_DRV] rrst_n = 1, rinc= 1
# KERNEL: UVM_INFO /home/runner/wr_monitor.sv(59) @ 3775: uvm_test_top.env.wr_agent.mon [WR_MON] wrst_n = 1, wdata =6a, winc= 1, wfull=1
# KERNEL: UVM_INFO /home/runner/scoreboard.sv(37) @ 3775: uvm_test_top.env.scb [fifo_scoreboard] Scoreboard received item
# KERNEL: UVM_INFO /home/runner/scoreboard.sv(46) @ 3775: uvm_test_top.env.scb [SCB_wr_ig] Write ignored correctly: FIFO Full
# KERNEL: UVM_INFO /home/runner/wr_driver.sv(33) @ 3775: uvm_test_top.env.wr_agent.drv [WR_DRV] wrst_n = 1, wdata =0, winc= 0, 
# KERNEL: Error: assertion.sv (36): OVERFLOW !!, write ignored because full detected
# KERNEL: UVM_INFO /home/runner/wr_driver.sv(33) @ 3795: uvm_test_top.env.wr_agent.drv [WR_DRV] wrst_n = 1, wdata =15, winc= 1, 
# KERNEL: UVM_INFO /home/runner/rd_driver.sv(33) @ 3809: uvm_test_top.env.rd_agent.drv [RD_DRV] rrst_n = 1, rinc= 0
# KERNEL: UVM_INFO /home/runner/wr_monitor.sv(59) @ 3815: uvm_test_top.env.wr_agent.mon [WR_MON] wrst_n = 1, wdata =15, winc= 1, wfull=1
# KERNEL: UVM_INFO /home/runner/scoreboard.sv(37) @ 3815: uvm_test_top.env.scb [fifo_scoreboard] Scoreboard received item
# KERNEL: UVM_INFO /home/runner/scoreboard.sv(46) @ 3815: uvm_test_top.env.scb [SCB_wr_ig] Write ignored correctly: FIFO Full
# KERNEL: UVM_INFO /home/runner/wr_driver.sv(33) @ 3815: uvm_test_top.env.wr_agent.drv [WR_DRV] wrst_n = 1, wdata =26, winc= 1, 
# KERNEL: Error: assertion.sv (36): OVERFLOW !!, write ignored because full detected
# KERNEL: UVM_INFO /home/runner/wr_monitor.sv(59) @ 3835: uvm_test_top.env.wr_agent.mon [WR_MON] wrst_n = 1, wdata =26, winc= 1, wfull=1
# KERNEL: UVM_INFO /home/runner/scoreboard.sv(37) @ 3835: uvm_test_top.env.scb [fifo_scoreboard] Scoreboard received item
# KERNEL: UVM_INFO /home/runner/scoreboard.sv(46) @ 3835: uvm_test_top.env.scb [SCB_wr_ig] Write ignored correctly: FIFO Full
# KERNEL: UVM_INFO /home/runner/rd_monitor.sv(50) @ 3835: uvm_test_top.env.rd_agent.mon [RD_MON] rrst_n = 1, rdata =5d, rinc= 1, rempty=0
# KERNEL: UVM_INFO /home/runner/scoreboard.sv(64) @ 3835: uvm_test_top.env.scb [fifo_scoreboard] Scoreboard received item
# KERNEL: UVM_INFO /home/runner/scoreboard.sv(69) @ 3835: uvm_test_top.env.scb [SCB_RD] DATA READ=5d ,count=15
# KERNEL: UVM_INFO /home/runner/scoreboard.sv(71) @ 3835: uvm_test_top.env.scb [SCB_PASS] MATCH exp_rdata=5d, ACT rdata=5d
# KERNEL: UVM_INFO /home/runner/wr_driver.sv(33) @ 3835: uvm_test_top.env.wr_agent.drv [WR_DRV] wrst_n = 1, wdata =0, winc= 0, 
# KERNEL: Error: assertion.sv (36): OVERFLOW !!, write ignored because full detected
# KERNEL: UVM_INFO /home/runner/wr_driver.sv(33) @ 3855: uvm_test_top.env.wr_agent.drv [WR_DRV] wrst_n = 1, wdata =0, winc= 0, 
# KERNEL: UVM_INFO /home/runner/rd_driver.sv(33) @ 3861: uvm_test_top.env.rd_agent.drv [RD_DRV] rrst_n = 1, rinc= 1
# KERNEL: UVM_INFO /home/runner/wr_driver.sv(33) @ 3875: uvm_test_top.env.wr_agent.drv [WR_DRV] wrst_n = 1, wdata =0, winc= 0, 
# KERNEL: UVM_INFO /home/runner/wr_driver.sv(33) @ 3895: uvm_test_top.env.wr_agent.drv [WR_DRV] wrst_n = 1, wdata =9c, winc= 1, 
# KERNEL: UVM_INFO /home/runner/rd_driver.sv(33) @ 3913: uvm_test_top.env.rd_agent.drv [RD_DRV] rrst_n = 1, rinc= 1
# KERNEL: UVM_INFO /home/runner/wr_monitor.sv(46) @ 3915: uvm_test_top.env.wr_agent.mon [WR_MON] wrst_n = 1, wdata =9c, winc= 1, wfull=0
# KERNEL: UVM_INFO /home/runner/scoreboard.sv(37) @ 3915: uvm_test_top.env.scb [fifo_scoreboard] Scoreboard received item
# KERNEL: UVM_INFO /home/runner/scoreboard.sv(43) @ 3915: uvm_test_top.env.scb [SCB_WR] DATA WRITTEN=9c , count=16
# KERNEL: UVM_INFO /home/runner/wr_driver.sv(33) @ 3915: uvm_test_top.env.wr_agent.drv [WR_DRV] wrst_n = 1, wdata =c6, winc= 1, 
# KERNEL: UVM_INFO /home/runner/wr_monitor.sv(59) @ 3935: uvm_test_top.env.wr_agent.mon [WR_MON] wrst_n = 1, wdata =c6, winc= 1, wfull=1
# KERNEL: UVM_INFO /home/runner/scoreboard.sv(37) @ 3935: uvm_test_top.env.scb [fifo_scoreboard] Scoreboard received item
# KERNEL: UVM_INFO /home/runner/scoreboard.sv(46) @ 3935: uvm_test_top.env.scb [SCB_wr_ig] Write ignored correctly: FIFO Full
# KERNEL: UVM_INFO /home/runner/wr_driver.sv(33) @ 3935: uvm_test_top.env.wr_agent.drv [WR_DRV] wrst_n = 1, wdata =c3, winc= 1, 
# KERNEL: Error: assertion.sv (36): OVERFLOW !!, write ignored because full detected
# KERNEL: UVM_INFO /home/runner/rd_monitor.sv(50) @ 3939: uvm_test_top.env.rd_agent.mon [RD_MON] rrst_n = 1, rdata =63, rinc= 1, rempty=0
# KERNEL: UVM_INFO /home/runner/scoreboard.sv(64) @ 3939: uvm_test_top.env.scb [fifo_scoreboard] Scoreboard received item
# KERNEL: UVM_INFO /home/runner/scoreboard.sv(69) @ 3939: uvm_test_top.env.scb [SCB_RD] DATA READ=63 ,count=15
# KERNEL: UVM_INFO /home/runner/scoreboard.sv(71) @ 3939: uvm_test_top.env.scb [SCB_PASS] MATCH exp_rdata=63, ACT rdata=63
# KERNEL: UVM_INFO /home/runner/wr_monitor.sv(46) @ 3955: uvm_test_top.env.wr_agent.mon [WR_MON] wrst_n = 1, wdata =c3, winc= 1, wfull=0
# KERNEL: UVM_INFO /home/runner/scoreboard.sv(37) @ 3955: uvm_test_top.env.scb [fifo_scoreboard] Scoreboard received item
# KERNEL: UVM_INFO /home/runner/scoreboard.sv(43) @ 3955: uvm_test_top.env.scb [SCB_WR] DATA WRITTEN=c3 , count=16
# KERNEL: UVM_INFO /home/runner/wr_driver.sv(33) @ 3955: uvm_test_top.env.wr_agent.drv [WR_DRV] wrst_n = 1, wdata =0, winc= 0, 
# KERNEL: UVM_INFO /home/runner/rd_driver.sv(33) @ 3965: uvm_test_top.env.rd_agent.drv [RD_DRV] rrst_n = 1, rinc= 1
# KERNEL: UVM_INFO /home/runner/wr_driver.sv(33) @ 3975: uvm_test_top.env.wr_agent.drv [WR_DRV] wrst_n = 1, wdata =32, winc= 1, 
# KERNEL: UVM_INFO /home/runner/rd_monitor.sv(50) @ 3991: uvm_test_top.env.rd_agent.mon [RD_MON] rrst_n = 1, rdata =d2, rinc= 1, rempty=0
# KERNEL: UVM_INFO /home/runner/scoreboard.sv(64) @ 3991: uvm_test_top.env.scb [fifo_scoreboard] Scoreboard received item
# KERNEL: UVM_INFO /home/runner/scoreboard.sv(69) @ 3991: uvm_test_top.env.scb [SCB_RD] DATA READ=d2 ,count=15
# KERNEL: UVM_INFO /home/runner/scoreboard.sv(71) @ 3991: uvm_test_top.env.scb [SCB_PASS] MATCH exp_rdata=d2, ACT rdata=d2
# KERNEL: UVM_INFO /home/runner/wr_monitor.sv(59) @ 3995: uvm_test_top.env.wr_agent.mon [WR_MON] wrst_n = 1, wdata =32, winc= 1, wfull=1
# KERNEL: UVM_INFO /home/runner/scoreboard.sv(37) @ 3995: uvm_test_top.env.scb [fifo_scoreboard] Scoreboard received item
# KERNEL: UVM_INFO /home/runner/scoreboard.sv(46) @ 3995: uvm_test_top.env.scb [SCB_wr_ig] Write ignored correctly: FIFO Full
# KERNEL: UVM_INFO /home/runner/wr_driver.sv(33) @ 3995: uvm_test_top.env.wr_agent.drv [WR_DRV] wrst_n = 1, wdata =a4, winc= 1, 
# KERNEL: Error: assertion.sv (36): OVERFLOW !!, write ignored because full detected
# KERNEL: UVM_INFO /home/runner/wr_monitor.sv(46) @ 4015: uvm_test_top.env.wr_agent.mon [WR_MON] wrst_n = 1, wdata =a4, winc= 1, wfull=0
# KERNEL: UVM_INFO /home/runner/scoreboard.sv(37) @ 4015: uvm_test_top.env.scb [fifo_scoreboard] Scoreboard received item
# KERNEL: UVM_INFO /home/runner/scoreboard.sv(43) @ 4015: uvm_test_top.env.scb [SCB_WR] DATA WRITTEN=a4 , count=16
# KERNEL: UVM_INFO /home/runner/wr_driver.sv(33) @ 4015: uvm_test_top.env.wr_agent.drv [WR_DRV] wrst_n = 1, wdata =e9, winc= 1, 
# KERNEL: UVM_INFO /home/runner/rd_driver.sv(33) @ 4017: uvm_test_top.env.rd_agent.drv [RD_DRV] rrst_n = 1, rinc= 1
# KERNEL: UVM_INFO /home/runner/wr_monitor.sv(59) @ 4035: uvm_test_top.env.wr_agent.mon [WR_MON] wrst_n = 1, wdata =e9, winc= 1, wfull=1
# KERNEL: UVM_INFO /home/runner/scoreboard.sv(37) @ 4035: uvm_test_top.env.scb [fifo_scoreboard] Scoreboard received item
# KERNEL: UVM_INFO /home/runner/scoreboard.sv(46) @ 4035: uvm_test_top.env.scb [SCB_wr_ig] Write ignored correctly: FIFO Full
# KERNEL: UVM_INFO /home/runner/wr_driver.sv(33) @ 4035: uvm_test_top.env.wr_agent.drv [WR_DRV] wrst_n = 1, wdata =ff, winc= 1, 
# KERNEL: Error: assertion.sv (36): OVERFLOW !!, write ignored because full detected
# KERNEL: UVM_INFO /home/runner/rd_monitor.sv(50) @ 4043: uvm_test_top.env.rd_agent.mon [RD_MON] rrst_n = 1, rdata =89, rinc= 1, rempty=0
# KERNEL: UVM_INFO /home/runner/scoreboard.sv(64) @ 4043: uvm_test_top.env.scb [fifo_scoreboard] Scoreboard received item
# KERNEL: UVM_INFO /home/runner/scoreboard.sv(69) @ 4043: uvm_test_top.env.scb [SCB_RD] DATA READ=89 ,count=15
# KERNEL: UVM_INFO /home/runner/scoreboard.sv(71) @ 4043: uvm_test_top.env.scb [SCB_PASS] MATCH exp_rdata=89, ACT rdata=89
# KERNEL: UVM_INFO /home/runner/wr_monitor.sv(46) @ 4055: uvm_test_top.env.wr_agent.mon [WR_MON] wrst_n = 1, wdata =ff, winc= 1, wfull=0
# KERNEL: UVM_INFO /home/runner/scoreboard.sv(37) @ 4055: uvm_test_top.env.scb [fifo_scoreboard] Scoreboard received item
# KERNEL: UVM_INFO /home/runner/scoreboard.sv(43) @ 4055: uvm_test_top.env.scb [SCB_WR] DATA WRITTEN=ff , count=16
# KERNEL: UVM_INFO /home/runner/wr_driver.sv(33) @ 4055: uvm_test_top.env.wr_agent.drv [WR_DRV] wrst_n = 1, wdata =0, winc= 0, 
# KERNEL: UVM_INFO /home/runner/rd_driver.sv(33) @ 4069: uvm_test_top.env.rd_agent.drv [RD_DRV] rrst_n = 1, rinc= 0
# KERNEL: UVM_INFO /home/runner/wr_driver.sv(33) @ 4075: uvm_test_top.env.wr_agent.drv [WR_DRV] wrst_n = 1, wdata =a2, winc= 1, 
# KERNEL: UVM_INFO /home/runner/wr_monitor.sv(59) @ 4095: uvm_test_top.env.wr_agent.mon [WR_MON] wrst_n = 1, wdata =a2, winc= 1, wfull=1
# KERNEL: UVM_INFO /home/runner/scoreboard.sv(37) @ 4095: uvm_test_top.env.scb [fifo_scoreboard] Scoreboard received item
# KERNEL: UVM_INFO /home/runner/scoreboard.sv(46) @ 4095: uvm_test_top.env.scb [SCB_wr_ig] Write ignored correctly: FIFO Full
# KERNEL: UVM_INFO /home/runner/rd_monitor.sv(50) @ 4095: uvm_test_top.env.rd_agent.mon [RD_MON] rrst_n = 1, rdata =ad, rinc= 1, rempty=0
# KERNEL: UVM_INFO /home/runner/scoreboard.sv(64) @ 4095: uvm_test_top.env.scb [fifo_scoreboard] Scoreboard received item
# KERNEL: UVM_INFO /home/runner/scoreboard.sv(69) @ 4095: uvm_test_top.env.scb [SCB_RD] DATA READ=ad ,count=15
# KERNEL: UVM_INFO /home/runner/scoreboard.sv(71) @ 4095: uvm_test_top.env.scb [SCB_PASS] MATCH exp_rdata=ad, ACT rdata=ad
# KERNEL: UVM_INFO /home/runner/wr_driver.sv(33) @ 4095: uvm_test_top.env.wr_agent.drv [WR_DRV] wrst_n = 1, wdata =0, winc= 0, 
# KERNEL: Error: assertion.sv (36): OVERFLOW !!, write ignored because full detected
# KERNEL: UVM_INFO /home/runner/wr_driver.sv(33) @ 4115: uvm_test_top.env.wr_agent.drv [WR_DRV] wrst_n = 1, wdata =0, winc= 0, 
# KERNEL: UVM_INFO /home/runner/rd_driver.sv(33) @ 4121: uvm_test_top.env.rd_agent.drv [RD_DRV] rrst_n = 1, rinc= 0
# KERNEL: UVM_INFO /home/runner/wr_driver.sv(33) @ 4135: uvm_test_top.env.wr_agent.drv [WR_DRV] wrst_n = 1, wdata =be, winc= 1, 
# KERNEL: UVM_INFO /home/runner/wr_monitor.sv(46) @ 4155: uvm_test_top.env.wr_agent.mon [WR_MON] wrst_n = 1, wdata =be, winc= 1, wfull=0
# KERNEL: UVM_INFO /home/runner/scoreboard.sv(37) @ 4155: uvm_test_top.env.scb [fifo_scoreboard] Scoreboard received item
# KERNEL: UVM_INFO /home/runner/scoreboard.sv(43) @ 4155: uvm_test_top.env.scb [SCB_WR] DATA WRITTEN=be , count=16
# KERNEL: UVM_INFO /home/runner/wr_driver.sv(33) @ 4155: uvm_test_top.env.wr_agent.drv [WR_DRV] wrst_n = 1, wdata =c0, winc= 1, 
# KERNEL: UVM_INFO /home/runner/rd_driver.sv(33) @ 4173: uvm_test_top.env.rd_agent.drv [RD_DRV] rrst_n = 1, rinc= 1
# KERNEL: UVM_INFO /home/runner/wr_monitor.sv(59) @ 4175: uvm_test_top.env.wr_agent.mon [WR_MON] wrst_n = 1, wdata =c0, winc= 1, wfull=1
# KERNEL: UVM_INFO /home/runner/scoreboard.sv(37) @ 4175: uvm_test_top.env.scb [fifo_scoreboard] Scoreboard received item
# KERNEL: UVM_INFO /home/runner/scoreboard.sv(46) @ 4175: uvm_test_top.env.scb [SCB_wr_ig] Write ignored correctly: FIFO Full
# KERNEL: UVM_INFO /home/runner/wr_driver.sv(33) @ 4175: uvm_test_top.env.wr_agent.drv [WR_DRV] wrst_n = 1, wdata =95, winc= 1, 
# KERNEL: Error: assertion.sv (36): OVERFLOW !!, write ignored because full detected
# KERNEL: UVM_INFO /home/runner/wr_monitor.sv(59) @ 4195: uvm_test_top.env.wr_agent.mon [WR_MON] wrst_n = 1, wdata =95, winc= 1, wfull=1
# KERNEL: UVM_INFO /home/runner/scoreboard.sv(37) @ 4195: uvm_test_top.env.scb [fifo_scoreboard] Scoreboard received item
# KERNEL: UVM_INFO /home/runner/scoreboard.sv(46) @ 4195: uvm_test_top.env.scb [SCB_wr_ig] Write ignored correctly: FIFO Full
# KERNEL: UVM_INFO /home/runner/wr_driver.sv(33) @ 4195: uvm_test_top.env.wr_agent.drv [WR_DRV] wrst_n = 1, wdata =0, winc= 0, 
# KERNEL: Error: assertion.sv (36): OVERFLOW !!, write ignored because full detected
# KERNEL: UVM_INFO /home/runner/wr_driver.sv(33) @ 4215: uvm_test_top.env.wr_agent.drv [WR_DRV] wrst_n = 1, wdata =0, winc= 0, 
# KERNEL: UVM_INFO /home/runner/rd_driver.sv(33) @ 4225: uvm_test_top.env.rd_agent.drv [RD_DRV] rrst_n = 1, rinc= 1
# KERNEL: UVM_INFO /home/runner/wr_driver.sv(33) @ 4235: uvm_test_top.env.wr_agent.drv [WR_DRV] wrst_n = 1, wdata =fe, winc= 1, 
# KERNEL: UVM_INFO /home/runner/rd_monitor.sv(50) @ 4251: uvm_test_top.env.rd_agent.mon [RD_MON] rrst_n = 1, rdata =5e, rinc= 1, rempty=0
# KERNEL: UVM_INFO /home/runner/scoreboard.sv(64) @ 4251: uvm_test_top.env.scb [fifo_scoreboard] Scoreboard received item
# KERNEL: UVM_INFO /home/runner/scoreboard.sv(69) @ 4251: uvm_test_top.env.scb [SCB_RD] DATA READ=5e ,count=15
# KERNEL: UVM_INFO /home/runner/scoreboard.sv(71) @ 4251: uvm_test_top.env.scb [SCB_PASS] MATCH exp_rdata=5e, ACT rdata=5e
# KERNEL: UVM_INFO /home/runner/wr_monitor.sv(59) @ 4255: uvm_test_top.env.wr_agent.mon [WR_MON] wrst_n = 1, wdata =fe, winc= 1, wfull=1
# KERNEL: UVM_INFO /home/runner/scoreboard.sv(37) @ 4255: uvm_test_top.env.scb [fifo_scoreboard] Scoreboard received item
# KERNEL: UVM_INFO /home/runner/scoreboard.sv(46) @ 4255: uvm_test_top.env.scb [SCB_wr_ig] Write ignored correctly: FIFO Full
# KERNEL: UVM_INFO /home/runner/wr_driver.sv(33) @ 4255: uvm_test_top.env.wr_agent.drv [WR_DRV] wrst_n = 1, wdata =1b, winc= 1, 
# KERNEL: Error: assertion.sv (36): OVERFLOW !!, write ignored because full detected
# KERNEL: UVM_INFO /home/runner/wr_monitor.sv(46) @ 4275: uvm_test_top.env.wr_agent.mon [WR_MON] wrst_n = 1, wdata =1b, winc= 1, wfull=0
# KERNEL: UVM_INFO /home/runner/scoreboard.sv(37) @ 4275: uvm_test_top.env.scb [fifo_scoreboard] Scoreboard received item
# KERNEL: UVM_INFO /home/runner/scoreboard.sv(43) @ 4275: uvm_test_top.env.scb [SCB_WR] DATA WRITTEN=1b , count=16
# KERNEL: UVM_INFO /home/runner/wr_driver.sv(33) @ 4275: uvm_test_top.env.wr_agent.drv [WR_DRV] wrst_n = 1, wdata =9, winc= 1, 
# KERNEL: UVM_INFO /home/runner/rd_driver.sv(33) @ 4277: uvm_test_top.env.rd_agent.drv [RD_DRV] rrst_n = 1, rinc= 0
# KERNEL: UVM_INFO /home/runner/wr_monitor.sv(59) @ 4295: uvm_test_top.env.wr_agent.mon [WR_MON] wrst_n = 1, wdata =9, winc= 1, wfull=1
# KERNEL: UVM_INFO /home/runner/scoreboard.sv(37) @ 4295: uvm_test_top.env.scb [fifo_scoreboard] Scoreboard received item
# KERNEL: UVM_INFO /home/runner/scoreboard.sv(46) @ 4295: uvm_test_top.env.scb [SCB_wr_ig] Write ignored correctly: FIFO Full
# KERNEL: UVM_INFO /home/runner/wr_driver.sv(33) @ 4295: uvm_test_top.env.wr_agent.drv [WR_DRV] wrst_n = 1, wdata =0, winc= 0, 
# KERNEL: Error: assertion.sv (36): OVERFLOW !!, write ignored because full detected
# KERNEL: UVM_INFO /home/runner/rd_monitor.sv(50) @ 4303: uvm_test_top.env.rd_agent.mon [RD_MON] rrst_n = 1, rdata =5b, rinc= 1, rempty=0
# KERNEL: UVM_INFO /home/runner/scoreboard.sv(64) @ 4303: uvm_test_top.env.scb [fifo_scoreboard] Scoreboard received item
# KERNEL: UVM_INFO /home/runner/scoreboard.sv(69) @ 4303: uvm_test_top.env.scb [SCB_RD] DATA READ=5b ,count=15
# KERNEL: UVM_INFO /home/runner/scoreboard.sv(71) @ 4303: uvm_test_top.env.scb [SCB_PASS] MATCH exp_rdata=5b, ACT rdata=5b
# KERNEL: UVM_INFO /home/runner/wr_driver.sv(33) @ 4315: uvm_test_top.env.wr_agent.drv [WR_DRV] wrst_n = 1, wdata =0, winc= 0, 
# KERNEL: UVM_INFO /home/runner/rd_driver.sv(33) @ 4329: uvm_test_top.env.rd_agent.drv [RD_DRV] rrst_n = 1, rinc= 0
# KERNEL: UVM_INFO /home/runner/wr_driver.sv(33) @ 4335: uvm_test_top.env.wr_agent.drv [WR_DRV] wrst_n = 1, wdata =c1, winc= 1, 
# KERNEL: UVM_INFO /home/runner/wr_monitor.sv(46) @ 4355: uvm_test_top.env.wr_agent.mon [WR_MON] wrst_n = 1, wdata =c1, winc= 1, wfull=0
# KERNEL: UVM_INFO /home/runner/scoreboard.sv(37) @ 4355: uvm_test_top.env.scb [fifo_scoreboard] Scoreboard received item
# KERNEL: UVM_INFO /home/runner/scoreboard.sv(43) @ 4355: uvm_test_top.env.scb [SCB_WR] DATA WRITTEN=c1 , count=16
# KERNEL: UVM_INFO /home/runner/wr_driver.sv(33) @ 4355: uvm_test_top.env.wr_agent.drv [WR_DRV] wrst_n = 1, wdata =27, winc= 1, 
# KERNEL: UVM_INFO /home/runner/wr_monitor.sv(59) @ 4375: uvm_test_top.env.wr_agent.mon [WR_MON] wrst_n = 1, wdata =27, winc= 1, wfull=1
# KERNEL: UVM_INFO /home/runner/scoreboard.sv(37) @ 4375: uvm_test_top.env.scb [fifo_scoreboard] Scoreboard received item
# KERNEL: UVM_INFO /home/runner/scoreboard.sv(46) @ 4375: uvm_test_top.env.scb [SCB_wr_ig] Write ignored correctly: FIFO Full
# KERNEL: UVM_INFO /home/runner/wr_driver.sv(33) @ 4375: uvm_test_top.env.wr_agent.drv [WR_DRV] wrst_n = 1, wdata =30, winc= 1, 
# KERNEL: Error: assertion.sv (36): OVERFLOW !!, write ignored because full detected
# KERNEL: UVM_INFO /home/runner/rd_driver.sv(33) @ 4381: uvm_test_top.env.rd_agent.drv [RD_DRV] rrst_n = 1, rinc= 1
# KERNEL: UVM_INFO /home/runner/wr_monitor.sv(59) @ 4395: uvm_test_top.env.wr_agent.mon [WR_MON] wrst_n = 1, wdata =30, winc= 1, wfull=1
# KERNEL: UVM_INFO /home/runner/scoreboard.sv(37) @ 4395: uvm_test_top.env.scb [fifo_scoreboard] Scoreboard received item
# KERNEL: UVM_INFO /home/runner/scoreboard.sv(46) @ 4395: uvm_test_top.env.scb [SCB_wr_ig] Write ignored correctly: FIFO Full
# KERNEL: UVM_INFO /home/runner/wr_driver.sv(33) @ 4395: uvm_test_top.env.wr_agent.drv [WR_DRV] wrst_n = 1, wdata =a, winc= 1, 
# KERNEL: Error: assertion.sv (36): OVERFLOW !!, write ignored because full detected
# KERNEL: UVM_INFO /home/runner/wr_monitor.sv(59) @ 4415: uvm_test_top.env.wr_agent.mon [WR_MON] wrst_n = 1, wdata =a, winc= 1, wfull=1
# KERNEL: UVM_INFO /home/runner/scoreboard.sv(37) @ 4415: uvm_test_top.env.scb [fifo_scoreboard] Scoreboard received item
# KERNEL: UVM_INFO /home/runner/scoreboard.sv(46) @ 4415: uvm_test_top.env.scb [SCB_wr_ig] Write ignored correctly: FIFO Full
# KERNEL: UVM_INFO /home/runner/wr_driver.sv(33) @ 4415: uvm_test_top.env.wr_agent.drv [WR_DRV] wrst_n = 1, wdata =b7, winc= 1, 
# KERNEL: Error: assertion.sv (36): OVERFLOW !!, write ignored because full detected
# KERNEL: UVM_INFO /home/runner/rd_driver.sv(33) @ 4433: uvm_test_top.env.rd_agent.drv [RD_DRV] rrst_n = 1, rinc= 1
# KERNEL: UVM_INFO /home/runner/wr_monitor.sv(59) @ 4435: uvm_test_top.env.wr_agent.mon [WR_MON] wrst_n = 1, wdata =b7, winc= 1, wfull=1
# KERNEL: UVM_INFO /home/runner/scoreboard.sv(37) @ 4435: uvm_test_top.env.scb [fifo_scoreboard] Scoreboard received item
# KERNEL: UVM_INFO /home/runner/scoreboard.sv(46) @ 4435: uvm_test_top.env.scb [SCB_wr_ig] Write ignored correctly: FIFO Full
# KERNEL: UVM_INFO /home/runner/wr_driver.sv(33) @ 4435: uvm_test_top.env.wr_agent.drv [WR_DRV] wrst_n = 1, wdata =35, winc= 1, 
# KERNEL: Error: assertion.sv (36): OVERFLOW !!, write ignored because full detected
# KERNEL: UVM_INFO /home/runner/wr_monitor.sv(59) @ 4455: uvm_test_top.env.wr_agent.mon [WR_MON] wrst_n = 1, wdata =35, winc= 1, wfull=1
# KERNEL: UVM_INFO /home/runner/scoreboard.sv(37) @ 4455: uvm_test_top.env.scb [fifo_scoreboard] Scoreboard received item
# KERNEL: UVM_INFO /home/runner/scoreboard.sv(46) @ 4455: uvm_test_top.env.scb [SCB_wr_ig] Write ignored correctly: FIFO Full
# KERNEL: UVM_INFO /home/runner/wr_driver.sv(33) @ 4455: uvm_test_top.env.wr_agent.drv [WR_DRV] wrst_n = 1, wdata =86, winc= 1, 
# KERNEL: Error: assertion.sv (36): OVERFLOW !!, write ignored because full detected
# KERNEL: UVM_INFO /home/runner/rd_monitor.sv(50) @ 4459: uvm_test_top.env.rd_agent.mon [RD_MON] rrst_n = 1, rdata =1e, rinc= 1, rempty=0
# KERNEL: UVM_INFO /home/runner/scoreboard.sv(64) @ 4459: uvm_test_top.env.scb [fifo_scoreboard] Scoreboard received item
# KERNEL: UVM_INFO /home/runner/scoreboard.sv(69) @ 4459: uvm_test_top.env.scb [SCB_RD] DATA READ=1e ,count=15
# KERNEL: UVM_INFO /home/runner/scoreboard.sv(71) @ 4459: uvm_test_top.env.scb [SCB_PASS] MATCH exp_rdata=1e, ACT rdata=1e
# KERNEL: UVM_INFO /home/runner/wr_monitor.sv(46) @ 4475: uvm_test_top.env.wr_agent.mon [WR_MON] wrst_n = 1, wdata =86, winc= 1, wfull=0
# KERNEL: UVM_INFO /home/runner/scoreboard.sv(37) @ 4475: uvm_test_top.env.scb [fifo_scoreboard] Scoreboard received item
# KERNEL: UVM_INFO /home/runner/scoreboard.sv(43) @ 4475: uvm_test_top.env.scb [SCB_WR] DATA WRITTEN=86 , count=16
# KERNEL: UVM_INFO /home/runner/wr_driver.sv(33) @ 4475: uvm_test_top.env.wr_agent.drv [WR_DRV] wrst_n = 1, wdata =a8, winc= 1, 
# KERNEL: UVM_INFO /home/runner/rd_driver.sv(33) @ 4485: uvm_test_top.env.rd_agent.drv [RD_DRV] rrst_n = 1, rinc= 1
# KERNEL: UVM_INFO /home/runner/wr_monitor.sv(59) @ 4495: uvm_test_top.env.wr_agent.mon [WR_MON] wrst_n = 1, wdata =a8, winc= 1, wfull=1
# KERNEL: UVM_INFO /home/runner/scoreboard.sv(37) @ 4495: uvm_test_top.env.scb [fifo_scoreboard] Scoreboard received item
# KERNEL: UVM_INFO /home/runner/scoreboard.sv(46) @ 4495: uvm_test_top.env.scb [SCB_wr_ig] Write ignored correctly: FIFO Full
# KERNEL: UVM_INFO /home/runner/wr_driver.sv(33) @ 4495: uvm_test_top.env.wr_agent.drv [WR_DRV] wrst_n = 1, wdata =9d, winc= 1, 
# KERNEL: Error: assertion.sv (36): OVERFLOW !!, write ignored because full detected
# KERNEL: UVM_INFO /home/runner/rd_monitor.sv(50) @ 4511: uvm_test_top.env.rd_agent.mon [RD_MON] rrst_n = 1, rdata =61, rinc= 1, rempty=0
# KERNEL: UVM_INFO /home/runner/scoreboard.sv(64) @ 4511: uvm_test_top.env.scb [fifo_scoreboard] Scoreboard received item
# KERNEL: UVM_INFO /home/runner/scoreboard.sv(69) @ 4511: uvm_test_top.env.scb [SCB_RD] DATA READ=61 ,count=15
# KERNEL: UVM_INFO /home/runner/scoreboard.sv(71) @ 4511: uvm_test_top.env.scb [SCB_PASS] MATCH exp_rdata=61, ACT rdata=61
# KERNEL: UVM_INFO /home/runner/wr_monitor.sv(59) @ 4515: uvm_test_top.env.wr_agent.mon [WR_MON] wrst_n = 1, wdata =9d, winc= 1, wfull=1
# KERNEL: UVM_INFO /home/runner/scoreboard.sv(37) @ 4515: uvm_test_top.env.scb [fifo_scoreboard] Scoreboard received item
# KERNEL: UVM_INFO /home/runner/scoreboard.sv(46) @ 4515: uvm_test_top.env.scb [SCB_wr_ig] Write ignored correctly: FIFO Full
# KERNEL: UVM_INFO /home/runner/wr_driver.sv(33) @ 4515: uvm_test_top.env.wr_agent.drv [WR_DRV] wrst_n = 1, wdata =63, winc= 1, 
# KERNEL: Error: assertion.sv (36): OVERFLOW !!, write ignored because full detected
# KERNEL: UVM_INFO /home/runner/wr_monitor.sv(46) @ 4535: uvm_test_top.env.wr_agent.mon [WR_MON] wrst_n = 1, wdata =63, winc= 1, wfull=0
# KERNEL: UVM_INFO /home/runner/scoreboard.sv(37) @ 4535: uvm_test_top.env.scb [fifo_scoreboard] Scoreboard received item
# KERNEL: UVM_INFO /home/runner/scoreboard.sv(43) @ 4535: uvm_test_top.env.scb [SCB_WR] DATA WRITTEN=63 , count=16
# KERNEL: UVM_INFO /home/runner/wr_driver.sv(33) @ 4535: uvm_test_top.env.wr_agent.drv [WR_DRV] wrst_n = 1, wdata =fc, winc= 1, 
# KERNEL: UVM_INFO /home/runner/rd_driver.sv(33) @ 4537: uvm_test_top.env.rd_agent.drv [RD_DRV] rrst_n = 1, rinc= 1
# KERNEL: UVM_INFO /home/runner/wr_monitor.sv(59) @ 4555: uvm_test_top.env.wr_agent.mon [WR_MON] wrst_n = 1, wdata =fc, winc= 1, wfull=1
# KERNEL: UVM_INFO /home/runner/scoreboard.sv(37) @ 4555: uvm_test_top.env.scb [fifo_scoreboard] Scoreboard received item
# KERNEL: UVM_INFO /home/runner/scoreboard.sv(46) @ 4555: uvm_test_top.env.scb [SCB_wr_ig] Write ignored correctly: FIFO Full
# KERNEL: UVM_INFO /home/runner/wr_driver.sv(33) @ 4555: uvm_test_top.env.wr_agent.drv [WR_DRV] wrst_n = 1, wdata =66, winc= 1, 
# KERNEL: Error: assertion.sv (36): OVERFLOW !!, write ignored because full detected
# KERNEL: UVM_INFO /home/runner/rd_monitor.sv(50) @ 4563: uvm_test_top.env.rd_agent.mon [RD_MON] rrst_n = 1, rdata =a0, rinc= 1, rempty=0
# KERNEL: UVM_INFO /home/runner/scoreboard.sv(64) @ 4563: uvm_test_top.env.scb [fifo_scoreboard] Scoreboard received item
# KERNEL: UVM_INFO /home/runner/scoreboard.sv(69) @ 4563: uvm_test_top.env.scb [SCB_RD] DATA READ=a0 ,count=15
# KERNEL: UVM_INFO /home/runner/scoreboard.sv(71) @ 4563: uvm_test_top.env.scb [SCB_PASS] MATCH exp_rdata=a0, ACT rdata=a0
# KERNEL: UVM_INFO /home/runner/wr_monitor.sv(46) @ 4575: uvm_test_top.env.wr_agent.mon [WR_MON] wrst_n = 1, wdata =66, winc= 1, wfull=0
# KERNEL: UVM_INFO /home/runner/scoreboard.sv(37) @ 4575: uvm_test_top.env.scb [fifo_scoreboard] Scoreboard received item
# KERNEL: UVM_INFO /home/runner/scoreboard.sv(43) @ 4575: uvm_test_top.env.scb [SCB_WR] DATA WRITTEN=66 , count=16
# KERNEL: UVM_INFO /home/runner/wr_driver.sv(33) @ 4575: uvm_test_top.env.wr_agent.drv [WR_DRV] wrst_n = 1, wdata =a3, winc= 1, 
# KERNEL: UVM_INFO /home/runner/rd_driver.sv(33) @ 4589: uvm_test_top.env.rd_agent.drv [RD_DRV] rrst_n = 1, rinc= 0
# KERNEL: UVM_INFO /home/runner/wr_monitor.sv(59) @ 4595: uvm_test_top.env.wr_agent.mon [WR_MON] wrst_n = 1, wdata =a3, winc= 1, wfull=1
# KERNEL: UVM_INFO /home/runner/scoreboard.sv(37) @ 4595: uvm_test_top.env.scb [fifo_scoreboard] Scoreboard received item
# KERNEL: UVM_INFO /home/runner/scoreboard.sv(46) @ 4595: uvm_test_top.env.scb [SCB_wr_ig] Write ignored correctly: FIFO Full
# KERNEL: UVM_INFO /home/runner/wr_driver.sv(33) @ 4595: uvm_test_top.env.wr_agent.drv [WR_DRV] wrst_n = 1, wdata =b1, winc= 1, 
# KERNEL: Error: assertion.sv (36): OVERFLOW !!, write ignored because full detected
# KERNEL: UVM_INFO /home/runner/wr_monitor.sv(59) @ 4615: uvm_test_top.env.wr_agent.mon [WR_MON] wrst_n = 1, wdata =b1, winc= 1, wfull=1
# KERNEL: UVM_INFO /home/runner/scoreboard.sv(37) @ 4615: uvm_test_top.env.scb [fifo_scoreboard] Scoreboard received item
# KERNEL: UVM_INFO /home/runner/scoreboard.sv(46) @ 4615: uvm_test_top.env.scb [SCB_wr_ig] Write ignored correctly: FIFO Full
# KERNEL: UVM_INFO /home/runner/rd_monitor.sv(50) @ 4615: uvm_test_top.env.rd_agent.mon [RD_MON] rrst_n = 1, rdata =25, rinc= 1, rempty=0
# KERNEL: UVM_INFO /home/runner/scoreboard.sv(64) @ 4615: uvm_test_top.env.scb [fifo_scoreboard] Scoreboard received item
# KERNEL: UVM_INFO /home/runner/scoreboard.sv(69) @ 4615: uvm_test_top.env.scb [SCB_RD] DATA READ=25 ,count=15
# KERNEL: UVM_INFO /home/runner/scoreboard.sv(71) @ 4615: uvm_test_top.env.scb [SCB_PASS] MATCH exp_rdata=25, ACT rdata=25
# KERNEL: UVM_INFO /home/runner/wr_driver.sv(33) @ 4615: uvm_test_top.env.wr_agent.drv [WR_DRV] wrst_n = 1, wdata =92, winc= 1, 
# KERNEL: Error: assertion.sv (36): OVERFLOW !!, write ignored because full detected
# KERNEL: UVM_INFO /home/runner/wr_monitor.sv(46) @ 4635: uvm_test_top.env.wr_agent.mon [WR_MON] wrst_n = 1, wdata =92, winc= 1, wfull=0
# KERNEL: UVM_INFO /home/runner/scoreboard.sv(37) @ 4635: uvm_test_top.env.scb [fifo_scoreboard] Scoreboard received item
# KERNEL: UVM_INFO /home/runner/scoreboard.sv(43) @ 4635: uvm_test_top.env.scb [SCB_WR] DATA WRITTEN=92 , count=16
# KERNEL: UVM_INFO /home/runner/wr_driver.sv(33) @ 4635: uvm_test_top.env.wr_agent.drv [WR_DRV] wrst_n = 1, wdata =44, winc= 1, 
# KERNEL: UVM_INFO /home/runner/rd_driver.sv(33) @ 4641: uvm_test_top.env.rd_agent.drv [RD_DRV] rrst_n = 1, rinc= 0
# KERNEL: UVM_INFO /home/runner/wr_monitor.sv(59) @ 4655: uvm_test_top.env.wr_agent.mon [WR_MON] wrst_n = 1, wdata =44, winc= 1, wfull=1
# KERNEL: UVM_INFO /home/runner/scoreboard.sv(37) @ 4655: uvm_test_top.env.scb [fifo_scoreboard] Scoreboard received item
# KERNEL: UVM_INFO /home/runner/scoreboard.sv(46) @ 4655: uvm_test_top.env.scb [SCB_wr_ig] Write ignored correctly: FIFO Full
# KERNEL: UVM_INFO /home/runner/wr_driver.sv(33) @ 4655: uvm_test_top.env.wr_agent.drv [WR_DRV] wrst_n = 1, wdata =c9, winc= 1, 
# KERNEL: Error: assertion.sv (36): OVERFLOW !!, write ignored because full detected
# KERNEL: UVM_INFO /home/runner/wr_monitor.sv(59) @ 4675: uvm_test_top.env.wr_agent.mon [WR_MON] wrst_n = 1, wdata =c9, winc= 1, wfull=1
# KERNEL: UVM_INFO /home/runner/scoreboard.sv(37) @ 4675: uvm_test_top.env.scb [fifo_scoreboard] Scoreboard received item
# KERNEL: UVM_INFO /home/runner/scoreboard.sv(46) @ 4675: uvm_test_top.env.scb [SCB_wr_ig] Write ignored correctly: FIFO Full
# KERNEL: UVM_INFO /home/runner/wr_driver.sv(33) @ 4675: uvm_test_top.env.wr_agent.drv [WR_DRV] wrst_n = 1, wdata =1f, winc= 1, 
# KERNEL: Error: assertion.sv (36): OVERFLOW !!, write ignored because full detected
# KERNEL: UVM_INFO /home/runner/rd_driver.sv(33) @ 4693: uvm_test_top.env.rd_agent.drv [RD_DRV] rrst_n = 1, rinc= 1
# KERNEL: UVM_INFO /home/runner/wr_monitor.sv(59) @ 4695: uvm_test_top.env.wr_agent.mon [WR_MON] wrst_n = 1, wdata =1f, winc= 1, wfull=1
# KERNEL: UVM_INFO /home/runner/scoreboard.sv(37) @ 4695: uvm_test_top.env.scb [fifo_scoreboard] Scoreboard received item
# KERNEL: UVM_INFO /home/runner/scoreboard.sv(46) @ 4695: uvm_test_top.env.scb [SCB_wr_ig] Write ignored correctly: FIFO Full
# KERNEL: UVM_INFO /home/runner/wr_driver.sv(33) @ 4695: uvm_test_top.env.wr_agent.drv [WR_DRV] wrst_n = 1, wdata =48, winc= 1, 
# KERNEL: Error: assertion.sv (36): OVERFLOW !!, write ignored because full detected
# KERNEL: UVM_INFO /home/runner/wr_monitor.sv(59) @ 4715: uvm_test_top.env.wr_agent.mon [WR_MON] wrst_n = 1, wdata =48, winc= 1, wfull=1
# KERNEL: UVM_INFO /home/runner/scoreboard.sv(37) @ 4715: uvm_test_top.env.scb [fifo_scoreboard] Scoreboard received item
# KERNEL: UVM_INFO /home/runner/scoreboard.sv(46) @ 4715: uvm_test_top.env.scb [SCB_wr_ig] Write ignored correctly: FIFO Full
# KERNEL: UVM_INFO /home/runner/wr_driver.sv(33) @ 4715: uvm_test_top.env.wr_agent.drv [WR_DRV] wrst_n = 1, wdata =42, winc= 1, 
# KERNEL: Error: assertion.sv (36): OVERFLOW !!, write ignored because full detected
# KERNEL: UVM_INFO /home/runner/wr_monitor.sv(59) @ 4735: uvm_test_top.env.wr_agent.mon [WR_MON] wrst_n = 1, wdata =42, winc= 1, wfull=1
# KERNEL: UVM_INFO /home/runner/scoreboard.sv(37) @ 4735: uvm_test_top.env.scb [fifo_scoreboard] Scoreboard received item
# KERNEL: UVM_INFO /home/runner/scoreboard.sv(46) @ 4735: uvm_test_top.env.scb [SCB_wr_ig] Write ignored correctly: FIFO Full
# KERNEL: UVM_INFO /home/runner/wr_driver.sv(33) @ 4735: uvm_test_top.env.wr_agent.drv [WR_DRV] wrst_n = 1, wdata =f, winc= 1, 
# KERNEL: Error: assertion.sv (36): OVERFLOW !!, write ignored because full detected
# KERNEL: UVM_INFO /home/runner/rd_driver.sv(33) @ 4745: uvm_test_top.env.rd_agent.drv [RD_DRV] rrst_n = 1, rinc= 0
# KERNEL: UVM_INFO /home/runner/wr_monitor.sv(59) @ 4755: uvm_test_top.env.wr_agent.mon [WR_MON] wrst_n = 1, wdata =f, winc= 1, wfull=1
# KERNEL: UVM_INFO /home/runner/scoreboard.sv(37) @ 4755: uvm_test_top.env.scb [fifo_scoreboard] Scoreboard received item
# KERNEL: UVM_INFO /home/runner/scoreboard.sv(46) @ 4755: uvm_test_top.env.scb [SCB_wr_ig] Write ignored correctly: FIFO Full
# KERNEL: UVM_INFO /home/runner/wr_driver.sv(33) @ 4755: uvm_test_top.env.wr_agent.drv [WR_DRV] wrst_n = 1, wdata =ad, winc= 1, 
# KERNEL: Error: assertion.sv (36): OVERFLOW !!, write ignored because full detected
# KERNEL: UVM_INFO /home/runner/rd_monitor.sv(50) @ 4771: uvm_test_top.env.rd_agent.mon [RD_MON] rrst_n = 1, rdata =d, rinc= 1, rempty=0
# KERNEL: UVM_INFO /home/runner/scoreboard.sv(64) @ 4771: uvm_test_top.env.scb [fifo_scoreboard] Scoreboard received item
# KERNEL: UVM_INFO /home/runner/scoreboard.sv(69) @ 4771: uvm_test_top.env.scb [SCB_RD] DATA READ=d ,count=15
# KERNEL: UVM_INFO /home/runner/scoreboard.sv(71) @ 4771: uvm_test_top.env.scb [SCB_PASS] MATCH exp_rdata=d, ACT rdata=d
# KERNEL: UVM_INFO /home/runner/wr_monitor.sv(59) @ 4775: uvm_test_top.env.wr_agent.mon [WR_MON] wrst_n = 1, wdata =ad, winc= 1, wfull=1
# KERNEL: UVM_INFO /home/runner/scoreboard.sv(37) @ 4775: uvm_test_top.env.scb [fifo_scoreboard] Scoreboard received item
# KERNEL: UVM_INFO /home/runner/scoreboard.sv(46) @ 4775: uvm_test_top.env.scb [SCB_wr_ig] Write ignored correctly: FIFO Full
# KERNEL: UVM_INFO /home/runner/wr_driver.sv(33) @ 4775: uvm_test_top.env.wr_agent.drv [WR_DRV] wrst_n = 1, wdata =1e, winc= 1, 
# KERNEL: Error: assertion.sv (36): OVERFLOW !!, write ignored because full detected
# KERNEL: UVM_INFO /home/runner/wr_monitor.sv(46) @ 4795: uvm_test_top.env.wr_agent.mon [WR_MON] wrst_n = 1, wdata =1e, winc= 1, wfull=0
# KERNEL: UVM_INFO /home/runner/scoreboard.sv(37) @ 4795: uvm_test_top.env.scb [fifo_scoreboard] Scoreboard received item
# KERNEL: UVM_INFO /home/runner/scoreboard.sv(43) @ 4795: uvm_test_top.env.scb [SCB_WR] DATA WRITTEN=1e , count=16
# KERNEL: UVM_INFO /home/runner/wr_driver.sv(33) @ 4795: uvm_test_top.env.wr_agent.drv [WR_DRV] wrst_n = 1, wdata =60, winc= 1, 
# KERNEL: UVM_INFO /home/runner/rd_driver.sv(33) @ 4797: uvm_test_top.env.rd_agent.drv [RD_DRV] rrst_n = 1, rinc= 1
# KERNEL: UVM_INFO /home/runner/wr_monitor.sv(59) @ 4815: uvm_test_top.env.wr_agent.mon [WR_MON] wrst_n = 1, wdata =60, winc= 1, wfull=1
# KERNEL: UVM_INFO /home/runner/scoreboard.sv(37) @ 4815: uvm_test_top.env.scb [fifo_scoreboard] Scoreboard received item
# KERNEL: UVM_INFO /home/runner/scoreboard.sv(46) @ 4815: uvm_test_top.env.scb [SCB_wr_ig] Write ignored correctly: FIFO Full
# KERNEL: UVM_INFO /home/runner/wr_driver.sv(33) @ 4815: uvm_test_top.env.wr_agent.drv [WR_DRV] wrst_n = 1, wdata =75, winc= 1, 
# KERNEL: Error: assertion.sv (36): OVERFLOW !!, write ignored because full detected
# KERNEL: UVM_INFO /home/runner/wr_monitor.sv(59) @ 4835: uvm_test_top.env.wr_agent.mon [WR_MON] wrst_n = 1, wdata =75, winc= 1, wfull=1
# KERNEL: UVM_INFO /home/runner/scoreboard.sv(37) @ 4835: uvm_test_top.env.scb [fifo_scoreboard] Scoreboard received item
# KERNEL: UVM_INFO /home/runner/scoreboard.sv(46) @ 4835: uvm_test_top.env.scb [SCB_wr_ig] Write ignored correctly: FIFO Full
# KERNEL: UVM_INFO /home/runner/wr_driver.sv(33) @ 4835: uvm_test_top.env.wr_agent.drv [WR_DRV] wrst_n = 1, wdata =5b, winc= 1, 
# KERNEL: Error: assertion.sv (36): OVERFLOW !!, write ignored because full detected
# KERNEL: UVM_INFO /home/runner/rd_driver.sv(33) @ 4849: uvm_test_top.env.rd_agent.drv [RD_DRV] rrst_n = 1, rinc= 1
# KERNEL: UVM_INFO /home/runner/wr_monitor.sv(59) @ 4855: uvm_test_top.env.wr_agent.mon [WR_MON] wrst_n = 1, wdata =5b, winc= 1, wfull=1
# KERNEL: UVM_INFO /home/runner/scoreboard.sv(37) @ 4855: uvm_test_top.env.scb [fifo_scoreboard] Scoreboard received item
# KERNEL: UVM_INFO /home/runner/scoreboard.sv(46) @ 4855: uvm_test_top.env.scb [SCB_wr_ig] Write ignored correctly: FIFO Full
# KERNEL: UVM_INFO /home/runner/wr_driver.sv(33) @ 4855: uvm_test_top.env.wr_agent.drv [WR_DRV] wrst_n = 1, wdata =14, winc= 1, 
# KERNEL: Error: assertion.sv (36): OVERFLOW !!, write ignored because full detected
# KERNEL: UVM_INFO /home/runner/wr_monitor.sv(59) @ 4875: uvm_test_top.env.wr_agent.mon [WR_MON] wrst_n = 1, wdata =14, winc= 1, wfull=1
# KERNEL: UVM_INFO /home/runner/scoreboard.sv(37) @ 4875: uvm_test_top.env.scb [fifo_scoreboard] Scoreboard received item
# KERNEL: UVM_INFO /home/runner/scoreboard.sv(46) @ 4875: uvm_test_top.env.scb [SCB_wr_ig] Write ignored correctly: FIFO Full
# KERNEL: UVM_INFO /home/runner/rd_monitor.sv(50) @ 4875: uvm_test_top.env.rd_agent.mon [RD_MON] rrst_n = 1, rdata =34, rinc= 1, rempty=0
# KERNEL: UVM_INFO /home/runner/scoreboard.sv(64) @ 4875: uvm_test_top.env.scb [fifo_scoreboard] Scoreboard received item
# KERNEL: UVM_INFO /home/runner/scoreboard.sv(69) @ 4875: uvm_test_top.env.scb [SCB_RD] DATA READ=34 ,count=15
# KERNEL: UVM_INFO /home/runner/scoreboard.sv(71) @ 4875: uvm_test_top.env.scb [SCB_PASS] MATCH exp_rdata=34, ACT rdata=34
# KERNEL: UVM_INFO /home/runner/wr_driver.sv(33) @ 4875: uvm_test_top.env.wr_agent.drv [WR_DRV] wrst_n = 1, wdata =9e, winc= 1, 
# KERNEL: Error: assertion.sv (36): OVERFLOW !!, write ignored because full detected
# KERNEL: UVM_INFO /home/runner/wr_monitor.sv(46) @ 4895: uvm_test_top.env.wr_agent.mon [WR_MON] wrst_n = 1, wdata =9e, winc= 1, wfull=0
# KERNEL: UVM_INFO /home/runner/scoreboard.sv(37) @ 4895: uvm_test_top.env.scb [fifo_scoreboard] Scoreboard received item
# KERNEL: UVM_INFO /home/runner/scoreboard.sv(43) @ 4895: uvm_test_top.env.scb [SCB_WR] DATA WRITTEN=9e , count=16
# KERNEL: UVM_INFO /home/runner/wr_driver.sv(33) @ 4895: uvm_test_top.env.wr_agent.drv [WR_DRV] wrst_n = 1, wdata =fb, winc= 1, 
# KERNEL: UVM_INFO /home/runner/rd_driver.sv(33) @ 4901: uvm_test_top.env.rd_agent.drv [RD_DRV] rrst_n = 1, rinc= 1
# KERNEL: UVM_INFO /home/runner/wr_monitor.sv(59) @ 4915: uvm_test_top.env.wr_agent.mon [WR_MON] wrst_n = 1, wdata =fb, winc= 1, wfull=1
# KERNEL: UVM_INFO /home/runner/scoreboard.sv(37) @ 4915: uvm_test_top.env.scb [fifo_scoreboard] Scoreboard received item
# KERNEL: UVM_INFO /home/runner/scoreboard.sv(46) @ 4915: uvm_test_top.env.scb [SCB_wr_ig] Write ignored correctly: FIFO Full
# KERNEL: UVM_INFO /home/runner/wr_driver.sv(33) @ 4915: uvm_test_top.env.wr_agent.drv [WR_DRV] wrst_n = 1, wdata =29, winc= 1, 
# KERNEL: Error: assertion.sv (36): OVERFLOW !!, write ignored because full detected
# KERNEL: UVM_INFO /home/runner/rd_monitor.sv(50) @ 4927: uvm_test_top.env.rd_agent.mon [RD_MON] rrst_n = 1, rdata =9d, rinc= 1, rempty=0
# KERNEL: UVM_INFO /home/runner/scoreboard.sv(64) @ 4927: uvm_test_top.env.scb [fifo_scoreboard] Scoreboard received item
# KERNEL: UVM_INFO /home/runner/scoreboard.sv(69) @ 4927: uvm_test_top.env.scb [SCB_RD] DATA READ=9d ,count=15
# KERNEL: UVM_INFO /home/runner/scoreboard.sv(71) @ 4927: uvm_test_top.env.scb [SCB_PASS] MATCH exp_rdata=9d, ACT rdata=9d
# KERNEL: UVM_INFO /home/runner/wr_monitor.sv(46) @ 4935: uvm_test_top.env.wr_agent.mon [WR_MON] wrst_n = 1, wdata =29, winc= 1, wfull=0
# KERNEL: UVM_INFO /home/runner/scoreboard.sv(37) @ 4935: uvm_test_top.env.scb [fifo_scoreboard] Scoreboard received item
# KERNEL: UVM_INFO /home/runner/scoreboard.sv(43) @ 4935: uvm_test_top.env.scb [SCB_WR] DATA WRITTEN=29 , count=16
# KERNEL: UVM_INFO /home/runner/wr_driver.sv(33) @ 4935: uvm_test_top.env.wr_agent.drv [WR_DRV] wrst_n = 1, wdata =2a, winc= 1, 
# KERNEL: UVM_INFO /home/runner/rd_driver.sv(33) @ 4953: uvm_test_top.env.rd_agent.drv [RD_DRV] rrst_n = 1, rinc= 1
# KERNEL: UVM_INFO /home/runner/wr_monitor.sv(59) @ 4955: uvm_test_top.env.wr_agent.mon [WR_MON] wrst_n = 1, wdata =2a, winc= 1, wfull=1
# KERNEL: UVM_INFO /home/runner/scoreboard.sv(37) @ 4955: uvm_test_top.env.scb [fifo_scoreboard] Scoreboard received item
# KERNEL: UVM_INFO /home/runner/scoreboard.sv(46) @ 4955: uvm_test_top.env.scb [SCB_wr_ig] Write ignored correctly: FIFO Full
# KERNEL: UVM_INFO /home/runner/wr_driver.sv(33) @ 4955: uvm_test_top.env.wr_agent.drv [WR_DRV] wrst_n = 1, wdata =fc, winc= 1, 
# KERNEL: Error: assertion.sv (36): OVERFLOW !!, write ignored because full detected
# KERNEL: UVM_INFO /home/runner/wr_monitor.sv(59) @ 4975: uvm_test_top.env.wr_agent.mon [WR_MON] wrst_n = 1, wdata =fc, winc= 1, wfull=1
# KERNEL: UVM_INFO /home/runner/scoreboard.sv(37) @ 4975: uvm_test_top.env.scb [fifo_scoreboard] Scoreboard received item
# KERNEL: UVM_INFO /home/runner/scoreboard.sv(46) @ 4975: uvm_test_top.env.scb [SCB_wr_ig] Write ignored correctly: FIFO Full
# KERNEL: UVM_INFO /home/runner/wr_driver.sv(33) @ 4975: uvm_test_top.env.wr_agent.drv [WR_DRV] wrst_n = 1, wdata =a1, winc= 1, 
# KERNEL: Error: assertion.sv (36): OVERFLOW !!, write ignored because full detected
# KERNEL: UVM_INFO /home/runner/rd_monitor.sv(50) @ 4979: uvm_test_top.env.rd_agent.mon [RD_MON] rrst_n = 1, rdata =84, rinc= 1, rempty=0
# KERNEL: UVM_INFO /home/runner/scoreboard.sv(64) @ 4979: uvm_test_top.env.scb [fifo_scoreboard] Scoreboard received item
# KERNEL: UVM_INFO /home/runner/scoreboard.sv(69) @ 4979: uvm_test_top.env.scb [SCB_RD] DATA READ=84 ,count=15
# KERNEL: UVM_INFO /home/runner/scoreboard.sv(71) @ 4979: uvm_test_top.env.scb [SCB_PASS] MATCH exp_rdata=84, ACT rdata=84
# KERNEL: UVM_INFO /home/runner/wr_monitor.sv(46) @ 4995: uvm_test_top.env.wr_agent.mon [WR_MON] wrst_n = 1, wdata =a1, winc= 1, wfull=0
# KERNEL: UVM_INFO /home/runner/scoreboard.sv(37) @ 4995: uvm_test_top.env.scb [fifo_scoreboard] Scoreboard received item
# KERNEL: UVM_INFO /home/runner/scoreboard.sv(43) @ 4995: uvm_test_top.env.scb [SCB_WR] DATA WRITTEN=a1 , count=16
# KERNEL: UVM_INFO /home/runner/wr_driver.sv(33) @ 4995: uvm_test_top.env.wr_agent.drv [WR_DRV] wrst_n = 1, wdata =17, winc= 1, 
# KERNEL: UVM_INFO /home/runner/rd_driver.sv(33) @ 5005: uvm_test_top.env.rd_agent.drv [RD_DRV] rrst_n = 1, rinc= 1
# KERNEL: UVM_INFO /home/runner/wr_monitor.sv(59) @ 5015: uvm_test_top.env.wr_agent.mon [WR_MON] wrst_n = 1, wdata =17, winc= 1, wfull=1
# KERNEL: UVM_INFO /home/runner/scoreboard.sv(37) @ 5015: uvm_test_top.env.scb [fifo_scoreboard] Scoreboard received item
# KERNEL: UVM_INFO /home/runner/scoreboard.sv(46) @ 5015: uvm_test_top.env.scb [SCB_wr_ig] Write ignored correctly: FIFO Full
# KERNEL: UVM_INFO /home/runner/wr_driver.sv(33) @ 5015: uvm_test_top.env.wr_agent.drv [WR_DRV] wrst_n = 1, wdata =60, winc= 1, 
# KERNEL: Error: assertion.sv (36): OVERFLOW !!, write ignored because full detected
# KERNEL: UVM_INFO /home/runner/rd_monitor.sv(50) @ 5031: uvm_test_top.env.rd_agent.mon [RD_MON] rrst_n = 1, rdata =ec, rinc= 1, rempty=0
# KERNEL: UVM_INFO /home/runner/scoreboard.sv(64) @ 5031: uvm_test_top.env.scb [fifo_scoreboard] Scoreboard received item
# KERNEL: UVM_INFO /home/runner/scoreboard.sv(69) @ 5031: uvm_test_top.env.scb [SCB_RD] DATA READ=ec ,count=15
# KERNEL: UVM_INFO /home/runner/scoreboard.sv(71) @ 5031: uvm_test_top.env.scb [SCB_PASS] MATCH exp_rdata=ec, ACT rdata=ec
# KERNEL: UVM_INFO /home/runner/wr_monitor.sv(59) @ 5035: uvm_test_top.env.wr_agent.mon [WR_MON] wrst_n = 1, wdata =60, winc= 1, wfull=1
# KERNEL: UVM_INFO /home/runner/scoreboard.sv(37) @ 5035: uvm_test_top.env.scb [fifo_scoreboard] Scoreboard received item
# KERNEL: UVM_INFO /home/runner/scoreboard.sv(46) @ 5035: uvm_test_top.env.scb [SCB_wr_ig] Write ignored correctly: FIFO Full
# KERNEL: UVM_INFO /home/runner/wr_driver.sv(33) @ 5035: uvm_test_top.env.wr_agent.drv [WR_DRV] wrst_n = 1, wdata =7a, winc= 1, 
# KERNEL: Error: assertion.sv (36): OVERFLOW !!, write ignored because full detected
# KERNEL: UVM_INFO /home/runner/wr_monitor.sv(46) @ 5055: uvm_test_top.env.wr_agent.mon [WR_MON] wrst_n = 1, wdata =7a, winc= 1, wfull=0
# KERNEL: UVM_INFO /home/runner/scoreboard.sv(37) @ 5055: uvm_test_top.env.scb [fifo_scoreboard] Scoreboard received item
# KERNEL: UVM_INFO /home/runner/scoreboard.sv(43) @ 5055: uvm_test_top.env.scb [SCB_WR] DATA WRITTEN=7a , count=16
# KERNEL: UVM_INFO /home/runner/wr_driver.sv(33) @ 5055: uvm_test_top.env.wr_agent.drv [WR_DRV] wrst_n = 1, wdata =67, winc= 1, 
# KERNEL: UVM_INFO /home/runner/rd_driver.sv(33) @ 5057: uvm_test_top.env.rd_agent.drv [RD_DRV] rrst_n = 1, rinc= 1
# KERNEL: UVM_INFO /home/runner/wr_monitor.sv(59) @ 5075: uvm_test_top.env.wr_agent.mon [WR_MON] wrst_n = 1, wdata =67, winc= 1, wfull=1
# KERNEL: UVM_INFO /home/runner/scoreboard.sv(37) @ 5075: uvm_test_top.env.scb [fifo_scoreboard] Scoreboard received item
# KERNEL: UVM_INFO /home/runner/scoreboard.sv(46) @ 5075: uvm_test_top.env.scb [SCB_wr_ig] Write ignored correctly: FIFO Full
# KERNEL: UVM_INFO /home/runner/wr_driver.sv(33) @ 5075: uvm_test_top.env.wr_agent.drv [WR_DRV] wrst_n = 1, wdata =25, winc= 1, 
# KERNEL: Error: assertion.sv (36): OVERFLOW !!, write ignored because full detected
# KERNEL: UVM_INFO /home/runner/rd_monitor.sv(50) @ 5083: uvm_test_top.env.rd_agent.mon [RD_MON] rrst_n = 1, rdata =9c, rinc= 1, rempty=0
# KERNEL: UVM_INFO /home/runner/scoreboard.sv(64) @ 5083: uvm_test_top.env.scb [fifo_scoreboard] Scoreboard received item
# KERNEL: UVM_INFO /home/runner/scoreboard.sv(69) @ 5083: uvm_test_top.env.scb [SCB_RD] DATA READ=9c ,count=15
# KERNEL: UVM_INFO /home/runner/scoreboard.sv(71) @ 5083: uvm_test_top.env.scb [SCB_PASS] MATCH exp_rdata=9c, ACT rdata=9c
# KERNEL: UVM_INFO /home/runner/wr_monitor.sv(46) @ 5095: uvm_test_top.env.wr_agent.mon [WR_MON] wrst_n = 1, wdata =25, winc= 1, wfull=0
# KERNEL: UVM_INFO /home/runner/scoreboard.sv(37) @ 5095: uvm_test_top.env.scb [fifo_scoreboard] Scoreboard received item
# KERNEL: UVM_INFO /home/runner/scoreboard.sv(43) @ 5095: uvm_test_top.env.scb [SCB_WR] DATA WRITTEN=25 , count=16
# KERNEL: UVM_INFO /home/runner/wr_driver.sv(33) @ 5095: uvm_test_top.env.wr_agent.drv [WR_DRV] wrst_n = 1, wdata =b6, winc= 1, 
# KERNEL: UVM_INFO /home/runner/rd_driver.sv(33) @ 5109: uvm_test_top.env.rd_agent.drv [RD_DRV] rrst_n = 1, rinc= 1
# KERNEL: UVM_INFO /home/runner/wr_monitor.sv(59) @ 5115: uvm_test_top.env.wr_agent.mon [WR_MON] wrst_n = 1, wdata =b6, winc= 1, wfull=1
# KERNEL: UVM_INFO /home/runner/scoreboard.sv(37) @ 5115: uvm_test_top.env.scb [fifo_scoreboard] Scoreboard received item
# KERNEL: UVM_INFO /home/runner/scoreboard.sv(46) @ 5115: uvm_test_top.env.scb [SCB_wr_ig] Write ignored correctly: FIFO Full
# KERNEL: UVM_INFO /home/runner/wr_driver.sv(33) @ 5115: uvm_test_top.env.wr_agent.drv [WR_DRV] wrst_n = 1, wdata =18, winc= 1, 
# KERNEL: Error: assertion.sv (36): OVERFLOW !!, write ignored because full detected
# KERNEL: UVM_INFO /home/runner/wr_monitor.sv(59) @ 5135: uvm_test_top.env.wr_agent.mon [WR_MON] wrst_n = 1, wdata =18, winc= 1, wfull=1
# KERNEL: UVM_INFO /home/runner/scoreboard.sv(37) @ 5135: uvm_test_top.env.scb [fifo_scoreboard] Scoreboard received item
# KERNEL: UVM_INFO /home/runner/scoreboard.sv(46) @ 5135: uvm_test_top.env.scb [SCB_wr_ig] Write ignored correctly: FIFO Full
# KERNEL: UVM_INFO /home/runner/rd_monitor.sv(50) @ 5135: uvm_test_top.env.rd_agent.mon [RD_MON] rrst_n = 1, rdata =c3, rinc= 1, rempty=0
# KERNEL: UVM_INFO /home/runner/scoreboard.sv(64) @ 5135: uvm_test_top.env.scb [fifo_scoreboard] Scoreboard received item
# KERNEL: UVM_INFO /home/runner/scoreboard.sv(69) @ 5135: uvm_test_top.env.scb [SCB_RD] DATA READ=c3 ,count=15
# KERNEL: UVM_INFO /home/runner/scoreboard.sv(71) @ 5135: uvm_test_top.env.scb [SCB_PASS] MATCH exp_rdata=c3, ACT rdata=c3
# KERNEL: UVM_INFO /home/runner/wr_driver.sv(33) @ 5135: uvm_test_top.env.wr_agent.drv [WR_DRV] wrst_n = 1, wdata =4d, winc= 1, 
# KERNEL: Error: assertion.sv (36): OVERFLOW !!, write ignored because full detected
# KERNEL: UVM_INFO /home/runner/wr_monitor.sv(46) @ 5155: uvm_test_top.env.wr_agent.mon [WR_MON] wrst_n = 1, wdata =4d, winc= 1, wfull=0
# KERNEL: UVM_INFO /home/runner/scoreboard.sv(37) @ 5155: uvm_test_top.env.scb [fifo_scoreboard] Scoreboard received item
# KERNEL: UVM_INFO /home/runner/scoreboard.sv(43) @ 5155: uvm_test_top.env.scb [SCB_WR] DATA WRITTEN=4d , count=16
# KERNEL: UVM_INFO /home/runner/wr_driver.sv(33) @ 5155: uvm_test_top.env.wr_agent.drv [WR_DRV] wrst_n = 1, wdata =53, winc= 1, 
# KERNEL: UVM_INFO /home/runner/rd_driver.sv(33) @ 5161: uvm_test_top.env.rd_agent.drv [RD_DRV] rrst_n = 1, rinc= 1
# KERNEL: UVM_INFO /home/runner/wr_monitor.sv(59) @ 5175: uvm_test_top.env.wr_agent.mon [WR_MON] wrst_n = 1, wdata =53, winc= 1, wfull=1
# KERNEL: UVM_INFO /home/runner/scoreboard.sv(37) @ 5175: uvm_test_top.env.scb [fifo_scoreboard] Scoreboard received item
# KERNEL: UVM_INFO /home/runner/scoreboard.sv(46) @ 5175: uvm_test_top.env.scb [SCB_wr_ig] Write ignored correctly: FIFO Full
# KERNEL: UVM_INFO /home/runner/wr_driver.sv(33) @ 5175: uvm_test_top.env.wr_agent.drv [WR_DRV] wrst_n = 1, wdata =2c, winc= 1, 
# KERNEL: Error: assertion.sv (36): OVERFLOW !!, write ignored because full detected
# KERNEL: UVM_INFO /home/runner/rd_monitor.sv(50) @ 5187: uvm_test_top.env.rd_agent.mon [RD_MON] rrst_n = 1, rdata =a4, rinc= 1, rempty=0
# KERNEL: UVM_INFO /home/runner/scoreboard.sv(64) @ 5187: uvm_test_top.env.scb [fifo_scoreboard] Scoreboard received item
# KERNEL: UVM_INFO /home/runner/scoreboard.sv(69) @ 5187: uvm_test_top.env.scb [SCB_RD] DATA READ=a4 ,count=15
# KERNEL: UVM_INFO /home/runner/scoreboard.sv(71) @ 5187: uvm_test_top.env.scb [SCB_PASS] MATCH exp_rdata=a4, ACT rdata=a4
# KERNEL: UVM_INFO /home/runner/wr_monitor.sv(46) @ 5195: uvm_test_top.env.wr_agent.mon [WR_MON] wrst_n = 1, wdata =2c, winc= 1, wfull=0
# KERNEL: UVM_INFO /home/runner/scoreboard.sv(37) @ 5195: uvm_test_top.env.scb [fifo_scoreboard] Scoreboard received item
# KERNEL: UVM_INFO /home/runner/scoreboard.sv(43) @ 5195: uvm_test_top.env.scb [SCB_WR] DATA WRITTEN=2c , count=16
# KERNEL: UVM_INFO /home/runner/wr_driver.sv(33) @ 5195: uvm_test_top.env.wr_agent.drv [WR_DRV] wrst_n = 1, wdata =d6, winc= 1, 
# KERNEL: UVM_INFO /home/runner/rd_driver.sv(33) @ 5213: uvm_test_top.env.rd_agent.drv [RD_DRV] rrst_n = 1, rinc= 1
# KERNEL: UVM_INFO /home/runner/wr_monitor.sv(59) @ 5215: uvm_test_top.env.wr_agent.mon [WR_MON] wrst_n = 1, wdata =d6, winc= 1, wfull=1
# KERNEL: UVM_INFO /home/runner/scoreboard.sv(37) @ 5215: uvm_test_top.env.scb [fifo_scoreboard] Scoreboard received item
# KERNEL: UVM_INFO /home/runner/scoreboard.sv(46) @ 5215: uvm_test_top.env.scb [SCB_wr_ig] Write ignored correctly: FIFO Full
# KERNEL: UVM_INFO /home/runner/wr_driver.sv(33) @ 5215: uvm_test_top.env.wr_agent.drv [WR_DRV] wrst_n = 1, wdata =53, winc= 1, 
# KERNEL: Error: assertion.sv (36): OVERFLOW !!, write ignored because full detected
# KERNEL: UVM_INFO /home/runner/wr_monitor.sv(59) @ 5235: uvm_test_top.env.wr_agent.mon [WR_MON] wrst_n = 1, wdata =53, winc= 1, wfull=1
# KERNEL: UVM_INFO /home/runner/scoreboard.sv(37) @ 5235: uvm_test_top.env.scb [fifo_scoreboard] Scoreboard received item
# KERNEL: UVM_INFO /home/runner/scoreboard.sv(46) @ 5235: uvm_test_top.env.scb [SCB_wr_ig] Write ignored correctly: FIFO Full
# KERNEL: UVM_INFO /home/runner/wr_driver.sv(33) @ 5235: uvm_test_top.env.wr_agent.drv [WR_DRV] wrst_n = 1, wdata =a1, winc= 1, 
# KERNEL: Error: assertion.sv (36): OVERFLOW !!, write ignored because full detected
# KERNEL: UVM_INFO /home/runner/rd_monitor.sv(50) @ 5239: uvm_test_top.env.rd_agent.mon [RD_MON] rrst_n = 1, rdata =ff, rinc= 1, rempty=0
# KERNEL: UVM_INFO /home/runner/scoreboard.sv(64) @ 5239: uvm_test_top.env.scb [fifo_scoreboard] Scoreboard received item
# KERNEL: UVM_INFO /home/runner/scoreboard.sv(69) @ 5239: uvm_test_top.env.scb [SCB_RD] DATA READ=ff ,count=15
# KERNEL: UVM_INFO /home/runner/scoreboard.sv(71) @ 5239: uvm_test_top.env.scb [SCB_PASS] MATCH exp_rdata=ff, ACT rdata=ff
# KERNEL: UVM_INFO /home/runner/wr_monitor.sv(46) @ 5255: uvm_test_top.env.wr_agent.mon [WR_MON] wrst_n = 1, wdata =a1, winc= 1, wfull=0
# KERNEL: UVM_INFO /home/runner/scoreboard.sv(37) @ 5255: uvm_test_top.env.scb [fifo_scoreboard] Scoreboard received item
# KERNEL: UVM_INFO /home/runner/scoreboard.sv(43) @ 5255: uvm_test_top.env.scb [SCB_WR] DATA WRITTEN=a1 , count=16
# KERNEL: UVM_INFO /home/runner/wr_driver.sv(33) @ 5255: uvm_test_top.env.wr_agent.drv [WR_DRV] wrst_n = 1, wdata =c2, winc= 1, 
# KERNEL: UVM_INFO /home/runner/rd_driver.sv(33) @ 5265: uvm_test_top.env.rd_agent.drv [RD_DRV] rrst_n = 1, rinc= 0
# KERNEL: UVM_INFO /home/runner/wr_monitor.sv(59) @ 5275: uvm_test_top.env.wr_agent.mon [WR_MON] wrst_n = 1, wdata =c2, winc= 1, wfull=1
# KERNEL: UVM_INFO /home/runner/scoreboard.sv(37) @ 5275: uvm_test_top.env.scb [fifo_scoreboard] Scoreboard received item
# KERNEL: UVM_INFO /home/runner/scoreboard.sv(46) @ 5275: uvm_test_top.env.scb [SCB_wr_ig] Write ignored correctly: FIFO Full
# KERNEL: UVM_INFO /home/runner/wr_driver.sv(33) @ 5275: uvm_test_top.env.wr_agent.drv [WR_DRV] wrst_n = 1, wdata =b4, winc= 1, 
# KERNEL: Error: assertion.sv (36): OVERFLOW !!, write ignored because full detected
# KERNEL: UVM_INFO /home/runner/rd_monitor.sv(50) @ 5291: uvm_test_top.env.rd_agent.mon [RD_MON] rrst_n = 1, rdata =be, rinc= 1, rempty=0
# KERNEL: UVM_INFO /home/runner/scoreboard.sv(64) @ 5291: uvm_test_top.env.scb [fifo_scoreboard] Scoreboard received item
# KERNEL: UVM_INFO /home/runner/scoreboard.sv(69) @ 5291: uvm_test_top.env.scb [SCB_RD] DATA READ=be ,count=15
# KERNEL: UVM_INFO /home/runner/scoreboard.sv(71) @ 5291: uvm_test_top.env.scb [SCB_PASS] MATCH exp_rdata=be, ACT rdata=be
# KERNEL: UVM_INFO /home/runner/wr_monitor.sv(59) @ 5295: uvm_test_top.env.wr_agent.mon [WR_MON] wrst_n = 1, wdata =b4, winc= 1, wfull=1
# KERNEL: UVM_INFO /home/runner/scoreboard.sv(37) @ 5295: uvm_test_top.env.scb [fifo_scoreboard] Scoreboard received item
# KERNEL: UVM_INFO /home/runner/scoreboard.sv(46) @ 5295: uvm_test_top.env.scb [SCB_wr_ig] Write ignored correctly: FIFO Full
# KERNEL: UVM_INFO /home/runner/wr_driver.sv(33) @ 5295: uvm_test_top.env.wr_agent.drv [WR_DRV] wrst_n = 1, wdata =79, winc= 1, 
# KERNEL: Error: assertion.sv (36): OVERFLOW !!, write ignored because full detected
# KERNEL: UVM_INFO /home/runner/wr_monitor.sv(46) @ 5315: uvm_test_top.env.wr_agent.mon [WR_MON] wrst_n = 1, wdata =79, winc= 1, wfull=0
# KERNEL: UVM_INFO /home/runner/scoreboard.sv(37) @ 5315: uvm_test_top.env.scb [fifo_scoreboard] Scoreboard received item
# KERNEL: UVM_INFO /home/runner/scoreboard.sv(43) @ 5315: uvm_test_top.env.scb [SCB_WR] DATA WRITTEN=79 , count=16
# KERNEL: UVM_INFO /home/runner/wr_driver.sv(33) @ 5315: uvm_test_top.env.wr_agent.drv [WR_DRV] wrst_n = 1, wdata =f, winc= 1, 
# KERNEL: UVM_INFO /home/runner/rd_driver.sv(33) @ 5317: uvm_test_top.env.rd_agent.drv [RD_DRV] rrst_n = 1, rinc= 1
# KERNEL: UVM_INFO /home/runner/wr_monitor.sv(59) @ 5335: uvm_test_top.env.wr_agent.mon [WR_MON] wrst_n = 1, wdata =f, winc= 1, wfull=1
# KERNEL: UVM_INFO /home/runner/scoreboard.sv(37) @ 5335: uvm_test_top.env.scb [fifo_scoreboard] Scoreboard received item
# KERNEL: UVM_INFO /home/runner/scoreboard.sv(46) @ 5335: uvm_test_top.env.scb [SCB_wr_ig] Write ignored correctly: FIFO Full
# KERNEL: UVM_INFO /home/runner/wr_driver.sv(33) @ 5335: uvm_test_top.env.wr_agent.drv [WR_DRV] wrst_n = 1, wdata =78, winc= 1, 
# KERNEL: Error: assertion.sv (36): OVERFLOW !!, write ignored because full detected
# KERNEL: UVM_INFO /home/runner/wr_monitor.sv(59) @ 5355: uvm_test_top.env.wr_agent.mon [WR_MON] wrst_n = 1, wdata =78, winc= 1, wfull=1
# KERNEL: UVM_INFO /home/runner/scoreboard.sv(37) @ 5355: uvm_test_top.env.scb [fifo_scoreboard] Scoreboard received item
# KERNEL: UVM_INFO /home/runner/scoreboard.sv(46) @ 5355: uvm_test_top.env.scb [SCB_wr_ig] Write ignored correctly: FIFO Full
# KERNEL: UVM_INFO /home/runner/wr_driver.sv(33) @ 5355: uvm_test_top.env.wr_agent.drv [WR_DRV] wrst_n = 1, wdata =b2, winc= 1, 
# KERNEL: Error: assertion.sv (36): OVERFLOW !!, write ignored because full detected
# KERNEL: UVM_INFO /home/runner/rd_driver.sv(33) @ 5369: uvm_test_top.env.rd_agent.drv [RD_DRV] rrst_n = 1, rinc= 0
# KERNEL: UVM_INFO /home/runner/wr_monitor.sv(59) @ 5375: uvm_test_top.env.wr_agent.mon [WR_MON] wrst_n = 1, wdata =b2, winc= 1, wfull=1
# KERNEL: UVM_INFO /home/runner/scoreboard.sv(37) @ 5375: uvm_test_top.env.scb [fifo_scoreboard] Scoreboard received item
# KERNEL: UVM_INFO /home/runner/scoreboard.sv(46) @ 5375: uvm_test_top.env.scb [SCB_wr_ig] Write ignored correctly: FIFO Full
# KERNEL: UVM_INFO /home/runner/wr_driver.sv(33) @ 5375: uvm_test_top.env.wr_agent.drv [WR_DRV] wrst_n = 1, wdata =bf, winc= 1, 
# KERNEL: Error: assertion.sv (36): OVERFLOW !!, write ignored because full detected
# KERNEL: UVM_INFO /home/runner/wr_monitor.sv(59) @ 5395: uvm_test_top.env.wr_agent.mon [WR_MON] wrst_n = 1, wdata =bf, winc= 1, wfull=1
# KERNEL: UVM_INFO /home/runner/scoreboard.sv(37) @ 5395: uvm_test_top.env.scb [fifo_scoreboard] Scoreboard received item
# KERNEL: UVM_INFO /home/runner/scoreboard.sv(46) @ 5395: uvm_test_top.env.scb [SCB_wr_ig] Write ignored correctly: FIFO Full
# KERNEL: UVM_INFO /home/runner/rd_monitor.sv(50) @ 5395: uvm_test_top.env.rd_agent.mon [RD_MON] rrst_n = 1, rdata =1b, rinc= 1, rempty=0
# KERNEL: UVM_INFO /home/runner/scoreboard.sv(64) @ 5395: uvm_test_top.env.scb [fifo_scoreboard] Scoreboard received item
# KERNEL: UVM_INFO /home/runner/scoreboard.sv(69) @ 5395: uvm_test_top.env.scb [SCB_RD] DATA READ=1b ,count=15
# KERNEL: UVM_INFO /home/runner/scoreboard.sv(71) @ 5395: uvm_test_top.env.scb [SCB_PASS] MATCH exp_rdata=1b, ACT rdata=1b
# KERNEL: UVM_INFO /home/runner/wr_driver.sv(33) @ 5395: uvm_test_top.env.wr_agent.drv [WR_DRV] wrst_n = 1, wdata =9d, winc= 1, 
# KERNEL: Error: assertion.sv (36): OVERFLOW !!, write ignored because full detected
# KERNEL: UVM_INFO /home/runner/wr_monitor.sv(46) @ 5415: uvm_test_top.env.wr_agent.mon [WR_MON] wrst_n = 1, wdata =9d, winc= 1, wfull=0
# KERNEL: UVM_INFO /home/runner/scoreboard.sv(37) @ 5415: uvm_test_top.env.scb [fifo_scoreboard] Scoreboard received item
# KERNEL: UVM_INFO /home/runner/scoreboard.sv(43) @ 5415: uvm_test_top.env.scb [SCB_WR] DATA WRITTEN=9d , count=16
# KERNEL: UVM_INFO /home/runner/wr_driver.sv(33) @ 5415: uvm_test_top.env.wr_agent.drv [WR_DRV] wrst_n = 1, wdata =4e, winc= 1, 
# KERNEL: UVM_INFO /home/runner/rd_driver.sv(33) @ 5421: uvm_test_top.env.rd_agent.drv [RD_DRV] rrst_n = 1, rinc= 0
# KERNEL: UVM_INFO /home/runner/wr_monitor.sv(59) @ 5435: uvm_test_top.env.wr_agent.mon [WR_MON] wrst_n = 1, wdata =4e, winc= 1, wfull=1
# KERNEL: UVM_INFO /home/runner/scoreboard.sv(37) @ 5435: uvm_test_top.env.scb [fifo_scoreboard] Scoreboard received item
# KERNEL: UVM_INFO /home/runner/scoreboard.sv(46) @ 5435: uvm_test_top.env.scb [SCB_wr_ig] Write ignored correctly: FIFO Full
# KERNEL: UVM_INFO /home/runner/wr_driver.sv(33) @ 5435: uvm_test_top.env.wr_agent.drv [WR_DRV] wrst_n = 1, wdata =d0, winc= 1, 
# KERNEL: Error: assertion.sv (36): OVERFLOW !!, write ignored because full detected
# KERNEL: UVM_INFO /home/runner/wr_monitor.sv(59) @ 5455: uvm_test_top.env.wr_agent.mon [WR_MON] wrst_n = 1, wdata =d0, winc= 1, wfull=1
# KERNEL: UVM_INFO /home/runner/scoreboard.sv(37) @ 5455: uvm_test_top.env.scb [fifo_scoreboard] Scoreboard received item
# KERNEL: UVM_INFO /home/runner/scoreboard.sv(46) @ 5455: uvm_test_top.env.scb [SCB_wr_ig] Write ignored correctly: FIFO Full
# KERNEL: UVM_INFO /home/runner/wr_driver.sv(33) @ 5455: uvm_test_top.env.wr_agent.drv [WR_DRV] wrst_n = 1, wdata =25, winc= 1, 
# KERNEL: Error: assertion.sv (36): OVERFLOW !!, write ignored because full detected
# KERNEL: UVM_INFO /home/runner/rd_driver.sv(33) @ 5473: uvm_test_top.env.rd_agent.drv [RD_DRV] rrst_n = 1, rinc= 1
# KERNEL: UVM_INFO /home/runner/wr_monitor.sv(59) @ 5475: uvm_test_top.env.wr_agent.mon [WR_MON] wrst_n = 1, wdata =25, winc= 1, wfull=1
# KERNEL: UVM_INFO /home/runner/scoreboard.sv(37) @ 5475: uvm_test_top.env.scb [fifo_scoreboard] Scoreboard received item
# KERNEL: UVM_INFO /home/runner/scoreboard.sv(46) @ 5475: uvm_test_top.env.scb [SCB_wr_ig] Write ignored correctly: FIFO Full
# KERNEL: UVM_INFO /home/runner/wr_driver.sv(33) @ 5475: uvm_test_top.env.wr_agent.drv [WR_DRV] wrst_n = 1, wdata =4b, winc= 1, 
# KERNEL: Error: assertion.sv (36): OVERFLOW !!, write ignored because full detected
# KERNEL: UVM_INFO /home/runner/wr_monitor.sv(59) @ 5495: uvm_test_top.env.wr_agent.mon [WR_MON] wrst_n = 1, wdata =4b, winc= 1, wfull=1
# KERNEL: UVM_INFO /home/runner/scoreboard.sv(37) @ 5495: uvm_test_top.env.scb [fifo_scoreboard] Scoreboard received item
# KERNEL: UVM_INFO /home/runner/scoreboard.sv(46) @ 5495: uvm_test_top.env.scb [SCB_wr_ig] Write ignored correctly: FIFO Full
# KERNEL: UVM_INFO /home/runner/wr_driver.sv(33) @ 5495: uvm_test_top.env.wr_agent.drv [WR_DRV] wrst_n = 1, wdata =44, winc= 1, 
# KERNEL: Error: assertion.sv (36): OVERFLOW !!, write ignored because full detected
# KERNEL: UVM_INFO /home/runner/wr_monitor.sv(59) @ 5515: uvm_test_top.env.wr_agent.mon [WR_MON] wrst_n = 1, wdata =44, winc= 1, wfull=1
# KERNEL: UVM_INFO /home/runner/scoreboard.sv(37) @ 5515: uvm_test_top.env.scb [fifo_scoreboard] Scoreboard received item
# KERNEL: UVM_INFO /home/runner/scoreboard.sv(46) @ 5515: uvm_test_top.env.scb [SCB_wr_ig] Write ignored correctly: FIFO Full
# KERNEL: UVM_INFO /home/runner/wr_driver.sv(33) @ 5515: uvm_test_top.env.wr_agent.drv [WR_DRV] wrst_n = 1, wdata =e, winc= 1, 
# KERNEL: Error: assertion.sv (36): OVERFLOW !!, write ignored because full detected
# KERNEL: UVM_INFO /home/runner/rd_driver.sv(33) @ 5525: uvm_test_top.env.rd_agent.drv [RD_DRV] rrst_n = 1, rinc= 1
# KERNEL: UVM_INFO /home/runner/wr_monitor.sv(59) @ 5535: uvm_test_top.env.wr_agent.mon [WR_MON] wrst_n = 1, wdata =e, winc= 1, wfull=1
# KERNEL: UVM_INFO /home/runner/scoreboard.sv(37) @ 5535: uvm_test_top.env.scb [fifo_scoreboard] Scoreboard received item
# KERNEL: UVM_INFO /home/runner/scoreboard.sv(46) @ 5535: uvm_test_top.env.scb [SCB_wr_ig] Write ignored correctly: FIFO Full
# KERNEL: UVM_INFO /home/runner/wr_driver.sv(33) @ 5535: uvm_test_top.env.wr_agent.drv [WR_DRV] wrst_n = 1, wdata =ab, winc= 1, 
# KERNEL: Error: assertion.sv (36): OVERFLOW !!, write ignored because full detected
# KERNEL: UVM_INFO /home/runner/rd_monitor.sv(50) @ 5551: uvm_test_top.env.rd_agent.mon [RD_MON] rrst_n = 1, rdata =c1, rinc= 1, rempty=0
# KERNEL: UVM_INFO /home/runner/scoreboard.sv(64) @ 5551: uvm_test_top.env.scb [fifo_scoreboard] Scoreboard received item
# KERNEL: UVM_INFO /home/runner/scoreboard.sv(69) @ 5551: uvm_test_top.env.scb [SCB_RD] DATA READ=c1 ,count=15
# KERNEL: UVM_INFO /home/runner/scoreboard.sv(71) @ 5551: uvm_test_top.env.scb [SCB_PASS] MATCH exp_rdata=c1, ACT rdata=c1
# KERNEL: UVM_INFO /home/runner/wr_monitor.sv(59) @ 5555: uvm_test_top.env.wr_agent.mon [WR_MON] wrst_n = 1, wdata =ab, winc= 1, wfull=1
# KERNEL: UVM_INFO /home/runner/scoreboard.sv(37) @ 5555: uvm_test_top.env.scb [fifo_scoreboard] Scoreboard received item
# KERNEL: UVM_INFO /home/runner/scoreboard.sv(46) @ 5555: uvm_test_top.env.scb [SCB_wr_ig] Write ignored correctly: FIFO Full
# KERNEL: UVM_INFO /home/runner/wr_driver.sv(33) @ 5555: uvm_test_top.env.wr_agent.drv [WR_DRV] wrst_n = 1, wdata =19, winc= 1, 
# KERNEL: Error: assertion.sv (36): OVERFLOW !!, write ignored because full detected
# KERNEL: UVM_INFO /home/runner/wr_monitor.sv(46) @ 5575: uvm_test_top.env.wr_agent.mon [WR_MON] wrst_n = 1, wdata =19, winc= 1, wfull=0
# KERNEL: UVM_INFO /home/runner/scoreboard.sv(37) @ 5575: uvm_test_top.env.scb [fifo_scoreboard] Scoreboard received item
# KERNEL: UVM_INFO /home/runner/scoreboard.sv(43) @ 5575: uvm_test_top.env.scb [SCB_WR] DATA WRITTEN=19 , count=16
# KERNEL: UVM_INFO /home/runner/wr_driver.sv(33) @ 5575: uvm_test_top.env.wr_agent.drv [WR_DRV] wrst_n = 1, wdata =5a, winc= 1, 
# KERNEL: UVM_INFO /home/runner/rd_driver.sv(33) @ 5577: uvm_test_top.env.rd_agent.drv [RD_DRV] rrst_n = 1, rinc= 1
# KERNEL: UVM_INFO /home/runner/wr_monitor.sv(59) @ 5595: uvm_test_top.env.wr_agent.mon [WR_MON] wrst_n = 1, wdata =5a, winc= 1, wfull=1
# KERNEL: UVM_INFO /home/runner/scoreboard.sv(37) @ 5595: uvm_test_top.env.scb [fifo_scoreboard] Scoreboard received item
# KERNEL: UVM_INFO /home/runner/scoreboard.sv(46) @ 5595: uvm_test_top.env.scb [SCB_wr_ig] Write ignored correctly: FIFO Full
# KERNEL: UVM_INFO /home/runner/wr_driver.sv(33) @ 5595: uvm_test_top.env.wr_agent.drv [WR_DRV] wrst_n = 1, wdata =6c, winc= 1, 
# KERNEL: Error: assertion.sv (36): OVERFLOW !!, write ignored because full detected
# KERNEL: UVM_INFO /home/runner/rd_monitor.sv(50) @ 5603: uvm_test_top.env.rd_agent.mon [RD_MON] rrst_n = 1, rdata =86, rinc= 1, rempty=0
# KERNEL: UVM_INFO /home/runner/scoreboard.sv(64) @ 5603: uvm_test_top.env.scb [fifo_scoreboard] Scoreboard received item
# KERNEL: UVM_INFO /home/runner/scoreboard.sv(69) @ 5603: uvm_test_top.env.scb [SCB_RD] DATA READ=86 ,count=15
# KERNEL: UVM_INFO /home/runner/scoreboard.sv(71) @ 5603: uvm_test_top.env.scb [SCB_PASS] MATCH exp_rdata=86, ACT rdata=86
# KERNEL: UVM_INFO /home/runner/wr_monitor.sv(46) @ 5615: uvm_test_top.env.wr_agent.mon [WR_MON] wrst_n = 1, wdata =6c, winc= 1, wfull=0
# KERNEL: UVM_INFO /home/runner/scoreboard.sv(37) @ 5615: uvm_test_top.env.scb [fifo_scoreboard] Scoreboard received item
# KERNEL: UVM_INFO /home/runner/scoreboard.sv(43) @ 5615: uvm_test_top.env.scb [SCB_WR] DATA WRITTEN=6c , count=16
# KERNEL: UVM_INFO /home/runner/wr_driver.sv(33) @ 5615: uvm_test_top.env.wr_agent.drv [WR_DRV] wrst_n = 1, wdata =51, winc= 1, 
# KERNEL: UVM_INFO /home/runner/rd_driver.sv(33) @ 5629: uvm_test_top.env.rd_agent.drv [RD_DRV] rrst_n = 1, rinc= 1
# KERNEL: UVM_INFO /home/runner/wr_monitor.sv(59) @ 5635: uvm_test_top.env.wr_agent.mon [WR_MON] wrst_n = 1, wdata =51, winc= 1, wfull=1
# KERNEL: UVM_INFO /home/runner/scoreboard.sv(37) @ 5635: uvm_test_top.env.scb [fifo_scoreboard] Scoreboard received item
# KERNEL: UVM_INFO /home/runner/scoreboard.sv(46) @ 5635: uvm_test_top.env.scb [SCB_wr_ig] Write ignored correctly: FIFO Full
# KERNEL: UVM_INFO /home/runner/wr_driver.sv(33) @ 5635: uvm_test_top.env.wr_agent.drv [WR_DRV] wrst_n = 1, wdata =7, winc= 1, 
# KERNEL: Error: assertion.sv (36): OVERFLOW !!, write ignored because full detected
# KERNEL: UVM_INFO /home/runner/wr_monitor.sv(59) @ 5655: uvm_test_top.env.wr_agent.mon [WR_MON] wrst_n = 1, wdata =7, winc= 1, wfull=1
# KERNEL: UVM_INFO /home/runner/scoreboard.sv(37) @ 5655: uvm_test_top.env.scb [fifo_scoreboard] Scoreboard received item
# KERNEL: UVM_INFO /home/runner/scoreboard.sv(46) @ 5655: uvm_test_top.env.scb [SCB_wr_ig] Write ignored correctly: FIFO Full
# KERNEL: UVM_INFO /home/runner/rd_monitor.sv(50) @ 5655: uvm_test_top.env.rd_agent.mon [RD_MON] rrst_n = 1, rdata =63, rinc= 1, rempty=0
# KERNEL: UVM_INFO /home/runner/scoreboard.sv(64) @ 5655: uvm_test_top.env.scb [fifo_scoreboard] Scoreboard received item
# KERNEL: UVM_INFO /home/runner/scoreboard.sv(69) @ 5655: uvm_test_top.env.scb [SCB_RD] DATA READ=63 ,count=15
# KERNEL: UVM_INFO /home/runner/scoreboard.sv(71) @ 5655: uvm_test_top.env.scb [SCB_PASS] MATCH exp_rdata=63, ACT rdata=63
# KERNEL: UVM_INFO /home/runner/wr_driver.sv(33) @ 5655: uvm_test_top.env.wr_agent.drv [WR_DRV] wrst_n = 1, wdata =90, winc= 1, 
# KERNEL: Error: assertion.sv (36): OVERFLOW !!, write ignored because full detected
# KERNEL: UVM_INFO /home/runner/wr_monitor.sv(46) @ 5675: uvm_test_top.env.wr_agent.mon [WR_MON] wrst_n = 1, wdata =90, winc= 1, wfull=0
# KERNEL: UVM_INFO /home/runner/scoreboard.sv(37) @ 5675: uvm_test_top.env.scb [fifo_scoreboard] Scoreboard received item
# KERNEL: UVM_INFO /home/runner/scoreboard.sv(43) @ 5675: uvm_test_top.env.scb [SCB_WR] DATA WRITTEN=90 , count=16
# KERNEL: UVM_INFO /home/runner/wr_driver.sv(33) @ 5675: uvm_test_top.env.wr_agent.drv [WR_DRV] wrst_n = 1, wdata =1a, winc= 1, 
# KERNEL: UVM_INFO /home/runner/rd_driver.sv(33) @ 5681: uvm_test_top.env.rd_agent.drv [RD_DRV] rrst_n = 1, rinc= 0
# KERNEL: UVM_INFO /home/runner/wr_monitor.sv(59) @ 5695: uvm_test_top.env.wr_agent.mon [WR_MON] wrst_n = 1, wdata =1a, winc= 1, wfull=1
# KERNEL: UVM_INFO /home/runner/scoreboard.sv(37) @ 5695: uvm_test_top.env.scb [fifo_scoreboard] Scoreboard received item
# KERNEL: UVM_INFO /home/runner/scoreboard.sv(46) @ 5695: uvm_test_top.env.scb [SCB_wr_ig] Write ignored correctly: FIFO Full
# KERNEL: UVM_INFO /home/runner/wr_driver.sv(33) @ 5695: uvm_test_top.env.wr_agent.drv [WR_DRV] wrst_n = 1, wdata =47, winc= 1, 
# KERNEL: Error: assertion.sv (36): OVERFLOW !!, write ignored because full detected
# KERNEL: UVM_INFO /home/runner/rd_monitor.sv(50) @ 5707: uvm_test_top.env.rd_agent.mon [RD_MON] rrst_n = 1, rdata =66, rinc= 1, rempty=0
# KERNEL: UVM_INFO /home/runner/scoreboard.sv(64) @ 5707: uvm_test_top.env.scb [fifo_scoreboard] Scoreboard received item
# KERNEL: UVM_INFO /home/runner/scoreboard.sv(69) @ 5707: uvm_test_top.env.scb [SCB_RD] DATA READ=66 ,count=15
# KERNEL: UVM_INFO /home/runner/scoreboard.sv(71) @ 5707: uvm_test_top.env.scb [SCB_PASS] MATCH exp_rdata=66, ACT rdata=66
# KERNEL: UVM_INFO /home/runner/wr_monitor.sv(46) @ 5715: uvm_test_top.env.wr_agent.mon [WR_MON] wrst_n = 1, wdata =47, winc= 1, wfull=0
# KERNEL: UVM_INFO /home/runner/scoreboard.sv(37) @ 5715: uvm_test_top.env.scb [fifo_scoreboard] Scoreboard received item
# KERNEL: UVM_INFO /home/runner/scoreboard.sv(43) @ 5715: uvm_test_top.env.scb [SCB_WR] DATA WRITTEN=47 , count=16
# KERNEL: UVM_INFO /home/runner/wr_driver.sv(33) @ 5715: uvm_test_top.env.wr_agent.drv [WR_DRV] wrst_n = 1, wdata =45, winc= 1, 
# KERNEL: UVM_INFO /home/runner/rd_driver.sv(33) @ 5733: uvm_test_top.env.rd_agent.drv [RD_DRV] rrst_n = 1, rinc= 0
# KERNEL: UVM_INFO /home/runner/wr_monitor.sv(59) @ 5735: uvm_test_top.env.wr_agent.mon [WR_MON] wrst_n = 1, wdata =45, winc= 1, wfull=1
# KERNEL: UVM_INFO /home/runner/scoreboard.sv(37) @ 5735: uvm_test_top.env.scb [fifo_scoreboard] Scoreboard received item
# KERNEL: UVM_INFO /home/runner/scoreboard.sv(46) @ 5735: uvm_test_top.env.scb [SCB_wr_ig] Write ignored correctly: FIFO Full
# KERNEL: UVM_INFO /home/runner/wr_driver.sv(33) @ 5735: uvm_test_top.env.wr_agent.drv [WR_DRV] wrst_n = 1, wdata =16, winc= 1, 
# KERNEL: Error: assertion.sv (36): OVERFLOW !!, write ignored because full detected
# KERNEL: UVM_INFO /home/runner/wr_monitor.sv(59) @ 5755: uvm_test_top.env.wr_agent.mon [WR_MON] wrst_n = 1, wdata =16, winc= 1, wfull=1
# KERNEL: UVM_INFO /home/runner/scoreboard.sv(37) @ 5755: uvm_test_top.env.scb [fifo_scoreboard] Scoreboard received item
# KERNEL: UVM_INFO /home/runner/scoreboard.sv(46) @ 5755: uvm_test_top.env.scb [SCB_wr_ig] Write ignored correctly: FIFO Full
# KERNEL: UVM_INFO /home/runner/wr_driver.sv(33) @ 5755: uvm_test_top.env.wr_agent.drv [WR_DRV] wrst_n = 1, wdata =b8, winc= 1, 
# KERNEL: Error: assertion.sv (36): OVERFLOW !!, write ignored because full detected
# KERNEL: UVM_INFO /home/runner/wr_monitor.sv(59) @ 5775: uvm_test_top.env.wr_agent.mon [WR_MON] wrst_n = 1, wdata =b8, winc= 1, wfull=1
# KERNEL: UVM_INFO /home/runner/scoreboard.sv(37) @ 5775: uvm_test_top.env.scb [fifo_scoreboard] Scoreboard received item
# KERNEL: UVM_INFO /home/runner/scoreboard.sv(46) @ 5775: uvm_test_top.env.scb [SCB_wr_ig] Write ignored correctly: FIFO Full
# KERNEL: UVM_INFO /home/runner/wr_driver.sv(33) @ 5775: uvm_test_top.env.wr_agent.drv [WR_DRV] wrst_n = 1, wdata =2d, winc= 1, 
# KERNEL: Error: assertion.sv (36): OVERFLOW !!, write ignored because full detected
# KERNEL: UVM_INFO /home/runner/rd_driver.sv(33) @ 5785: uvm_test_top.env.rd_agent.drv [RD_DRV] rrst_n = 1, rinc= 1
# KERNEL: UVM_INFO /home/runner/wr_monitor.sv(59) @ 5795: uvm_test_top.env.wr_agent.mon [WR_MON] wrst_n = 1, wdata =2d, winc= 1, wfull=1
# KERNEL: UVM_INFO /home/runner/scoreboard.sv(37) @ 5795: uvm_test_top.env.scb [fifo_scoreboard] Scoreboard received item
# KERNEL: UVM_INFO /home/runner/scoreboard.sv(46) @ 5795: uvm_test_top.env.scb [SCB_wr_ig] Write ignored correctly: FIFO Full
# KERNEL: UVM_INFO /home/runner/wr_driver.sv(33) @ 5795: uvm_test_top.env.wr_agent.drv [WR_DRV] wrst_n = 1, wdata =73, winc= 1, 
# KERNEL: Error: assertion.sv (36): OVERFLOW !!, write ignored because full detected
# KERNEL: UVM_INFO /home/runner/wr_monitor.sv(59) @ 5815: uvm_test_top.env.wr_agent.mon [WR_MON] wrst_n = 1, wdata =73, winc= 1, wfull=1
# KERNEL: UVM_INFO /home/runner/scoreboard.sv(37) @ 5815: uvm_test_top.env.scb [fifo_scoreboard] Scoreboard received item
# KERNEL: UVM_INFO /home/runner/scoreboard.sv(46) @ 5815: uvm_test_top.env.scb [SCB_wr_ig] Write ignored correctly: FIFO Full
# KERNEL: UVM_INFO /home/runner/wr_driver.sv(33) @ 5815: uvm_test_top.env.wr_agent.drv [WR_DRV] wrst_n = 1, wdata =8c, winc= 1, 
# KERNEL: Error: assertion.sv (36): OVERFLOW !!, write ignored because full detected
# KERNEL: UVM_INFO /home/runner/wr_monitor.sv(59) @ 5835: uvm_test_top.env.wr_agent.mon [WR_MON] wrst_n = 1, wdata =8c, winc= 1, wfull=1
# KERNEL: UVM_INFO /home/runner/scoreboard.sv(37) @ 5835: uvm_test_top.env.scb [fifo_scoreboard] Scoreboard received item
# KERNEL: UVM_INFO /home/runner/scoreboard.sv(46) @ 5835: uvm_test_top.env.scb [SCB_wr_ig] Write ignored correctly: FIFO Full
# KERNEL: UVM_INFO /home/runner/wr_driver.sv(33) @ 5835: uvm_test_top.env.wr_agent.drv [WR_DRV] wrst_n = 1, wdata =76, winc= 1, 
# KERNEL: Error: assertion.sv (36): OVERFLOW !!, write ignored because full detected
# KERNEL: UVM_INFO /home/runner/rd_driver.sv(33) @ 5837: uvm_test_top.env.rd_agent.drv [RD_DRV] rrst_n = 1, rinc= 1
# KERNEL: UVM_INFO /home/runner/wr_monitor.sv(59) @ 5855: uvm_test_top.env.wr_agent.mon [WR_MON] wrst_n = 1, wdata =76, winc= 1, wfull=1
# KERNEL: UVM_INFO /home/runner/scoreboard.sv(37) @ 5855: uvm_test_top.env.scb [fifo_scoreboard] Scoreboard received item
# KERNEL: UVM_INFO /home/runner/scoreboard.sv(46) @ 5855: uvm_test_top.env.scb [SCB_wr_ig] Write ignored correctly: FIFO Full
# KERNEL: UVM_INFO /home/runner/wr_driver.sv(33) @ 5855: uvm_test_top.env.wr_agent.drv [WR_DRV] wrst_n = 1, wdata =33, winc= 1, 
# KERNEL: Error: assertion.sv (36): OVERFLOW !!, write ignored because full detected
# KERNEL: UVM_INFO /home/runner/rd_monitor.sv(50) @ 5863: uvm_test_top.env.rd_agent.mon [RD_MON] rrst_n = 1, rdata =92, rinc= 1, rempty=0
# KERNEL: UVM_INFO /home/runner/scoreboard.sv(64) @ 5863: uvm_test_top.env.scb [fifo_scoreboard] Scoreboard received item
# KERNEL: UVM_INFO /home/runner/scoreboard.sv(69) @ 5863: uvm_test_top.env.scb [SCB_RD] DATA READ=92 ,count=15
# KERNEL: UVM_INFO /home/runner/scoreboard.sv(71) @ 5863: uvm_test_top.env.scb [SCB_PASS] MATCH exp_rdata=92, ACT rdata=92
# KERNEL: UVM_INFO /home/runner/wr_monitor.sv(46) @ 5875: uvm_test_top.env.wr_agent.mon [WR_MON] wrst_n = 1, wdata =33, winc= 1, wfull=0
# KERNEL: UVM_INFO /home/runner/scoreboard.sv(37) @ 5875: uvm_test_top.env.scb [fifo_scoreboard] Scoreboard received item
# KERNEL: UVM_INFO /home/runner/scoreboard.sv(43) @ 5875: uvm_test_top.env.scb [SCB_WR] DATA WRITTEN=33 , count=16
# KERNEL: UVM_INFO /home/runner/wr_driver.sv(33) @ 5875: uvm_test_top.env.wr_agent.drv [WR_DRV] wrst_n = 1, wdata =c1, winc= 1, 
# KERNEL: UVM_INFO /home/runner/rd_driver.sv(33) @ 5889: uvm_test_top.env.rd_agent.drv [RD_DRV] rrst_n = 1, rinc= 0
# KERNEL: UVM_INFO /home/runner/wr_monitor.sv(59) @ 5895: uvm_test_top.env.wr_agent.mon [WR_MON] wrst_n = 1, wdata =c1, winc= 1, wfull=1
# KERNEL: UVM_INFO /home/runner/scoreboard.sv(37) @ 5895: uvm_test_top.env.scb [fifo_scoreboard] Scoreboard received item
# KERNEL: UVM_INFO /home/runner/scoreboard.sv(46) @ 5895: uvm_test_top.env.scb [SCB_wr_ig] Write ignored correctly: FIFO Full
# KERNEL: UVM_INFO /home/runner/wr_driver.sv(33) @ 5895: uvm_test_top.env.wr_agent.drv [WR_DRV] wrst_n = 1, wdata =0, winc= 0, 
# KERNEL: Error: assertion.sv (36): OVERFLOW !!, write ignored because full detected
# KERNEL: UVM_INFO /home/runner/rd_monitor.sv(50) @ 5915: uvm_test_top.env.rd_agent.mon [RD_MON] rrst_n = 1, rdata =1e, rinc= 1, rempty=0
# KERNEL: UVM_INFO /home/runner/scoreboard.sv(64) @ 5915: uvm_test_top.env.scb [fifo_scoreboard] Scoreboard received item
# KERNEL: UVM_INFO /home/runner/scoreboard.sv(69) @ 5915: uvm_test_top.env.scb [SCB_RD] DATA READ=1e ,count=15
# KERNEL: UVM_INFO /home/runner/scoreboard.sv(71) @ 5915: uvm_test_top.env.scb [SCB_PASS] MATCH exp_rdata=1e, ACT rdata=1e
# KERNEL: UVM_INFO /home/runner/wr_driver.sv(33) @ 5915: uvm_test_top.env.wr_agent.drv [WR_DRV] wrst_n = 1, wdata =0, winc= 0, 
# KERNEL: UVM_INFO /home/runner/wr_driver.sv(33) @ 5935: uvm_test_top.env.wr_agent.drv [WR_DRV] wrst_n = 1, wdata =59, winc= 1, 
# KERNEL: UVM_INFO /home/runner/rd_driver.sv(33) @ 5941: uvm_test_top.env.rd_agent.drv [RD_DRV] rrst_n = 1, rinc= 0
# KERNEL: UVM_INFO /home/runner/wr_monitor.sv(46) @ 5955: uvm_test_top.env.wr_agent.mon [WR_MON] wrst_n = 1, wdata =59, winc= 1, wfull=0
# KERNEL: UVM_INFO /home/runner/scoreboard.sv(37) @ 5955: uvm_test_top.env.scb [fifo_scoreboard] Scoreboard received item
# KERNEL: UVM_INFO /home/runner/scoreboard.sv(43) @ 5955: uvm_test_top.env.scb [SCB_WR] DATA WRITTEN=59 , count=16
# KERNEL: UVM_INFO /home/runner/wr_driver.sv(33) @ 5955: uvm_test_top.env.wr_agent.drv [WR_DRV] wrst_n = 1, wdata =2f, winc= 1, 
# KERNEL: UVM_INFO /home/runner/wr_monitor.sv(59) @ 5975: uvm_test_top.env.wr_agent.mon [WR_MON] wrst_n = 1, wdata =2f, winc= 1, wfull=1
# KERNEL: UVM_INFO /home/runner/scoreboard.sv(37) @ 5975: uvm_test_top.env.scb [fifo_scoreboard] Scoreboard received item
# KERNEL: UVM_INFO /home/runner/scoreboard.sv(46) @ 5975: uvm_test_top.env.scb [SCB_wr_ig] Write ignored correctly: FIFO Full
# KERNEL: UVM_INFO /home/runner/wr_driver.sv(33) @ 5975: uvm_test_top.env.wr_agent.drv [WR_DRV] wrst_n = 1, wdata =d8, winc= 1, 
# KERNEL: Error: assertion.sv (36): OVERFLOW !!, write ignored because full detected
# KERNEL: UVM_INFO /home/runner/rd_driver.sv(33) @ 5993: uvm_test_top.env.rd_agent.drv [RD_DRV] rrst_n = 1, rinc= 1
# KERNEL: UVM_INFO /home/runner/wr_monitor.sv(59) @ 5995: uvm_test_top.env.wr_agent.mon [WR_MON] wrst_n = 1, wdata =d8, winc= 1, wfull=1
# KERNEL: UVM_INFO /home/runner/scoreboard.sv(37) @ 5995: uvm_test_top.env.scb [fifo_scoreboard] Scoreboard received item
# KERNEL: UVM_INFO /home/runner/scoreboard.sv(46) @ 5995: uvm_test_top.env.scb [SCB_wr_ig] Write ignored correctly: FIFO Full
# KERNEL: UVM_INFO /home/runner/wr_driver.sv(33) @ 5995: uvm_test_top.env.wr_agent.drv [WR_DRV] wrst_n = 1, wdata =0, winc= 0, 
# KERNEL: Error: assertion.sv (36): OVERFLOW !!, write ignored because full detected
# KERNEL: UVM_INFO /home/runner/wr_driver.sv(33) @ 6015: uvm_test_top.env.wr_agent.drv [WR_DRV] wrst_n = 1, wdata =0, winc= 0, 
# KERNEL: UVM_INFO /home/runner/wr_driver.sv(33) @ 6035: uvm_test_top.env.wr_agent.drv [WR_DRV] wrst_n = 1, wdata =bd, winc= 1, 
# KERNEL: UVM_INFO /home/runner/rd_driver.sv(33) @ 6045: uvm_test_top.env.rd_agent.drv [RD_DRV] rrst_n = 1, rinc= 1
# KERNEL: UVM_INFO /home/runner/wr_monitor.sv(59) @ 6055: uvm_test_top.env.wr_agent.mon [WR_MON] wrst_n = 1, wdata =bd, winc= 1, wfull=1
# KERNEL: UVM_INFO /home/runner/scoreboard.sv(37) @ 6055: uvm_test_top.env.scb [fifo_scoreboard] Scoreboard received item
# KERNEL: UVM_INFO /home/runner/scoreboard.sv(46) @ 6055: uvm_test_top.env.scb [SCB_wr_ig] Write ignored correctly: FIFO Full
# KERNEL: UVM_INFO /home/runner/wr_driver.sv(33) @ 6055: uvm_test_top.env.wr_agent.drv [WR_DRV] wrst_n = 1, wdata =0, winc= 0, 
# KERNEL: Error: assertion.sv (36): OVERFLOW !!, write ignored because full detected
# KERNEL: UVM_INFO /home/runner/rd_monitor.sv(50) @ 6071: uvm_test_top.env.rd_agent.mon [RD_MON] rrst_n = 1, rdata =9e, rinc= 1, rempty=0
# KERNEL: UVM_INFO /home/runner/scoreboard.sv(64) @ 6071: uvm_test_top.env.scb [fifo_scoreboard] Scoreboard received item
# KERNEL: UVM_INFO /home/runner/scoreboard.sv(69) @ 6071: uvm_test_top.env.scb [SCB_RD] DATA READ=9e ,count=15
# KERNEL: UVM_INFO /home/runner/scoreboard.sv(71) @ 6071: uvm_test_top.env.scb [SCB_PASS] MATCH exp_rdata=9e, ACT rdata=9e
# KERNEL: UVM_INFO /home/runner/wr_driver.sv(33) @ 6075: uvm_test_top.env.wr_agent.drv [WR_DRV] wrst_n = 1, wdata =70, winc= 1, 
# KERNEL: UVM_INFO /home/runner/wr_monitor.sv(46) @ 6095: uvm_test_top.env.wr_agent.mon [WR_MON] wrst_n = 1, wdata =70, winc= 1, wfull=0
# KERNEL: UVM_INFO /home/runner/scoreboard.sv(37) @ 6095: uvm_test_top.env.scb [fifo_scoreboard] Scoreboard received item
# KERNEL: UVM_INFO /home/runner/scoreboard.sv(43) @ 6095: uvm_test_top.env.scb [SCB_WR] DATA WRITTEN=70 , count=16
# KERNEL: UVM_INFO /home/runner/wr_driver.sv(33) @ 6095: uvm_test_top.env.wr_agent.drv [WR_DRV] wrst_n = 1, wdata =0, winc= 0, 
# KERNEL: UVM_INFO /home/runner/rd_driver.sv(33) @ 6097: uvm_test_top.env.rd_agent.drv [RD_DRV] rrst_n = 1, rinc= 1
# KERNEL: UVM_INFO /home/runner/wr_driver.sv(33) @ 6115: uvm_test_top.env.wr_agent.drv [WR_DRV] wrst_n = 1, wdata =0, winc= 0, 
# KERNEL: UVM_INFO /home/runner/rd_monitor.sv(50) @ 6123: uvm_test_top.env.rd_agent.mon [RD_MON] rrst_n = 1, rdata =29, rinc= 1, rempty=0
# KERNEL: UVM_INFO /home/runner/scoreboard.sv(64) @ 6123: uvm_test_top.env.scb [fifo_scoreboard] Scoreboard received item
# KERNEL: UVM_INFO /home/runner/scoreboard.sv(69) @ 6123: uvm_test_top.env.scb [SCB_RD] DATA READ=29 ,count=15
# KERNEL: UVM_INFO /home/runner/scoreboard.sv(71) @ 6123: uvm_test_top.env.scb [SCB_PASS] MATCH exp_rdata=29, ACT rdata=29
# KERNEL: UVM_INFO /home/runner/wr_driver.sv(33) @ 6135: uvm_test_top.env.wr_agent.drv [WR_DRV] wrst_n = 1, wdata =a4, winc= 1, 
# KERNEL: UVM_INFO /home/runner/rd_driver.sv(33) @ 6149: uvm_test_top.env.rd_agent.drv [RD_DRV] rrst_n = 1, rinc= 1
# KERNEL: UVM_INFO /home/runner/wr_monitor.sv(46) @ 6155: uvm_test_top.env.wr_agent.mon [WR_MON] wrst_n = 1, wdata =a4, winc= 1, wfull=0
# KERNEL: UVM_INFO /home/runner/scoreboard.sv(37) @ 6155: uvm_test_top.env.scb [fifo_scoreboard] Scoreboard received item
# KERNEL: UVM_INFO /home/runner/scoreboard.sv(43) @ 6155: uvm_test_top.env.scb [SCB_WR] DATA WRITTEN=a4 , count=16
# KERNEL: UVM_INFO /home/runner/wr_driver.sv(33) @ 6155: uvm_test_top.env.wr_agent.drv [WR_DRV] wrst_n = 1, wdata =0, winc= 0, 
# KERNEL: UVM_INFO /home/runner/rd_monitor.sv(50) @ 6175: uvm_test_top.env.rd_agent.mon [RD_MON] rrst_n = 1, rdata =a1, rinc= 1, rempty=0
# KERNEL: UVM_INFO /home/runner/scoreboard.sv(64) @ 6175: uvm_test_top.env.scb [fifo_scoreboard] Scoreboard received item
# KERNEL: UVM_INFO /home/runner/scoreboard.sv(69) @ 6175: uvm_test_top.env.scb [SCB_RD] DATA READ=a1 ,count=15
# KERNEL: UVM_INFO /home/runner/scoreboard.sv(71) @ 6175: uvm_test_top.env.scb [SCB_PASS] MATCH exp_rdata=a1, ACT rdata=a1
# KERNEL: UVM_INFO /home/runner/wr_driver.sv(33) @ 6175: uvm_test_top.env.wr_agent.drv [WR_DRV] wrst_n = 1, wdata =8b, winc= 1, 
# KERNEL: UVM_INFO /home/runner/wr_monitor.sv(46) @ 6195: uvm_test_top.env.wr_agent.mon [WR_MON] wrst_n = 1, wdata =8b, winc= 1, wfull=0
# KERNEL: UVM_INFO /home/runner/scoreboard.sv(37) @ 6195: uvm_test_top.env.scb [fifo_scoreboard] Scoreboard received item
# KERNEL: UVM_INFO /home/runner/scoreboard.sv(43) @ 6195: uvm_test_top.env.scb [SCB_WR] DATA WRITTEN=8b , count=16
# KERNEL: UVM_INFO /home/runner/wr_driver.sv(33) @ 6195: uvm_test_top.env.wr_agent.drv [WR_DRV] wrst_n = 1, wdata =39, winc= 1, 
# KERNEL: UVM_INFO /home/runner/rd_driver.sv(33) @ 6201: uvm_test_top.env.rd_agent.drv [RD_DRV] rrst_n = 1, rinc= 0
# KERNEL: UVM_INFO /home/runner/wr_monitor.sv(59) @ 6215: uvm_test_top.env.wr_agent.mon [WR_MON] wrst_n = 1, wdata =39, winc= 1, wfull=1
# KERNEL: UVM_INFO /home/runner/scoreboard.sv(37) @ 6215: uvm_test_top.env.scb [fifo_scoreboard] Scoreboard received item
# KERNEL: UVM_INFO /home/runner/scoreboard.sv(46) @ 6215: uvm_test_top.env.scb [SCB_wr_ig] Write ignored correctly: FIFO Full
# KERNEL: UVM_INFO /home/runner/wr_driver.sv(33) @ 6215: uvm_test_top.env.wr_agent.drv [WR_DRV] wrst_n = 1, wdata =ba, winc= 1, 
# KERNEL: Error: assertion.sv (36): OVERFLOW !!, write ignored because full detected
# KERNEL: UVM_INFO /home/runner/rd_monitor.sv(50) @ 6227: uvm_test_top.env.rd_agent.mon [RD_MON] rrst_n = 1, rdata =7a, rinc= 1, rempty=0
# KERNEL: UVM_INFO /home/runner/scoreboard.sv(64) @ 6227: uvm_test_top.env.scb [fifo_scoreboard] Scoreboard received item
# KERNEL: UVM_INFO /home/runner/scoreboard.sv(69) @ 6227: uvm_test_top.env.scb [SCB_RD] DATA READ=7a ,count=15
# KERNEL: UVM_INFO /home/runner/scoreboard.sv(71) @ 6227: uvm_test_top.env.scb [SCB_PASS] MATCH exp_rdata=7a, ACT rdata=7a
# KERNEL: UVM_INFO /home/runner/wr_monitor.sv(46) @ 6235: uvm_test_top.env.wr_agent.mon [WR_MON] wrst_n = 1, wdata =ba, winc= 1, wfull=0
# KERNEL: UVM_INFO /home/runner/scoreboard.sv(37) @ 6235: uvm_test_top.env.scb [fifo_scoreboard] Scoreboard received item
# KERNEL: UVM_INFO /home/runner/scoreboard.sv(43) @ 6235: uvm_test_top.env.scb [SCB_WR] DATA WRITTEN=ba , count=16
# KERNEL: UVM_INFO /home/runner/wr_driver.sv(33) @ 6235: uvm_test_top.env.wr_agent.drv [WR_DRV] wrst_n = 1, wdata =0, winc= 0, 
# KERNEL: UVM_INFO /home/runner/rd_driver.sv(33) @ 6253: uvm_test_top.env.rd_agent.drv [RD_DRV] rrst_n = 1, rinc= 1
# KERNEL: UVM_INFO /home/runner/wr_driver.sv(33) @ 6255: uvm_test_top.env.wr_agent.drv [WR_DRV] wrst_n = 1, wdata =0, winc= 0, 
# KERNEL: UVM_INFO /home/runner/wr_driver.sv(33) @ 6275: uvm_test_top.env.wr_agent.drv [WR_DRV] wrst_n = 1, wdata =0, winc= 0, 
# KERNEL: UVM_INFO /home/runner/wr_driver.sv(33) @ 6295: uvm_test_top.env.wr_agent.drv [WR_DRV] wrst_n = 1, wdata =f0, winc= 1, 
# KERNEL: UVM_INFO /home/runner/rd_driver.sv(33) @ 6305: uvm_test_top.env.rd_agent.drv [RD_DRV] rrst_n = 1, rinc= 0
# KERNEL: UVM_INFO /home/runner/wr_monitor.sv(59) @ 6315: uvm_test_top.env.wr_agent.mon [WR_MON] wrst_n = 1, wdata =f0, winc= 1, wfull=1
# KERNEL: UVM_INFO /home/runner/scoreboard.sv(37) @ 6315: uvm_test_top.env.scb [fifo_scoreboard] Scoreboard received item
# KERNEL: UVM_INFO /home/runner/scoreboard.sv(46) @ 6315: uvm_test_top.env.scb [SCB_wr_ig] Write ignored correctly: FIFO Full
# KERNEL: UVM_INFO /home/runner/wr_driver.sv(33) @ 6315: uvm_test_top.env.wr_agent.drv [WR_DRV] wrst_n = 1, wdata =8a, winc= 1, 
# KERNEL: Error: assertion.sv (36): OVERFLOW !!, write ignored because full detected
# KERNEL: UVM_INFO /home/runner/rd_monitor.sv(50) @ 6331: uvm_test_top.env.rd_agent.mon [RD_MON] rrst_n = 1, rdata =25, rinc= 1, rempty=0
# KERNEL: UVM_INFO /home/runner/scoreboard.sv(64) @ 6331: uvm_test_top.env.scb [fifo_scoreboard] Scoreboard received item
# KERNEL: UVM_INFO /home/runner/scoreboard.sv(69) @ 6331: uvm_test_top.env.scb [SCB_RD] DATA READ=25 ,count=15
# KERNEL: UVM_INFO /home/runner/scoreboard.sv(71) @ 6331: uvm_test_top.env.scb [SCB_PASS] MATCH exp_rdata=25, ACT rdata=25
# KERNEL: UVM_INFO /home/runner/wr_monitor.sv(59) @ 6335: uvm_test_top.env.wr_agent.mon [WR_MON] wrst_n = 1, wdata =8a, winc= 1, wfull=1
# KERNEL: UVM_INFO /home/runner/scoreboard.sv(37) @ 6335: uvm_test_top.env.scb [fifo_scoreboard] Scoreboard received item
# KERNEL: UVM_INFO /home/runner/scoreboard.sv(46) @ 6335: uvm_test_top.env.scb [SCB_wr_ig] Write ignored correctly: FIFO Full
# KERNEL: UVM_INFO /home/runner/wr_driver.sv(33) @ 6335: uvm_test_top.env.wr_agent.drv [WR_DRV] wrst_n = 1, wdata =0, winc= 0, 
# KERNEL: Error: assertion.sv (36): OVERFLOW !!, write ignored because full detected
# KERNEL: UVM_INFO /home/runner/wr_driver.sv(33) @ 6355: uvm_test_top.env.wr_agent.drv [WR_DRV] wrst_n = 1, wdata =35, winc= 1, 
# KERNEL: UVM_INFO /home/runner/rd_driver.sv(33) @ 6357: uvm_test_top.env.rd_agent.drv [RD_DRV] rrst_n = 1, rinc= 0
# KERNEL: UVM_INFO /home/runner/wr_monitor.sv(46) @ 6375: uvm_test_top.env.wr_agent.mon [WR_MON] wrst_n = 1, wdata =35, winc= 1, wfull=0
# KERNEL: UVM_INFO /home/runner/scoreboard.sv(37) @ 6375: uvm_test_top.env.scb [fifo_scoreboard] Scoreboard received item
# KERNEL: UVM_INFO /home/runner/scoreboard.sv(43) @ 6375: uvm_test_top.env.scb [SCB_WR] DATA WRITTEN=35 , count=16
# KERNEL: UVM_INFO /home/runner/wr_driver.sv(33) @ 6375: uvm_test_top.env.wr_agent.drv [WR_DRV] wrst_n = 1, wdata =0, winc= 0, 
# KERNEL: UVM_INFO /home/runner/wr_driver.sv(33) @ 6395: uvm_test_top.env.wr_agent.drv [WR_DRV] wrst_n = 1, wdata =28, winc= 1, 
# KERNEL: UVM_INFO /home/runner/rd_driver.sv(33) @ 6409: uvm_test_top.env.rd_agent.drv [RD_DRV] rrst_n = 1, rinc= 1
# KERNEL: UVM_INFO /home/runner/wr_monitor.sv(59) @ 6415: uvm_test_top.env.wr_agent.mon [WR_MON] wrst_n = 1, wdata =28, winc= 1, wfull=1
# KERNEL: UVM_INFO /home/runner/scoreboard.sv(37) @ 6415: uvm_test_top.env.scb [fifo_scoreboard] Scoreboard received item
# KERNEL: UVM_INFO /home/runner/scoreboard.sv(46) @ 6415: uvm_test_top.env.scb [SCB_wr_ig] Write ignored correctly: FIFO Full
# KERNEL: UVM_INFO /home/runner/wr_driver.sv(33) @ 6415: uvm_test_top.env.wr_agent.drv [WR_DRV] wrst_n = 1, wdata =dd, winc= 1, 
# KERNEL: Error: assertion.sv (36): OVERFLOW !!, write ignored because full detected
# KERNEL: UVM_INFO /home/runner/wr_monitor.sv(59) @ 6435: uvm_test_top.env.wr_agent.mon [WR_MON] wrst_n = 1, wdata =dd, winc= 1, wfull=1
# KERNEL: UVM_INFO /home/runner/scoreboard.sv(37) @ 6435: uvm_test_top.env.scb [fifo_scoreboard] Scoreboard received item
# KERNEL: UVM_INFO /home/runner/scoreboard.sv(46) @ 6435: uvm_test_top.env.scb [SCB_wr_ig] Write ignored correctly: FIFO Full
# KERNEL: UVM_INFO /home/runner/wr_driver.sv(33) @ 6435: uvm_test_top.env.wr_agent.drv [WR_DRV] wrst_n = 1, wdata =0, winc= 0, 
# KERNEL: Error: assertion.sv (36): OVERFLOW !!, write ignored because full detected
# KERNEL: UVM_INFO /home/runner/wr_driver.sv(33) @ 6455: uvm_test_top.env.wr_agent.drv [WR_DRV] wrst_n = 1, wdata =bc, winc= 1, 
# KERNEL: UVM_INFO /home/runner/rd_driver.sv(33) @ 6461: uvm_test_top.env.rd_agent.drv [RD_DRV] rrst_n = 1, rinc= 0
# KERNEL: UVM_INFO /home/runner/wr_monitor.sv(59) @ 6475: uvm_test_top.env.wr_agent.mon [WR_MON] wrst_n = 1, wdata =bc, winc= 1, wfull=1
# KERNEL: UVM_INFO /home/runner/scoreboard.sv(37) @ 6475: uvm_test_top.env.scb [fifo_scoreboard] Scoreboard received item
# KERNEL: UVM_INFO /home/runner/scoreboard.sv(46) @ 6475: uvm_test_top.env.scb [SCB_wr_ig] Write ignored correctly: FIFO Full
# KERNEL: UVM_INFO /home/runner/wr_driver.sv(33) @ 6475: uvm_test_top.env.wr_agent.drv [WR_DRV] wrst_n = 1, wdata =e6, winc= 1, 
# KERNEL: Error: assertion.sv (36): OVERFLOW !!, write ignored because full detected
# KERNEL: UVM_INFO /home/runner/rd_monitor.sv(50) @ 6487: uvm_test_top.env.rd_agent.mon [RD_MON] rrst_n = 1, rdata =4d, rinc= 1, rempty=0
# KERNEL: UVM_INFO /home/runner/scoreboard.sv(64) @ 6487: uvm_test_top.env.scb [fifo_scoreboard] Scoreboard received item
# KERNEL: UVM_INFO /home/runner/scoreboard.sv(69) @ 6487: uvm_test_top.env.scb [SCB_RD] DATA READ=4d ,count=15
# KERNEL: UVM_INFO /home/runner/scoreboard.sv(71) @ 6487: uvm_test_top.env.scb [SCB_PASS] MATCH exp_rdata=4d, ACT rdata=4d
# KERNEL: UVM_INFO /home/runner/wr_monitor.sv(46) @ 6495: uvm_test_top.env.wr_agent.mon [WR_MON] wrst_n = 1, wdata =e6, winc= 1, wfull=0
# KERNEL: UVM_INFO /home/runner/scoreboard.sv(37) @ 6495: uvm_test_top.env.scb [fifo_scoreboard] Scoreboard received item
# KERNEL: UVM_INFO /home/runner/scoreboard.sv(43) @ 6495: uvm_test_top.env.scb [SCB_WR] DATA WRITTEN=e6 , count=16
# KERNEL: UVM_INFO /home/runner/wr_driver.sv(33) @ 6495: uvm_test_top.env.wr_agent.drv [WR_DRV] wrst_n = 1, wdata =e3, winc= 1, 
# KERNEL: UVM_INFO /home/runner/rd_driver.sv(33) @ 6513: uvm_test_top.env.rd_agent.drv [RD_DRV] rrst_n = 1, rinc= 1
# KERNEL: UVM_INFO /home/runner/wr_monitor.sv(59) @ 6515: uvm_test_top.env.wr_agent.mon [WR_MON] wrst_n = 1, wdata =e3, winc= 1, wfull=1
# KERNEL: UVM_INFO /home/runner/scoreboard.sv(37) @ 6515: uvm_test_top.env.scb [fifo_scoreboard] Scoreboard received item
# KERNEL: UVM_INFO /home/runner/scoreboard.sv(46) @ 6515: uvm_test_top.env.scb [SCB_wr_ig] Write ignored correctly: FIFO Full
# KERNEL: UVM_INFO /home/runner/wr_driver.sv(33) @ 6515: uvm_test_top.env.wr_agent.drv [WR_DRV] wrst_n = 1, wdata =b1, winc= 1, 
# KERNEL: Error: assertion.sv (36): OVERFLOW !!, write ignored because full detected
# KERNEL: UVM_INFO /home/runner/wr_monitor.sv(59) @ 6535: uvm_test_top.env.wr_agent.mon [WR_MON] wrst_n = 1, wdata =b1, winc= 1, wfull=1
# KERNEL: UVM_INFO /home/runner/scoreboard.sv(37) @ 6535: uvm_test_top.env.scb [fifo_scoreboard] Scoreboard received item
# KERNEL: UVM_INFO /home/runner/scoreboard.sv(46) @ 6535: uvm_test_top.env.scb [SCB_wr_ig] Write ignored correctly: FIFO Full
# KERNEL: UVM_INFO /home/runner/wr_driver.sv(33) @ 6535: uvm_test_top.env.wr_agent.drv [WR_DRV] wrst_n = 1, wdata =52, winc= 1, 
# KERNEL: Error: assertion.sv (36): OVERFLOW !!, write ignored because full detected
# KERNEL: UVM_INFO /home/runner/wr_monitor.sv(59) @ 6555: uvm_test_top.env.wr_agent.mon [WR_MON] wrst_n = 1, wdata =52, winc= 1, wfull=1
# KERNEL: UVM_INFO /home/runner/scoreboard.sv(37) @ 6555: uvm_test_top.env.scb [fifo_scoreboard] Scoreboard received item
# KERNEL: UVM_INFO /home/runner/scoreboard.sv(46) @ 6555: uvm_test_top.env.scb [SCB_wr_ig] Write ignored correctly: FIFO Full
# KERNEL: UVM_INFO /home/runner/wr_driver.sv(33) @ 6555: uvm_test_top.env.wr_agent.drv [WR_DRV] wrst_n = 1, wdata =c4, winc= 1, 
# KERNEL: Error: assertion.sv (36): OVERFLOW !!, write ignored because full detected
# KERNEL: UVM_INFO /home/runner/rd_driver.sv(33) @ 6565: uvm_test_top.env.rd_agent.drv [RD_DRV] rrst_n = 1, rinc= 0
# KERNEL: UVM_INFO /home/runner/wr_monitor.sv(59) @ 6575: uvm_test_top.env.wr_agent.mon [WR_MON] wrst_n = 1, wdata =c4, winc= 1, wfull=1
# KERNEL: UVM_INFO /home/runner/scoreboard.sv(37) @ 6575: uvm_test_top.env.scb [fifo_scoreboard] Scoreboard received item
# KERNEL: UVM_INFO /home/runner/scoreboard.sv(46) @ 6575: uvm_test_top.env.scb [SCB_wr_ig] Write ignored correctly: FIFO Full
# KERNEL: UVM_INFO /home/runner/wr_driver.sv(33) @ 6575: uvm_test_top.env.wr_agent.drv [WR_DRV] wrst_n = 1, wdata =9, winc= 1, 
# KERNEL: Error: assertion.sv (36): OVERFLOW !!, write ignored because full detected
# KERNEL: UVM_INFO /home/runner/rd_monitor.sv(50) @ 6591: uvm_test_top.env.rd_agent.mon [RD_MON] rrst_n = 1, rdata =2c, rinc= 1, rempty=0
# KERNEL: UVM_INFO /home/runner/scoreboard.sv(64) @ 6591: uvm_test_top.env.scb [fifo_scoreboard] Scoreboard received item
# KERNEL: UVM_INFO /home/runner/scoreboard.sv(69) @ 6591: uvm_test_top.env.scb [SCB_RD] DATA READ=2c ,count=15
# KERNEL: UVM_INFO /home/runner/scoreboard.sv(71) @ 6591: uvm_test_top.env.scb [SCB_PASS] MATCH exp_rdata=2c, ACT rdata=2c
# KERNEL: UVM_INFO /home/runner/wr_monitor.sv(59) @ 6595: uvm_test_top.env.wr_agent.mon [WR_MON] wrst_n = 1, wdata =9, winc= 1, wfull=1
# KERNEL: UVM_INFO /home/runner/scoreboard.sv(37) @ 6595: uvm_test_top.env.scb [fifo_scoreboard] Scoreboard received item
# KERNEL: UVM_INFO /home/runner/scoreboard.sv(46) @ 6595: uvm_test_top.env.scb [SCB_wr_ig] Write ignored correctly: FIFO Full
# KERNEL: UVM_INFO /home/runner/wr_driver.sv(33) @ 6595: uvm_test_top.env.wr_agent.drv [WR_DRV] wrst_n = 1, wdata =1f, winc= 1, 
# KERNEL: Error: assertion.sv (36): OVERFLOW !!, write ignored because full detected
# KERNEL: UVM_INFO /home/runner/wr_monitor.sv(46) @ 6615: uvm_test_top.env.wr_agent.mon [WR_MON] wrst_n = 1, wdata =1f, winc= 1, wfull=0
# KERNEL: UVM_INFO /home/runner/scoreboard.sv(37) @ 6615: uvm_test_top.env.scb [fifo_scoreboard] Scoreboard received item
# KERNEL: UVM_INFO /home/runner/scoreboard.sv(43) @ 6615: uvm_test_top.env.scb [SCB_WR] DATA WRITTEN=1f , count=16
# KERNEL: UVM_INFO /home/runner/wr_driver.sv(33) @ 6615: uvm_test_top.env.wr_agent.drv [WR_DRV] wrst_n = 1, wdata =8, winc= 1, 
# KERNEL: UVM_INFO /home/runner/rd_driver.sv(33) @ 6617: uvm_test_top.env.rd_agent.drv [RD_DRV] rrst_n = 1, rinc= 1
# KERNEL: UVM_INFO /home/runner/wr_monitor.sv(59) @ 6635: uvm_test_top.env.wr_agent.mon [WR_MON] wrst_n = 1, wdata =8, winc= 1, wfull=1
# KERNEL: UVM_INFO /home/runner/scoreboard.sv(37) @ 6635: uvm_test_top.env.scb [fifo_scoreboard] Scoreboard received item
# KERNEL: UVM_INFO /home/runner/scoreboard.sv(46) @ 6635: uvm_test_top.env.scb [SCB_wr_ig] Write ignored correctly: FIFO Full
# KERNEL: UVM_INFO /home/runner/wr_driver.sv(33) @ 6635: uvm_test_top.env.wr_agent.drv [WR_DRV] wrst_n = 1, wdata =c2, winc= 1, 
# KERNEL: Error: assertion.sv (36): OVERFLOW !!, write ignored because full detected
# KERNEL: UVM_INFO /home/runner/wr_monitor.sv(59) @ 6655: uvm_test_top.env.wr_agent.mon [WR_MON] wrst_n = 1, wdata =c2, winc= 1, wfull=1
# KERNEL: UVM_INFO /home/runner/scoreboard.sv(37) @ 6655: uvm_test_top.env.scb [fifo_scoreboard] Scoreboard received item
# KERNEL: UVM_INFO /home/runner/scoreboard.sv(46) @ 6655: uvm_test_top.env.scb [SCB_wr_ig] Write ignored correctly: FIFO Full
# KERNEL: UVM_INFO /home/runner/wr_driver.sv(33) @ 6655: uvm_test_top.env.wr_agent.drv [WR_DRV] wrst_n = 1, wdata =4f, winc= 1, 
# KERNEL: Error: assertion.sv (36): OVERFLOW !!, write ignored because full detected
# KERNEL: UVM_INFO /home/runner/rd_driver.sv(33) @ 6669: uvm_test_top.env.rd_agent.drv [RD_DRV] rrst_n = 1, rinc= 0
# KERNEL: UVM_INFO /home/runner/wr_monitor.sv(59) @ 6675: uvm_test_top.env.wr_agent.mon [WR_MON] wrst_n = 1, wdata =4f, winc= 1, wfull=1
# KERNEL: UVM_INFO /home/runner/scoreboard.sv(37) @ 6675: uvm_test_top.env.scb [fifo_scoreboard] Scoreboard received item
# KERNEL: UVM_INFO /home/runner/scoreboard.sv(46) @ 6675: uvm_test_top.env.scb [SCB_wr_ig] Write ignored correctly: FIFO Full
# KERNEL: UVM_INFO /home/runner/wr_driver.sv(33) @ 6675: uvm_test_top.env.wr_agent.drv [WR_DRV] wrst_n = 1, wdata =ad, winc= 1, 
# KERNEL: Error: assertion.sv (36): OVERFLOW !!, write ignored because full detected
# KERNEL: UVM_INFO /home/runner/wr_monitor.sv(59) @ 6695: uvm_test_top.env.wr_agent.mon [WR_MON] wrst_n = 1, wdata =ad, winc= 1, wfull=1
# KERNEL: UVM_INFO /home/runner/scoreboard.sv(37) @ 6695: uvm_test_top.env.scb [fifo_scoreboard] Scoreboard received item
# KERNEL: UVM_INFO /home/runner/scoreboard.sv(46) @ 6695: uvm_test_top.env.scb [SCB_wr_ig] Write ignored correctly: FIFO Full
# KERNEL: UVM_INFO /home/runner/rd_monitor.sv(50) @ 6695: uvm_test_top.env.rd_agent.mon [RD_MON] rrst_n = 1, rdata =a1, rinc= 1, rempty=0
# KERNEL: UVM_INFO /home/runner/scoreboard.sv(64) @ 6695: uvm_test_top.env.scb [fifo_scoreboard] Scoreboard received item
# KERNEL: UVM_INFO /home/runner/scoreboard.sv(69) @ 6695: uvm_test_top.env.scb [SCB_RD] DATA READ=a1 ,count=15
# KERNEL: UVM_INFO /home/runner/scoreboard.sv(71) @ 6695: uvm_test_top.env.scb [SCB_PASS] MATCH exp_rdata=a1, ACT rdata=a1
# KERNEL: UVM_INFO /home/runner/wr_driver.sv(33) @ 6695: uvm_test_top.env.wr_agent.drv [WR_DRV] wrst_n = 1, wdata =0, winc= 0, 
# KERNEL: Error: assertion.sv (36): OVERFLOW !!, write ignored because full detected
# KERNEL: UVM_INFO /home/runner/wr_driver.sv(33) @ 6715: uvm_test_top.env.wr_agent.drv [WR_DRV] wrst_n = 1, wdata =0, winc= 0, 
# KERNEL: UVM_INFO /home/runner/rd_driver.sv(33) @ 6721: uvm_test_top.env.rd_agent.drv [RD_DRV] rrst_n = 1, rinc= 1
# KERNEL: UVM_INFO /home/runner/wr_driver.sv(33) @ 6735: uvm_test_top.env.wr_agent.drv [WR_DRV] wrst_n = 1, wdata =e5, winc= 1, 
# KERNEL: UVM_INFO /home/runner/wr_monitor.sv(46) @ 6755: uvm_test_top.env.wr_agent.mon [WR_MON] wrst_n = 1, wdata =e5, winc= 1, wfull=0
# KERNEL: UVM_INFO /home/runner/scoreboard.sv(37) @ 6755: uvm_test_top.env.scb [fifo_scoreboard] Scoreboard received item
# KERNEL: UVM_INFO /home/runner/scoreboard.sv(43) @ 6755: uvm_test_top.env.scb [SCB_WR] DATA WRITTEN=e5 , count=16
# KERNEL: UVM_INFO /home/runner/wr_driver.sv(33) @ 6755: uvm_test_top.env.wr_agent.drv [WR_DRV] wrst_n = 1, wdata =8b, winc= 1, 
# KERNEL: UVM_INFO /home/runner/rd_driver.sv(33) @ 6773: uvm_test_top.env.rd_agent.drv [RD_DRV] rrst_n = 1, rinc= 0
# KERNEL: UVM_INFO /home/runner/wr_monitor.sv(59) @ 6775: uvm_test_top.env.wr_agent.mon [WR_MON] wrst_n = 1, wdata =8b, winc= 1, wfull=1
# KERNEL: UVM_INFO /home/runner/scoreboard.sv(37) @ 6775: uvm_test_top.env.scb [fifo_scoreboard] Scoreboard received item
# KERNEL: UVM_INFO /home/runner/scoreboard.sv(46) @ 6775: uvm_test_top.env.scb [SCB_wr_ig] Write ignored correctly: FIFO Full
# KERNEL: UVM_INFO /home/runner/wr_driver.sv(33) @ 6775: uvm_test_top.env.wr_agent.drv [WR_DRV] wrst_n = 1, wdata =4, winc= 1, 
# KERNEL: Error: assertion.sv (36): OVERFLOW !!, write ignored because full detected
# KERNEL: UVM_INFO /home/runner/wr_monitor.sv(59) @ 6795: uvm_test_top.env.wr_agent.mon [WR_MON] wrst_n = 1, wdata =4, winc= 1, wfull=1
# KERNEL: UVM_INFO /home/runner/scoreboard.sv(37) @ 6795: uvm_test_top.env.scb [fifo_scoreboard] Scoreboard received item
# KERNEL: UVM_INFO /home/runner/scoreboard.sv(46) @ 6795: uvm_test_top.env.scb [SCB_wr_ig] Write ignored correctly: FIFO Full
# KERNEL: UVM_INFO /home/runner/wr_driver.sv(33) @ 6795: uvm_test_top.env.wr_agent.drv [WR_DRV] wrst_n = 1, wdata =0, winc= 0, 
# KERNEL: Error: assertion.sv (36): OVERFLOW !!, write ignored because full detected
# KERNEL: UVM_INFO /home/runner/rd_monitor.sv(50) @ 6799: uvm_test_top.env.rd_agent.mon [RD_MON] rrst_n = 1, rdata =79, rinc= 1, rempty=0
# KERNEL: UVM_INFO /home/runner/scoreboard.sv(64) @ 6799: uvm_test_top.env.scb [fifo_scoreboard] Scoreboard received item
# KERNEL: UVM_INFO /home/runner/scoreboard.sv(69) @ 6799: uvm_test_top.env.scb [SCB_RD] DATA READ=79 ,count=15
# KERNEL: UVM_INFO /home/runner/scoreboard.sv(71) @ 6799: uvm_test_top.env.scb [SCB_PASS] MATCH exp_rdata=79, ACT rdata=79
# KERNEL: UVM_INFO /home/runner/wr_driver.sv(33) @ 6815: uvm_test_top.env.wr_agent.drv [WR_DRV] wrst_n = 1, wdata =0, winc= 0, 
# KERNEL: UVM_INFO /home/runner/rd_driver.sv(33) @ 6825: uvm_test_top.env.rd_agent.drv [RD_DRV] rrst_n = 1, rinc= 0
# KERNEL: UVM_INFO /home/runner/wr_driver.sv(33) @ 6835: uvm_test_top.env.wr_agent.drv [WR_DRV] wrst_n = 1, wdata =59, winc= 1, 
# KERNEL: UVM_INFO /home/runner/wr_monitor.sv(46) @ 6855: uvm_test_top.env.wr_agent.mon [WR_MON] wrst_n = 1, wdata =59, winc= 1, wfull=0
# KERNEL: UVM_INFO /home/runner/scoreboard.sv(37) @ 6855: uvm_test_top.env.scb [fifo_scoreboard] Scoreboard received item
# KERNEL: UVM_INFO /home/runner/scoreboard.sv(43) @ 6855: uvm_test_top.env.scb [SCB_WR] DATA WRITTEN=59 , count=16
# KERNEL: UVM_INFO /home/runner/wr_driver.sv(33) @ 6855: uvm_test_top.env.wr_agent.drv [WR_DRV] wrst_n = 1, wdata =0, winc= 0, 
# KERNEL: UVM_INFO /home/runner/wr_driver.sv(33) @ 6875: uvm_test_top.env.wr_agent.drv [WR_DRV] wrst_n = 1, wdata =ac, winc= 1, 
# KERNEL: UVM_INFO /home/runner/rd_driver.sv(33) @ 6877: uvm_test_top.env.rd_agent.drv [RD_DRV] rrst_n = 1, rinc= 1
# KERNEL: UVM_INFO /home/runner/wr_monitor.sv(59) @ 6895: uvm_test_top.env.wr_agent.mon [WR_MON] wrst_n = 1, wdata =ac, winc= 1, wfull=1
# KERNEL: UVM_INFO /home/runner/scoreboard.sv(37) @ 6895: uvm_test_top.env.scb [fifo_scoreboard] Scoreboard received item
# KERNEL: UVM_INFO /home/runner/scoreboard.sv(46) @ 6895: uvm_test_top.env.scb [SCB_wr_ig] Write ignored correctly: FIFO Full
# KERNEL: UVM_INFO /home/runner/wr_driver.sv(33) @ 6895: uvm_test_top.env.wr_agent.drv [WR_DRV] wrst_n = 1, wdata =11, winc= 1, 
# KERNEL: Error: assertion.sv (36): OVERFLOW !!, write ignored because full detected
# KERNEL: UVM_INFO /home/runner/wr_monitor.sv(59) @ 6915: uvm_test_top.env.wr_agent.mon [WR_MON] wrst_n = 1, wdata =11, winc= 1, wfull=1
# KERNEL: UVM_INFO /home/runner/scoreboard.sv(37) @ 6915: uvm_test_top.env.scb [fifo_scoreboard] Scoreboard received item
# KERNEL: UVM_INFO /home/runner/scoreboard.sv(46) @ 6915: uvm_test_top.env.scb [SCB_wr_ig] Write ignored correctly: FIFO Full
# KERNEL: UVM_INFO /home/runner/wr_driver.sv(33) @ 6915: uvm_test_top.env.wr_agent.drv [WR_DRV] wrst_n = 1, wdata =47, winc= 1, 
# KERNEL: Error: assertion.sv (36): OVERFLOW !!, write ignored because full detected
# KERNEL: UVM_INFO /home/runner/rd_driver.sv(33) @ 6929: uvm_test_top.env.rd_agent.drv [RD_DRV] rrst_n = 1, rinc= 0
# KERNEL: UVM_INFO /home/runner/wr_monitor.sv(59) @ 6935: uvm_test_top.env.wr_agent.mon [WR_MON] wrst_n = 1, wdata =47, winc= 1, wfull=1
# KERNEL: UVM_INFO /home/runner/scoreboard.sv(37) @ 6935: uvm_test_top.env.scb [fifo_scoreboard] Scoreboard received item
# KERNEL: UVM_INFO /home/runner/scoreboard.sv(46) @ 6935: uvm_test_top.env.scb [SCB_wr_ig] Write ignored correctly: FIFO Full
# KERNEL: UVM_INFO /home/runner/wr_driver.sv(33) @ 6935: uvm_test_top.env.wr_agent.drv [WR_DRV] wrst_n = 1, wdata =0, winc= 0, 
# KERNEL: Error: assertion.sv (36): OVERFLOW !!, write ignored because full detected
# KERNEL: UVM_INFO /home/runner/rd_monitor.sv(50) @ 6955: uvm_test_top.env.rd_agent.mon [RD_MON] rrst_n = 1, rdata =9d, rinc= 1, rempty=0
# KERNEL: UVM_INFO /home/runner/scoreboard.sv(64) @ 6955: uvm_test_top.env.scb [fifo_scoreboard] Scoreboard received item
# KERNEL: UVM_INFO /home/runner/scoreboard.sv(69) @ 6955: uvm_test_top.env.scb [SCB_RD] DATA READ=9d ,count=15
# KERNEL: UVM_INFO /home/runner/scoreboard.sv(71) @ 6955: uvm_test_top.env.scb [SCB_PASS] MATCH exp_rdata=9d, ACT rdata=9d
# KERNEL: UVM_INFO /home/runner/wr_driver.sv(33) @ 6955: uvm_test_top.env.wr_agent.drv [WR_DRV] wrst_n = 1, wdata =0, winc= 0, 
# KERNEL: UVM_INFO /home/runner/wr_driver.sv(33) @ 6975: uvm_test_top.env.wr_agent.drv [WR_DRV] wrst_n = 1, wdata =0, winc= 0, 
# KERNEL: UVM_INFO /home/runner/rd_driver.sv(33) @ 6981: uvm_test_top.env.rd_agent.drv [RD_DRV] rrst_n = 1, rinc= 1
# KERNEL: UVM_INFO /home/runner/wr_driver.sv(33) @ 6995: uvm_test_top.env.wr_agent.drv [WR_DRV] wrst_n = 1, wdata =55, winc= 1, 
# KERNEL: UVM_INFO /home/runner/wr_monitor.sv(46) @ 7015: uvm_test_top.env.wr_agent.mon [WR_MON] wrst_n = 1, wdata =55, winc= 1, wfull=0
# KERNEL: UVM_INFO /home/runner/scoreboard.sv(37) @ 7015: uvm_test_top.env.scb [fifo_scoreboard] Scoreboard received item
# KERNEL: UVM_INFO /home/runner/scoreboard.sv(43) @ 7015: uvm_test_top.env.scb [SCB_WR] DATA WRITTEN=55 , count=16
# KERNEL: UVM_INFO /home/runner/wr_driver.sv(33) @ 7015: uvm_test_top.env.wr_agent.drv [WR_DRV] wrst_n = 1, wdata =a6, winc= 1, 
# KERNEL: UVM_INFO /home/runner/rd_driver.sv(33) @ 7033: uvm_test_top.env.rd_agent.drv [RD_DRV] rrst_n = 1, rinc= 1
# KERNEL: UVM_INFO /home/runner/wr_monitor.sv(59) @ 7035: uvm_test_top.env.wr_agent.mon [WR_MON] wrst_n = 1, wdata =a6, winc= 1, wfull=1
# KERNEL: UVM_INFO /home/runner/scoreboard.sv(37) @ 7035: uvm_test_top.env.scb [fifo_scoreboard] Scoreboard received item
# KERNEL: UVM_INFO /home/runner/scoreboard.sv(46) @ 7035: uvm_test_top.env.scb [SCB_wr_ig] Write ignored correctly: FIFO Full
# KERNEL: UVM_INFO /home/runner/wr_driver.sv(33) @ 7035: uvm_test_top.env.wr_agent.drv [WR_DRV] wrst_n = 1, wdata =0, winc= 0, 
# KERNEL: Error: assertion.sv (36): OVERFLOW !!, write ignored because full detected
# KERNEL: UVM_INFO /home/runner/wr_driver.sv(33) @ 7055: uvm_test_top.env.wr_agent.drv [WR_DRV] wrst_n = 1, wdata =bd, winc= 1, 
# KERNEL: UVM_INFO /home/runner/rd_monitor.sv(50) @ 7059: uvm_test_top.env.rd_agent.mon [RD_MON] rrst_n = 1, rdata =19, rinc= 1, rempty=0
# KERNEL: UVM_INFO /home/runner/scoreboard.sv(64) @ 7059: uvm_test_top.env.scb [fifo_scoreboard] Scoreboard received item
# KERNEL: UVM_INFO /home/runner/scoreboard.sv(69) @ 7059: uvm_test_top.env.scb [SCB_RD] DATA READ=19 ,count=15
# KERNEL: UVM_INFO /home/runner/scoreboard.sv(71) @ 7059: uvm_test_top.env.scb [SCB_PASS] MATCH exp_rdata=19, ACT rdata=19
# KERNEL: UVM_INFO /home/runner/wr_monitor.sv(46) @ 7075: uvm_test_top.env.wr_agent.mon [WR_MON] wrst_n = 1, wdata =bd, winc= 1, wfull=0
# KERNEL: UVM_INFO /home/runner/scoreboard.sv(37) @ 7075: uvm_test_top.env.scb [fifo_scoreboard] Scoreboard received item
# KERNEL: UVM_INFO /home/runner/scoreboard.sv(43) @ 7075: uvm_test_top.env.scb [SCB_WR] DATA WRITTEN=bd , count=16
# KERNEL: UVM_INFO /home/runner/wr_driver.sv(33) @ 7075: uvm_test_top.env.wr_agent.drv [WR_DRV] wrst_n = 1, wdata =83, winc= 1, 
# KERNEL: UVM_INFO /home/runner/rd_driver.sv(33) @ 7085: uvm_test_top.env.rd_agent.drv [RD_DRV] rrst_n = 1, rinc= 1
# KERNEL: UVM_INFO /home/runner/wr_monitor.sv(59) @ 7095: uvm_test_top.env.wr_agent.mon [WR_MON] wrst_n = 1, wdata =83, winc= 1, wfull=1
# KERNEL: UVM_INFO /home/runner/scoreboard.sv(37) @ 7095: uvm_test_top.env.scb [fifo_scoreboard] Scoreboard received item
# KERNEL: UVM_INFO /home/runner/scoreboard.sv(46) @ 7095: uvm_test_top.env.scb [SCB_wr_ig] Write ignored correctly: FIFO Full
# KERNEL: UVM_INFO /home/runner/wr_driver.sv(33) @ 7095: uvm_test_top.env.wr_agent.drv [WR_DRV] wrst_n = 1, wdata =1c, winc= 1, 
# KERNEL: Error: assertion.sv (36): OVERFLOW !!, write ignored because full detected
# KERNEL: UVM_INFO /home/runner/rd_monitor.sv(50) @ 7111: uvm_test_top.env.rd_agent.mon [RD_MON] rrst_n = 1, rdata =6c, rinc= 1, rempty=0
# KERNEL: UVM_INFO /home/runner/scoreboard.sv(64) @ 7111: uvm_test_top.env.scb [fifo_scoreboard] Scoreboard received item
# KERNEL: UVM_INFO /home/runner/scoreboard.sv(69) @ 7111: uvm_test_top.env.scb [SCB_RD] DATA READ=6c ,count=15
# KERNEL: UVM_INFO /home/runner/scoreboard.sv(71) @ 7111: uvm_test_top.env.scb [SCB_PASS] MATCH exp_rdata=6c, ACT rdata=6c
# KERNEL: UVM_INFO /home/runner/wr_monitor.sv(59) @ 7115: uvm_test_top.env.wr_agent.mon [WR_MON] wrst_n = 1, wdata =1c, winc= 1, wfull=1
# KERNEL: UVM_INFO /home/runner/scoreboard.sv(37) @ 7115: uvm_test_top.env.scb [fifo_scoreboard] Scoreboard received item
# KERNEL: UVM_INFO /home/runner/scoreboard.sv(46) @ 7115: uvm_test_top.env.scb [SCB_wr_ig] Write ignored correctly: FIFO Full
# KERNEL: UVM_INFO /home/runner/wr_driver.sv(33) @ 7115: uvm_test_top.env.wr_agent.drv [WR_DRV] wrst_n = 1, wdata =86, winc= 1, 
# KERNEL: Error: assertion.sv (36): OVERFLOW !!, write ignored because full detected
# KERNEL: UVM_INFO /home/runner/wr_monitor.sv(46) @ 7135: uvm_test_top.env.wr_agent.mon [WR_MON] wrst_n = 1, wdata =86, winc= 1, wfull=0
# KERNEL: UVM_INFO /home/runner/scoreboard.sv(37) @ 7135: uvm_test_top.env.scb [fifo_scoreboard] Scoreboard received item
# KERNEL: UVM_INFO /home/runner/scoreboard.sv(43) @ 7135: uvm_test_top.env.scb [SCB_WR] DATA WRITTEN=86 , count=16
# KERNEL: UVM_INFO /home/runner/wr_driver.sv(33) @ 7135: uvm_test_top.env.wr_agent.drv [WR_DRV] wrst_n = 1, wdata =c3, winc= 1, 
# KERNEL: UVM_INFO /home/runner/rd_driver.sv(33) @ 7137: uvm_test_top.env.rd_agent.drv [RD_DRV] rrst_n = 1, rinc= 1
# KERNEL: UVM_INFO /home/runner/wr_monitor.sv(59) @ 7155: uvm_test_top.env.wr_agent.mon [WR_MON] wrst_n = 1, wdata =c3, winc= 1, wfull=1
# KERNEL: UVM_INFO /home/runner/scoreboard.sv(37) @ 7155: uvm_test_top.env.scb [fifo_scoreboard] Scoreboard received item
# KERNEL: UVM_INFO /home/runner/scoreboard.sv(46) @ 7155: uvm_test_top.env.scb [SCB_wr_ig] Write ignored correctly: FIFO Full
# KERNEL: UVM_INFO /home/runner/wr_driver.sv(33) @ 7155: uvm_test_top.env.wr_agent.drv [WR_DRV] wrst_n = 1, wdata =d1, winc= 1, 
# KERNEL: Error: assertion.sv (36): OVERFLOW !!, write ignored because full detected
# KERNEL: UVM_INFO /home/runner/rd_monitor.sv(50) @ 7163: uvm_test_top.env.rd_agent.mon [RD_MON] rrst_n = 1, rdata =90, rinc= 1, rempty=0
# KERNEL: UVM_INFO /home/runner/scoreboard.sv(64) @ 7163: uvm_test_top.env.scb [fifo_scoreboard] Scoreboard received item
# KERNEL: UVM_INFO /home/runner/scoreboard.sv(69) @ 7163: uvm_test_top.env.scb [SCB_RD] DATA READ=90 ,count=15
# KERNEL: UVM_INFO /home/runner/scoreboard.sv(71) @ 7163: uvm_test_top.env.scb [SCB_PASS] MATCH exp_rdata=90, ACT rdata=90
# KERNEL: UVM_INFO /home/runner/wr_monitor.sv(46) @ 7175: uvm_test_top.env.wr_agent.mon [WR_MON] wrst_n = 1, wdata =d1, winc= 1, wfull=0
# KERNEL: UVM_INFO /home/runner/scoreboard.sv(37) @ 7175: uvm_test_top.env.scb [fifo_scoreboard] Scoreboard received item
# KERNEL: UVM_INFO /home/runner/scoreboard.sv(43) @ 7175: uvm_test_top.env.scb [SCB_WR] DATA WRITTEN=d1 , count=16
# KERNEL: UVM_INFO /home/runner/wr_driver.sv(33) @ 7175: uvm_test_top.env.wr_agent.drv [WR_DRV] wrst_n = 1, wdata =b2, winc= 1, 
# KERNEL: UVM_INFO /home/runner/rd_driver.sv(33) @ 7189: uvm_test_top.env.rd_agent.drv [RD_DRV] rrst_n = 1, rinc= 1
# KERNEL: UVM_INFO /home/runner/wr_monitor.sv(59) @ 7195: uvm_test_top.env.wr_agent.mon [WR_MON] wrst_n = 1, wdata =b2, winc= 1, wfull=1
# KERNEL: UVM_INFO /home/runner/scoreboard.sv(37) @ 7195: uvm_test_top.env.scb [fifo_scoreboard] Scoreboard received item
# KERNEL: UVM_INFO /home/runner/scoreboard.sv(46) @ 7195: uvm_test_top.env.scb [SCB_wr_ig] Write ignored correctly: FIFO Full
# KERNEL: UVM_INFO /home/runner/wr_driver.sv(33) @ 7195: uvm_test_top.env.wr_agent.drv [WR_DRV] wrst_n = 1, wdata =64, winc= 1, 
# KERNEL: Error: assertion.sv (36): OVERFLOW !!, write ignored because full detected
# KERNEL: UVM_INFO /home/runner/wr_monitor.sv(59) @ 7215: uvm_test_top.env.wr_agent.mon [WR_MON] wrst_n = 1, wdata =64, winc= 1, wfull=1
# KERNEL: UVM_INFO /home/runner/scoreboard.sv(37) @ 7215: uvm_test_top.env.scb [fifo_scoreboard] Scoreboard received item
# KERNEL: UVM_INFO /home/runner/scoreboard.sv(46) @ 7215: uvm_test_top.env.scb [SCB_wr_ig] Write ignored correctly: FIFO Full
# KERNEL: UVM_INFO /home/runner/rd_monitor.sv(50) @ 7215: uvm_test_top.env.rd_agent.mon [RD_MON] rrst_n = 1, rdata =47, rinc= 1, rempty=0
# KERNEL: UVM_INFO /home/runner/scoreboard.sv(64) @ 7215: uvm_test_top.env.scb [fifo_scoreboard] Scoreboard received item
# KERNEL: UVM_INFO /home/runner/scoreboard.sv(69) @ 7215: uvm_test_top.env.scb [SCB_RD] DATA READ=47 ,count=15
# KERNEL: UVM_INFO /home/runner/scoreboard.sv(71) @ 7215: uvm_test_top.env.scb [SCB_PASS] MATCH exp_rdata=47, ACT rdata=47
# KERNEL: UVM_INFO /home/runner/wr_driver.sv(33) @ 7215: uvm_test_top.env.wr_agent.drv [WR_DRV] wrst_n = 1, wdata =0, winc= 0, 
# KERNEL: Error: assertion.sv (36): OVERFLOW !!, write ignored because full detected
# KERNEL: UVM_INFO /home/runner/wr_driver.sv(33) @ 7235: uvm_test_top.env.wr_agent.drv [WR_DRV] wrst_n = 1, wdata =3f, winc= 1, 
# KERNEL: UVM_INFO /home/runner/rd_driver.sv(33) @ 7241: uvm_test_top.env.rd_agent.drv [RD_DRV] rrst_n = 1, rinc= 1
# KERNEL: UVM_INFO /home/runner/wr_monitor.sv(46) @ 7255: uvm_test_top.env.wr_agent.mon [WR_MON] wrst_n = 1, wdata =3f, winc= 1, wfull=0
# KERNEL: UVM_INFO /home/runner/scoreboard.sv(37) @ 7255: uvm_test_top.env.scb [fifo_scoreboard] Scoreboard received item
# KERNEL: UVM_INFO /home/runner/scoreboard.sv(43) @ 7255: uvm_test_top.env.scb [SCB_WR] DATA WRITTEN=3f , count=16
# KERNEL: UVM_INFO /home/runner/wr_driver.sv(33) @ 7255: uvm_test_top.env.wr_agent.drv [WR_DRV] wrst_n = 1, wdata =68, winc= 1, 
# KERNEL: UVM_INFO /home/runner/rd_monitor.sv(50) @ 7267: uvm_test_top.env.rd_agent.mon [RD_MON] rrst_n = 1, rdata =33, rinc= 1, rempty=0
# KERNEL: UVM_INFO /home/runner/scoreboard.sv(64) @ 7267: uvm_test_top.env.scb [fifo_scoreboard] Scoreboard received item
# KERNEL: UVM_INFO /home/runner/scoreboard.sv(69) @ 7267: uvm_test_top.env.scb [SCB_RD] DATA READ=33 ,count=15
# KERNEL: UVM_INFO /home/runner/scoreboard.sv(71) @ 7267: uvm_test_top.env.scb [SCB_PASS] MATCH exp_rdata=33, ACT rdata=33
# KERNEL: UVM_INFO /home/runner/wr_monitor.sv(46) @ 7275: uvm_test_top.env.wr_agent.mon [WR_MON] wrst_n = 1, wdata =68, winc= 1, wfull=0
# KERNEL: UVM_INFO /home/runner/scoreboard.sv(37) @ 7275: uvm_test_top.env.scb [fifo_scoreboard] Scoreboard received item
# KERNEL: UVM_INFO /home/runner/scoreboard.sv(43) @ 7275: uvm_test_top.env.scb [SCB_WR] DATA WRITTEN=68 , count=16
# KERNEL: UVM_INFO /home/runner/wr_driver.sv(33) @ 7275: uvm_test_top.env.wr_agent.drv [WR_DRV] wrst_n = 1, wdata =62, winc= 1, 
# KERNEL: UVM_INFO /home/runner/rd_driver.sv(33) @ 7293: uvm_test_top.env.rd_agent.drv [RD_DRV] rrst_n = 1, rinc= 1
# KERNEL: UVM_INFO /home/runner/wr_monitor.sv(59) @ 7295: uvm_test_top.env.wr_agent.mon [WR_MON] wrst_n = 1, wdata =62, winc= 1, wfull=1
# KERNEL: UVM_INFO /home/runner/scoreboard.sv(37) @ 7295: uvm_test_top.env.scb [fifo_scoreboard] Scoreboard received item
# KERNEL: UVM_INFO /home/runner/scoreboard.sv(46) @ 7295: uvm_test_top.env.scb [SCB_wr_ig] Write ignored correctly: FIFO Full
# KERNEL: UVM_INFO /home/runner/wr_driver.sv(33) @ 7295: uvm_test_top.env.wr_agent.drv [WR_DRV] wrst_n = 1, wdata =0, winc= 0, 
# KERNEL: Error: assertion.sv (36): OVERFLOW !!, write ignored because full detected
# KERNEL: UVM_INFO /home/runner/wr_driver.sv(33) @ 7315: uvm_test_top.env.wr_agent.drv [WR_DRV] wrst_n = 1, wdata =0, winc= 0, 
# KERNEL: UVM_INFO /home/runner/rd_monitor.sv(50) @ 7319: uvm_test_top.env.rd_agent.mon [RD_MON] rrst_n = 1, rdata =59, rinc= 1, rempty=0
# KERNEL: UVM_INFO /home/runner/scoreboard.sv(64) @ 7319: uvm_test_top.env.scb [fifo_scoreboard] Scoreboard received item
# KERNEL: UVM_INFO /home/runner/scoreboard.sv(69) @ 7319: uvm_test_top.env.scb [SCB_RD] DATA READ=59 ,count=15
# KERNEL: UVM_INFO /home/runner/scoreboard.sv(71) @ 7319: uvm_test_top.env.scb [SCB_PASS] MATCH exp_rdata=59, ACT rdata=59
# KERNEL: UVM_INFO /home/runner/wr_driver.sv(33) @ 7335: uvm_test_top.env.wr_agent.drv [WR_DRV] wrst_n = 1, wdata =3e, winc= 1, 
# KERNEL: UVM_INFO /home/runner/rd_driver.sv(33) @ 7345: uvm_test_top.env.rd_agent.drv [RD_DRV] rrst_n = 1, rinc= 1
# KERNEL: UVM_INFO /home/runner/wr_monitor.sv(46) @ 7355: uvm_test_top.env.wr_agent.mon [WR_MON] wrst_n = 1, wdata =3e, winc= 1, wfull=0
# KERNEL: UVM_INFO /home/runner/scoreboard.sv(37) @ 7355: uvm_test_top.env.scb [fifo_scoreboard] Scoreboard received item
# KERNEL: UVM_INFO /home/runner/scoreboard.sv(43) @ 7355: uvm_test_top.env.scb [SCB_WR] DATA WRITTEN=3e , count=16
# KERNEL: UVM_INFO /home/runner/wr_driver.sv(33) @ 7355: uvm_test_top.env.wr_agent.drv [WR_DRV] wrst_n = 1, wdata =0, winc= 0, 
# KERNEL: UVM_INFO /home/runner/rd_monitor.sv(50) @ 7371: uvm_test_top.env.rd_agent.mon [RD_MON] rrst_n = 1, rdata =70, rinc= 1, rempty=0
# KERNEL: UVM_INFO /home/runner/scoreboard.sv(64) @ 7371: uvm_test_top.env.scb [fifo_scoreboard] Scoreboard received item
# KERNEL: UVM_INFO /home/runner/scoreboard.sv(69) @ 7371: uvm_test_top.env.scb [SCB_RD] DATA READ=70 ,count=15
# KERNEL: UVM_INFO /home/runner/scoreboard.sv(71) @ 7371: uvm_test_top.env.scb [SCB_PASS] MATCH exp_rdata=70, ACT rdata=70
# KERNEL: UVM_INFO /home/runner/wr_driver.sv(33) @ 7375: uvm_test_top.env.wr_agent.drv [WR_DRV] wrst_n = 1, wdata =0, winc= 0, 
# KERNEL: UVM_INFO /home/runner/wr_driver.sv(33) @ 7395: uvm_test_top.env.wr_agent.drv [WR_DRV] wrst_n = 1, wdata =7b, winc= 1, 
# KERNEL: UVM_INFO /home/runner/rd_driver.sv(33) @ 7397: uvm_test_top.env.rd_agent.drv [RD_DRV] rrst_n = 1, rinc= 1
# KERNEL: UVM_INFO /home/runner/wr_monitor.sv(46) @ 7415: uvm_test_top.env.wr_agent.mon [WR_MON] wrst_n = 1, wdata =7b, winc= 1, wfull=0
# KERNEL: UVM_INFO /home/runner/scoreboard.sv(37) @ 7415: uvm_test_top.env.scb [fifo_scoreboard] Scoreboard received item
# KERNEL: UVM_INFO /home/runner/scoreboard.sv(43) @ 7415: uvm_test_top.env.scb [SCB_WR] DATA WRITTEN=7b , count=16
# KERNEL: UVM_INFO /home/runner/wr_driver.sv(33) @ 7415: uvm_test_top.env.wr_agent.drv [WR_DRV] wrst_n = 1, wdata =34, winc= 1, 
# KERNEL: UVM_INFO /home/runner/rd_monitor.sv(50) @ 7423: uvm_test_top.env.rd_agent.mon [RD_MON] rrst_n = 1, rdata =a4, rinc= 1, rempty=0
# KERNEL: UVM_INFO /home/runner/scoreboard.sv(64) @ 7423: uvm_test_top.env.scb [fifo_scoreboard] Scoreboard received item
# KERNEL: UVM_INFO /home/runner/scoreboard.sv(69) @ 7423: uvm_test_top.env.scb [SCB_RD] DATA READ=a4 ,count=15
# KERNEL: UVM_INFO /home/runner/scoreboard.sv(71) @ 7423: uvm_test_top.env.scb [SCB_PASS] MATCH exp_rdata=a4, ACT rdata=a4
# KERNEL: UVM_INFO /home/runner/wr_monitor.sv(46) @ 7435: uvm_test_top.env.wr_agent.mon [WR_MON] wrst_n = 1, wdata =34, winc= 1, wfull=0
# KERNEL: UVM_INFO /home/runner/scoreboard.sv(37) @ 7435: uvm_test_top.env.scb [fifo_scoreboard] Scoreboard received item
# KERNEL: UVM_INFO /home/runner/scoreboard.sv(43) @ 7435: uvm_test_top.env.scb [SCB_WR] DATA WRITTEN=34 , count=16
# KERNEL: UVM_INFO /home/runner/wr_driver.sv(33) @ 7435: uvm_test_top.env.wr_agent.drv [WR_DRV] wrst_n = 1, wdata =0, winc= 0, 
# KERNEL: UVM_INFO /home/runner/rd_driver.sv(33) @ 7449: uvm_test_top.env.rd_agent.drv [RD_DRV] rrst_n = 1, rinc= 1
# KERNEL: UVM_INFO /home/runner/wr_driver.sv(33) @ 7455: uvm_test_top.env.wr_agent.drv [WR_DRV] wrst_n = 1, wdata =1b, winc= 1, 
# KERNEL: UVM_INFO /home/runner/wr_monitor.sv(59) @ 7475: uvm_test_top.env.wr_agent.mon [WR_MON] wrst_n = 1, wdata =1b, winc= 1, wfull=1
# KERNEL: UVM_INFO /home/runner/scoreboard.sv(37) @ 7475: uvm_test_top.env.scb [fifo_scoreboard] Scoreboard received item
# KERNEL: UVM_INFO /home/runner/scoreboard.sv(46) @ 7475: uvm_test_top.env.scb [SCB_wr_ig] Write ignored correctly: FIFO Full
# KERNEL: UVM_INFO /home/runner/rd_monitor.sv(50) @ 7475: uvm_test_top.env.rd_agent.mon [RD_MON] rrst_n = 1, rdata =8b, rinc= 1, rempty=0
# KERNEL: UVM_INFO /home/runner/scoreboard.sv(64) @ 7475: uvm_test_top.env.scb [fifo_scoreboard] Scoreboard received item
# KERNEL: UVM_INFO /home/runner/scoreboard.sv(69) @ 7475: uvm_test_top.env.scb [SCB_RD] DATA READ=8b ,count=15
# KERNEL: UVM_INFO /home/runner/scoreboard.sv(71) @ 7475: uvm_test_top.env.scb [SCB_PASS] MATCH exp_rdata=8b, ACT rdata=8b
# KERNEL: UVM_INFO /home/runner/wr_driver.sv(33) @ 7475: uvm_test_top.env.wr_agent.drv [WR_DRV] wrst_n = 1, wdata =0, winc= 0, 
# KERNEL: Error: assertion.sv (36): OVERFLOW !!, write ignored because full detected
# KERNEL: UVM_INFO /home/runner/wr_driver.sv(33) @ 7495: uvm_test_top.env.wr_agent.drv [WR_DRV] wrst_n = 1, wdata =4a, winc= 1, 
# KERNEL: UVM_INFO /home/runner/rd_driver.sv(33) @ 7501: uvm_test_top.env.rd_agent.drv [RD_DRV] rrst_n = 1, rinc= 1
# KERNEL: UVM_INFO /home/runner/wr_monitor.sv(46) @ 7515: uvm_test_top.env.wr_agent.mon [WR_MON] wrst_n = 1, wdata =4a, winc= 1, wfull=0
# KERNEL: UVM_INFO /home/runner/scoreboard.sv(37) @ 7515: uvm_test_top.env.scb [fifo_scoreboard] Scoreboard received item
# KERNEL: UVM_INFO /home/runner/scoreboard.sv(43) @ 7515: uvm_test_top.env.scb [SCB_WR] DATA WRITTEN=4a , count=16
# KERNEL: UVM_INFO /home/runner/wr_driver.sv(33) @ 7515: uvm_test_top.env.wr_agent.drv [WR_DRV] wrst_n = 1, wdata =1c, winc= 1, 
# KERNEL: UVM_INFO /home/runner/rd_monitor.sv(50) @ 7527: uvm_test_top.env.rd_agent.mon [RD_MON] rrst_n = 1, rdata =ba, rinc= 1, rempty=0
# KERNEL: UVM_INFO /home/runner/scoreboard.sv(64) @ 7527: uvm_test_top.env.scb [fifo_scoreboard] Scoreboard received item
# KERNEL: UVM_INFO /home/runner/scoreboard.sv(69) @ 7527: uvm_test_top.env.scb [SCB_RD] DATA READ=ba ,count=15
# KERNEL: UVM_INFO /home/runner/scoreboard.sv(71) @ 7527: uvm_test_top.env.scb [SCB_PASS] MATCH exp_rdata=ba, ACT rdata=ba
# KERNEL: UVM_INFO /home/runner/wr_monitor.sv(46) @ 7535: uvm_test_top.env.wr_agent.mon [WR_MON] wrst_n = 1, wdata =1c, winc= 1, wfull=0
# KERNEL: UVM_INFO /home/runner/scoreboard.sv(37) @ 7535: uvm_test_top.env.scb [fifo_scoreboard] Scoreboard received item
# KERNEL: UVM_INFO /home/runner/scoreboard.sv(43) @ 7535: uvm_test_top.env.scb [SCB_WR] DATA WRITTEN=1c , count=16
# KERNEL: UVM_INFO /home/runner/wr_driver.sv(33) @ 7535: uvm_test_top.env.wr_agent.drv [WR_DRV] wrst_n = 1, wdata =c1, winc= 1, 
# KERNEL: UVM_INFO /home/runner/rd_driver.sv(33) @ 7553: uvm_test_top.env.rd_agent.drv [RD_DRV] rrst_n = 1, rinc= 1
# KERNEL: UVM_INFO /home/runner/wr_monitor.sv(59) @ 7555: uvm_test_top.env.wr_agent.mon [WR_MON] wrst_n = 1, wdata =c1, winc= 1, wfull=1
# KERNEL: UVM_INFO /home/runner/scoreboard.sv(37) @ 7555: uvm_test_top.env.scb [fifo_scoreboard] Scoreboard received item
# KERNEL: UVM_INFO /home/runner/scoreboard.sv(46) @ 7555: uvm_test_top.env.scb [SCB_wr_ig] Write ignored correctly: FIFO Full
# KERNEL: UVM_INFO /home/runner/wr_driver.sv(33) @ 7555: uvm_test_top.env.wr_agent.drv [WR_DRV] wrst_n = 1, wdata =37, winc= 1, 
# KERNEL: Error: assertion.sv (36): OVERFLOW !!, write ignored because full detected
# KERNEL: UVM_INFO /home/runner/wr_monitor.sv(59) @ 7575: uvm_test_top.env.wr_agent.mon [WR_MON] wrst_n = 1, wdata =37, winc= 1, wfull=1
# KERNEL: UVM_INFO /home/runner/scoreboard.sv(37) @ 7575: uvm_test_top.env.scb [fifo_scoreboard] Scoreboard received item
# KERNEL: UVM_INFO /home/runner/scoreboard.sv(46) @ 7575: uvm_test_top.env.scb [SCB_wr_ig] Write ignored correctly: FIFO Full
# KERNEL: UVM_INFO /home/runner/wr_driver.sv(33) @ 7575: uvm_test_top.env.wr_agent.drv [WR_DRV] wrst_n = 1, wdata =80, winc= 1, 
# KERNEL: Error: assertion.sv (36): OVERFLOW !!, write ignored because full detected
# KERNEL: UVM_INFO /home/runner/rd_monitor.sv(50) @ 7579: uvm_test_top.env.rd_agent.mon [RD_MON] rrst_n = 1, rdata =35, rinc= 1, rempty=0
# KERNEL: UVM_INFO /home/runner/scoreboard.sv(64) @ 7579: uvm_test_top.env.scb [fifo_scoreboard] Scoreboard received item
# KERNEL: UVM_INFO /home/runner/scoreboard.sv(69) @ 7579: uvm_test_top.env.scb [SCB_RD] DATA READ=35 ,count=15
# KERNEL: UVM_INFO /home/runner/scoreboard.sv(71) @ 7579: uvm_test_top.env.scb [SCB_PASS] MATCH exp_rdata=35, ACT rdata=35
# KERNEL: UVM_INFO /home/runner/wr_monitor.sv(46) @ 7595: uvm_test_top.env.wr_agent.mon [WR_MON] wrst_n = 1, wdata =80, winc= 1, wfull=0
# KERNEL: UVM_INFO /home/runner/scoreboard.sv(37) @ 7595: uvm_test_top.env.scb [fifo_scoreboard] Scoreboard received item
# KERNEL: UVM_INFO /home/runner/scoreboard.sv(43) @ 7595: uvm_test_top.env.scb [SCB_WR] DATA WRITTEN=80 , count=16
# KERNEL: UVM_INFO /home/runner/wr_driver.sv(33) @ 7595: uvm_test_top.env.wr_agent.drv [WR_DRV] wrst_n = 1, wdata =9a, winc= 1, 
# KERNEL: UVM_INFO /home/runner/rd_driver.sv(33) @ 7605: uvm_test_top.env.rd_agent.drv [RD_DRV] rrst_n = 1, rinc= 1
# KERNEL: UVM_INFO /home/runner/wr_monitor.sv(59) @ 7615: uvm_test_top.env.wr_agent.mon [WR_MON] wrst_n = 1, wdata =9a, winc= 1, wfull=1
# KERNEL: UVM_INFO /home/runner/scoreboard.sv(37) @ 7615: uvm_test_top.env.scb [fifo_scoreboard] Scoreboard received item
# KERNEL: UVM_INFO /home/runner/scoreboard.sv(46) @ 7615: uvm_test_top.env.scb [SCB_wr_ig] Write ignored correctly: FIFO Full
# KERNEL: UVM_INFO /home/runner/wr_driver.sv(33) @ 7615: uvm_test_top.env.wr_agent.drv [WR_DRV] wrst_n = 1, wdata =0, winc= 0, 
# KERNEL: Error: assertion.sv (36): OVERFLOW !!, write ignored because full detected
# KERNEL: UVM_INFO /home/runner/rd_monitor.sv(50) @ 7631: uvm_test_top.env.rd_agent.mon [RD_MON] rrst_n = 1, rdata =e6, rinc= 1, rempty=0
# KERNEL: UVM_INFO /home/runner/scoreboard.sv(64) @ 7631: uvm_test_top.env.scb [fifo_scoreboard] Scoreboard received item
# KERNEL: UVM_INFO /home/runner/scoreboard.sv(69) @ 7631: uvm_test_top.env.scb [SCB_RD] DATA READ=e6 ,count=15
# KERNEL: UVM_INFO /home/runner/scoreboard.sv(71) @ 7631: uvm_test_top.env.scb [SCB_PASS] MATCH exp_rdata=e6, ACT rdata=e6
# KERNEL: UVM_INFO /home/runner/wr_driver.sv(33) @ 7635: uvm_test_top.env.wr_agent.drv [WR_DRV] wrst_n = 1, wdata =75, winc= 1, 
# KERNEL: UVM_INFO /home/runner/wr_monitor.sv(46) @ 7655: uvm_test_top.env.wr_agent.mon [WR_MON] wrst_n = 1, wdata =75, winc= 1, wfull=0
# KERNEL: UVM_INFO /home/runner/scoreboard.sv(37) @ 7655: uvm_test_top.env.scb [fifo_scoreboard] Scoreboard received item
# KERNEL: UVM_INFO /home/runner/scoreboard.sv(43) @ 7655: uvm_test_top.env.scb [SCB_WR] DATA WRITTEN=75 , count=16
# KERNEL: UVM_INFO /home/runner/wr_driver.sv(33) @ 7655: uvm_test_top.env.wr_agent.drv [WR_DRV] wrst_n = 1, wdata =6, winc= 1, 
# KERNEL: UVM_INFO /home/runner/rd_driver.sv(33) @ 7657: uvm_test_top.env.rd_agent.drv [RD_DRV] rrst_n = 1, rinc= 1
# KERNEL: UVM_INFO /home/runner/wr_monitor.sv(59) @ 7675: uvm_test_top.env.wr_agent.mon [WR_MON] wrst_n = 1, wdata =6, winc= 1, wfull=1
# KERNEL: UVM_INFO /home/runner/scoreboard.sv(37) @ 7675: uvm_test_top.env.scb [fifo_scoreboard] Scoreboard received item
# KERNEL: UVM_INFO /home/runner/scoreboard.sv(46) @ 7675: uvm_test_top.env.scb [SCB_wr_ig] Write ignored correctly: FIFO Full
# KERNEL: UVM_INFO /home/runner/wr_driver.sv(33) @ 7675: uvm_test_top.env.wr_agent.drv [WR_DRV] wrst_n = 1, wdata =68, winc= 1, 
# KERNEL: Error: assertion.sv (36): OVERFLOW !!, write ignored because full detected
# KERNEL: UVM_INFO /home/runner/rd_monitor.sv(50) @ 7683: uvm_test_top.env.rd_agent.mon [RD_MON] rrst_n = 1, rdata =1f, rinc= 1, rempty=0
# KERNEL: UVM_INFO /home/runner/scoreboard.sv(64) @ 7683: uvm_test_top.env.scb [fifo_scoreboard] Scoreboard received item
# KERNEL: UVM_INFO /home/runner/scoreboard.sv(69) @ 7683: uvm_test_top.env.scb [SCB_RD] DATA READ=1f ,count=15
# KERNEL: UVM_INFO /home/runner/scoreboard.sv(71) @ 7683: uvm_test_top.env.scb [SCB_PASS] MATCH exp_rdata=1f, ACT rdata=1f
# KERNEL: UVM_INFO /home/runner/wr_monitor.sv(46) @ 7695: uvm_test_top.env.wr_agent.mon [WR_MON] wrst_n = 1, wdata =68, winc= 1, wfull=0
# KERNEL: UVM_INFO /home/runner/scoreboard.sv(37) @ 7695: uvm_test_top.env.scb [fifo_scoreboard] Scoreboard received item
# KERNEL: UVM_INFO /home/runner/scoreboard.sv(43) @ 7695: uvm_test_top.env.scb [SCB_WR] DATA WRITTEN=68 , count=16
# KERNEL: UVM_INFO /home/runner/wr_driver.sv(33) @ 7695: uvm_test_top.env.wr_agent.drv [WR_DRV] wrst_n = 1, wdata =0, winc= 0, 
# KERNEL: UVM_INFO /home/runner/rd_driver.sv(33) @ 7709: uvm_test_top.env.rd_agent.drv [RD_DRV] rrst_n = 1, rinc= 0
# KERNEL: UVM_INFO /home/runner/wr_driver.sv(33) @ 7715: uvm_test_top.env.wr_agent.drv [WR_DRV] wrst_n = 1, wdata =0, winc= 0, 
# KERNEL: UVM_INFO /home/runner/rd_monitor.sv(50) @ 7735: uvm_test_top.env.rd_agent.mon [RD_MON] rrst_n = 1, rdata =e5, rinc= 1, rempty=0
# KERNEL: UVM_INFO /home/runner/scoreboard.sv(64) @ 7735: uvm_test_top.env.scb [fifo_scoreboard] Scoreboard received item
# KERNEL: UVM_INFO /home/runner/scoreboard.sv(69) @ 7735: uvm_test_top.env.scb [SCB_RD] DATA READ=e5 ,count=15
# KERNEL: UVM_INFO /home/runner/scoreboard.sv(71) @ 7735: uvm_test_top.env.scb [SCB_PASS] MATCH exp_rdata=e5, ACT rdata=e5
# KERNEL: UVM_INFO /home/runner/wr_driver.sv(33) @ 7735: uvm_test_top.env.wr_agent.drv [WR_DRV] wrst_n = 1, wdata =7c, winc= 1, 
# KERNEL: UVM_INFO /home/runner/wr_monitor.sv(46) @ 7755: uvm_test_top.env.wr_agent.mon [WR_MON] wrst_n = 1, wdata =7c, winc= 1, wfull=0
# KERNEL: UVM_INFO /home/runner/scoreboard.sv(37) @ 7755: uvm_test_top.env.scb [fifo_scoreboard] Scoreboard received item
# KERNEL: UVM_INFO /home/runner/scoreboard.sv(43) @ 7755: uvm_test_top.env.scb [SCB_WR] DATA WRITTEN=7c , count=16
# KERNEL: UVM_INFO /home/runner/wr_driver.sv(33) @ 7755: uvm_test_top.env.wr_agent.drv [WR_DRV] wrst_n = 1, wdata =0, winc= 0, 
# KERNEL: UVM_INFO /home/runner/rd_driver.sv(33) @ 7761: uvm_test_top.env.rd_agent.drv [RD_DRV] rrst_n = 1, rinc= 1
# KERNEL: UVM_INFO /home/runner/wr_driver.sv(33) @ 7775: uvm_test_top.env.wr_agent.drv [WR_DRV] wrst_n = 1, wdata =a3, winc= 1, 
# KERNEL: UVM_INFO /home/runner/wr_monitor.sv(59) @ 7795: uvm_test_top.env.wr_agent.mon [WR_MON] wrst_n = 1, wdata =a3, winc= 1, wfull=1
# KERNEL: UVM_INFO /home/runner/scoreboard.sv(37) @ 7795: uvm_test_top.env.scb [fifo_scoreboard] Scoreboard received item
# KERNEL: UVM_INFO /home/runner/scoreboard.sv(46) @ 7795: uvm_test_top.env.scb [SCB_wr_ig] Write ignored correctly: FIFO Full
# KERNEL: UVM_INFO /home/runner/wr_driver.sv(33) @ 7795: uvm_test_top.env.wr_agent.drv [WR_DRV] wrst_n = 1, wdata =f1, winc= 1, 
# KERNEL: Error: assertion.sv (36): OVERFLOW !!, write ignored because full detected
# KERNEL: UVM_INFO /home/runner/rd_driver.sv(33) @ 7813: uvm_test_top.env.rd_agent.drv [RD_DRV] rrst_n = 1, rinc= 0
# KERNEL: UVM_INFO /home/runner/wr_monitor.sv(59) @ 7815: uvm_test_top.env.wr_agent.mon [WR_MON] wrst_n = 1, wdata =f1, winc= 1, wfull=1
# KERNEL: UVM_INFO /home/runner/scoreboard.sv(37) @ 7815: uvm_test_top.env.scb [fifo_scoreboard] Scoreboard received item
# KERNEL: UVM_INFO /home/runner/scoreboard.sv(46) @ 7815: uvm_test_top.env.scb [SCB_wr_ig] Write ignored correctly: FIFO Full
# KERNEL: UVM_INFO /home/runner/wr_driver.sv(33) @ 7815: uvm_test_top.env.wr_agent.drv [WR_DRV] wrst_n = 1, wdata =12, winc= 1, 
# KERNEL: Error: assertion.sv (36): OVERFLOW !!, write ignored because full detected
# KERNEL: UVM_INFO /home/runner/wr_monitor.sv(59) @ 7835: uvm_test_top.env.wr_agent.mon [WR_MON] wrst_n = 1, wdata =12, winc= 1, wfull=1
# KERNEL: UVM_INFO /home/runner/scoreboard.sv(37) @ 7835: uvm_test_top.env.scb [fifo_scoreboard] Scoreboard received item
# KERNEL: UVM_INFO /home/runner/scoreboard.sv(46) @ 7835: uvm_test_top.env.scb [SCB_wr_ig] Write ignored correctly: FIFO Full
# KERNEL: UVM_INFO /home/runner/wr_driver.sv(33) @ 7835: uvm_test_top.env.wr_agent.drv [WR_DRV] wrst_n = 1, wdata =0, winc= 0, 
# KERNEL: Error: assertion.sv (36): OVERFLOW !!, write ignored because full detected
# KERNEL: UVM_INFO /home/runner/rd_monitor.sv(50) @ 7839: uvm_test_top.env.rd_agent.mon [RD_MON] rrst_n = 1, rdata =59, rinc= 1, rempty=0
# KERNEL: UVM_INFO /home/runner/scoreboard.sv(64) @ 7839: uvm_test_top.env.scb [fifo_scoreboard] Scoreboard received item
# KERNEL: UVM_INFO /home/runner/scoreboard.sv(69) @ 7839: uvm_test_top.env.scb [SCB_RD] DATA READ=59 ,count=15
# KERNEL: UVM_INFO /home/runner/scoreboard.sv(71) @ 7839: uvm_test_top.env.scb [SCB_PASS] MATCH exp_rdata=59, ACT rdata=59
# KERNEL: UVM_INFO /home/runner/wr_driver.sv(33) @ 7855: uvm_test_top.env.wr_agent.drv [WR_DRV] wrst_n = 1, wdata =c9, winc= 1, 
# KERNEL: UVM_INFO /home/runner/rd_driver.sv(33) @ 7865: uvm_test_top.env.rd_agent.drv [RD_DRV] rrst_n = 1, rinc= 0
# KERNEL: UVM_INFO /home/runner/wr_monitor.sv(46) @ 7875: uvm_test_top.env.wr_agent.mon [WR_MON] wrst_n = 1, wdata =c9, winc= 1, wfull=0
# KERNEL: UVM_INFO /home/runner/scoreboard.sv(37) @ 7875: uvm_test_top.env.scb [fifo_scoreboard] Scoreboard received item
# KERNEL: UVM_INFO /home/runner/scoreboard.sv(43) @ 7875: uvm_test_top.env.scb [SCB_WR] DATA WRITTEN=c9 , count=16
# KERNEL: UVM_INFO /home/runner/wr_driver.sv(33) @ 7875: uvm_test_top.env.wr_agent.drv [WR_DRV] wrst_n = 1, wdata =0, winc= 0, 
# KERNEL: UVM_INFO /home/runner/wr_driver.sv(33) @ 7895: uvm_test_top.env.wr_agent.drv [WR_DRV] wrst_n = 1, wdata =c8, winc= 1, 
# KERNEL: UVM_INFO /home/runner/wr_monitor.sv(59) @ 7915: uvm_test_top.env.wr_agent.mon [WR_MON] wrst_n = 1, wdata =c8, winc= 1, wfull=1
# KERNEL: UVM_INFO /home/runner/scoreboard.sv(37) @ 7915: uvm_test_top.env.scb [fifo_scoreboard] Scoreboard received item
# KERNEL: UVM_INFO /home/runner/scoreboard.sv(46) @ 7915: uvm_test_top.env.scb [SCB_wr_ig] Write ignored correctly: FIFO Full
# KERNEL: UVM_INFO /home/runner/wr_driver.sv(33) @ 7915: uvm_test_top.env.wr_agent.drv [WR_DRV] wrst_n = 1, wdata =2, winc= 1, 
# KERNEL: Error: assertion.sv (36): OVERFLOW !!, write ignored because full detected
# KERNEL: UVM_INFO /home/runner/rd_driver.sv(33) @ 7917: uvm_test_top.env.rd_agent.drv [RD_DRV] rrst_n = 1, rinc= 1
# KERNEL: UVM_INFO /home/runner/wr_monitor.sv(59) @ 7935: uvm_test_top.env.wr_agent.mon [WR_MON] wrst_n = 1, wdata =2, winc= 1, wfull=1
# KERNEL: UVM_INFO /home/runner/scoreboard.sv(37) @ 7935: uvm_test_top.env.scb [fifo_scoreboard] Scoreboard received item
# KERNEL: UVM_INFO /home/runner/scoreboard.sv(46) @ 7935: uvm_test_top.env.scb [SCB_wr_ig] Write ignored correctly: FIFO Full
# KERNEL: UVM_INFO /home/runner/wr_driver.sv(33) @ 7935: uvm_test_top.env.wr_agent.drv [WR_DRV] wrst_n = 1, wdata =f, winc= 1, 
# KERNEL: Error: assertion.sv (36): OVERFLOW !!, write ignored because full detected
# KERNEL: UVM_INFO /home/runner/wr_monitor.sv(59) @ 7955: uvm_test_top.env.wr_agent.mon [WR_MON] wrst_n = 1, wdata =f, winc= 1, wfull=1
# KERNEL: UVM_INFO /home/runner/scoreboard.sv(37) @ 7955: uvm_test_top.env.scb [fifo_scoreboard] Scoreboard received item
# KERNEL: UVM_INFO /home/runner/scoreboard.sv(46) @ 7955: uvm_test_top.env.scb [SCB_wr_ig] Write ignored correctly: FIFO Full
# KERNEL: UVM_INFO /home/runner/wr_driver.sv(33) @ 7955: uvm_test_top.env.wr_agent.drv [WR_DRV] wrst_n = 1, wdata =ed, winc= 1, 
# KERNEL: Error: assertion.sv (36): OVERFLOW !!, write ignored because full detected
# KERNEL: UVM_INFO /home/runner/rd_driver.sv(33) @ 7969: uvm_test_top.env.rd_agent.drv [RD_DRV] rrst_n = 1, rinc= 0
# KERNEL: UVM_INFO /home/runner/wr_monitor.sv(59) @ 7975: uvm_test_top.env.wr_agent.mon [WR_MON] wrst_n = 1, wdata =ed, winc= 1, wfull=1
# KERNEL: UVM_INFO /home/runner/scoreboard.sv(37) @ 7975: uvm_test_top.env.scb [fifo_scoreboard] Scoreboard received item
# KERNEL: UVM_INFO /home/runner/scoreboard.sv(46) @ 7975: uvm_test_top.env.scb [SCB_wr_ig] Write ignored correctly: FIFO Full
# KERNEL: UVM_INFO /home/runner/wr_driver.sv(33) @ 7975: uvm_test_top.env.wr_agent.drv [WR_DRV] wrst_n = 1, wdata =9e, winc= 1, 
# KERNEL: Error: assertion.sv (36): OVERFLOW !!, write ignored because full detected
# KERNEL: UVM_INFO /home/runner/wr_monitor.sv(59) @ 7995: uvm_test_top.env.wr_agent.mon [WR_MON] wrst_n = 1, wdata =9e, winc= 1, wfull=1
# KERNEL: UVM_INFO /home/runner/scoreboard.sv(37) @ 7995: uvm_test_top.env.scb [fifo_scoreboard] Scoreboard received item
# KERNEL: UVM_INFO /home/runner/scoreboard.sv(46) @ 7995: uvm_test_top.env.scb [SCB_wr_ig] Write ignored correctly: FIFO Full
# KERNEL: UVM_INFO /home/runner/rd_monitor.sv(50) @ 7995: uvm_test_top.env.rd_agent.mon [RD_MON] rrst_n = 1, rdata =55, rinc= 1, rempty=0
# KERNEL: UVM_INFO /home/runner/scoreboard.sv(64) @ 7995: uvm_test_top.env.scb [fifo_scoreboard] Scoreboard received item
# KERNEL: UVM_INFO /home/runner/scoreboard.sv(69) @ 7995: uvm_test_top.env.scb [SCB_RD] DATA READ=55 ,count=15
# KERNEL: UVM_INFO /home/runner/scoreboard.sv(71) @ 7995: uvm_test_top.env.scb [SCB_PASS] MATCH exp_rdata=55, ACT rdata=55
# KERNEL: UVM_INFO /home/runner/wr_driver.sv(33) @ 7995: uvm_test_top.env.wr_agent.drv [WR_DRV] wrst_n = 1, wdata =20, winc= 1, 
# KERNEL: Error: assertion.sv (36): OVERFLOW !!, write ignored because full detected
# KERNEL: UVM_INFO /home/runner/wr_monitor.sv(46) @ 8015: uvm_test_top.env.wr_agent.mon [WR_MON] wrst_n = 1, wdata =20, winc= 1, wfull=0
# KERNEL: UVM_INFO /home/runner/scoreboard.sv(37) @ 8015: uvm_test_top.env.scb [fifo_scoreboard] Scoreboard received item
# KERNEL: UVM_INFO /home/runner/scoreboard.sv(43) @ 8015: uvm_test_top.env.scb [SCB_WR] DATA WRITTEN=20 , count=16
# KERNEL: UVM_INFO /home/runner/wr_driver.sv(33) @ 8015: uvm_test_top.env.wr_agent.drv [WR_DRV] wrst_n = 1, wdata =0, winc= 0, 
# KERNEL: UVM_INFO /home/runner/rd_driver.sv(33) @ 8021: uvm_test_top.env.rd_agent.drv [RD_DRV] rrst_n = 1, rinc= 1
# KERNEL: UVM_INFO /home/runner/wr_driver.sv(33) @ 8035: uvm_test_top.env.wr_agent.drv [WR_DRV] wrst_n = 1, wdata =9b, winc= 1, 
# KERNEL: UVM_INFO /home/runner/wr_monitor.sv(59) @ 8055: uvm_test_top.env.wr_agent.mon [WR_MON] wrst_n = 1, wdata =9b, winc= 1, wfull=1
# KERNEL: UVM_INFO /home/runner/scoreboard.sv(37) @ 8055: uvm_test_top.env.scb [fifo_scoreboard] Scoreboard received item
# KERNEL: UVM_INFO /home/runner/scoreboard.sv(46) @ 8055: uvm_test_top.env.scb [SCB_wr_ig] Write ignored correctly: FIFO Full
# KERNEL: Error: assertion.sv (36): OVERFLOW !!, write ignored because full detected
# KERNEL: UVM_INFO /home/runner/rd_driver.sv(33) @ 8073: uvm_test_top.env.rd_agent.drv [RD_DRV] rrst_n = 1, rinc= 0
# KERNEL: UVM_INFO /home/runner/rd_monitor.sv(50) @ 8099: uvm_test_top.env.rd_agent.mon [RD_MON] rrst_n = 1, rdata =bd, rinc= 1, rempty=0
# KERNEL: UVM_INFO /home/runner/scoreboard.sv(64) @ 8099: uvm_test_top.env.scb [fifo_scoreboard] Scoreboard received item
# KERNEL: UVM_INFO /home/runner/scoreboard.sv(69) @ 8099: uvm_test_top.env.scb [SCB_RD] DATA READ=bd ,count=15
# KERNEL: UVM_INFO /home/runner/scoreboard.sv(71) @ 8099: uvm_test_top.env.scb [SCB_PASS] MATCH exp_rdata=bd, ACT rdata=bd
# KERNEL: UVM_INFO /home/runner/rd_driver.sv(33) @ 8125: uvm_test_top.env.rd_agent.drv [RD_DRV] rrst_n = 1, rinc= 1
# KERNEL: UVM_INFO /home/runner/rd_driver.sv(33) @ 8177: uvm_test_top.env.rd_agent.drv [RD_DRV] rrst_n = 1, rinc= 0
# KERNEL: UVM_INFO /home/runner/rd_monitor.sv(50) @ 8203: uvm_test_top.env.rd_agent.mon [RD_MON] rrst_n = 1, rdata =86, rinc= 1, rempty=0
# KERNEL: UVM_INFO /home/runner/scoreboard.sv(64) @ 8203: uvm_test_top.env.scb [fifo_scoreboard] Scoreboard received item
# KERNEL: UVM_INFO /home/runner/scoreboard.sv(69) @ 8203: uvm_test_top.env.scb [SCB_RD] DATA READ=86 ,count=14
# KERNEL: UVM_INFO /home/runner/scoreboard.sv(71) @ 8203: uvm_test_top.env.scb [SCB_PASS] MATCH exp_rdata=86, ACT rdata=86
# KERNEL: UVM_INFO /home/runner/rd_driver.sv(33) @ 8229: uvm_test_top.env.rd_agent.drv [RD_DRV] rrst_n = 1, rinc= 1
# KERNEL: UVM_INFO /home/runner/rd_driver.sv(33) @ 8281: uvm_test_top.env.rd_agent.drv [RD_DRV] rrst_n = 1, rinc= 0
# KERNEL: UVM_INFO /home/runner/rd_monitor.sv(50) @ 8307: uvm_test_top.env.rd_agent.mon [RD_MON] rrst_n = 1, rdata =d1, rinc= 1, rempty=0
# KERNEL: UVM_INFO /home/runner/scoreboard.sv(64) @ 8307: uvm_test_top.env.scb [fifo_scoreboard] Scoreboard received item
# KERNEL: UVM_INFO /home/runner/scoreboard.sv(69) @ 8307: uvm_test_top.env.scb [SCB_RD] DATA READ=d1 ,count=13
# KERNEL: UVM_INFO /home/runner/scoreboard.sv(71) @ 8307: uvm_test_top.env.scb [SCB_PASS] MATCH exp_rdata=d1, ACT rdata=d1
# KERNEL: UVM_INFO /home/runner/rd_driver.sv(33) @ 8333: uvm_test_top.env.rd_agent.drv [RD_DRV] rrst_n = 1, rinc= 1
# KERNEL: UVM_INFO /home/runner/rd_driver.sv(33) @ 8385: uvm_test_top.env.rd_agent.drv [RD_DRV] rrst_n = 1, rinc= 0
# KERNEL: UVM_INFO /home/runner/rd_monitor.sv(50) @ 8411: uvm_test_top.env.rd_agent.mon [RD_MON] rrst_n = 1, rdata =3f, rinc= 1, rempty=0
# KERNEL: UVM_INFO /home/runner/scoreboard.sv(64) @ 8411: uvm_test_top.env.scb [fifo_scoreboard] Scoreboard received item
# KERNEL: UVM_INFO /home/runner/scoreboard.sv(69) @ 8411: uvm_test_top.env.scb [SCB_RD] DATA READ=3f ,count=12
# KERNEL: UVM_INFO /home/runner/scoreboard.sv(71) @ 8411: uvm_test_top.env.scb [SCB_PASS] MATCH exp_rdata=3f, ACT rdata=3f
# KERNEL: UVM_INFO /home/runner/rd_driver.sv(33) @ 8437: uvm_test_top.env.rd_agent.drv [RD_DRV] rrst_n = 1, rinc= 0
# KERNEL: UVM_INFO /home/runner/rd_driver.sv(33) @ 8489: uvm_test_top.env.rd_agent.drv [RD_DRV] rrst_n = 1, rinc= 1
# KERNEL: UVM_INFO /home/runner/rd_driver.sv(33) @ 8541: uvm_test_top.env.rd_agent.drv [RD_DRV] rrst_n = 1, rinc= 0
# KERNEL: UVM_INFO /home/runner/rd_monitor.sv(50) @ 8567: uvm_test_top.env.rd_agent.mon [RD_MON] rrst_n = 1, rdata =68, rinc= 1, rempty=0
# KERNEL: UVM_INFO /home/runner/scoreboard.sv(64) @ 8567: uvm_test_top.env.scb [fifo_scoreboard] Scoreboard received item
# KERNEL: UVM_INFO /home/runner/scoreboard.sv(69) @ 8567: uvm_test_top.env.scb [SCB_RD] DATA READ=68 ,count=11
# KERNEL: UVM_INFO /home/runner/scoreboard.sv(71) @ 8567: uvm_test_top.env.scb [SCB_PASS] MATCH exp_rdata=68, ACT rdata=68
# KERNEL: UVM_INFO /home/runner/rd_driver.sv(33) @ 8593: uvm_test_top.env.rd_agent.drv [RD_DRV] rrst_n = 1, rinc= 1
# KERNEL: UVM_INFO /home/runner/rd_driver.sv(33) @ 8645: uvm_test_top.env.rd_agent.drv [RD_DRV] rrst_n = 1, rinc= 1
# KERNEL: UVM_INFO /home/runner/rd_monitor.sv(50) @ 8671: uvm_test_top.env.rd_agent.mon [RD_MON] rrst_n = 1, rdata =3e, rinc= 1, rempty=0
# KERNEL: UVM_INFO /home/runner/scoreboard.sv(64) @ 8671: uvm_test_top.env.scb [fifo_scoreboard] Scoreboard received item
# KERNEL: UVM_INFO /home/runner/scoreboard.sv(69) @ 8671: uvm_test_top.env.scb [SCB_RD] DATA READ=3e ,count=10
# KERNEL: UVM_INFO /home/runner/scoreboard.sv(71) @ 8671: uvm_test_top.env.scb [SCB_PASS] MATCH exp_rdata=3e, ACT rdata=3e
# KERNEL: UVM_INFO /home/runner/rd_driver.sv(33) @ 8697: uvm_test_top.env.rd_agent.drv [RD_DRV] rrst_n = 1, rinc= 0
# KERNEL: UVM_INFO /home/runner/rd_monitor.sv(50) @ 8723: uvm_test_top.env.rd_agent.mon [RD_MON] rrst_n = 1, rdata =7b, rinc= 1, rempty=0
# KERNEL: UVM_INFO /home/runner/scoreboard.sv(64) @ 8723: uvm_test_top.env.scb [fifo_scoreboard] Scoreboard received item
# KERNEL: UVM_INFO /home/runner/scoreboard.sv(69) @ 8723: uvm_test_top.env.scb [SCB_RD] DATA READ=7b ,count=9
# KERNEL: UVM_INFO /home/runner/scoreboard.sv(71) @ 8723: uvm_test_top.env.scb [SCB_PASS] MATCH exp_rdata=7b, ACT rdata=7b
# KERNEL: UVM_INFO /home/runner/rd_driver.sv(33) @ 8749: uvm_test_top.env.rd_agent.drv [RD_DRV] rrst_n = 1, rinc= 1
# KERNEL: UVM_INFO /home/runner/rd_driver.sv(33) @ 8801: uvm_test_top.env.rd_agent.drv [RD_DRV] rrst_n = 1, rinc= 1
# KERNEL: UVM_INFO /home/runner/rd_monitor.sv(50) @ 8827: uvm_test_top.env.rd_agent.mon [RD_MON] rrst_n = 1, rdata =34, rinc= 1, rempty=0
# KERNEL: UVM_INFO /home/runner/scoreboard.sv(64) @ 8827: uvm_test_top.env.scb [fifo_scoreboard] Scoreboard received item
# KERNEL: UVM_INFO /home/runner/scoreboard.sv(69) @ 8827: uvm_test_top.env.scb [SCB_RD] DATA READ=34 ,count=8
# KERNEL: UVM_INFO /home/runner/scoreboard.sv(71) @ 8827: uvm_test_top.env.scb [SCB_PASS] MATCH exp_rdata=34, ACT rdata=34
# KERNEL: UVM_INFO /home/runner/rd_driver.sv(33) @ 8853: uvm_test_top.env.rd_agent.drv [RD_DRV] rrst_n = 1, rinc= 1
# KERNEL: UVM_INFO /home/runner/rd_monitor.sv(50) @ 8879: uvm_test_top.env.rd_agent.mon [RD_MON] rrst_n = 1, rdata =4a, rinc= 1, rempty=0
# KERNEL: UVM_INFO /home/runner/scoreboard.sv(64) @ 8879: uvm_test_top.env.scb [fifo_scoreboard] Scoreboard received item
# KERNEL: UVM_INFO /home/runner/scoreboard.sv(69) @ 8879: uvm_test_top.env.scb [SCB_RD] DATA READ=4a ,count=7
# KERNEL: UVM_INFO /home/runner/scoreboard.sv(71) @ 8879: uvm_test_top.env.scb [SCB_PASS] MATCH exp_rdata=4a, ACT rdata=4a
# KERNEL: UVM_INFO /home/runner/rd_driver.sv(33) @ 8905: uvm_test_top.env.rd_agent.drv [RD_DRV] rrst_n = 1, rinc= 1
# KERNEL: UVM_INFO /home/runner/rd_monitor.sv(50) @ 8931: uvm_test_top.env.rd_agent.mon [RD_MON] rrst_n = 1, rdata =1c, rinc= 1, rempty=0
# KERNEL: UVM_INFO /home/runner/scoreboard.sv(64) @ 8931: uvm_test_top.env.scb [fifo_scoreboard] Scoreboard received item
# KERNEL: UVM_INFO /home/runner/scoreboard.sv(69) @ 8931: uvm_test_top.env.scb [SCB_RD] DATA READ=1c ,count=6
# KERNEL: UVM_INFO /home/runner/scoreboard.sv(71) @ 8931: uvm_test_top.env.scb [SCB_PASS] MATCH exp_rdata=1c, ACT rdata=1c
# KERNEL: UVM_INFO /home/runner/rd_driver.sv(33) @ 8957: uvm_test_top.env.rd_agent.drv [RD_DRV] rrst_n = 1, rinc= 1
# KERNEL: UVM_INFO /home/runner/rd_monitor.sv(50) @ 8983: uvm_test_top.env.rd_agent.mon [RD_MON] rrst_n = 1, rdata =80, rinc= 1, rempty=0
# KERNEL: UVM_INFO /home/runner/scoreboard.sv(64) @ 8983: uvm_test_top.env.scb [fifo_scoreboard] Scoreboard received item
# KERNEL: UVM_INFO /home/runner/scoreboard.sv(69) @ 8983: uvm_test_top.env.scb [SCB_RD] DATA READ=80 ,count=5
# KERNEL: UVM_INFO /home/runner/scoreboard.sv(71) @ 8983: uvm_test_top.env.scb [SCB_PASS] MATCH exp_rdata=80, ACT rdata=80
# KERNEL: UVM_INFO /home/runner/rd_driver.sv(33) @ 9009: uvm_test_top.env.rd_agent.drv [RD_DRV] rrst_n = 1, rinc= 1
# KERNEL: UVM_INFO /home/runner/rd_monitor.sv(50) @ 9035: uvm_test_top.env.rd_agent.mon [RD_MON] rrst_n = 1, rdata =75, rinc= 1, rempty=0
# KERNEL: UVM_INFO /home/runner/scoreboard.sv(64) @ 9035: uvm_test_top.env.scb [fifo_scoreboard] Scoreboard received item
# KERNEL: UVM_INFO /home/runner/scoreboard.sv(69) @ 9035: uvm_test_top.env.scb [SCB_RD] DATA READ=75 ,count=4
# KERNEL: UVM_INFO /home/runner/scoreboard.sv(71) @ 9035: uvm_test_top.env.scb [SCB_PASS] MATCH exp_rdata=75, ACT rdata=75
# KERNEL: UVM_INFO /home/runner/rd_driver.sv(33) @ 9061: uvm_test_top.env.rd_agent.drv [RD_DRV] rrst_n = 1, rinc= 1
# KERNEL: UVM_INFO /home/runner/rd_monitor.sv(50) @ 9087: uvm_test_top.env.rd_agent.mon [RD_MON] rrst_n = 1, rdata =68, rinc= 1, rempty=0
# KERNEL: UVM_INFO /home/runner/scoreboard.sv(64) @ 9087: uvm_test_top.env.scb [fifo_scoreboard] Scoreboard received item
# KERNEL: UVM_INFO /home/runner/scoreboard.sv(69) @ 9087: uvm_test_top.env.scb [SCB_RD] DATA READ=68 ,count=3
# KERNEL: UVM_INFO /home/runner/scoreboard.sv(71) @ 9087: uvm_test_top.env.scb [SCB_PASS] MATCH exp_rdata=68, ACT rdata=68
# KERNEL: UVM_INFO /home/runner/rd_driver.sv(33) @ 9113: uvm_test_top.env.rd_agent.drv [RD_DRV] rrst_n = 1, rinc= 0
# KERNEL: UVM_INFO /home/runner/rd_monitor.sv(50) @ 9139: uvm_test_top.env.rd_agent.mon [RD_MON] rrst_n = 1, rdata =7c, rinc= 1, rempty=0
# KERNEL: UVM_INFO /home/runner/scoreboard.sv(64) @ 9139: uvm_test_top.env.scb [fifo_scoreboard] Scoreboard received item
# KERNEL: UVM_INFO /home/runner/scoreboard.sv(69) @ 9139: uvm_test_top.env.scb [SCB_RD] DATA READ=7c ,count=2
# KERNEL: UVM_INFO /home/runner/scoreboard.sv(71) @ 9139: uvm_test_top.env.scb [SCB_PASS] MATCH exp_rdata=7c, ACT rdata=7c
# KERNEL: UVM_INFO /home/runner/rd_driver.sv(33) @ 9165: uvm_test_top.env.rd_agent.drv [RD_DRV] rrst_n = 1, rinc= 0
# KERNEL: UVM_INFO /home/runner/rd_driver.sv(33) @ 9217: uvm_test_top.env.rd_agent.drv [RD_DRV] rrst_n = 1, rinc= 1
# KERNEL: UVM_INFO /home/runner/rd_driver.sv(33) @ 9269: uvm_test_top.env.rd_agent.drv [RD_DRV] rrst_n = 1, rinc= 1
# KERNEL: UVM_INFO /home/runner/rd_monitor.sv(50) @ 9295: uvm_test_top.env.rd_agent.mon [RD_MON] rrst_n = 1, rdata =c9, rinc= 1, rempty=0
# KERNEL: UVM_INFO /home/runner/scoreboard.sv(64) @ 9295: uvm_test_top.env.scb [fifo_scoreboard] Scoreboard received item
# KERNEL: UVM_INFO /home/runner/scoreboard.sv(69) @ 9295: uvm_test_top.env.scb [SCB_RD] DATA READ=c9 ,count=1
# KERNEL: UVM_INFO /home/runner/scoreboard.sv(71) @ 9295: uvm_test_top.env.scb [SCB_PASS] MATCH exp_rdata=c9, ACT rdata=c9
# KERNEL: UVM_INFO /home/runner/rd_driver.sv(33) @ 9321: uvm_test_top.env.rd_agent.drv [RD_DRV] rrst_n = 1, rinc= 1
# KERNEL: UVM_INFO /home/runner/rd_monitor.sv(50) @ 9347: uvm_test_top.env.rd_agent.mon [RD_MON] rrst_n = 1, rdata =20, rinc= 1, rempty=0
# KERNEL: UVM_INFO /home/runner/scoreboard.sv(64) @ 9347: uvm_test_top.env.scb [fifo_scoreboard] Scoreboard received item
# KERNEL: UVM_INFO /home/runner/scoreboard.sv(69) @ 9347: uvm_test_top.env.scb [SCB_RD] DATA READ=20 ,count=0
# KERNEL: UVM_INFO /home/runner/scoreboard.sv(71) @ 9347: uvm_test_top.env.scb [SCB_PASS] MATCH exp_rdata=20, ACT rdata=20
# KERNEL: UVM_INFO /home/runner/rd_driver.sv(33) @ 9373: uvm_test_top.env.rd_agent.drv [RD_DRV] rrst_n = 1, rinc= 1
# KERNEL: Error: assertion.sv (43): UNDERFLOW!!, Read ignored because FIFO empty
# KERNEL: UVM_INFO /home/runner/rd_driver.sv(33) @ 9425: uvm_test_top.env.rd_agent.drv [RD_DRV] rrst_n = 1, rinc= 1
# KERNEL: Error: assertion.sv (43): UNDERFLOW!!, Read ignored because FIFO empty
# KERNEL: UVM_INFO /home/runner/rd_driver.sv(33) @ 9477: uvm_test_top.env.rd_agent.drv [RD_DRV] rrst_n = 1, rinc= 1
# KERNEL: Error: assertion.sv (43): UNDERFLOW!!, Read ignored because FIFO empty
# KERNEL: UVM_INFO /home/runner/rd_driver.sv(33) @ 9529: uvm_test_top.env.rd_agent.drv [RD_DRV] rrst_n = 1, rinc= 0
# KERNEL: Error: assertion.sv (43): UNDERFLOW!!, Read ignored because FIFO empty
# KERNEL: UVM_INFO /home/runner/rd_driver.sv(33) @ 9581: uvm_test_top.env.rd_agent.drv [RD_DRV] rrst_n = 1, rinc= 1
# KERNEL: UVM_INFO /home/runner/rd_driver.sv(33) @ 9633: uvm_test_top.env.rd_agent.drv [RD_DRV] rrst_n = 1, rinc= 0
# KERNEL: Error: assertion.sv (43): UNDERFLOW!!, Read ignored because FIFO empty
# KERNEL: UVM_INFO /home/runner/rd_driver.sv(33) @ 9685: uvm_test_top.env.rd_agent.drv [RD_DRV] rrst_n = 1, rinc= 1
# KERNEL: UVM_INFO /home/runner/rd_driver.sv(33) @ 9737: uvm_test_top.env.rd_agent.drv [RD_DRV] rrst_n = 1, rinc= 0
# KERNEL: Error: assertion.sv (43): UNDERFLOW!!, Read ignored because FIFO empty
# KERNEL: UVM_INFO /home/runner/rd_driver.sv(33) @ 9789: uvm_test_top.env.rd_agent.drv [RD_DRV] rrst_n = 1, rinc= 1
# KERNEL: UVM_INFO /home/runner/rd_driver.sv(33) @ 9841: uvm_test_top.env.rd_agent.drv [RD_DRV] rrst_n = 1, rinc= 0
# KERNEL: Error: assertion.sv (43): UNDERFLOW!!, Read ignored because FIFO empty
# KERNEL: UVM_INFO /home/runner/rd_driver.sv(33) @ 9893: uvm_test_top.env.rd_agent.drv [RD_DRV] rrst_n = 1, rinc= 1
# KERNEL: UVM_INFO /home/runner/rd_driver.sv(33) @ 9945: uvm_test_top.env.rd_agent.drv [RD_DRV] rrst_n = 1, rinc= 1
# KERNEL: Error: assertion.sv (43): UNDERFLOW!!, Read ignored because FIFO empty
# KERNEL: UVM_INFO /home/runner/rd_driver.sv(33) @ 9997: uvm_test_top.env.rd_agent.drv [RD_DRV] rrst_n = 1, rinc= 1
# KERNEL: Error: assertion.sv (43): UNDERFLOW!!, Read ignored because FIFO empty
# KERNEL: UVM_INFO /home/runner/rd_driver.sv(33) @ 10049: uvm_test_top.env.rd_agent.drv [RD_DRV] rrst_n = 1, rinc= 1
# KERNEL: Error: assertion.sv (43): UNDERFLOW!!, Read ignored because FIFO empty
# KERNEL: UVM_INFO /home/runner/rd_driver.sv(33) @ 10101: uvm_test_top.env.rd_agent.drv [RD_DRV] rrst_n = 1, rinc= 0
# KERNEL: Error: assertion.sv (43): UNDERFLOW!!, Read ignored because FIFO empty
# KERNEL: UVM_INFO /home/runner/rd_driver.sv(33) @ 10153: uvm_test_top.env.rd_agent.drv [RD_DRV] rrst_n = 1, rinc= 1
# KERNEL: UVM_INFO /home/runner/rd_driver.sv(33) @ 10205: uvm_test_top.env.rd_agent.drv [RD_DRV] rrst_n = 1, rinc= 1
# KERNEL: Error: assertion.sv (43): UNDERFLOW!!, Read ignored because FIFO empty
# KERNEL: UVM_INFO /home/runner/rd_driver.sv(33) @ 10257: uvm_test_top.env.rd_agent.drv [RD_DRV] rrst_n = 1, rinc= 1
# KERNEL: Error: assertion.sv (43): UNDERFLOW!!, Read ignored because FIFO empty
# KERNEL: UVM_INFO /home/runner/rd_driver.sv(33) @ 10309: uvm_test_top.env.rd_agent.drv [RD_DRV] rrst_n = 1, rinc= 1
# KERNEL: Error: assertion.sv (43): UNDERFLOW!!, Read ignored because FIFO empty
# KERNEL: UVM_INFO /home/runner/rd_driver.sv(33) @ 10361: uvm_test_top.env.rd_agent.drv [RD_DRV] rrst_n = 1, rinc= 1
# KERNEL: Error: assertion.sv (43): UNDERFLOW!!, Read ignored because FIFO empty
# KERNEL: UVM_INFO /home/runner/rd_driver.sv(33) @ 10413: uvm_test_top.env.rd_agent.drv [RD_DRV] rrst_n = 1, rinc= 0
# KERNEL: Error: assertion.sv (43): UNDERFLOW!!, Read ignored because FIFO empty
# KERNEL: UVM_INFO /home/runner/rd_driver.sv(33) @ 10465: uvm_test_top.env.rd_agent.drv [RD_DRV] rrst_n = 1, rinc= 0
# KERNEL: UVM_INFO /home/runner/rd_driver.sv(33) @ 10517: uvm_test_top.env.rd_agent.drv [RD_DRV] rrst_n = 1, rinc= 1
# KERNEL: UVM_INFO /home/runner/rd_driver.sv(33) @ 10569: uvm_test_top.env.rd_agent.drv [RD_DRV] rrst_n = 1, rinc= 1
# KERNEL: Error: assertion.sv (43): UNDERFLOW!!, Read ignored because FIFO empty
# KERNEL: UVM_INFO /home/runner/rd_driver.sv(33) @ 10621: uvm_test_top.env.rd_agent.drv [RD_DRV] rrst_n = 1, rinc= 1
# KERNEL: Error: assertion.sv (43): UNDERFLOW!!, Read ignored because FIFO empty
# KERNEL: UVM_INFO /home/runner/rd_driver.sv(33) @ 10673: uvm_test_top.env.rd_agent.drv [RD_DRV] rrst_n = 1, rinc= 1
# KERNEL: Error: assertion.sv (43): UNDERFLOW!!, Read ignored because FIFO empty
# KERNEL: UVM_INFO /home/runner/rd_driver.sv(33) @ 10725: uvm_test_top.env.rd_agent.drv [RD_DRV] rrst_n = 1, rinc= 1
# KERNEL: Error: assertion.sv (43): UNDERFLOW!!, Read ignored because FIFO empty
# KERNEL: UVM_INFO /home/runner/rd_driver.sv(33) @ 10777: uvm_test_top.env.rd_agent.drv [RD_DRV] rrst_n = 1, rinc= 0
# KERNEL: Error: assertion.sv (43): UNDERFLOW!!, Read ignored because FIFO empty
# KERNEL: UVM_INFO /home/runner/rd_driver.sv(33) @ 10829: uvm_test_top.env.rd_agent.drv [RD_DRV] rrst_n = 1, rinc= 1
# KERNEL: UVM_INFO /home/runner/rd_driver.sv(33) @ 10881: uvm_test_top.env.rd_agent.drv [RD_DRV] rrst_n = 1, rinc= 1
# KERNEL: Error: assertion.sv (43): UNDERFLOW!!, Read ignored because FIFO empty
# KERNEL: UVM_INFO /home/runner/rd_driver.sv(33) @ 10933: uvm_test_top.env.rd_agent.drv [RD_DRV] rrst_n = 1, rinc= 1
# KERNEL: Error: assertion.sv (43): UNDERFLOW!!, Read ignored because FIFO empty
# KERNEL: UVM_INFO /home/runner/rd_driver.sv(33) @ 10985: uvm_test_top.env.rd_agent.drv [RD_DRV] rrst_n = 1, rinc= 1
# KERNEL: Error: assertion.sv (43): UNDERFLOW!!, Read ignored because FIFO empty
# KERNEL: UVM_INFO /home/runner/rd_driver.sv(33) @ 11037: uvm_test_top.env.rd_agent.drv [RD_DRV] rrst_n = 1, rinc= 1
# KERNEL: Error: assertion.sv (43): UNDERFLOW!!, Read ignored because FIFO empty
# KERNEL: UVM_INFO /home/runner/rd_driver.sv(33) @ 11089: uvm_test_top.env.rd_agent.drv [RD_DRV] rrst_n = 1, rinc= 1
# KERNEL: Error: assertion.sv (43): UNDERFLOW!!, Read ignored because FIFO empty
# KERNEL: UVM_INFO /home/runner/rd_driver.sv(33) @ 11141: uvm_test_top.env.rd_agent.drv [RD_DRV] rrst_n = 1, rinc= 1
# KERNEL: Error: assertion.sv (43): UNDERFLOW!!, Read ignored because FIFO empty
# KERNEL: UVM_INFO /home/runner/rd_driver.sv(33) @ 11193: uvm_test_top.env.rd_agent.drv [RD_DRV] rrst_n = 1, rinc= 1
# KERNEL: Error: assertion.sv (43): UNDERFLOW!!, Read ignored because FIFO empty
# KERNEL: UVM_INFO /home/runner/rd_driver.sv(33) @ 11245: uvm_test_top.env.rd_agent.drv [RD_DRV] rrst_n = 1, rinc= 1
# KERNEL: Error: assertion.sv (43): UNDERFLOW!!, Read ignored because FIFO empty
# KERNEL: UVM_INFO /home/runner/rd_driver.sv(33) @ 11297: uvm_test_top.env.rd_agent.drv [RD_DRV] rrst_n = 1, rinc= 1
# KERNEL: Error: assertion.sv (43): UNDERFLOW!!, Read ignored because FIFO empty
# KERNEL: UVM_INFO /home/runner/rd_driver.sv(33) @ 11349: uvm_test_top.env.rd_agent.drv [RD_DRV] rrst_n = 1, rinc= 1
# KERNEL: Error: assertion.sv (43): UNDERFLOW!!, Read ignored because FIFO empty
# KERNEL: UVM_INFO /home/runner/rd_driver.sv(33) @ 11401: uvm_test_top.env.rd_agent.drv [RD_DRV] rrst_n = 1, rinc= 1
# KERNEL: Error: assertion.sv (43): UNDERFLOW!!, Read ignored because FIFO empty
# KERNEL: UVM_INFO /home/runner/rd_driver.sv(33) @ 11453: uvm_test_top.env.rd_agent.drv [RD_DRV] rrst_n = 1, rinc= 1
# KERNEL: Error: assertion.sv (43): UNDERFLOW!!, Read ignored because FIFO empty
# KERNEL: UVM_INFO /home/runner/rd_driver.sv(33) @ 11505: uvm_test_top.env.rd_agent.drv [RD_DRV] rrst_n = 1, rinc= 1
# KERNEL: Error: assertion.sv (43): UNDERFLOW!!, Read ignored because FIFO empty
# KERNEL: UVM_INFO /home/runner/rd_driver.sv(33) @ 11557: uvm_test_top.env.rd_agent.drv [RD_DRV] rrst_n = 1, rinc= 1
# KERNEL: Error: assertion.sv (43): UNDERFLOW!!, Read ignored because FIFO empty
# KERNEL: UVM_INFO /home/runner/rd_driver.sv(33) @ 11609: uvm_test_top.env.rd_agent.drv [RD_DRV] rrst_n = 1, rinc= 0
# KERNEL: Error: assertion.sv (43): UNDERFLOW!!, Read ignored because FIFO empty
# KERNEL: UVM_INFO /home/runner/rd_driver.sv(33) @ 11661: uvm_test_top.env.rd_agent.drv [RD_DRV] rrst_n = 1, rinc= 1
# KERNEL: UVM_INFO /home/runner/rd_driver.sv(33) @ 11713: uvm_test_top.env.rd_agent.drv [RD_DRV] rrst_n = 1, rinc= 1
# KERNEL: Error: assertion.sv (43): UNDERFLOW!!, Read ignored because FIFO empty
# KERNEL: UVM_INFO /home/runner/rd_driver.sv(33) @ 11765: uvm_test_top.env.rd_agent.drv [RD_DRV] rrst_n = 1, rinc= 0
# KERNEL: Error: assertion.sv (43): UNDERFLOW!!, Read ignored because FIFO empty
# KERNEL: UVM_INFO /home/runner/rd_driver.sv(33) @ 11817: uvm_test_top.env.rd_agent.drv [RD_DRV] rrst_n = 1, rinc= 1
# KERNEL: UVM_INFO /home/runner/rd_driver.sv(33) @ 11869: uvm_test_top.env.rd_agent.drv [RD_DRV] rrst_n = 1, rinc= 1
# KERNEL: Error: assertion.sv (43): UNDERFLOW!!, Read ignored because FIFO empty
# KERNEL: UVM_INFO /home/runner/rd_driver.sv(33) @ 11921: uvm_test_top.env.rd_agent.drv [RD_DRV] rrst_n = 1, rinc= 0
# KERNEL: Error: assertion.sv (43): UNDERFLOW!!, Read ignored because FIFO empty
# KERNEL: UVM_INFO /home/runner/rd_driver.sv(33) @ 11973: uvm_test_top.env.rd_agent.drv [RD_DRV] rrst_n = 1, rinc= 0
# KERNEL: UVM_INFO /home/runner/rd_driver.sv(33) @ 12025: uvm_test_top.env.rd_agent.drv [RD_DRV] rrst_n = 1, rinc= 1
# KERNEL: UVM_INFO /home/runner/rd_driver.sv(33) @ 12077: uvm_test_top.env.rd_agent.drv [RD_DRV] rrst_n = 1, rinc= 1
# KERNEL: Error: assertion.sv (43): UNDERFLOW!!, Read ignored because FIFO empty
# KERNEL: UVM_INFO /home/runner/rd_driver.sv(33) @ 12129: uvm_test_top.env.rd_agent.drv [RD_DRV] rrst_n = 1, rinc= 0
# KERNEL: Error: assertion.sv (43): UNDERFLOW!!, Read ignored because FIFO empty
# KERNEL: UVM_INFO /home/runner/rd_driver.sv(33) @ 12181: uvm_test_top.env.rd_agent.drv [RD_DRV] rrst_n = 1, rinc= 0
# KERNEL: UVM_INFO /home/runner/rd_driver.sv(33) @ 12233: uvm_test_top.env.rd_agent.drv [RD_DRV] rrst_n = 1, rinc= 1
# KERNEL: UVM_INFO /home/runner/rd_driver.sv(33) @ 12285: uvm_test_top.env.rd_agent.drv [RD_DRV] rrst_n = 1, rinc= 1
# KERNEL: Error: assertion.sv (43): UNDERFLOW!!, Read ignored because FIFO empty
# KERNEL: UVM_INFO /home/runner/rd_driver.sv(33) @ 12337: uvm_test_top.env.rd_agent.drv [RD_DRV] rrst_n = 1, rinc= 1
# KERNEL: Error: assertion.sv (43): UNDERFLOW!!, Read ignored because FIFO empty
# KERNEL: UVM_INFO /home/runner/rd_driver.sv(33) @ 12389: uvm_test_top.env.rd_agent.drv [RD_DRV] rrst_n = 1, rinc= 1
# KERNEL: Error: assertion.sv (43): UNDERFLOW!!, Read ignored because FIFO empty
# KERNEL: UVM_INFO /home/runner/rd_driver.sv(33) @ 12441: uvm_test_top.env.rd_agent.drv [RD_DRV] rrst_n = 1, rinc= 1
# KERNEL: Error: assertion.sv (43): UNDERFLOW!!, Read ignored because FIFO empty
# KERNEL: UVM_INFO /home/runner/rd_driver.sv(33) @ 12493: uvm_test_top.env.rd_agent.drv [RD_DRV] rrst_n = 1, rinc= 1
# KERNEL: Error: assertion.sv (43): UNDERFLOW!!, Read ignored because FIFO empty
# KERNEL: UVM_INFO /home/runner/rd_driver.sv(33) @ 12545: uvm_test_top.env.rd_agent.drv [RD_DRV] rrst_n = 1, rinc= 0
# KERNEL: Error: assertion.sv (43): UNDERFLOW!!, Read ignored because FIFO empty
# KERNEL: UVM_INFO /home/runner/rd_driver.sv(33) @ 12597: uvm_test_top.env.rd_agent.drv [RD_DRV] rrst_n = 1, rinc= 0
# KERNEL: UVM_INFO /home/runner/rd_driver.sv(33) @ 12649: uvm_test_top.env.rd_agent.drv [RD_DRV] rrst_n = 1, rinc= 1
# KERNEL: UVM_INFO /home/runner/rd_driver.sv(33) @ 12701: uvm_test_top.env.rd_agent.drv [RD_DRV] rrst_n = 1, rinc= 0
# KERNEL: Error: assertion.sv (43): UNDERFLOW!!, Read ignored because FIFO empty
# KERNEL: UVM_INFO /home/runner/rd_driver.sv(33) @ 12753: uvm_test_top.env.rd_agent.drv [RD_DRV] rrst_n = 1, rinc= 1
# KERNEL: UVM_INFO /home/runner/rd_driver.sv(33) @ 12805: uvm_test_top.env.rd_agent.drv [RD_DRV] rrst_n = 1, rinc= 0
# KERNEL: Error: assertion.sv (43): UNDERFLOW!!, Read ignored because FIFO empty
# KERNEL: UVM_INFO /home/runner/rd_driver.sv(33) @ 12857: uvm_test_top.env.rd_agent.drv [RD_DRV] rrst_n = 1, rinc= 1
# KERNEL: UVM_INFO /home/runner/rd_driver.sv(33) @ 12909: uvm_test_top.env.rd_agent.drv [RD_DRV] rrst_n = 1, rinc= 0
# KERNEL: Error: assertion.sv (43): UNDERFLOW!!, Read ignored because FIFO empty
# KERNEL: UVM_INFO /home/runner/rd_driver.sv(33) @ 12961: uvm_test_top.env.rd_agent.drv [RD_DRV] rrst_n = 1, rinc= 0
# KERNEL: UVM_INFO /home/runner/rd_driver.sv(33) @ 13013: uvm_test_top.env.rd_agent.drv [RD_DRV] rrst_n = 1, rinc= 1
# KERNEL: UVM_INFO /home/runner/rd_driver.sv(33) @ 13065: uvm_test_top.env.rd_agent.drv [RD_DRV] rrst_n = 1, rinc= 0
# KERNEL: Error: assertion.sv (43): UNDERFLOW!!, Read ignored because FIFO empty
# KERNEL: UVM_INFO /home/runner/rd_driver.sv(33) @ 13117: uvm_test_top.env.rd_agent.drv [RD_DRV] rrst_n = 1, rinc= 1
# KERNEL: UVM_INFO /home/runner/rd_driver.sv(33) @ 13169: uvm_test_top.env.rd_agent.drv [RD_DRV] rrst_n = 1, rinc= 1
# KERNEL: Error: assertion.sv (43): UNDERFLOW!!, Read ignored because FIFO empty
# KERNEL: UVM_INFO /home/runner/rd_driver.sv(33) @ 13221: uvm_test_top.env.rd_agent.drv [RD_DRV] rrst_n = 1, rinc= 1
# KERNEL: Error: assertion.sv (43): UNDERFLOW!!, Read ignored because FIFO empty
# KERNEL: UVM_INFO /home/runner/rd_driver.sv(33) @ 13273: uvm_test_top.env.rd_agent.drv [RD_DRV] rrst_n = 1, rinc= 1
# KERNEL: Error: assertion.sv (43): UNDERFLOW!!, Read ignored because FIFO empty
# KERNEL: UVM_INFO /home/runner/rd_driver.sv(33) @ 13325: uvm_test_top.env.rd_agent.drv [RD_DRV] rrst_n = 1, rinc= 0
# KERNEL: Error: assertion.sv (43): UNDERFLOW!!, Read ignored because FIFO empty
# KERNEL: UVM_INFO /home/runner/rd_driver.sv(33) @ 13377: uvm_test_top.env.rd_agent.drv [RD_DRV] rrst_n = 1, rinc= 0
# KERNEL: UVM_INFO /home/runner/rd_driver.sv(33) @ 13429: uvm_test_top.env.rd_agent.drv [RD_DRV] rrst_n = 1, rinc= 1
# KERNEL: UVM_INFO /home/runner/rd_driver.sv(33) @ 13481: uvm_test_top.env.rd_agent.drv [RD_DRV] rrst_n = 1, rinc= 1
# KERNEL: Error: assertion.sv (43): UNDERFLOW!!, Read ignored because FIFO empty
# KERNEL: UVM_INFO /home/runner/rd_driver.sv(33) @ 13533: uvm_test_top.env.rd_agent.drv [RD_DRV] rrst_n = 1, rinc= 0
# KERNEL: Error: assertion.sv (43): UNDERFLOW!!, Read ignored because FIFO empty
# KERNEL: UVM_INFO /home/runner/rd_driver.sv(33) @ 13585: uvm_test_top.env.rd_agent.drv [RD_DRV] rrst_n = 1, rinc= 0
# KERNEL: UVM_INFO /home/runner/rd_driver.sv(33) @ 13637: uvm_test_top.env.rd_agent.drv [RD_DRV] rrst_n = 1, rinc= 1
# KERNEL: UVM_INFO /home/runner/rd_driver.sv(33) @ 13689: uvm_test_top.env.rd_agent.drv [RD_DRV] rrst_n = 1, rinc= 1
# KERNEL: Error: assertion.sv (43): UNDERFLOW!!, Read ignored because FIFO empty
# KERNEL: UVM_INFO /home/runner/rd_driver.sv(33) @ 13741: uvm_test_top.env.rd_agent.drv [RD_DRV] rrst_n = 1, rinc= 0
# KERNEL: Error: assertion.sv (43): UNDERFLOW!!, Read ignored because FIFO empty
# KERNEL: UVM_INFO /home/runner/rd_driver.sv(33) @ 13793: uvm_test_top.env.rd_agent.drv [RD_DRV] rrst_n = 1, rinc= 1
# KERNEL: UVM_INFO /home/runner/rd_driver.sv(33) @ 13845: uvm_test_top.env.rd_agent.drv [RD_DRV] rrst_n = 1, rinc= 1
# KERNEL: Error: assertion.sv (43): UNDERFLOW!!, Read ignored because FIFO empty
# KERNEL: UVM_INFO /home/runner/rd_driver.sv(33) @ 13897: uvm_test_top.env.rd_agent.drv [RD_DRV] rrst_n = 1, rinc= 0
# KERNEL: Error: assertion.sv (43): UNDERFLOW!!, Read ignored because FIFO empty
# KERNEL: UVM_INFO /home/runner/rd_driver.sv(33) @ 13949: uvm_test_top.env.rd_agent.drv [RD_DRV] rrst_n = 1, rinc= 1
# KERNEL: UVM_INFO /home/runner/rd_driver.sv(33) @ 14001: uvm_test_top.env.rd_agent.drv [RD_DRV] rrst_n = 1, rinc= 1
# KERNEL: Error: assertion.sv (43): UNDERFLOW!!, Read ignored because FIFO empty
# KERNEL: UVM_INFO /home/runner/rd_driver.sv(33) @ 14053: uvm_test_top.env.rd_agent.drv [RD_DRV] rrst_n = 1, rinc= 1
# KERNEL: Error: assertion.sv (43): UNDERFLOW!!, Read ignored because FIFO empty
# KERNEL: UVM_INFO /home/runner/rd_driver.sv(33) @ 14105: uvm_test_top.env.rd_agent.drv [RD_DRV] rrst_n = 1, rinc= 1
# KERNEL: Error: assertion.sv (43): UNDERFLOW!!, Read ignored because FIFO empty
# KERNEL: UVM_INFO /home/runner/rd_driver.sv(33) @ 14157: uvm_test_top.env.rd_agent.drv [RD_DRV] rrst_n = 1, rinc= 1
# KERNEL: Error: assertion.sv (43): UNDERFLOW!!, Read ignored because FIFO empty
# KERNEL: UVM_INFO /home/runner/rd_driver.sv(33) @ 14209: uvm_test_top.env.rd_agent.drv [RD_DRV] rrst_n = 1, rinc= 1
# KERNEL: Error: assertion.sv (43): UNDERFLOW!!, Read ignored because FIFO empty
# KERNEL: UVM_INFO /home/runner/rd_driver.sv(33) @ 14261: uvm_test_top.env.rd_agent.drv [RD_DRV] rrst_n = 1, rinc= 0
# KERNEL: Error: assertion.sv (43): UNDERFLOW!!, Read ignored because FIFO empty
# KERNEL: UVM_INFO /home/runner/rd_driver.sv(33) @ 14313: uvm_test_top.env.rd_agent.drv [RD_DRV] rrst_n = 1, rinc= 1
# KERNEL: UVM_INFO /home/runner/rd_driver.sv(33) @ 14365: uvm_test_top.env.rd_agent.drv [RD_DRV] rrst_n = 1, rinc= 0
# KERNEL: Error: assertion.sv (43): UNDERFLOW!!, Read ignored because FIFO empty
# KERNEL: UVM_INFO /home/runner/rd_driver.sv(33) @ 14417: uvm_test_top.env.rd_agent.drv [RD_DRV] rrst_n = 1, rinc= 1
# KERNEL: UVM_INFO /home/runner/rd_driver.sv(33) @ 14469: uvm_test_top.env.rd_agent.drv [RD_DRV] rrst_n = 1, rinc= 1
# KERNEL: Error: assertion.sv (43): UNDERFLOW!!, Read ignored because FIFO empty
# KERNEL: UVM_INFO /home/runner/rd_driver.sv(33) @ 14521: uvm_test_top.env.rd_agent.drv [RD_DRV] rrst_n = 1, rinc= 1
# KERNEL: Error: assertion.sv (43): UNDERFLOW!!, Read ignored because FIFO empty
# KERNEL: UVM_INFO /home/runner/rd_driver.sv(33) @ 14573: uvm_test_top.env.rd_agent.drv [RD_DRV] rrst_n = 1, rinc= 1
# KERNEL: Error: assertion.sv (43): UNDERFLOW!!, Read ignored because FIFO empty
# KERNEL: UVM_INFO /home/runner/rd_driver.sv(33) @ 14625: uvm_test_top.env.rd_agent.drv [RD_DRV] rrst_n = 1, rinc= 1
# KERNEL: Error: assertion.sv (43): UNDERFLOW!!, Read ignored because FIFO empty
# KERNEL: UVM_INFO /home/runner/rd_driver.sv(33) @ 14677: uvm_test_top.env.rd_agent.drv [RD_DRV] rrst_n = 1, rinc= 1
# KERNEL: Error: assertion.sv (43): UNDERFLOW!!, Read ignored because FIFO empty
# KERNEL: UVM_INFO /home/runner/rd_driver.sv(33) @ 14729: uvm_test_top.env.rd_agent.drv [RD_DRV] rrst_n = 1, rinc= 0
# KERNEL: Error: assertion.sv (43): UNDERFLOW!!, Read ignored because FIFO empty
# KERNEL: UVM_INFO /home/runner/rd_driver.sv(33) @ 14781: uvm_test_top.env.rd_agent.drv [RD_DRV] rrst_n = 1, rinc= 0
# KERNEL: UVM_INFO /home/runner/rd_driver.sv(33) @ 14833: uvm_test_top.env.rd_agent.drv [RD_DRV] rrst_n = 1, rinc= 1
# KERNEL: UVM_INFO /home/runner/rd_driver.sv(33) @ 14885: uvm_test_top.env.rd_agent.drv [RD_DRV] rrst_n = 1, rinc= 1
# KERNEL: Error: assertion.sv (43): UNDERFLOW!!, Read ignored because FIFO empty
# KERNEL: UVM_INFO /home/runner/rd_driver.sv(33) @ 14937: uvm_test_top.env.rd_agent.drv [RD_DRV] rrst_n = 1, rinc= 1
# KERNEL: Error: assertion.sv (43): UNDERFLOW!!, Read ignored because FIFO empty
# KERNEL: UVM_INFO /home/runner/rd_driver.sv(33) @ 14989: uvm_test_top.env.rd_agent.drv [RD_DRV] rrst_n = 1, rinc= 1
# KERNEL: Error: assertion.sv (43): UNDERFLOW!!, Read ignored because FIFO empty
# KERNEL: UVM_INFO /home/runner/rd_driver.sv(33) @ 15041: uvm_test_top.env.rd_agent.drv [RD_DRV] rrst_n = 1, rinc= 0
# KERNEL: Error: assertion.sv (43): UNDERFLOW!!, Read ignored because FIFO empty
# KERNEL: UVM_INFO /home/runner/rd_driver.sv(33) @ 15093: uvm_test_top.env.rd_agent.drv [RD_DRV] rrst_n = 1, rinc= 0
# KERNEL: UVM_INFO /home/runner/rd_driver.sv(33) @ 15145: uvm_test_top.env.rd_agent.drv [RD_DRV] rrst_n = 1, rinc= 1
# KERNEL: UVM_INFO /home/runner/rd_driver.sv(33) @ 15197: uvm_test_top.env.rd_agent.drv [RD_DRV] rrst_n = 1, rinc= 1
# KERNEL: Error: assertion.sv (43): UNDERFLOW!!, Read ignored because FIFO empty
# KERNEL: UVM_INFO /home/runner/rd_driver.sv(33) @ 15249: uvm_test_top.env.rd_agent.drv [RD_DRV] rrst_n = 1, rinc= 1
# KERNEL: Error: assertion.sv (43): UNDERFLOW!!, Read ignored because FIFO empty
# KERNEL: UVM_INFO /home/runner/rd_driver.sv(33) @ 15301: uvm_test_top.env.rd_agent.drv [RD_DRV] rrst_n = 1, rinc= 1
# KERNEL: Error: assertion.sv (43): UNDERFLOW!!, Read ignored because FIFO empty
# KERNEL: UVM_INFO /home/runner/rd_driver.sv(33) @ 15353: uvm_test_top.env.rd_agent.drv [RD_DRV] rrst_n = 1, rinc= 1
# KERNEL: Error: assertion.sv (43): UNDERFLOW!!, Read ignored because FIFO empty
# KERNEL: UVM_INFO /home/runner/rd_driver.sv(33) @ 15405: uvm_test_top.env.rd_agent.drv [RD_DRV] rrst_n = 1, rinc= 0
# KERNEL: Error: assertion.sv (43): UNDERFLOW!!, Read ignored because FIFO empty
# KERNEL: UVM_INFO /home/runner/rd_driver.sv(33) @ 15457: uvm_test_top.env.rd_agent.drv [RD_DRV] rrst_n = 1, rinc= 1
# KERNEL: UVM_INFO /home/runner/rd_driver.sv(33) @ 15509: uvm_test_top.env.rd_agent.drv [RD_DRV] rrst_n = 1, rinc= 1
# KERNEL: Error: assertion.sv (43): UNDERFLOW!!, Read ignored because FIFO empty
# KERNEL: UVM_INFO /home/runner/rd_driver.sv(33) @ 15561: uvm_test_top.env.rd_agent.drv [RD_DRV] rrst_n = 1, rinc= 1
# KERNEL: Error: assertion.sv (43): UNDERFLOW!!, Read ignored because FIFO empty
# KERNEL: UVM_INFO /home/runner/rd_driver.sv(33) @ 15613: uvm_test_top.env.rd_agent.drv [RD_DRV] rrst_n = 1, rinc= 1
# KERNEL: Error: assertion.sv (43): UNDERFLOW!!, Read ignored because FIFO empty
# KERNEL: UVM_INFO /home/runner/rd_driver.sv(33) @ 15665: uvm_test_top.env.rd_agent.drv [RD_DRV] rrst_n = 1, rinc= 1
# KERNEL: Error: assertion.sv (43): UNDERFLOW!!, Read ignored because FIFO empty
# KERNEL: UVM_INFO /home/runner/rd_driver.sv(33) @ 15717: uvm_test_top.env.rd_agent.drv [RD_DRV] rrst_n = 1, rinc= 1
# KERNEL: Error: assertion.sv (43): UNDERFLOW!!, Read ignored because FIFO empty
# KERNEL: UVM_INFO /home/runner/rd_driver.sv(33) @ 15769: uvm_test_top.env.rd_agent.drv [RD_DRV] rrst_n = 1, rinc= 0
# KERNEL: Error: assertion.sv (43): UNDERFLOW!!, Read ignored because FIFO empty
# KERNEL: UVM_INFO /home/runner/rd_driver.sv(33) @ 15821: uvm_test_top.env.rd_agent.drv [RD_DRV] rrst_n = 1, rinc= 1
# KERNEL: UVM_INFO /home/runner/rd_driver.sv(33) @ 15873: uvm_test_top.env.rd_agent.drv [RD_DRV] rrst_n = 1, rinc= 0
# KERNEL: Error: assertion.sv (43): UNDERFLOW!!, Read ignored because FIFO empty
# KERNEL: UVM_INFO /home/runner/rd_driver.sv(33) @ 15925: uvm_test_top.env.rd_agent.drv [RD_DRV] rrst_n = 1, rinc= 1
# KERNEL: UVM_INFO /home/runner/rd_driver.sv(33) @ 15977: uvm_test_top.env.rd_agent.drv [RD_DRV] rrst_n = 1, rinc= 0
# KERNEL: Error: assertion.sv (43): UNDERFLOW!!, Read ignored because FIFO empty
# KERNEL: UVM_INFO /home/runner/rd_driver.sv(33) @ 16029: uvm_test_top.env.rd_agent.drv [RD_DRV] rrst_n = 1, rinc= 1
# KERNEL: UVM_INFO /home/runner/rd_driver.sv(33) @ 16081: uvm_test_top.env.rd_agent.drv [RD_DRV] rrst_n = 1, rinc= 1
# KERNEL: Error: assertion.sv (43): UNDERFLOW!!, Read ignored because FIFO empty
# KERNEL: UVM_INFO /home/runner/rd_driver.sv(33) @ 16133: uvm_test_top.env.rd_agent.drv [RD_DRV] rrst_n = 1, rinc= 1
# KERNEL: Error: assertion.sv (43): UNDERFLOW!!, Read ignored because FIFO empty
# KERNEL: UVM_INFO /home/runner/rd_driver.sv(33) @ 16185: uvm_test_top.env.rd_agent.drv [RD_DRV] rrst_n = 1, rinc= 1
# KERNEL: Error: assertion.sv (43): UNDERFLOW!!, Read ignored because FIFO empty
# KERNEL: UVM_INFO /home/runner/rd_driver.sv(33) @ 16237: uvm_test_top.env.rd_agent.drv [RD_DRV] rrst_n = 1, rinc= 1
# KERNEL: Error: assertion.sv (43): UNDERFLOW!!, Read ignored because FIFO empty
# KERNEL: UVM_INFO /home/runner/rd_driver.sv(33) @ 16289: uvm_test_top.env.rd_agent.drv [RD_DRV] rrst_n = 1, rinc= 1
# KERNEL: Error: assertion.sv (43): UNDERFLOW!!, Read ignored because FIFO empty
# KERNEL: UVM_INFO /home/runner/rd_driver.sv(33) @ 16341: uvm_test_top.env.rd_agent.drv [RD_DRV] rrst_n = 1, rinc= 0
# KERNEL: Error: assertion.sv (43): UNDERFLOW!!, Read ignored because FIFO empty
# KERNEL: UVM_INFO /home/runner/rd_driver.sv(33) @ 16393: uvm_test_top.env.rd_agent.drv [RD_DRV] rrst_n = 1, rinc= 0
# KERNEL: UVM_INFO /home/runner/rd_driver.sv(33) @ 16445: uvm_test_top.env.rd_agent.drv [RD_DRV] rrst_n = 1, rinc= 1
# KERNEL: UVM_INFO /home/runner/rd_driver.sv(33) @ 16497: uvm_test_top.env.rd_agent.drv [RD_DRV] rrst_n = 1, rinc= 1
# KERNEL: Error: assertion.sv (43): UNDERFLOW!!, Read ignored because FIFO empty
# KERNEL: UVM_INFO /home/runner/rd_driver.sv(33) @ 16549: uvm_test_top.env.rd_agent.drv [RD_DRV] rrst_n = 1, rinc= 1
# KERNEL: Error: assertion.sv (43): UNDERFLOW!!, Read ignored because FIFO empty
# KERNEL: UVM_INFO /home/runner/rd_driver.sv(33) @ 16601: uvm_test_top.env.rd_agent.drv [RD_DRV] rrst_n = 1, rinc= 1
# KERNEL: Error: assertion.sv (43): UNDERFLOW!!, Read ignored because FIFO empty
# KERNEL: UVM_INFO /home/runner/rd_driver.sv(33) @ 16653: uvm_test_top.env.rd_agent.drv [RD_DRV] rrst_n = 1, rinc= 1
# KERNEL: Error: assertion.sv (43): UNDERFLOW!!, Read ignored because FIFO empty
# KERNEL: UVM_INFO /home/runner/rd_driver.sv(33) @ 16705: uvm_test_top.env.rd_agent.drv [RD_DRV] rrst_n = 1, rinc= 1
# KERNEL: Error: assertion.sv (43): UNDERFLOW!!, Read ignored because FIFO empty
# KERNEL: UVM_INFO /home/runner/rd_driver.sv(33) @ 16757: uvm_test_top.env.rd_agent.drv [RD_DRV] rrst_n = 1, rinc= 1
# KERNEL: Error: assertion.sv (43): UNDERFLOW!!, Read ignored because FIFO empty
# KERNEL: UVM_INFO /home/runner/rd_driver.sv(33) @ 16809: uvm_test_top.env.rd_agent.drv [RD_DRV] rrst_n = 1, rinc= 0
# KERNEL: Error: assertion.sv (43): UNDERFLOW!!, Read ignored because FIFO empty
# KERNEL: UVM_INFO /home/runner/rd_driver.sv(33) @ 16861: uvm_test_top.env.rd_agent.drv [RD_DRV] rrst_n = 1, rinc= 1
# KERNEL: UVM_INFO /home/runner/rd_driver.sv(33) @ 16913: uvm_test_top.env.rd_agent.drv [RD_DRV] rrst_n = 1, rinc= 1
# KERNEL: Error: assertion.sv (43): UNDERFLOW!!, Read ignored because FIFO empty
# KERNEL: UVM_INFO /home/runner/rd_driver.sv(33) @ 16965: uvm_test_top.env.rd_agent.drv [RD_DRV] rrst_n = 1, rinc= 0
# KERNEL: Error: assertion.sv (43): UNDERFLOW!!, Read ignored because FIFO empty
# KERNEL: UVM_INFO /home/runner/rd_driver.sv(33) @ 17017: uvm_test_top.env.rd_agent.drv [RD_DRV] rrst_n = 1, rinc= 1
# KERNEL: UVM_INFO /home/runner/rd_driver.sv(33) @ 17069: uvm_test_top.env.rd_agent.drv [RD_DRV] rrst_n = 1, rinc= 0
# KERNEL: Error: assertion.sv (43): UNDERFLOW!!, Read ignored because FIFO empty
# KERNEL: UVM_INFO /home/runner/rd_driver.sv(33) @ 17121: uvm_test_top.env.rd_agent.drv [RD_DRV] rrst_n = 1, rinc= 0
# KERNEL: UVM_INFO /home/runner/rd_driver.sv(33) @ 17173: uvm_test_top.env.rd_agent.drv [RD_DRV] rrst_n = 1, rinc= 1
# KERNEL: UVM_INFO /home/runner/rd_driver.sv(33) @ 17225: uvm_test_top.env.rd_agent.drv [RD_DRV] rrst_n = 1, rinc= 0
# KERNEL: Error: assertion.sv (43): UNDERFLOW!!, Read ignored because FIFO empty
# KERNEL: UVM_INFO /home/runner/rd_driver.sv(33) @ 17277: uvm_test_top.env.rd_agent.drv [RD_DRV] rrst_n = 1, rinc= 1
# KERNEL: UVM_INFO /home/runner/rd_driver.sv(33) @ 17329: uvm_test_top.env.rd_agent.drv [RD_DRV] rrst_n = 1, rinc= 1
# KERNEL: Error: assertion.sv (43): UNDERFLOW!!, Read ignored because FIFO empty
# KERNEL: UVM_INFO /home/runner/rd_driver.sv(33) @ 17381: uvm_test_top.env.rd_agent.drv [RD_DRV] rrst_n = 1, rinc= 1
# KERNEL: Error: assertion.sv (43): UNDERFLOW!!, Read ignored because FIFO empty
# KERNEL: UVM_INFO /home/runner/rd_driver.sv(33) @ 17433: uvm_test_top.env.rd_agent.drv [RD_DRV] rrst_n = 1, rinc= 1
# KERNEL: Error: assertion.sv (43): UNDERFLOW!!, Read ignored because FIFO empty
# KERNEL: UVM_INFO /home/runner/rd_driver.sv(33) @ 17485: uvm_test_top.env.rd_agent.drv [RD_DRV] rrst_n = 1, rinc= 1
# KERNEL: Error: assertion.sv (43): UNDERFLOW!!, Read ignored because FIFO empty
# KERNEL: UVM_INFO /home/runner/rd_driver.sv(33) @ 17537: uvm_test_top.env.rd_agent.drv [RD_DRV] rrst_n = 1, rinc= 0
# KERNEL: Error: assertion.sv (43): UNDERFLOW!!, Read ignored because FIFO empty
# KERNEL: UVM_INFO /home/runner/rd_driver.sv(33) @ 17589: uvm_test_top.env.rd_agent.drv [RD_DRV] rrst_n = 1, rinc= 1
# KERNEL: UVM_INFO /home/runner/rd_driver.sv(33) @ 17641: uvm_test_top.env.rd_agent.drv [RD_DRV] rrst_n = 1, rinc= 0
# KERNEL: Error: assertion.sv (43): UNDERFLOW!!, Read ignored because FIFO empty
# KERNEL: UVM_INFO /home/runner/rd_driver.sv(33) @ 17693: uvm_test_top.env.rd_agent.drv [RD_DRV] rrst_n = 1, rinc= 1
# KERNEL: UVM_INFO /home/runner/rd_driver.sv(33) @ 17745: uvm_test_top.env.rd_agent.drv [RD_DRV] rrst_n = 1, rinc= 1
# KERNEL: Error: assertion.sv (43): UNDERFLOW!!, Read ignored because FIFO empty
# KERNEL: UVM_INFO /home/runner/rd_driver.sv(33) @ 17797: uvm_test_top.env.rd_agent.drv [RD_DRV] rrst_n = 1, rinc= 0
# KERNEL: Error: assertion.sv (43): UNDERFLOW!!, Read ignored because FIFO empty
# KERNEL: UVM_INFO /home/runner/rd_driver.sv(33) @ 17849: uvm_test_top.env.rd_agent.drv [RD_DRV] rrst_n = 1, rinc= 1
# KERNEL: UVM_INFO /home/runner/rd_driver.sv(33) @ 17901: uvm_test_top.env.rd_agent.drv [RD_DRV] rrst_n = 1, rinc= 1
# KERNEL: Error: assertion.sv (43): UNDERFLOW!!, Read ignored because FIFO empty
# KERNEL: UVM_INFO /home/runner/rd_driver.sv(33) @ 17953: uvm_test_top.env.rd_agent.drv [RD_DRV] rrst_n = 1, rinc= 1
# KERNEL: Error: assertion.sv (43): UNDERFLOW!!, Read ignored because FIFO empty
# KERNEL: UVM_INFO /home/runner/rd_driver.sv(33) @ 18005: uvm_test_top.env.rd_agent.drv [RD_DRV] rrst_n = 1, rinc= 1
# KERNEL: Error: assertion.sv (43): UNDERFLOW!!, Read ignored because FIFO empty
# KERNEL: UVM_INFO /home/runner/rd_driver.sv(33) @ 18057: uvm_test_top.env.rd_agent.drv [RD_DRV] rrst_n = 1, rinc= 1
# KERNEL: Error: assertion.sv (43): UNDERFLOW!!, Read ignored because FIFO empty
# KERNEL: UVM_INFO /home/runner/rd_driver.sv(33) @ 18109: uvm_test_top.env.rd_agent.drv [RD_DRV] rrst_n = 1, rinc= 0
# KERNEL: Error: assertion.sv (43): UNDERFLOW!!, Read ignored because FIFO empty
# KERNEL: UVM_INFO /home/runner/rd_driver.sv(33) @ 18161: uvm_test_top.env.rd_agent.drv [RD_DRV] rrst_n = 1, rinc= 1
# KERNEL: UVM_INFO /home/runner/rd_driver.sv(33) @ 18213: uvm_test_top.env.rd_agent.drv [RD_DRV] rrst_n = 1, rinc= 1
# KERNEL: Error: assertion.sv (43): UNDERFLOW!!, Read ignored because FIFO empty
# KERNEL: UVM_INFO /home/runner/rd_driver.sv(33) @ 18265: uvm_test_top.env.rd_agent.drv [RD_DRV] rrst_n = 1, rinc= 1
# KERNEL: Error: assertion.sv (43): UNDERFLOW!!, Read ignored because FIFO empty
# KERNEL: UVM_INFO /home/runner/rd_driver.sv(33) @ 18317: uvm_test_top.env.rd_agent.drv [RD_DRV] rrst_n = 1, rinc= 0
# KERNEL: Error: assertion.sv (43): UNDERFLOW!!, Read ignored because FIFO empty
# KERNEL: UVM_INFO /home/runner/rd_driver.sv(33) @ 18369: uvm_test_top.env.rd_agent.drv [RD_DRV] rrst_n = 1, rinc= 1
# KERNEL: UVM_INFO /home/runner/rd_driver.sv(33) @ 18421: uvm_test_top.env.rd_agent.drv [RD_DRV] rrst_n = 1, rinc= 1
# KERNEL: Error: assertion.sv (43): UNDERFLOW!!, Read ignored because FIFO empty
# KERNEL: UVM_INFO /home/runner/rd_driver.sv(33) @ 18473: uvm_test_top.env.rd_agent.drv [RD_DRV] rrst_n = 1, rinc= 1
# KERNEL: Error: assertion.sv (43): UNDERFLOW!!, Read ignored because FIFO empty
# KERNEL: UVM_INFO /home/runner/rd_driver.sv(33) @ 18525: uvm_test_top.env.rd_agent.drv [RD_DRV] rrst_n = 1, rinc= 1
# KERNEL: Error: assertion.sv (43): UNDERFLOW!!, Read ignored because FIFO empty
# KERNEL: UVM_INFO /home/runner/rd_driver.sv(33) @ 18577: uvm_test_top.env.rd_agent.drv [RD_DRV] rrst_n = 1, rinc= 0
# KERNEL: Error: assertion.sv (43): UNDERFLOW!!, Read ignored because FIFO empty
# KERNEL: UVM_INFO /home/runner/rd_driver.sv(33) @ 18629: uvm_test_top.env.rd_agent.drv [RD_DRV] rrst_n = 1, rinc= 1
# KERNEL: UVM_INFO /home/runner/rd_driver.sv(33) @ 18681: uvm_test_top.env.rd_agent.drv [RD_DRV] rrst_n = 1, rinc= 1
# KERNEL: Error: assertion.sv (43): UNDERFLOW!!, Read ignored because FIFO empty
# KERNEL: UVM_INFO /home/runner/rd_driver.sv(33) @ 18733: uvm_test_top.env.rd_agent.drv [RD_DRV] rrst_n = 1, rinc= 0
# KERNEL: Error: assertion.sv (43): UNDERFLOW!!, Read ignored because FIFO empty
# KERNEL: UVM_INFO /home/runner/rd_driver.sv(33) @ 18785: uvm_test_top.env.rd_agent.drv [RD_DRV] rrst_n = 1, rinc= 1
# KERNEL: UVM_INFO /home/runner/rd_driver.sv(33) @ 18837: uvm_test_top.env.rd_agent.drv [RD_DRV] rrst_n = 1, rinc= 0
# KERNEL: Error: assertion.sv (43): UNDERFLOW!!, Read ignored because FIFO empty
# KERNEL: UVM_INFO /home/runner/rd_driver.sv(33) @ 18889: uvm_test_top.env.rd_agent.drv [RD_DRV] rrst_n = 1, rinc= 1
# KERNEL: UVM_INFO /home/runner/rd_driver.sv(33) @ 18941: uvm_test_top.env.rd_agent.drv [RD_DRV] rrst_n = 1, rinc= 0
# KERNEL: Error: assertion.sv (43): UNDERFLOW!!, Read ignored because FIFO empty
# KERNEL: UVM_INFO /home/runner/rd_driver.sv(33) @ 18993: uvm_test_top.env.rd_agent.drv [RD_DRV] rrst_n = 1, rinc= 1
# KERNEL: UVM_INFO /home/runner/rd_driver.sv(33) @ 19045: uvm_test_top.env.rd_agent.drv [RD_DRV] rrst_n = 1, rinc= 0
# KERNEL: Error: assertion.sv (43): UNDERFLOW!!, Read ignored because FIFO empty
# KERNEL: UVM_INFO /home/runner/rd_driver.sv(33) @ 19097: uvm_test_top.env.rd_agent.drv [RD_DRV] rrst_n = 1, rinc= 1
# KERNEL: UVM_INFO /home/runner/rd_driver.sv(33) @ 19149: uvm_test_top.env.rd_agent.drv [RD_DRV] rrst_n = 1, rinc= 0
# KERNEL: Error: assertion.sv (43): UNDERFLOW!!, Read ignored because FIFO empty
# KERNEL: UVM_INFO /home/runner/rd_driver.sv(33) @ 19201: uvm_test_top.env.rd_agent.drv [RD_DRV] rrst_n = 1, rinc= 1
# KERNEL: UVM_INFO /home/runner/rd_driver.sv(33) @ 19253: uvm_test_top.env.rd_agent.drv [RD_DRV] rrst_n = 1, rinc= 1
# KERNEL: Error: assertion.sv (43): UNDERFLOW!!, Read ignored because FIFO empty
# KERNEL: UVM_INFO /home/runner/rd_driver.sv(33) @ 19305: uvm_test_top.env.rd_agent.drv [RD_DRV] rrst_n = 1, rinc= 0
# KERNEL: Error: assertion.sv (43): UNDERFLOW!!, Read ignored because FIFO empty
# KERNEL: UVM_INFO /home/runner/rd_driver.sv(33) @ 19357: uvm_test_top.env.rd_agent.drv [RD_DRV] rrst_n = 1, rinc= 1
# KERNEL: UVM_INFO /home/runner/rd_driver.sv(33) @ 19409: uvm_test_top.env.rd_agent.drv [RD_DRV] rrst_n = 1, rinc= 1
# KERNEL: Error: assertion.sv (43): UNDERFLOW!!, Read ignored because FIFO empty
# KERNEL: UVM_INFO /home/runner/rd_driver.sv(33) @ 19461: uvm_test_top.env.rd_agent.drv [RD_DRV] rrst_n = 1, rinc= 1
# KERNEL: Error: assertion.sv (43): UNDERFLOW!!, Read ignored because FIFO empty
# KERNEL: UVM_INFO /home/runner/rd_driver.sv(33) @ 19513: uvm_test_top.env.rd_agent.drv [RD_DRV] rrst_n = 1, rinc= 1
# KERNEL: Error: assertion.sv (43): UNDERFLOW!!, Read ignored because FIFO empty
# KERNEL: UVM_INFO /home/runner/rd_driver.sv(33) @ 19565: uvm_test_top.env.rd_agent.drv [RD_DRV] rrst_n = 1, rinc= 0
# KERNEL: Error: assertion.sv (43): UNDERFLOW!!, Read ignored because FIFO empty
# KERNEL: UVM_INFO /home/runner/rd_driver.sv(33) @ 19617: uvm_test_top.env.rd_agent.drv [RD_DRV] rrst_n = 1, rinc= 0
# KERNEL: UVM_INFO /home/runner/rd_driver.sv(33) @ 19669: uvm_test_top.env.rd_agent.drv [RD_DRV] rrst_n = 1, rinc= 1
# KERNEL: UVM_INFO /home/runner/rd_driver.sv(33) @ 19721: uvm_test_top.env.rd_agent.drv [RD_DRV] rrst_n = 1, rinc= 1
# KERNEL: Error: assertion.sv (43): UNDERFLOW!!, Read ignored because FIFO empty
# KERNEL: UVM_INFO /home/runner/rd_driver.sv(33) @ 19773: uvm_test_top.env.rd_agent.drv [RD_DRV] rrst_n = 1, rinc= 0
# KERNEL: Error: assertion.sv (43): UNDERFLOW!!, Read ignored because FIFO empty
# KERNEL: UVM_INFO /home/runner/rd_driver.sv(33) @ 19825: uvm_test_top.env.rd_agent.drv [RD_DRV] rrst_n = 1, rinc= 0
# KERNEL: UVM_INFO /home/runner/rd_driver.sv(33) @ 19877: uvm_test_top.env.rd_agent.drv [RD_DRV] rrst_n = 1, rinc= 1
# KERNEL: UVM_INFO /home/runner/rd_driver.sv(33) @ 19929: uvm_test_top.env.rd_agent.drv [RD_DRV] rrst_n = 1, rinc= 1
# KERNEL: Error: assertion.sv (43): UNDERFLOW!!, Read ignored because FIFO empty
# KERNEL: UVM_INFO /home/runner/rd_driver.sv(33) @ 19981: uvm_test_top.env.rd_agent.drv [RD_DRV] rrst_n = 1, rinc= 1
# KERNEL: Error: assertion.sv (43): UNDERFLOW!!, Read ignored because FIFO empty
# KERNEL: UVM_INFO /home/runner/rd_driver.sv(33) @ 20033: uvm_test_top.env.rd_agent.drv [RD_DRV] rrst_n = 1, rinc= 1
# KERNEL: Error: assertion.sv (43): UNDERFLOW!!, Read ignored because FIFO empty
# KERNEL: UVM_INFO /home/runner/rd_driver.sv(33) @ 20085: uvm_test_top.env.rd_agent.drv [RD_DRV] rrst_n = 1, rinc= 0
# KERNEL: Error: assertion.sv (43): UNDERFLOW!!, Read ignored because FIFO empty
# KERNEL: UVM_INFO /home/runner/rd_driver.sv(33) @ 20137: uvm_test_top.env.rd_agent.drv [RD_DRV] rrst_n = 1, rinc= 0
# KERNEL: UVM_INFO /home/runner/rd_driver.sv(33) @ 20189: uvm_test_top.env.rd_agent.drv [RD_DRV] rrst_n = 1, rinc= 1
# KERNEL: UVM_INFO /home/runner/rd_driver.sv(33) @ 20241: uvm_test_top.env.rd_agent.drv [RD_DRV] rrst_n = 1, rinc= 0
# KERNEL: Error: assertion.sv (43): UNDERFLOW!!, Read ignored because FIFO empty
# KERNEL: UVM_INFO /home/runner/rd_driver.sv(33) @ 20293: uvm_test_top.env.rd_agent.drv [RD_DRV] rrst_n = 1, rinc= 1
# KERNEL: UVM_INFO /home/runner/rd_driver.sv(33) @ 20345: uvm_test_top.env.rd_agent.drv [RD_DRV] rrst_n = 1, rinc= 1
# KERNEL: Error: assertion.sv (43): UNDERFLOW!!, Read ignored because FIFO empty
# KERNEL: UVM_INFO /home/runner/rd_driver.sv(33) @ 20397: uvm_test_top.env.rd_agent.drv [RD_DRV] rrst_n = 1, rinc= 1
# KERNEL: Error: assertion.sv (43): UNDERFLOW!!, Read ignored because FIFO empty
# KERNEL: UVM_INFO /home/runner/rd_driver.sv(33) @ 20449: uvm_test_top.env.rd_agent.drv [RD_DRV] rrst_n = 1, rinc= 1
# KERNEL: Error: assertion.sv (43): UNDERFLOW!!, Read ignored because FIFO empty
# KERNEL: UVM_INFO /home/runner/rd_driver.sv(33) @ 20501: uvm_test_top.env.rd_agent.drv [RD_DRV] rrst_n = 1, rinc= 1
# KERNEL: Error: assertion.sv (43): UNDERFLOW!!, Read ignored because FIFO empty
# KERNEL: UVM_INFO /home/runner/rd_driver.sv(33) @ 20553: uvm_test_top.env.rd_agent.drv [RD_DRV] rrst_n = 1, rinc= 1
# KERNEL: Error: assertion.sv (43): UNDERFLOW!!, Read ignored because FIFO empty
# KERNEL: UVM_INFO /home/runner/rd_driver.sv(33) @ 20605: uvm_test_top.env.rd_agent.drv [RD_DRV] rrst_n = 1, rinc= 1
# KERNEL: Error: assertion.sv (43): UNDERFLOW!!, Read ignored because FIFO empty
# KERNEL: UVM_INFO /home/runner/rd_driver.sv(33) @ 20657: uvm_test_top.env.rd_agent.drv [RD_DRV] rrst_n = 1, rinc= 1
# KERNEL: Error: assertion.sv (43): UNDERFLOW!!, Read ignored because FIFO empty
# KERNEL: UVM_INFO /home/runner/rd_driver.sv(33) @ 20709: uvm_test_top.env.rd_agent.drv [RD_DRV] rrst_n = 1, rinc= 1
# KERNEL: Error: assertion.sv (43): UNDERFLOW!!, Read ignored because FIFO empty
# KERNEL: UVM_INFO /home/runner/rd_driver.sv(33) @ 20761: uvm_test_top.env.rd_agent.drv [RD_DRV] rrst_n = 1, rinc= 1
# KERNEL: Error: assertion.sv (43): UNDERFLOW!!, Read ignored because FIFO empty
# KERNEL: UVM_INFO /home/runner/rd_driver.sv(33) @ 20813: uvm_test_top.env.rd_agent.drv [RD_DRV] rrst_n = 1, rinc= 1
# KERNEL: Error: assertion.sv (43): UNDERFLOW!!, Read ignored because FIFO empty
# KERNEL: UVM_INFO /home/runner/rd_driver.sv(33) @ 20865: uvm_test_top.env.rd_agent.drv [RD_DRV] rrst_n = 1, rinc= 0
# KERNEL: Error: assertion.sv (43): UNDERFLOW!!, Read ignored because FIFO empty
# KERNEL: UVM_INFO /home/runner/test_2.sv(45) @ 21047: uvm_test_top [fifo_random_test] Test finished!
# KERNEL: UVM_INFO ./uvm-1.2/src/base/uvm_objection.svh(1271) @ 21047: reporter [TEST_DONE] 'run' phase is ready to proceed to the 'extract' phase
# KERNEL: UVM_INFO ./uvm-1.2/src/base/uvm_report_server.svh(869) @ 21047: reporter [UVM/REPORT/SERVER] 
# KERNEL: --- UVM Report Summary ---
# KERNEL: 
# KERNEL: ** Report counts by severity
# KERNEL: UVM_INFO : 2187
# KERNEL: UVM_WARNING :    0
# KERNEL: UVM_ERROR :    0
# KERNEL: UVM_FATAL :    0
# KERNEL: ** Report counts by id
# KERNEL: [RD_DRV]   402
# KERNEL: [RD_MON]   115
# KERNEL: [RNTST]     1
# KERNEL: [SCB]     2
# KERNEL: [SCB_PASS]   115
# KERNEL: [SCB_RD]   115
# KERNEL: [SCB_WR]   115
# KERNEL: [SCB_wr_ig]   189
# KERNEL: [SEQ]     2
# KERNEL: [TEST_DONE]     1
# KERNEL: [UVM/RELNOTES]     1
# KERNEL: [WR_DRV]   402
# KERNEL: [WR_MON]   304
# KERNEL: [fifo_random_seq]     2
# KERNEL: [fifo_random_test]     2
# KERNEL: [fifo_scoreboard]   419
# KERNEL: 
# RUNTIME: Info: RUNTIME_0068 uvm_root.svh (521): $finish called.
# KERNEL: Time: 21047 ns,  Iteration: 57,  Instance: /tb_top,  Process: @INITIAL#48_2@.
# KERNEL: stopped at time: 21047 ns
# VSIM: Simulation has finished. There are no more test vectors to simulate.