VSIMSA: Configuration file changed: `/home/runner/library.cfg'
ALIB: Library "work" attached.
work = ./work/work.lib
MESSAGE_SP VCP2124 "Package uvm_pkg found in library uvm_1_2."
MESSAGE "ASRT_7002: Due to optimizations some assertions from source code will be evaluated in non LRM complaint mode. Use switch -ao_off to turn off this optimization."
MESSAGE "Unit top modules: tb_top."
SUCCESS "Compile success 0 Errors 0 Warnings  Analysis time: 7[s]."
done
# Aldec, Inc. Riviera-PRO version 2025.04.139.9738 built for Linux64 on May 30, 2025.
# HDL, SystemC, and Assertions simulator, debugger, and design environment.
# (c) 1999-2025 Aldec, Inc. All rights reserved.
transcript file simulation.log
vsim +access+r;
# ELBREAD: Elaboration process.
# ELBREAD: Warning: ELBREAD_0049 The "uvm_pkg" design unit does not have a time unit/precision defined but other design units do.
# ELBREAD: Elaboration time 0.7 [s].
# KERNEL: Main thread initiated.
# KERNEL: Kernel process initialization phase.
# ELAB2: Elaboration final pass...
# KERNEL: PLI/VHPI kernel's engine initialization done.
# PLI: Loading library '/usr/share/Riviera-PRO/bin/libsystf.so'
# ELAB2: Create instances ...
# KERNEL: Info: Loading library:  /usr/share/Riviera-PRO/bin/uvm_1_2_dpi
# KERNEL: Time resolution set to 1ns.
# ELAB2: Create instances complete.
# SLP: Started
# SLP: Elaboration phase ...
# SLP: Elaboration phase ... done : 0.0 [s]
# SLP: Generation phase ...
# SLP: Generation phase ... done : 0.1 [s]
# SLP: Finished : 0.1 [s]
# SLP: 0 primitives and 7 (38.89%) other processes in SLP
# SLP: 25 (0.08%) signals in SLP and 46 (0.15%) interface signals
# ELAB2: Elaboration final pass complete - time: 2.4 [s].
# KERNEL: SLP loading done - time: 0.0 [s].
# KERNEL: Warning: You are using the Riviera-PRO EDU Edition. The performance of simulation is reduced.
# KERNEL: Warning: Contact Aldec for available upgrade options - sales@aldec.com.
# KERNEL: SLP simulation initialization done - time: 0.0 [s].
# KERNEL: Kernel process initialization done.
# Allocation: Simulator allocated 30777 kB (elbread=2134 elab2=23743 kernel=4898 sdf=0)
# KERNEL: UVM_INFO ./uvm-1.2/src/base/uvm_root.svh(392) @ 0: reporter [UVM/RELNOTES] 
# KERNEL: ----------------------------------------------------------------
# KERNEL: UVM-1.2
# KERNEL: (C) 2007-2014 Mentor Graphics Corporation
# KERNEL: (C) 2007-2014 Cadence Design Systems, Inc.
# KERNEL: (C) 2006-2014 Synopsys, Inc.
# KERNEL: (C) 2011-2013 Cypress Semiconductor Corp.
# KERNEL: (C) 2013-2014 NVIDIA Corporation
# KERNEL: ----------------------------------------------------------------
# KERNEL: 
# KERNEL:   ***********       IMPORTANT RELEASE NOTES         ************
# KERNEL: 
# KERNEL:   You are using a version of the UVM library that has been compiled
# KERNEL:   with `UVM_NO_DEPRECATED undefined.
# KERNEL:   See http://www.eda.org/svdb/view.php?id=3313 for more details.
# KERNEL: 
# KERNEL:   You are using a version of the UVM library that has been compiled
# KERNEL:   with `UVM_OBJECT_DO_NOT_NEED_CONSTRUCTOR undefined.
# KERNEL:   See http://www.eda.org/svdb/view.php?id=3770 for more details.
# KERNEL: 
# KERNEL:       (Specify +UVM_NO_RELNOTES to turn off this notice)
# KERNEL: 
# KERNEL: ASDB file was created in location /home/runner/dataset.asdb
run -all;
# KERNEL: UVM_INFO @ 0: reporter [RNTST] Running test arb_test...
# KERNEL: UVM_INFO /home/runner/test.sv(21) @ 0: uvm_test_top [arb_test] Starting test...
# KERNEL: UVM_INFO /home/runner/master_seq.sv(25) @ 0: uvm_test_top.env.agent.sqr@@seq [MASTER_SEQ] Starting Sequence 1...
# KERNEL: UVM_INFO /home/runner/sequence1.sv(12) @ 0: uvm_test_top.env.agent.sqr@@s1 [arb_all_high_sequence] Starting sequence 1 body
# KERNEL: UVM_INFO /home/runner/monitor.sv(31) @ 5: uvm_test_top.env.agent.mon [MON] rst_n=x | req: xxxx, gnt: xxxx
# KERNEL: UVM_INFO /home/runner/monitor.sv(31) @ 15: uvm_test_top.env.agent.mon [MON] rst_n=0 | req: 0000, gnt: 0000
# KERNEL: UVM_INFO /home/runner/scoreboard.sv(29) @ 15: uvm_test_top.env.scb [SCB_RST] System in Reset, checking for clear outputs
# KERNEL: UVM_INFO /home/runner/monitor.sv(31) @ 25: uvm_test_top.env.agent.mon [MON] rst_n=1 | req: 0000, gnt: 0000
# KERNEL: UVM_INFO /home/runner/scoreboard.sv(51) @ 25: uvm_test_top.env.scb [arb_scoreboard] Scoreboard received item
# KERNEL: UVM_INFO /home/runner/scoreboard.sv(55) @ 25: uvm_test_top.env.scb [SCB_PASS] Match Req=0000 ,Exp:0000, Act: 0000
# KERNEL: UVM_INFO /home/runner/driver.sv(45) @ 25: uvm_test_top.env.agent.drv [DRV] Driving rst_n = 1 | req = 1111
# KERNEL: UVM_INFO /home/runner/monitor.sv(31) @ 35: uvm_test_top.env.agent.mon [MON] rst_n=1 | req: 1111, gnt: 0000
# KERNEL: UVM_INFO /home/runner/scoreboard.sv(51) @ 35: uvm_test_top.env.scb [arb_scoreboard] Scoreboard received item
# KERNEL: UVM_INFO /home/runner/scoreboard.sv(55) @ 35: uvm_test_top.env.scb [SCB_PASS] Match Req=1111 ,Exp:0000, Act: 0000
# KERNEL: UVM_INFO /home/runner/driver.sv(45) @ 35: uvm_test_top.env.agent.drv [DRV] Driving rst_n = 1 | req = 1111
# KERNEL: UVM_INFO /home/runner/monitor.sv(31) @ 45: uvm_test_top.env.agent.mon [MON] rst_n=1 | req: 1111, gnt: 0001
# KERNEL: UVM_INFO /home/runner/scoreboard.sv(51) @ 45: uvm_test_top.env.scb [arb_scoreboard] Scoreboard received item
# KERNEL: UVM_INFO /home/runner/scoreboard.sv(55) @ 45: uvm_test_top.env.scb [SCB_PASS] Match Req=1111 ,Exp:0001, Act: 0001
# KERNEL: UVM_INFO /home/runner/driver.sv(45) @ 45: uvm_test_top.env.agent.drv [DRV] Driving rst_n = 1 | req = 1111
# KERNEL: UVM_INFO /home/runner/monitor.sv(31) @ 55: uvm_test_top.env.agent.mon [MON] rst_n=1 | req: 1111, gnt: 0010
# KERNEL: UVM_INFO /home/runner/scoreboard.sv(51) @ 55: uvm_test_top.env.scb [arb_scoreboard] Scoreboard received item
# KERNEL: UVM_INFO /home/runner/scoreboard.sv(55) @ 55: uvm_test_top.env.scb [SCB_PASS] Match Req=1111 ,Exp:0010, Act: 0010
# KERNEL: UVM_INFO /home/runner/driver.sv(45) @ 55: uvm_test_top.env.agent.drv [DRV] Driving rst_n = 1 | req = 1111
# KERNEL: UVM_INFO /home/runner/monitor.sv(31) @ 65: uvm_test_top.env.agent.mon [MON] rst_n=1 | req: 1111, gnt: 0100
# KERNEL: UVM_INFO /home/runner/scoreboard.sv(51) @ 65: uvm_test_top.env.scb [arb_scoreboard] Scoreboard received item
# KERNEL: UVM_INFO /home/runner/scoreboard.sv(55) @ 65: uvm_test_top.env.scb [SCB_PASS] Match Req=1111 ,Exp:0100, Act: 0100
# KERNEL: UVM_INFO /home/runner/driver.sv(45) @ 65: uvm_test_top.env.agent.drv [DRV] Driving rst_n = 1 | req = 1111
# KERNEL: UVM_INFO /home/runner/monitor.sv(31) @ 75: uvm_test_top.env.agent.mon [MON] rst_n=1 | req: 1111, gnt: 1000
# KERNEL: UVM_INFO /home/runner/scoreboard.sv(51) @ 75: uvm_test_top.env.scb [arb_scoreboard] Scoreboard received item
# KERNEL: UVM_INFO /home/runner/scoreboard.sv(55) @ 75: uvm_test_top.env.scb [SCB_PASS] Match Req=1111 ,Exp:1000, Act: 1000
# KERNEL: UVM_INFO /home/runner/driver.sv(45) @ 75: uvm_test_top.env.agent.drv [DRV] Driving rst_n = 1 | req = 1111
# KERNEL: UVM_INFO /home/runner/monitor.sv(31) @ 85: uvm_test_top.env.agent.mon [MON] rst_n=1 | req: 1111, gnt: 0001
# KERNEL: UVM_INFO /home/runner/scoreboard.sv(51) @ 85: uvm_test_top.env.scb [arb_scoreboard] Scoreboard received item
# KERNEL: UVM_INFO /home/runner/scoreboard.sv(55) @ 85: uvm_test_top.env.scb [SCB_PASS] Match Req=1111 ,Exp:0001, Act: 0001
# KERNEL: UVM_INFO /home/runner/driver.sv(45) @ 85: uvm_test_top.env.agent.drv [DRV] Driving rst_n = 1 | req = 1111
# KERNEL: UVM_INFO /home/runner/monitor.sv(31) @ 95: uvm_test_top.env.agent.mon [MON] rst_n=1 | req: 1111, gnt: 0010
# KERNEL: UVM_INFO /home/runner/scoreboard.sv(51) @ 95: uvm_test_top.env.scb [arb_scoreboard] Scoreboard received item
# KERNEL: UVM_INFO /home/runner/scoreboard.sv(55) @ 95: uvm_test_top.env.scb [SCB_PASS] Match Req=1111 ,Exp:0010, Act: 0010
# KERNEL: UVM_INFO /home/runner/driver.sv(45) @ 95: uvm_test_top.env.agent.drv [DRV] Driving rst_n = 1 | req = 1111
# KERNEL: UVM_INFO /home/runner/sequence1.sv(22) @ 95: uvm_test_top.env.agent.sqr@@s1 [arb_all_high_sequence] Sequence 1 body finished
# KERNEL: UVM_INFO /home/runner/monitor.sv(31) @ 105: uvm_test_top.env.agent.mon [MON] rst_n=1 | req: 1111, gnt: 0100
# KERNEL: UVM_INFO /home/runner/scoreboard.sv(51) @ 105: uvm_test_top.env.scb [arb_scoreboard] Scoreboard received item
# KERNEL: UVM_INFO /home/runner/scoreboard.sv(55) @ 105: uvm_test_top.env.scb [SCB_PASS] Match Req=1111 ,Exp:0100, Act: 0100
# KERNEL: UVM_INFO /home/runner/master_seq.sv(30) @ 115: uvm_test_top.env.agent.sqr@@seq [MASTER_SEQ] Starting Sequence 2...
# KERNEL: UVM_INFO /home/runner/sequence2.sv(12) @ 115: uvm_test_top.env.agent.sqr@@s2 [arb_walking_ones_sequence] Starting sequence 2 body
# KERNEL: UVM_INFO /home/runner/monitor.sv(31) @ 115: uvm_test_top.env.agent.mon [MON] rst_n=1 | req: 1111, gnt: 1000
# KERNEL: UVM_INFO /home/runner/scoreboard.sv(51) @ 115: uvm_test_top.env.scb [arb_scoreboard] Scoreboard received item
# KERNEL: UVM_INFO /home/runner/scoreboard.sv(55) @ 115: uvm_test_top.env.scb [SCB_PASS] Match Req=1111 ,Exp:1000, Act: 1000
# KERNEL: UVM_INFO /home/runner/driver.sv(45) @ 115: uvm_test_top.env.agent.drv [DRV] Driving rst_n = 1 | req = 0001
# KERNEL: UVM_INFO /home/runner/monitor.sv(31) @ 125: uvm_test_top.env.agent.mon [MON] rst_n=1 | req: 0001, gnt: 0001
# KERNEL: UVM_INFO /home/runner/scoreboard.sv(51) @ 125: uvm_test_top.env.scb [arb_scoreboard] Scoreboard received item
# KERNEL: UVM_INFO /home/runner/scoreboard.sv(55) @ 125: uvm_test_top.env.scb [SCB_PASS] Match Req=0001 ,Exp:0001, Act: 0001
# KERNEL: UVM_INFO /home/runner/driver.sv(45) @ 125: uvm_test_top.env.agent.drv [DRV] Driving rst_n = 1 | req = 0010
# KERNEL: UVM_INFO /home/runner/monitor.sv(31) @ 135: uvm_test_top.env.agent.mon [MON] rst_n=1 | req: 0010, gnt: 0001
# KERNEL: UVM_INFO /home/runner/scoreboard.sv(51) @ 135: uvm_test_top.env.scb [arb_scoreboard] Scoreboard received item
# KERNEL: UVM_INFO /home/runner/scoreboard.sv(55) @ 135: uvm_test_top.env.scb [SCB_PASS] Match Req=0010 ,Exp:0001, Act: 0001
# KERNEL: UVM_INFO /home/runner/driver.sv(45) @ 135: uvm_test_top.env.agent.drv [DRV] Driving rst_n = 1 | req = 0100
# KERNEL: UVM_INFO /home/runner/monitor.sv(31) @ 145: uvm_test_top.env.agent.mon [MON] rst_n=1 | req: 0100, gnt: 0010
# KERNEL: UVM_INFO /home/runner/scoreboard.sv(51) @ 145: uvm_test_top.env.scb [arb_scoreboard] Scoreboard received item
# KERNEL: UVM_INFO /home/runner/scoreboard.sv(55) @ 145: uvm_test_top.env.scb [SCB_PASS] Match Req=0100 ,Exp:0010, Act: 0010
# KERNEL: UVM_INFO /home/runner/driver.sv(45) @ 145: uvm_test_top.env.agent.drv [DRV] Driving rst_n = 1 | req = 1000
# KERNEL: UVM_INFO /home/runner/sequence2.sv(23) @ 145: uvm_test_top.env.agent.sqr@@s2 [arb_walking_ones_sequence] Sequence 2 body finished
# KERNEL: UVM_INFO /home/runner/monitor.sv(31) @ 155: uvm_test_top.env.agent.mon [MON] rst_n=1 | req: 1000, gnt: 0100
# KERNEL: UVM_INFO /home/runner/scoreboard.sv(51) @ 155: uvm_test_top.env.scb [arb_scoreboard] Scoreboard received item
# KERNEL: UVM_INFO /home/runner/scoreboard.sv(55) @ 155: uvm_test_top.env.scb [SCB_PASS] Match Req=1000 ,Exp:0100, Act: 0100
# KERNEL: UVM_INFO /home/runner/master_seq.sv(35) @ 165: uvm_test_top.env.agent.sqr@@seq [MASTER_SEQ] Starting Sequence 3...
# KERNEL: UVM_INFO /home/runner/sequence3.sv(12) @ 165: uvm_test_top.env.agent.sqr@@s3 [arb_random_sequence] Starting sequence 3 body
# KERNEL: UVM_INFO /home/runner/monitor.sv(31) @ 165: uvm_test_top.env.agent.mon [MON] rst_n=1 | req: 1000, gnt: 1000
# KERNEL: UVM_INFO /home/runner/scoreboard.sv(51) @ 165: uvm_test_top.env.scb [arb_scoreboard] Scoreboard received item
# KERNEL: UVM_INFO /home/runner/scoreboard.sv(55) @ 165: uvm_test_top.env.scb [SCB_PASS] Match Req=1000 ,Exp:1000, Act: 1000
# KERNEL: UVM_INFO /home/runner/driver.sv(45) @ 165: uvm_test_top.env.agent.drv [DRV] Driving rst_n = 0 | req = 0110
# KERNEL: UVM_INFO /home/runner/monitor.sv(31) @ 175: uvm_test_top.env.agent.mon [MON] rst_n=0 | req: 0110, gnt: 0000
# KERNEL: UVM_INFO /home/runner/scoreboard.sv(29) @ 175: uvm_test_top.env.scb [SCB_RST] System in Reset, checking for clear outputs
# KERNEL: UVM_INFO /home/runner/driver.sv(45) @ 175: uvm_test_top.env.agent.drv [DRV] Driving rst_n = 1 | req = 0111
# KERNEL: UVM_INFO /home/runner/monitor.sv(31) @ 185: uvm_test_top.env.agent.mon [MON] rst_n=1 | req: 0111, gnt: 0000
# KERNEL: UVM_INFO /home/runner/scoreboard.sv(51) @ 185: uvm_test_top.env.scb [arb_scoreboard] Scoreboard received item
# KERNEL: UVM_INFO /home/runner/scoreboard.sv(55) @ 185: uvm_test_top.env.scb [SCB_PASS] Match Req=0111 ,Exp:0000, Act: 0000
# KERNEL: UVM_INFO /home/runner/driver.sv(45) @ 185: uvm_test_top.env.agent.drv [DRV] Driving rst_n = 1 | req = 0001
# KERNEL: UVM_INFO /home/runner/monitor.sv(31) @ 195: uvm_test_top.env.agent.mon [MON] rst_n=1 | req: 0001, gnt: 0001
# KERNEL: UVM_INFO /home/runner/scoreboard.sv(51) @ 195: uvm_test_top.env.scb [arb_scoreboard] Scoreboard received item
# KERNEL: UVM_INFO /home/runner/scoreboard.sv(55) @ 195: uvm_test_top.env.scb [SCB_PASS] Match Req=0001 ,Exp:0001, Act: 0001
# KERNEL: UVM_INFO /home/runner/driver.sv(45) @ 195: uvm_test_top.env.agent.drv [DRV] Driving rst_n = 1 | req = 0110
# KERNEL: UVM_INFO /home/runner/monitor.sv(31) @ 205: uvm_test_top.env.agent.mon [MON] rst_n=1 | req: 0110, gnt: 0001
# KERNEL: UVM_INFO /home/runner/scoreboard.sv(51) @ 205: uvm_test_top.env.scb [arb_scoreboard] Scoreboard received item
# KERNEL: UVM_INFO /home/runner/scoreboard.sv(55) @ 205: uvm_test_top.env.scb [SCB_PASS] Match Req=0110 ,Exp:0001, Act: 0001
# KERNEL: UVM_INFO /home/runner/driver.sv(45) @ 205: uvm_test_top.env.agent.drv [DRV] Driving rst_n = 1 | req = 0100
# KERNEL: UVM_INFO /home/runner/monitor.sv(31) @ 215: uvm_test_top.env.agent.mon [MON] rst_n=1 | req: 0100, gnt: 0010
# KERNEL: UVM_INFO /home/runner/scoreboard.sv(51) @ 215: uvm_test_top.env.scb [arb_scoreboard] Scoreboard received item
# KERNEL: UVM_INFO /home/runner/scoreboard.sv(55) @ 215: uvm_test_top.env.scb [SCB_PASS] Match Req=0100 ,Exp:0010, Act: 0010
# KERNEL: UVM_INFO /home/runner/driver.sv(45) @ 215: uvm_test_top.env.agent.drv [DRV] Driving rst_n = 1 | req = 1101
# KERNEL: UVM_INFO /home/runner/monitor.sv(31) @ 225: uvm_test_top.env.agent.mon [MON] rst_n=1 | req: 1101, gnt: 0100
# KERNEL: UVM_INFO /home/runner/scoreboard.sv(51) @ 225: uvm_test_top.env.scb [arb_scoreboard] Scoreboard received item
# KERNEL: UVM_INFO /home/runner/scoreboard.sv(55) @ 225: uvm_test_top.env.scb [SCB_PASS] Match Req=1101 ,Exp:0100, Act: 0100
# KERNEL: UVM_INFO /home/runner/driver.sv(45) @ 225: uvm_test_top.env.agent.drv [DRV] Driving rst_n = 1 | req = 1111
# KERNEL: UVM_INFO /home/runner/monitor.sv(31) @ 235: uvm_test_top.env.agent.mon [MON] rst_n=1 | req: 1111, gnt: 1000
# KERNEL: UVM_INFO /home/runner/scoreboard.sv(51) @ 235: uvm_test_top.env.scb [arb_scoreboard] Scoreboard received item
# KERNEL: UVM_INFO /home/runner/scoreboard.sv(55) @ 235: uvm_test_top.env.scb [SCB_PASS] Match Req=1111 ,Exp:1000, Act: 1000
# KERNEL: UVM_INFO /home/runner/driver.sv(45) @ 235: uvm_test_top.env.agent.drv [DRV] Driving rst_n = 1 | req = 1100
# KERNEL: UVM_INFO /home/runner/monitor.sv(31) @ 245: uvm_test_top.env.agent.mon [MON] rst_n=1 | req: 1100, gnt: 0001
# KERNEL: UVM_INFO /home/runner/scoreboard.sv(51) @ 245: uvm_test_top.env.scb [arb_scoreboard] Scoreboard received item
# KERNEL: UVM_INFO /home/runner/scoreboard.sv(55) @ 245: uvm_test_top.env.scb [SCB_PASS] Match Req=1100 ,Exp:0001, Act: 0001
# KERNEL: UVM_INFO /home/runner/driver.sv(45) @ 245: uvm_test_top.env.agent.drv [DRV] Driving rst_n = 1 | req = 0010
# KERNEL: UVM_INFO /home/runner/monitor.sv(31) @ 255: uvm_test_top.env.agent.mon [MON] rst_n=1 | req: 0010, gnt: 0100
# KERNEL: UVM_INFO /home/runner/scoreboard.sv(51) @ 255: uvm_test_top.env.scb [arb_scoreboard] Scoreboard received item
# KERNEL: UVM_INFO /home/runner/scoreboard.sv(55) @ 255: uvm_test_top.env.scb [SCB_PASS] Match Req=0010 ,Exp:0100, Act: 0100
# KERNEL: UVM_INFO /home/runner/driver.sv(45) @ 255: uvm_test_top.env.agent.drv [DRV] Driving rst_n = 1 | req = 0011
# KERNEL: UVM_INFO /home/runner/monitor.sv(31) @ 265: uvm_test_top.env.agent.mon [MON] rst_n=1 | req: 0011, gnt: 0010
# KERNEL: UVM_INFO /home/runner/scoreboard.sv(51) @ 265: uvm_test_top.env.scb [arb_scoreboard] Scoreboard received item
# KERNEL: UVM_INFO /home/runner/scoreboard.sv(55) @ 265: uvm_test_top.env.scb [SCB_PASS] Match Req=0011 ,Exp:0010, Act: 0010
# KERNEL: UVM_INFO /home/runner/driver.sv(45) @ 265: uvm_test_top.env.agent.drv [DRV] Driving rst_n = 1 | req = 1101
# KERNEL: UVM_INFO /home/runner/monitor.sv(31) @ 275: uvm_test_top.env.agent.mon [MON] rst_n=1 | req: 1101, gnt: 0001
# KERNEL: UVM_INFO /home/runner/scoreboard.sv(51) @ 275: uvm_test_top.env.scb [arb_scoreboard] Scoreboard received item
# KERNEL: UVM_INFO /home/runner/scoreboard.sv(55) @ 275: uvm_test_top.env.scb [SCB_PASS] Match Req=1101 ,Exp:0001, Act: 0001
# KERNEL: UVM_INFO /home/runner/driver.sv(45) @ 275: uvm_test_top.env.agent.drv [DRV] Driving rst_n = 1 | req = 0010
# KERNEL: UVM_INFO /home/runner/monitor.sv(31) @ 285: uvm_test_top.env.agent.mon [MON] rst_n=1 | req: 0010, gnt: 0100
# KERNEL: UVM_INFO /home/runner/scoreboard.sv(51) @ 285: uvm_test_top.env.scb [arb_scoreboard] Scoreboard received item
# KERNEL: UVM_INFO /home/runner/scoreboard.sv(55) @ 285: uvm_test_top.env.scb [SCB_PASS] Match Req=0010 ,Exp:0100, Act: 0100
# KERNEL: UVM_INFO /home/runner/driver.sv(45) @ 285: uvm_test_top.env.agent.drv [DRV] Driving rst_n = 1 | req = 0000
# KERNEL: UVM_INFO /home/runner/monitor.sv(31) @ 295: uvm_test_top.env.agent.mon [MON] rst_n=1 | req: 0000, gnt: 0010
# KERNEL: UVM_INFO /home/runner/scoreboard.sv(51) @ 295: uvm_test_top.env.scb [arb_scoreboard] Scoreboard received item
# KERNEL: UVM_INFO /home/runner/scoreboard.sv(55) @ 295: uvm_test_top.env.scb [SCB_PASS] Match Req=0000 ,Exp:0010, Act: 0010
# KERNEL: UVM_INFO /home/runner/driver.sv(45) @ 295: uvm_test_top.env.agent.drv [DRV] Driving rst_n = 1 | req = 1001
# KERNEL: UVM_INFO /home/runner/monitor.sv(31) @ 305: uvm_test_top.env.agent.mon [MON] rst_n=1 | req: 1001, gnt: 0000
# KERNEL: UVM_INFO /home/runner/scoreboard.sv(51) @ 305: uvm_test_top.env.scb [arb_scoreboard] Scoreboard received item
# KERNEL: UVM_INFO /home/runner/scoreboard.sv(55) @ 305: uvm_test_top.env.scb [SCB_PASS] Match Req=1001 ,Exp:0000, Act: 0000
# KERNEL: UVM_INFO /home/runner/driver.sv(45) @ 305: uvm_test_top.env.agent.drv [DRV] Driving rst_n = 1 | req = 1011
# KERNEL: UVM_INFO /home/runner/monitor.sv(31) @ 315: uvm_test_top.env.agent.mon [MON] rst_n=1 | req: 1011, gnt: 1000
# KERNEL: UVM_INFO /home/runner/scoreboard.sv(51) @ 315: uvm_test_top.env.scb [arb_scoreboard] Scoreboard received item
# KERNEL: UVM_INFO /home/runner/scoreboard.sv(55) @ 315: uvm_test_top.env.scb [SCB_PASS] Match Req=1011 ,Exp:1000, Act: 1000
# KERNEL: UVM_INFO /home/runner/driver.sv(45) @ 315: uvm_test_top.env.agent.drv [DRV] Driving rst_n = 1 | req = 1000
# KERNEL: UVM_INFO /home/runner/monitor.sv(31) @ 325: uvm_test_top.env.agent.mon [MON] rst_n=1 | req: 1000, gnt: 0001
# KERNEL: UVM_INFO /home/runner/scoreboard.sv(51) @ 325: uvm_test_top.env.scb [arb_scoreboard] Scoreboard received item
# KERNEL: UVM_INFO /home/runner/scoreboard.sv(55) @ 325: uvm_test_top.env.scb [SCB_PASS] Match Req=1000 ,Exp:0001, Act: 0001
# KERNEL: UVM_INFO /home/runner/driver.sv(45) @ 325: uvm_test_top.env.agent.drv [DRV] Driving rst_n = 1 | req = 1110
# KERNEL: UVM_INFO /home/runner/monitor.sv(31) @ 335: uvm_test_top.env.agent.mon [MON] rst_n=1 | req: 1110, gnt: 1000
# KERNEL: UVM_INFO /home/runner/scoreboard.sv(51) @ 335: uvm_test_top.env.scb [arb_scoreboard] Scoreboard received item
# KERNEL: UVM_INFO /home/runner/scoreboard.sv(55) @ 335: uvm_test_top.env.scb [SCB_PASS] Match Req=1110 ,Exp:1000, Act: 1000
# KERNEL: UVM_INFO /home/runner/driver.sv(45) @ 335: uvm_test_top.env.agent.drv [DRV] Driving rst_n = 1 | req = 1111
# KERNEL: UVM_INFO /home/runner/monitor.sv(31) @ 345: uvm_test_top.env.agent.mon [MON] rst_n=1 | req: 1111, gnt: 0010
# KERNEL: UVM_INFO /home/runner/scoreboard.sv(51) @ 345: uvm_test_top.env.scb [arb_scoreboard] Scoreboard received item
# KERNEL: UVM_INFO /home/runner/scoreboard.sv(55) @ 345: uvm_test_top.env.scb [SCB_PASS] Match Req=1111 ,Exp:0010, Act: 0010
# KERNEL: UVM_INFO /home/runner/driver.sv(45) @ 345: uvm_test_top.env.agent.drv [DRV] Driving rst_n = 1 | req = 1001
# KERNEL: UVM_INFO /home/runner/monitor.sv(31) @ 355: uvm_test_top.env.agent.mon [MON] rst_n=1 | req: 1001, gnt: 0100
# KERNEL: UVM_INFO /home/runner/scoreboard.sv(51) @ 355: uvm_test_top.env.scb [arb_scoreboard] Scoreboard received item
# KERNEL: UVM_INFO /home/runner/scoreboard.sv(55) @ 355: uvm_test_top.env.scb [SCB_PASS] Match Req=1001 ,Exp:0100, Act: 0100
# KERNEL: UVM_INFO /home/runner/driver.sv(45) @ 355: uvm_test_top.env.agent.drv [DRV] Driving rst_n = 1 | req = 1110
# KERNEL: UVM_INFO /home/runner/monitor.sv(31) @ 365: uvm_test_top.env.agent.mon [MON] rst_n=1 | req: 1110, gnt: 1000
# KERNEL: UVM_INFO /home/runner/scoreboard.sv(51) @ 365: uvm_test_top.env.scb [arb_scoreboard] Scoreboard received item
# KERNEL: UVM_INFO /home/runner/scoreboard.sv(55) @ 365: uvm_test_top.env.scb [SCB_PASS] Match Req=1110 ,Exp:1000, Act: 1000
# KERNEL: UVM_INFO /home/runner/driver.sv(45) @ 365: uvm_test_top.env.agent.drv [DRV] Driving rst_n = 0 | req = 1100
# KERNEL: UVM_INFO /home/runner/monitor.sv(31) @ 375: uvm_test_top.env.agent.mon [MON] rst_n=0 | req: 1100, gnt: 0000
# KERNEL: UVM_INFO /home/runner/scoreboard.sv(29) @ 375: uvm_test_top.env.scb [SCB_RST] System in Reset, checking for clear outputs
# KERNEL: UVM_INFO /home/runner/driver.sv(45) @ 375: uvm_test_top.env.agent.drv [DRV] Driving rst_n = 1 | req = 0101
# KERNEL: UVM_INFO /home/runner/monitor.sv(31) @ 385: uvm_test_top.env.agent.mon [MON] rst_n=1 | req: 0101, gnt: 0000
# KERNEL: UVM_INFO /home/runner/scoreboard.sv(51) @ 385: uvm_test_top.env.scb [arb_scoreboard] Scoreboard received item
# KERNEL: UVM_INFO /home/runner/scoreboard.sv(55) @ 385: uvm_test_top.env.scb [SCB_PASS] Match Req=0101 ,Exp:0000, Act: 0000
# KERNEL: UVM_INFO /home/runner/driver.sv(45) @ 385: uvm_test_top.env.agent.drv [DRV] Driving rst_n = 1 | req = 0111
# KERNEL: UVM_INFO /home/runner/monitor.sv(31) @ 395: uvm_test_top.env.agent.mon [MON] rst_n=1 | req: 0111, gnt: 0001
# KERNEL: UVM_INFO /home/runner/scoreboard.sv(51) @ 395: uvm_test_top.env.scb [arb_scoreboard] Scoreboard received item
# KERNEL: UVM_INFO /home/runner/scoreboard.sv(55) @ 395: uvm_test_top.env.scb [SCB_PASS] Match Req=0111 ,Exp:0001, Act: 0001
# KERNEL: UVM_INFO /home/runner/driver.sv(45) @ 395: uvm_test_top.env.agent.drv [DRV] Driving rst_n = 1 | req = 0100
# KERNEL: UVM_INFO /home/runner/monitor.sv(31) @ 405: uvm_test_top.env.agent.mon [MON] rst_n=1 | req: 0100, gnt: 0010
# KERNEL: UVM_INFO /home/runner/scoreboard.sv(51) @ 405: uvm_test_top.env.scb [arb_scoreboard] Scoreboard received item
# KERNEL: UVM_INFO /home/runner/scoreboard.sv(55) @ 405: uvm_test_top.env.scb [SCB_PASS] Match Req=0100 ,Exp:0010, Act: 0010
# KERNEL: UVM_INFO /home/runner/driver.sv(45) @ 405: uvm_test_top.env.agent.drv [DRV] Driving rst_n = 1 | req = 1010
# KERNEL: UVM_INFO /home/runner/monitor.sv(31) @ 415: uvm_test_top.env.agent.mon [MON] rst_n=1 | req: 1010, gnt: 0100
# KERNEL: UVM_INFO /home/runner/scoreboard.sv(51) @ 415: uvm_test_top.env.scb [arb_scoreboard] Scoreboard received item
# KERNEL: UVM_INFO /home/runner/scoreboard.sv(55) @ 415: uvm_test_top.env.scb [SCB_PASS] Match Req=1010 ,Exp:0100, Act: 0100
# KERNEL: UVM_INFO /home/runner/driver.sv(45) @ 415: uvm_test_top.env.agent.drv [DRV] Driving rst_n = 1 | req = 1011
# KERNEL: UVM_INFO /home/runner/monitor.sv(31) @ 425: uvm_test_top.env.agent.mon [MON] rst_n=1 | req: 1011, gnt: 1000
# KERNEL: UVM_INFO /home/runner/scoreboard.sv(51) @ 425: uvm_test_top.env.scb [arb_scoreboard] Scoreboard received item
# KERNEL: UVM_INFO /home/runner/scoreboard.sv(55) @ 425: uvm_test_top.env.scb [SCB_PASS] Match Req=1011 ,Exp:1000, Act: 1000
# KERNEL: UVM_INFO /home/runner/driver.sv(45) @ 425: uvm_test_top.env.agent.drv [DRV] Driving rst_n = 1 | req = 0101
# KERNEL: UVM_INFO /home/runner/monitor.sv(31) @ 435: uvm_test_top.env.agent.mon [MON] rst_n=1 | req: 0101, gnt: 0001
# KERNEL: UVM_INFO /home/runner/scoreboard.sv(51) @ 435: uvm_test_top.env.scb [arb_scoreboard] Scoreboard received item
# KERNEL: UVM_INFO /home/runner/scoreboard.sv(55) @ 435: uvm_test_top.env.scb [SCB_PASS] Match Req=0101 ,Exp:0001, Act: 0001
# KERNEL: UVM_INFO /home/runner/driver.sv(45) @ 435: uvm_test_top.env.agent.drv [DRV] Driving rst_n = 1 | req = 1010
# KERNEL: UVM_INFO /home/runner/monitor.sv(31) @ 445: uvm_test_top.env.agent.mon [MON] rst_n=1 | req: 1010, gnt: 0100
# KERNEL: UVM_INFO /home/runner/scoreboard.sv(51) @ 445: uvm_test_top.env.scb [arb_scoreboard] Scoreboard received item
# KERNEL: UVM_INFO /home/runner/scoreboard.sv(55) @ 445: uvm_test_top.env.scb [SCB_PASS] Match Req=1010 ,Exp:0100, Act: 0100
# KERNEL: UVM_INFO /home/runner/driver.sv(45) @ 445: uvm_test_top.env.agent.drv [DRV] Driving rst_n = 1 | req = 1000
# KERNEL: UVM_INFO /home/runner/monitor.sv(31) @ 455: uvm_test_top.env.agent.mon [MON] rst_n=1 | req: 1000, gnt: 1000
# KERNEL: UVM_INFO /home/runner/scoreboard.sv(51) @ 455: uvm_test_top.env.scb [arb_scoreboard] Scoreboard received item
# KERNEL: UVM_INFO /home/runner/scoreboard.sv(55) @ 455: uvm_test_top.env.scb [SCB_PASS] Match Req=1000 ,Exp:1000, Act: 1000
# KERNEL: UVM_INFO /home/runner/driver.sv(45) @ 455: uvm_test_top.env.agent.drv [DRV] Driving rst_n = 0 | req = 0001
# KERNEL: UVM_INFO /home/runner/monitor.sv(31) @ 465: uvm_test_top.env.agent.mon [MON] rst_n=0 | req: 0001, gnt: 0000
# KERNEL: UVM_INFO /home/runner/scoreboard.sv(29) @ 465: uvm_test_top.env.scb [SCB_RST] System in Reset, checking for clear outputs
# KERNEL: UVM_INFO /home/runner/driver.sv(45) @ 465: uvm_test_top.env.agent.drv [DRV] Driving rst_n = 1 | req = 0011
# KERNEL: UVM_INFO /home/runner/monitor.sv(31) @ 475: uvm_test_top.env.agent.mon [MON] rst_n=1 | req: 0011, gnt: 0000
# KERNEL: UVM_INFO /home/runner/scoreboard.sv(51) @ 475: uvm_test_top.env.scb [arb_scoreboard] Scoreboard received item
# KERNEL: UVM_INFO /home/runner/scoreboard.sv(55) @ 475: uvm_test_top.env.scb [SCB_PASS] Match Req=0011 ,Exp:0000, Act: 0000
# KERNEL: UVM_INFO /home/runner/driver.sv(45) @ 475: uvm_test_top.env.agent.drv [DRV] Driving rst_n = 0 | req = 0000
# KERNEL: UVM_INFO /home/runner/monitor.sv(31) @ 485: uvm_test_top.env.agent.mon [MON] rst_n=0 | req: 0000, gnt: 0000
# KERNEL: UVM_INFO /home/runner/scoreboard.sv(29) @ 485: uvm_test_top.env.scb [SCB_RST] System in Reset, checking for clear outputs
# KERNEL: UVM_INFO /home/runner/driver.sv(45) @ 485: uvm_test_top.env.agent.drv [DRV] Driving rst_n = 1 | req = 0110
# KERNEL: UVM_INFO /home/runner/monitor.sv(31) @ 495: uvm_test_top.env.agent.mon [MON] rst_n=1 | req: 0110, gnt: 0000
# KERNEL: UVM_INFO /home/runner/scoreboard.sv(51) @ 495: uvm_test_top.env.scb [arb_scoreboard] Scoreboard received item
# KERNEL: UVM_INFO /home/runner/scoreboard.sv(55) @ 495: uvm_test_top.env.scb [SCB_PASS] Match Req=0110 ,Exp:0000, Act: 0000
# KERNEL: UVM_INFO /home/runner/driver.sv(45) @ 495: uvm_test_top.env.agent.drv [DRV] Driving rst_n = 1 | req = 0111
# KERNEL: UVM_INFO /home/runner/monitor.sv(31) @ 505: uvm_test_top.env.agent.mon [MON] rst_n=1 | req: 0111, gnt: 0010
# KERNEL: UVM_INFO /home/runner/scoreboard.sv(51) @ 505: uvm_test_top.env.scb [arb_scoreboard] Scoreboard received item
# KERNEL: UVM_INFO /home/runner/scoreboard.sv(55) @ 505: uvm_test_top.env.scb [SCB_PASS] Match Req=0111 ,Exp:0010, Act: 0010
# KERNEL: UVM_INFO /home/runner/driver.sv(45) @ 505: uvm_test_top.env.agent.drv [DRV] Driving rst_n = 1 | req = 0001
# KERNEL: UVM_INFO /home/runner/monitor.sv(31) @ 515: uvm_test_top.env.agent.mon [MON] rst_n=1 | req: 0001, gnt: 0100
# KERNEL: UVM_INFO /home/runner/scoreboard.sv(51) @ 515: uvm_test_top.env.scb [arb_scoreboard] Scoreboard received item
# KERNEL: UVM_INFO /home/runner/scoreboard.sv(55) @ 515: uvm_test_top.env.scb [SCB_PASS] Match Req=0001 ,Exp:0100, Act: 0100
# KERNEL: UVM_INFO /home/runner/driver.sv(45) @ 515: uvm_test_top.env.agent.drv [DRV] Driving rst_n = 1 | req = 0110
# KERNEL: UVM_INFO /home/runner/monitor.sv(31) @ 525: uvm_test_top.env.agent.mon [MON] rst_n=1 | req: 0110, gnt: 0001
# KERNEL: UVM_INFO /home/runner/scoreboard.sv(51) @ 525: uvm_test_top.env.scb [arb_scoreboard] Scoreboard received item
# KERNEL: UVM_INFO /home/runner/scoreboard.sv(55) @ 525: uvm_test_top.env.scb [SCB_PASS] Match Req=0110 ,Exp:0001, Act: 0001
# KERNEL: UVM_INFO /home/runner/driver.sv(45) @ 525: uvm_test_top.env.agent.drv [DRV] Driving rst_n = 1 | req = 0100
# KERNEL: UVM_INFO /home/runner/monitor.sv(31) @ 535: uvm_test_top.env.agent.mon [MON] rst_n=1 | req: 0100, gnt: 0010
# KERNEL: UVM_INFO /home/runner/scoreboard.sv(51) @ 535: uvm_test_top.env.scb [arb_scoreboard] Scoreboard received item
# KERNEL: UVM_INFO /home/runner/scoreboard.sv(55) @ 535: uvm_test_top.env.scb [SCB_PASS] Match Req=0100 ,Exp:0010, Act: 0010
# KERNEL: UVM_INFO /home/runner/driver.sv(45) @ 535: uvm_test_top.env.agent.drv [DRV] Driving rst_n = 1 | req = 1101
# KERNEL: UVM_INFO /home/runner/monitor.sv(31) @ 545: uvm_test_top.env.agent.mon [MON] rst_n=1 | req: 1101, gnt: 0100
# KERNEL: UVM_INFO /home/runner/scoreboard.sv(51) @ 545: uvm_test_top.env.scb [arb_scoreboard] Scoreboard received item
# KERNEL: UVM_INFO /home/runner/scoreboard.sv(55) @ 545: uvm_test_top.env.scb [SCB_PASS] Match Req=1101 ,Exp:0100, Act: 0100
# KERNEL: UVM_INFO /home/runner/driver.sv(45) @ 545: uvm_test_top.env.agent.drv [DRV] Driving rst_n = 1 | req = 1111
# KERNEL: UVM_INFO /home/runner/monitor.sv(31) @ 555: uvm_test_top.env.agent.mon [MON] rst_n=1 | req: 1111, gnt: 1000
# KERNEL: UVM_INFO /home/runner/scoreboard.sv(51) @ 555: uvm_test_top.env.scb [arb_scoreboard] Scoreboard received item
# KERNEL: UVM_INFO /home/runner/scoreboard.sv(55) @ 555: uvm_test_top.env.scb [SCB_PASS] Match Req=1111 ,Exp:1000, Act: 1000
# KERNEL: UVM_INFO /home/runner/driver.sv(45) @ 555: uvm_test_top.env.agent.drv [DRV] Driving rst_n = 1 | req = 1100
# KERNEL: UVM_INFO /home/runner/monitor.sv(31) @ 565: uvm_test_top.env.agent.mon [MON] rst_n=1 | req: 1100, gnt: 0001
# KERNEL: UVM_INFO /home/runner/scoreboard.sv(51) @ 565: uvm_test_top.env.scb [arb_scoreboard] Scoreboard received item
# KERNEL: UVM_INFO /home/runner/scoreboard.sv(55) @ 565: uvm_test_top.env.scb [SCB_PASS] Match Req=1100 ,Exp:0001, Act: 0001
# KERNEL: UVM_INFO /home/runner/driver.sv(45) @ 565: uvm_test_top.env.agent.drv [DRV] Driving rst_n = 1 | req = 0010
# KERNEL: UVM_INFO /home/runner/monitor.sv(31) @ 575: uvm_test_top.env.agent.mon [MON] rst_n=1 | req: 0010, gnt: 0100
# KERNEL: UVM_INFO /home/runner/scoreboard.sv(51) @ 575: uvm_test_top.env.scb [arb_scoreboard] Scoreboard received item
# KERNEL: UVM_INFO /home/runner/scoreboard.sv(55) @ 575: uvm_test_top.env.scb [SCB_PASS] Match Req=0010 ,Exp:0100, Act: 0100
# KERNEL: UVM_INFO /home/runner/driver.sv(45) @ 575: uvm_test_top.env.agent.drv [DRV] Driving rst_n = 1 | req = 0011
# KERNEL: UVM_INFO /home/runner/monitor.sv(31) @ 585: uvm_test_top.env.agent.mon [MON] rst_n=1 | req: 0011, gnt: 0010
# KERNEL: UVM_INFO /home/runner/scoreboard.sv(51) @ 585: uvm_test_top.env.scb [arb_scoreboard] Scoreboard received item
# KERNEL: UVM_INFO /home/runner/scoreboard.sv(55) @ 585: uvm_test_top.env.scb [SCB_PASS] Match Req=0011 ,Exp:0010, Act: 0010
# KERNEL: UVM_INFO /home/runner/driver.sv(45) @ 585: uvm_test_top.env.agent.drv [DRV] Driving rst_n = 1 | req = 1101
# KERNEL: UVM_INFO /home/runner/monitor.sv(31) @ 595: uvm_test_top.env.agent.mon [MON] rst_n=1 | req: 1101, gnt: 0001
# KERNEL: UVM_INFO /home/runner/scoreboard.sv(51) @ 595: uvm_test_top.env.scb [arb_scoreboard] Scoreboard received item
# KERNEL: UVM_INFO /home/runner/scoreboard.sv(55) @ 595: uvm_test_top.env.scb [SCB_PASS] Match Req=1101 ,Exp:0001, Act: 0001
# KERNEL: UVM_INFO /home/runner/driver.sv(45) @ 595: uvm_test_top.env.agent.drv [DRV] Driving rst_n = 1 | req = 0010
# KERNEL: UVM_INFO /home/runner/monitor.sv(31) @ 605: uvm_test_top.env.agent.mon [MON] rst_n=1 | req: 0010, gnt: 0100
# KERNEL: UVM_INFO /home/runner/scoreboard.sv(51) @ 605: uvm_test_top.env.scb [arb_scoreboard] Scoreboard received item
# KERNEL: UVM_INFO /home/runner/scoreboard.sv(55) @ 605: uvm_test_top.env.scb [SCB_PASS] Match Req=0010 ,Exp:0100, Act: 0100
# KERNEL: UVM_INFO /home/runner/driver.sv(45) @ 605: uvm_test_top.env.agent.drv [DRV] Driving rst_n = 1 | req = 0000
# KERNEL: UVM_INFO /home/runner/monitor.sv(31) @ 615: uvm_test_top.env.agent.mon [MON] rst_n=1 | req: 0000, gnt: 0010
# KERNEL: UVM_INFO /home/runner/scoreboard.sv(51) @ 615: uvm_test_top.env.scb [arb_scoreboard] Scoreboard received item
# KERNEL: UVM_INFO /home/runner/scoreboard.sv(55) @ 615: uvm_test_top.env.scb [SCB_PASS] Match Req=0000 ,Exp:0010, Act: 0010
# KERNEL: UVM_INFO /home/runner/driver.sv(45) @ 615: uvm_test_top.env.agent.drv [DRV] Driving rst_n = 1 | req = 1001
# KERNEL: UVM_INFO /home/runner/monitor.sv(31) @ 625: uvm_test_top.env.agent.mon [MON] rst_n=1 | req: 1001, gnt: 0000
# KERNEL: UVM_INFO /home/runner/scoreboard.sv(51) @ 625: uvm_test_top.env.scb [arb_scoreboard] Scoreboard received item
# KERNEL: UVM_INFO /home/runner/scoreboard.sv(55) @ 625: uvm_test_top.env.scb [SCB_PASS] Match Req=1001 ,Exp:0000, Act: 0000
# KERNEL: UVM_INFO /home/runner/driver.sv(45) @ 625: uvm_test_top.env.agent.drv [DRV] Driving rst_n = 1 | req = 1011
# KERNEL: UVM_INFO /home/runner/monitor.sv(31) @ 635: uvm_test_top.env.agent.mon [MON] rst_n=1 | req: 1011, gnt: 1000
# KERNEL: UVM_INFO /home/runner/scoreboard.sv(51) @ 635: uvm_test_top.env.scb [arb_scoreboard] Scoreboard received item
# KERNEL: UVM_INFO /home/runner/scoreboard.sv(55) @ 635: uvm_test_top.env.scb [SCB_PASS] Match Req=1011 ,Exp:1000, Act: 1000
# KERNEL: UVM_INFO /home/runner/driver.sv(45) @ 635: uvm_test_top.env.agent.drv [DRV] Driving rst_n = 1 | req = 1000
# KERNEL: UVM_INFO /home/runner/monitor.sv(31) @ 645: uvm_test_top.env.agent.mon [MON] rst_n=1 | req: 1000, gnt: 0001
# KERNEL: UVM_INFO /home/runner/scoreboard.sv(51) @ 645: uvm_test_top.env.scb [arb_scoreboard] Scoreboard received item
# KERNEL: UVM_INFO /home/runner/scoreboard.sv(55) @ 645: uvm_test_top.env.scb [SCB_PASS] Match Req=1000 ,Exp:0001, Act: 0001
# KERNEL: UVM_INFO /home/runner/driver.sv(45) @ 645: uvm_test_top.env.agent.drv [DRV] Driving rst_n = 1 | req = 1110
# KERNEL: UVM_INFO /home/runner/monitor.sv(31) @ 655: uvm_test_top.env.agent.mon [MON] rst_n=1 | req: 1110, gnt: 1000
# KERNEL: UVM_INFO /home/runner/scoreboard.sv(51) @ 655: uvm_test_top.env.scb [arb_scoreboard] Scoreboard received item
# KERNEL: UVM_INFO /home/runner/scoreboard.sv(55) @ 655: uvm_test_top.env.scb [SCB_PASS] Match Req=1110 ,Exp:1000, Act: 1000
# KERNEL: UVM_INFO /home/runner/driver.sv(45) @ 655: uvm_test_top.env.agent.drv [DRV] Driving rst_n = 1 | req = 1111
# KERNEL: UVM_INFO /home/runner/monitor.sv(31) @ 665: uvm_test_top.env.agent.mon [MON] rst_n=1 | req: 1111, gnt: 0010
# KERNEL: UVM_INFO /home/runner/scoreboard.sv(51) @ 665: uvm_test_top.env.scb [arb_scoreboard] Scoreboard received item
# KERNEL: UVM_INFO /home/runner/scoreboard.sv(55) @ 665: uvm_test_top.env.scb [SCB_PASS] Match Req=1111 ,Exp:0010, Act: 0010
# KERNEL: UVM_INFO /home/runner/driver.sv(45) @ 665: uvm_test_top.env.agent.drv [DRV] Driving rst_n = 1 | req = 1001
# KERNEL: UVM_INFO /home/runner/monitor.sv(31) @ 675: uvm_test_top.env.agent.mon [MON] rst_n=1 | req: 1001, gnt: 0100
# KERNEL: UVM_INFO /home/runner/scoreboard.sv(51) @ 675: uvm_test_top.env.scb [arb_scoreboard] Scoreboard received item
# KERNEL: UVM_INFO /home/runner/scoreboard.sv(55) @ 675: uvm_test_top.env.scb [SCB_PASS] Match Req=1001 ,Exp:0100, Act: 0100
# KERNEL: UVM_INFO /home/runner/driver.sv(45) @ 675: uvm_test_top.env.agent.drv [DRV] Driving rst_n = 1 | req = 1110
# KERNEL: UVM_INFO /home/runner/monitor.sv(31) @ 685: uvm_test_top.env.agent.mon [MON] rst_n=1 | req: 1110, gnt: 1000
# KERNEL: UVM_INFO /home/runner/scoreboard.sv(51) @ 685: uvm_test_top.env.scb [arb_scoreboard] Scoreboard received item
# KERNEL: UVM_INFO /home/runner/scoreboard.sv(55) @ 685: uvm_test_top.env.scb [SCB_PASS] Match Req=1110 ,Exp:1000, Act: 1000
# KERNEL: UVM_INFO /home/runner/driver.sv(45) @ 685: uvm_test_top.env.agent.drv [DRV] Driving rst_n = 1 | req = 1100
# KERNEL: UVM_INFO /home/runner/monitor.sv(31) @ 695: uvm_test_top.env.agent.mon [MON] rst_n=1 | req: 1100, gnt: 0010
# KERNEL: UVM_INFO /home/runner/scoreboard.sv(51) @ 695: uvm_test_top.env.scb [arb_scoreboard] Scoreboard received item
# KERNEL: UVM_INFO /home/runner/scoreboard.sv(55) @ 695: uvm_test_top.env.scb [SCB_PASS] Match Req=1100 ,Exp:0010, Act: 0010
# KERNEL: UVM_INFO /home/runner/driver.sv(45) @ 695: uvm_test_top.env.agent.drv [DRV] Driving rst_n = 0 | req = 0101
# KERNEL: UVM_INFO /home/runner/monitor.sv(31) @ 705: uvm_test_top.env.agent.mon [MON] rst_n=0 | req: 0101, gnt: 0000
# KERNEL: UVM_INFO /home/runner/scoreboard.sv(29) @ 705: uvm_test_top.env.scb [SCB_RST] System in Reset, checking for clear outputs
# KERNEL: UVM_INFO /home/runner/driver.sv(45) @ 705: uvm_test_top.env.agent.drv [DRV] Driving rst_n = 1 | req = 0111
# KERNEL: UVM_INFO /home/runner/monitor.sv(31) @ 715: uvm_test_top.env.agent.mon [MON] rst_n=1 | req: 0111, gnt: 0000
# KERNEL: UVM_INFO /home/runner/scoreboard.sv(51) @ 715: uvm_test_top.env.scb [arb_scoreboard] Scoreboard received item
# KERNEL: UVM_INFO /home/runner/scoreboard.sv(55) @ 715: uvm_test_top.env.scb [SCB_PASS] Match Req=0111 ,Exp:0000, Act: 0000
# KERNEL: UVM_INFO /home/runner/driver.sv(45) @ 715: uvm_test_top.env.agent.drv [DRV] Driving rst_n = 1 | req = 0100
# KERNEL: UVM_INFO /home/runner/monitor.sv(31) @ 725: uvm_test_top.env.agent.mon [MON] rst_n=1 | req: 0100, gnt: 0001
# KERNEL: UVM_INFO /home/runner/scoreboard.sv(51) @ 725: uvm_test_top.env.scb [arb_scoreboard] Scoreboard received item
# KERNEL: UVM_INFO /home/runner/scoreboard.sv(55) @ 725: uvm_test_top.env.scb [SCB_PASS] Match Req=0100 ,Exp:0001, Act: 0001
# KERNEL: UVM_INFO /home/runner/driver.sv(45) @ 725: uvm_test_top.env.agent.drv [DRV] Driving rst_n = 1 | req = 1010
# KERNEL: UVM_INFO /home/runner/monitor.sv(31) @ 735: uvm_test_top.env.agent.mon [MON] rst_n=1 | req: 1010, gnt: 0100
# KERNEL: UVM_INFO /home/runner/scoreboard.sv(51) @ 735: uvm_test_top.env.scb [arb_scoreboard] Scoreboard received item
# KERNEL: UVM_INFO /home/runner/scoreboard.sv(55) @ 735: uvm_test_top.env.scb [SCB_PASS] Match Req=1010 ,Exp:0100, Act: 0100
# KERNEL: UVM_INFO /home/runner/driver.sv(45) @ 735: uvm_test_top.env.agent.drv [DRV] Driving rst_n = 1 | req = 1011
# KERNEL: UVM_INFO /home/runner/monitor.sv(31) @ 745: uvm_test_top.env.agent.mon [MON] rst_n=1 | req: 1011, gnt: 1000
# KERNEL: UVM_INFO /home/runner/scoreboard.sv(51) @ 745: uvm_test_top.env.scb [arb_scoreboard] Scoreboard received item
# KERNEL: UVM_INFO /home/runner/scoreboard.sv(55) @ 745: uvm_test_top.env.scb [SCB_PASS] Match Req=1011 ,Exp:1000, Act: 1000
# KERNEL: UVM_INFO /home/runner/driver.sv(45) @ 745: uvm_test_top.env.agent.drv [DRV] Driving rst_n = 1 | req = 0101
# KERNEL: UVM_INFO /home/runner/monitor.sv(31) @ 755: uvm_test_top.env.agent.mon [MON] rst_n=1 | req: 0101, gnt: 0001
# KERNEL: UVM_INFO /home/runner/scoreboard.sv(51) @ 755: uvm_test_top.env.scb [arb_scoreboard] Scoreboard received item
# KERNEL: UVM_INFO /home/runner/scoreboard.sv(55) @ 755: uvm_test_top.env.scb [SCB_PASS] Match Req=0101 ,Exp:0001, Act: 0001
# KERNEL: UVM_INFO /home/runner/driver.sv(45) @ 755: uvm_test_top.env.agent.drv [DRV] Driving rst_n = 1 | req = 1010
# KERNEL: UVM_INFO /home/runner/monitor.sv(31) @ 765: uvm_test_top.env.agent.mon [MON] rst_n=1 | req: 1010, gnt: 0100
# KERNEL: UVM_INFO /home/runner/scoreboard.sv(51) @ 765: uvm_test_top.env.scb [arb_scoreboard] Scoreboard received item
# KERNEL: UVM_INFO /home/runner/scoreboard.sv(55) @ 765: uvm_test_top.env.scb [SCB_PASS] Match Req=1010 ,Exp:0100, Act: 0100
# KERNEL: UVM_INFO /home/runner/driver.sv(45) @ 765: uvm_test_top.env.agent.drv [DRV] Driving rst_n = 1 | req = 1000
# KERNEL: UVM_INFO /home/runner/monitor.sv(31) @ 775: uvm_test_top.env.agent.mon [MON] rst_n=1 | req: 1000, gnt: 1000
# KERNEL: UVM_INFO /home/runner/scoreboard.sv(51) @ 775: uvm_test_top.env.scb [arb_scoreboard] Scoreboard received item
# KERNEL: UVM_INFO /home/runner/scoreboard.sv(55) @ 775: uvm_test_top.env.scb [SCB_PASS] Match Req=1000 ,Exp:1000, Act: 1000
# KERNEL: UVM_INFO /home/runner/driver.sv(45) @ 775: uvm_test_top.env.agent.drv [DRV] Driving rst_n = 1 | req = 0001
# KERNEL: UVM_INFO /home/runner/monitor.sv(31) @ 785: uvm_test_top.env.agent.mon [MON] rst_n=1 | req: 0001, gnt: 1000
# KERNEL: UVM_INFO /home/runner/scoreboard.sv(51) @ 785: uvm_test_top.env.scb [arb_scoreboard] Scoreboard received item
# KERNEL: UVM_INFO /home/runner/scoreboard.sv(55) @ 785: uvm_test_top.env.scb [SCB_PASS] Match Req=0001 ,Exp:1000, Act: 1000
# KERNEL: UVM_INFO /home/runner/driver.sv(45) @ 785: uvm_test_top.env.agent.drv [DRV] Driving rst_n = 1 | req = 0011
# KERNEL: UVM_INFO /home/runner/monitor.sv(31) @ 795: uvm_test_top.env.agent.mon [MON] rst_n=1 | req: 0011, gnt: 0001
# KERNEL: UVM_INFO /home/runner/scoreboard.sv(51) @ 795: uvm_test_top.env.scb [arb_scoreboard] Scoreboard received item
# KERNEL: UVM_INFO /home/runner/scoreboard.sv(55) @ 795: uvm_test_top.env.scb [SCB_PASS] Match Req=0011 ,Exp:0001, Act: 0001
# KERNEL: UVM_INFO /home/runner/driver.sv(45) @ 795: uvm_test_top.env.agent.drv [DRV] Driving rst_n = 1 | req = 0000
# KERNEL: UVM_INFO /home/runner/monitor.sv(31) @ 805: uvm_test_top.env.agent.mon [MON] rst_n=1 | req: 0000, gnt: 0010
# KERNEL: UVM_INFO /home/runner/scoreboard.sv(51) @ 805: uvm_test_top.env.scb [arb_scoreboard] Scoreboard received item
# KERNEL: UVM_INFO /home/runner/scoreboard.sv(55) @ 805: uvm_test_top.env.scb [SCB_PASS] Match Req=0000 ,Exp:0010, Act: 0010
# KERNEL: UVM_INFO /home/runner/driver.sv(45) @ 805: uvm_test_top.env.agent.drv [DRV] Driving rst_n = 0 | req = 0110
# KERNEL: UVM_INFO /home/runner/monitor.sv(31) @ 815: uvm_test_top.env.agent.mon [MON] rst_n=0 | req: 0110, gnt: 0000
# KERNEL: UVM_INFO /home/runner/scoreboard.sv(29) @ 815: uvm_test_top.env.scb [SCB_RST] System in Reset, checking for clear outputs
# KERNEL: UVM_INFO /home/runner/driver.sv(45) @ 815: uvm_test_top.env.agent.drv [DRV] Driving rst_n = 1 | req = 0111
# KERNEL: UVM_INFO /home/runner/monitor.sv(31) @ 825: uvm_test_top.env.agent.mon [MON] rst_n=1 | req: 0111, gnt: 0000
# KERNEL: UVM_INFO /home/runner/scoreboard.sv(51) @ 825: uvm_test_top.env.scb [arb_scoreboard] Scoreboard received item
# KERNEL: UVM_INFO /home/runner/scoreboard.sv(55) @ 825: uvm_test_top.env.scb [SCB_PASS] Match Req=0111 ,Exp:0000, Act: 0000
# KERNEL: UVM_INFO /home/runner/driver.sv(45) @ 825: uvm_test_top.env.agent.drv [DRV] Driving rst_n = 1 | req = 0001
# KERNEL: UVM_INFO /home/runner/monitor.sv(31) @ 835: uvm_test_top.env.agent.mon [MON] rst_n=1 | req: 0001, gnt: 0001
# KERNEL: UVM_INFO /home/runner/scoreboard.sv(51) @ 835: uvm_test_top.env.scb [arb_scoreboard] Scoreboard received item
# KERNEL: UVM_INFO /home/runner/scoreboard.sv(55) @ 835: uvm_test_top.env.scb [SCB_PASS] Match Req=0001 ,Exp:0001, Act: 0001
# KERNEL: UVM_INFO /home/runner/driver.sv(45) @ 835: uvm_test_top.env.agent.drv [DRV] Driving rst_n = 1 | req = 0110
# KERNEL: UVM_INFO /home/runner/monitor.sv(31) @ 845: uvm_test_top.env.agent.mon [MON] rst_n=1 | req: 0110, gnt: 0001
# KERNEL: UVM_INFO /home/runner/scoreboard.sv(51) @ 845: uvm_test_top.env.scb [arb_scoreboard] Scoreboard received item
# KERNEL: UVM_INFO /home/runner/scoreboard.sv(55) @ 845: uvm_test_top.env.scb [SCB_PASS] Match Req=0110 ,Exp:0001, Act: 0001
# KERNEL: UVM_INFO /home/runner/driver.sv(45) @ 845: uvm_test_top.env.agent.drv [DRV] Driving rst_n = 1 | req = 0100
# KERNEL: UVM_INFO /home/runner/monitor.sv(31) @ 855: uvm_test_top.env.agent.mon [MON] rst_n=1 | req: 0100, gnt: 0010
# KERNEL: UVM_INFO /home/runner/scoreboard.sv(51) @ 855: uvm_test_top.env.scb [arb_scoreboard] Scoreboard received item
# KERNEL: UVM_INFO /home/runner/scoreboard.sv(55) @ 855: uvm_test_top.env.scb [SCB_PASS] Match Req=0100 ,Exp:0010, Act: 0010
# KERNEL: UVM_INFO /home/runner/driver.sv(45) @ 855: uvm_test_top.env.agent.drv [DRV] Driving rst_n = 1 | req = 1101
# KERNEL: UVM_INFO /home/runner/monitor.sv(31) @ 865: uvm_test_top.env.agent.mon [MON] rst_n=1 | req: 1101, gnt: 0100
# KERNEL: UVM_INFO /home/runner/scoreboard.sv(51) @ 865: uvm_test_top.env.scb [arb_scoreboard] Scoreboard received item
# KERNEL: UVM_INFO /home/runner/scoreboard.sv(55) @ 865: uvm_test_top.env.scb [SCB_PASS] Match Req=1101 ,Exp:0100, Act: 0100
# KERNEL: UVM_INFO /home/runner/driver.sv(45) @ 865: uvm_test_top.env.agent.drv [DRV] Driving rst_n = 1 | req = 1111
# KERNEL: UVM_INFO /home/runner/monitor.sv(31) @ 875: uvm_test_top.env.agent.mon [MON] rst_n=1 | req: 1111, gnt: 1000
# KERNEL: UVM_INFO /home/runner/scoreboard.sv(51) @ 875: uvm_test_top.env.scb [arb_scoreboard] Scoreboard received item
# KERNEL: UVM_INFO /home/runner/scoreboard.sv(55) @ 875: uvm_test_top.env.scb [SCB_PASS] Match Req=1111 ,Exp:1000, Act: 1000
# KERNEL: UVM_INFO /home/runner/driver.sv(45) @ 875: uvm_test_top.env.agent.drv [DRV] Driving rst_n = 1 | req = 1100
# KERNEL: UVM_INFO /home/runner/monitor.sv(31) @ 885: uvm_test_top.env.agent.mon [MON] rst_n=1 | req: 1100, gnt: 0001
# KERNEL: UVM_INFO /home/runner/scoreboard.sv(51) @ 885: uvm_test_top.env.scb [arb_scoreboard] Scoreboard received item
# KERNEL: UVM_INFO /home/runner/scoreboard.sv(55) @ 885: uvm_test_top.env.scb [SCB_PASS] Match Req=1100 ,Exp:0001, Act: 0001
# KERNEL: UVM_INFO /home/runner/driver.sv(45) @ 885: uvm_test_top.env.agent.drv [DRV] Driving rst_n = 1 | req = 0010
# KERNEL: UVM_INFO /home/runner/monitor.sv(31) @ 895: uvm_test_top.env.agent.mon [MON] rst_n=1 | req: 0010, gnt: 0100
# KERNEL: UVM_INFO /home/runner/scoreboard.sv(51) @ 895: uvm_test_top.env.scb [arb_scoreboard] Scoreboard received item
# KERNEL: UVM_INFO /home/runner/scoreboard.sv(55) @ 895: uvm_test_top.env.scb [SCB_PASS] Match Req=0010 ,Exp:0100, Act: 0100
# KERNEL: UVM_INFO /home/runner/driver.sv(45) @ 895: uvm_test_top.env.agent.drv [DRV] Driving rst_n = 1 | req = 0011
# KERNEL: UVM_INFO /home/runner/monitor.sv(31) @ 905: uvm_test_top.env.agent.mon [MON] rst_n=1 | req: 0011, gnt: 0010
# KERNEL: UVM_INFO /home/runner/scoreboard.sv(51) @ 905: uvm_test_top.env.scb [arb_scoreboard] Scoreboard received item
# KERNEL: UVM_INFO /home/runner/scoreboard.sv(55) @ 905: uvm_test_top.env.scb [SCB_PASS] Match Req=0011 ,Exp:0010, Act: 0010
# KERNEL: UVM_INFO /home/runner/driver.sv(45) @ 905: uvm_test_top.env.agent.drv [DRV] Driving rst_n = 1 | req = 1101
# KERNEL: UVM_INFO /home/runner/monitor.sv(31) @ 915: uvm_test_top.env.agent.mon [MON] rst_n=1 | req: 1101, gnt: 0001
# KERNEL: UVM_INFO /home/runner/scoreboard.sv(51) @ 915: uvm_test_top.env.scb [arb_scoreboard] Scoreboard received item
# KERNEL: UVM_INFO /home/runner/scoreboard.sv(55) @ 915: uvm_test_top.env.scb [SCB_PASS] Match Req=1101 ,Exp:0001, Act: 0001
# KERNEL: UVM_INFO /home/runner/driver.sv(45) @ 915: uvm_test_top.env.agent.drv [DRV] Driving rst_n = 1 | req = 0010
# KERNEL: UVM_INFO /home/runner/monitor.sv(31) @ 925: uvm_test_top.env.agent.mon [MON] rst_n=1 | req: 0010, gnt: 0100
# KERNEL: UVM_INFO /home/runner/scoreboard.sv(51) @ 925: uvm_test_top.env.scb [arb_scoreboard] Scoreboard received item
# KERNEL: UVM_INFO /home/runner/scoreboard.sv(55) @ 925: uvm_test_top.env.scb [SCB_PASS] Match Req=0010 ,Exp:0100, Act: 0100
# KERNEL: UVM_INFO /home/runner/driver.sv(45) @ 925: uvm_test_top.env.agent.drv [DRV] Driving rst_n = 1 | req = 0000
# KERNEL: UVM_INFO /home/runner/monitor.sv(31) @ 935: uvm_test_top.env.agent.mon [MON] rst_n=1 | req: 0000, gnt: 0010
# KERNEL: UVM_INFO /home/runner/scoreboard.sv(51) @ 935: uvm_test_top.env.scb [arb_scoreboard] Scoreboard received item
# KERNEL: UVM_INFO /home/runner/scoreboard.sv(55) @ 935: uvm_test_top.env.scb [SCB_PASS] Match Req=0000 ,Exp:0010, Act: 0010
# KERNEL: UVM_INFO /home/runner/driver.sv(45) @ 935: uvm_test_top.env.agent.drv [DRV] Driving rst_n = 1 | req = 1001
# KERNEL: UVM_INFO /home/runner/monitor.sv(31) @ 945: uvm_test_top.env.agent.mon [MON] rst_n=1 | req: 1001, gnt: 0000
# KERNEL: UVM_INFO /home/runner/scoreboard.sv(51) @ 945: uvm_test_top.env.scb [arb_scoreboard] Scoreboard received item
# KERNEL: UVM_INFO /home/runner/scoreboard.sv(55) @ 945: uvm_test_top.env.scb [SCB_PASS] Match Req=1001 ,Exp:0000, Act: 0000
# KERNEL: UVM_INFO /home/runner/driver.sv(45) @ 945: uvm_test_top.env.agent.drv [DRV] Driving rst_n = 1 | req = 1011
# KERNEL: UVM_INFO /home/runner/monitor.sv(31) @ 955: uvm_test_top.env.agent.mon [MON] rst_n=1 | req: 1011, gnt: 1000
# KERNEL: UVM_INFO /home/runner/scoreboard.sv(51) @ 955: uvm_test_top.env.scb [arb_scoreboard] Scoreboard received item
# KERNEL: UVM_INFO /home/runner/scoreboard.sv(55) @ 955: uvm_test_top.env.scb [SCB_PASS] Match Req=1011 ,Exp:1000, Act: 1000
# KERNEL: UVM_INFO /home/runner/driver.sv(45) @ 955: uvm_test_top.env.agent.drv [DRV] Driving rst_n = 1 | req = 1000
# KERNEL: UVM_INFO /home/runner/monitor.sv(31) @ 965: uvm_test_top.env.agent.mon [MON] rst_n=1 | req: 1000, gnt: 0001
# KERNEL: UVM_INFO /home/runner/scoreboard.sv(51) @ 965: uvm_test_top.env.scb [arb_scoreboard] Scoreboard received item
# KERNEL: UVM_INFO /home/runner/scoreboard.sv(55) @ 965: uvm_test_top.env.scb [SCB_PASS] Match Req=1000 ,Exp:0001, Act: 0001
# KERNEL: UVM_INFO /home/runner/driver.sv(45) @ 965: uvm_test_top.env.agent.drv [DRV] Driving rst_n = 1 | req = 1110
# KERNEL: UVM_INFO /home/runner/monitor.sv(31) @ 975: uvm_test_top.env.agent.mon [MON] rst_n=1 | req: 1110, gnt: 1000
# KERNEL: UVM_INFO /home/runner/scoreboard.sv(51) @ 975: uvm_test_top.env.scb [arb_scoreboard] Scoreboard received item
# KERNEL: UVM_INFO /home/runner/scoreboard.sv(55) @ 975: uvm_test_top.env.scb [SCB_PASS] Match Req=1110 ,Exp:1000, Act: 1000
# KERNEL: UVM_INFO /home/runner/driver.sv(45) @ 975: uvm_test_top.env.agent.drv [DRV] Driving rst_n = 1 | req = 1111
# KERNEL: UVM_INFO /home/runner/monitor.sv(31) @ 985: uvm_test_top.env.agent.mon [MON] rst_n=1 | req: 1111, gnt: 0010
# KERNEL: UVM_INFO /home/runner/scoreboard.sv(51) @ 985: uvm_test_top.env.scb [arb_scoreboard] Scoreboard received item
# KERNEL: UVM_INFO /home/runner/scoreboard.sv(55) @ 985: uvm_test_top.env.scb [SCB_PASS] Match Req=1111 ,Exp:0010, Act: 0010
# KERNEL: UVM_INFO /home/runner/driver.sv(45) @ 985: uvm_test_top.env.agent.drv [DRV] Driving rst_n = 1 | req = 1001
# KERNEL: UVM_INFO /home/runner/monitor.sv(31) @ 995: uvm_test_top.env.agent.mon [MON] rst_n=1 | req: 1001, gnt: 0100
# KERNEL: UVM_INFO /home/runner/scoreboard.sv(51) @ 995: uvm_test_top.env.scb [arb_scoreboard] Scoreboard received item
# KERNEL: UVM_INFO /home/runner/scoreboard.sv(55) @ 995: uvm_test_top.env.scb [SCB_PASS] Match Req=1001 ,Exp:0100, Act: 0100
# KERNEL: UVM_INFO /home/runner/driver.sv(45) @ 995: uvm_test_top.env.agent.drv [DRV] Driving rst_n = 1 | req = 1110
# KERNEL: UVM_INFO /home/runner/monitor.sv(31) @ 1005: uvm_test_top.env.agent.mon [MON] rst_n=1 | req: 1110, gnt: 1000
# KERNEL: UVM_INFO /home/runner/scoreboard.sv(51) @ 1005: uvm_test_top.env.scb [arb_scoreboard] Scoreboard received item
# KERNEL: UVM_INFO /home/runner/scoreboard.sv(55) @ 1005: uvm_test_top.env.scb [SCB_PASS] Match Req=1110 ,Exp:1000, Act: 1000
# KERNEL: UVM_INFO /home/runner/driver.sv(45) @ 1005: uvm_test_top.env.agent.drv [DRV] Driving rst_n = 1 | req = 1100
# KERNEL: UVM_INFO /home/runner/monitor.sv(31) @ 1015: uvm_test_top.env.agent.mon [MON] rst_n=1 | req: 1100, gnt: 0010
# KERNEL: UVM_INFO /home/runner/scoreboard.sv(51) @ 1015: uvm_test_top.env.scb [arb_scoreboard] Scoreboard received item
# KERNEL: UVM_INFO /home/runner/scoreboard.sv(55) @ 1015: uvm_test_top.env.scb [SCB_PASS] Match Req=1100 ,Exp:0010, Act: 0010
# KERNEL: UVM_INFO /home/runner/driver.sv(45) @ 1015: uvm_test_top.env.agent.drv [DRV] Driving rst_n = 0 | req = 0101
# KERNEL: UVM_INFO /home/runner/monitor.sv(31) @ 1025: uvm_test_top.env.agent.mon [MON] rst_n=0 | req: 0101, gnt: 0000
# KERNEL: UVM_INFO /home/runner/scoreboard.sv(29) @ 1025: uvm_test_top.env.scb [SCB_RST] System in Reset, checking for clear outputs
# KERNEL: UVM_INFO /home/runner/driver.sv(45) @ 1025: uvm_test_top.env.agent.drv [DRV] Driving rst_n = 0 | req = 0111
# KERNEL: UVM_INFO /home/runner/monitor.sv(31) @ 1035: uvm_test_top.env.agent.mon [MON] rst_n=0 | req: 0111, gnt: 0000
# KERNEL: UVM_INFO /home/runner/scoreboard.sv(29) @ 1035: uvm_test_top.env.scb [SCB_RST] System in Reset, checking for clear outputs
# KERNEL: UVM_INFO /home/runner/driver.sv(45) @ 1035: uvm_test_top.env.agent.drv [DRV] Driving rst_n = 1 | req = 0100
# KERNEL: UVM_INFO /home/runner/monitor.sv(31) @ 1045: uvm_test_top.env.agent.mon [MON] rst_n=1 | req: 0100, gnt: 0000
# KERNEL: UVM_INFO /home/runner/scoreboard.sv(51) @ 1045: uvm_test_top.env.scb [arb_scoreboard] Scoreboard received item
# KERNEL: UVM_INFO /home/runner/scoreboard.sv(55) @ 1045: uvm_test_top.env.scb [SCB_PASS] Match Req=0100 ,Exp:0000, Act: 0000
# KERNEL: UVM_INFO /home/runner/driver.sv(45) @ 1045: uvm_test_top.env.agent.drv [DRV] Driving rst_n = 1 | req = 1010
# KERNEL: UVM_INFO /home/runner/monitor.sv(31) @ 1055: uvm_test_top.env.agent.mon [MON] rst_n=1 | req: 1010, gnt: 0100
# KERNEL: UVM_INFO /home/runner/scoreboard.sv(51) @ 1055: uvm_test_top.env.scb [arb_scoreboard] Scoreboard received item
# KERNEL: UVM_INFO /home/runner/scoreboard.sv(55) @ 1055: uvm_test_top.env.scb [SCB_PASS] Match Req=1010 ,Exp:0100, Act: 0100
# KERNEL: UVM_INFO /home/runner/driver.sv(45) @ 1055: uvm_test_top.env.agent.drv [DRV] Driving rst_n = 1 | req = 1011
# KERNEL: UVM_INFO /home/runner/monitor.sv(31) @ 1065: uvm_test_top.env.agent.mon [MON] rst_n=1 | req: 1011, gnt: 1000
# KERNEL: UVM_INFO /home/runner/scoreboard.sv(51) @ 1065: uvm_test_top.env.scb [arb_scoreboard] Scoreboard received item
# KERNEL: UVM_INFO /home/runner/scoreboard.sv(55) @ 1065: uvm_test_top.env.scb [SCB_PASS] Match Req=1011 ,Exp:1000, Act: 1000
# KERNEL: UVM_INFO /home/runner/driver.sv(45) @ 1065: uvm_test_top.env.agent.drv [DRV] Driving rst_n = 1 | req = 0101
# KERNEL: UVM_INFO /home/runner/monitor.sv(31) @ 1075: uvm_test_top.env.agent.mon [MON] rst_n=1 | req: 0101, gnt: 0001
# KERNEL: UVM_INFO /home/runner/scoreboard.sv(51) @ 1075: uvm_test_top.env.scb [arb_scoreboard] Scoreboard received item
# KERNEL: UVM_INFO /home/runner/scoreboard.sv(55) @ 1075: uvm_test_top.env.scb [SCB_PASS] Match Req=0101 ,Exp:0001, Act: 0001
# KERNEL: UVM_INFO /home/runner/driver.sv(45) @ 1075: uvm_test_top.env.agent.drv [DRV] Driving rst_n = 1 | req = 1010
# KERNEL: UVM_INFO /home/runner/monitor.sv(31) @ 1085: uvm_test_top.env.agent.mon [MON] rst_n=1 | req: 1010, gnt: 0100
# KERNEL: UVM_INFO /home/runner/scoreboard.sv(51) @ 1085: uvm_test_top.env.scb [arb_scoreboard] Scoreboard received item
# KERNEL: UVM_INFO /home/runner/scoreboard.sv(55) @ 1085: uvm_test_top.env.scb [SCB_PASS] Match Req=1010 ,Exp:0100, Act: 0100
# KERNEL: UVM_INFO /home/runner/driver.sv(45) @ 1085: uvm_test_top.env.agent.drv [DRV] Driving rst_n = 1 | req = 1000
# KERNEL: UVM_INFO /home/runner/monitor.sv(31) @ 1095: uvm_test_top.env.agent.mon [MON] rst_n=1 | req: 1000, gnt: 1000
# KERNEL: UVM_INFO /home/runner/scoreboard.sv(51) @ 1095: uvm_test_top.env.scb [arb_scoreboard] Scoreboard received item
# KERNEL: UVM_INFO /home/runner/scoreboard.sv(55) @ 1095: uvm_test_top.env.scb [SCB_PASS] Match Req=1000 ,Exp:1000, Act: 1000
# KERNEL: UVM_INFO /home/runner/driver.sv(45) @ 1095: uvm_test_top.env.agent.drv [DRV] Driving rst_n = 1 | req = 0001
# KERNEL: UVM_INFO /home/runner/monitor.sv(31) @ 1105: uvm_test_top.env.agent.mon [MON] rst_n=1 | req: 0001, gnt: 1000
# KERNEL: UVM_INFO /home/runner/scoreboard.sv(51) @ 1105: uvm_test_top.env.scb [arb_scoreboard] Scoreboard received item
# KERNEL: UVM_INFO /home/runner/scoreboard.sv(55) @ 1105: uvm_test_top.env.scb [SCB_PASS] Match Req=0001 ,Exp:1000, Act: 1000
# KERNEL: UVM_INFO /home/runner/driver.sv(45) @ 1105: uvm_test_top.env.agent.drv [DRV] Driving rst_n = 1 | req = 0011
# KERNEL: UVM_INFO /home/runner/monitor.sv(31) @ 1115: uvm_test_top.env.agent.mon [MON] rst_n=1 | req: 0011, gnt: 0001
# KERNEL: UVM_INFO /home/runner/scoreboard.sv(51) @ 1115: uvm_test_top.env.scb [arb_scoreboard] Scoreboard received item
# KERNEL: UVM_INFO /home/runner/scoreboard.sv(55) @ 1115: uvm_test_top.env.scb [SCB_PASS] Match Req=0011 ,Exp:0001, Act: 0001
# KERNEL: UVM_INFO /home/runner/driver.sv(45) @ 1115: uvm_test_top.env.agent.drv [DRV] Driving rst_n = 1 | req = 0000
# KERNEL: UVM_INFO /home/runner/monitor.sv(31) @ 1125: uvm_test_top.env.agent.mon [MON] rst_n=1 | req: 0000, gnt: 0010
# KERNEL: UVM_INFO /home/runner/scoreboard.sv(51) @ 1125: uvm_test_top.env.scb [arb_scoreboard] Scoreboard received item
# KERNEL: UVM_INFO /home/runner/scoreboard.sv(55) @ 1125: uvm_test_top.env.scb [SCB_PASS] Match Req=0000 ,Exp:0010, Act: 0010
# KERNEL: UVM_INFO /home/runner/driver.sv(45) @ 1125: uvm_test_top.env.agent.drv [DRV] Driving rst_n = 1 | req = 0110
# KERNEL: UVM_INFO /home/runner/monitor.sv(31) @ 1135: uvm_test_top.env.agent.mon [MON] rst_n=1 | req: 0110, gnt: 0000
# KERNEL: UVM_INFO /home/runner/scoreboard.sv(51) @ 1135: uvm_test_top.env.scb [arb_scoreboard] Scoreboard received item
# KERNEL: UVM_INFO /home/runner/scoreboard.sv(55) @ 1135: uvm_test_top.env.scb [SCB_PASS] Match Req=0110 ,Exp:0000, Act: 0000
# KERNEL: UVM_INFO /home/runner/driver.sv(45) @ 1135: uvm_test_top.env.agent.drv [DRV] Driving rst_n = 1 | req = 0111
# KERNEL: UVM_INFO /home/runner/monitor.sv(31) @ 1145: uvm_test_top.env.agent.mon [MON] rst_n=1 | req: 0111, gnt: 0100
# KERNEL: UVM_INFO /home/runner/scoreboard.sv(51) @ 1145: uvm_test_top.env.scb [arb_scoreboard] Scoreboard received item
# KERNEL: UVM_INFO /home/runner/scoreboard.sv(55) @ 1145: uvm_test_top.env.scb [SCB_PASS] Match Req=0111 ,Exp:0100, Act: 0100
# KERNEL: UVM_INFO /home/runner/driver.sv(45) @ 1145: uvm_test_top.env.agent.drv [DRV] Driving rst_n = 1 | req = 0001
# KERNEL: UVM_INFO /home/runner/monitor.sv(31) @ 1155: uvm_test_top.env.agent.mon [MON] rst_n=1 | req: 0001, gnt: 0001
# KERNEL: UVM_INFO /home/runner/scoreboard.sv(51) @ 1155: uvm_test_top.env.scb [arb_scoreboard] Scoreboard received item
# KERNEL: UVM_INFO /home/runner/scoreboard.sv(55) @ 1155: uvm_test_top.env.scb [SCB_PASS] Match Req=0001 ,Exp:0001, Act: 0001
# KERNEL: UVM_INFO /home/runner/driver.sv(45) @ 1155: uvm_test_top.env.agent.drv [DRV] Driving rst_n = 1 | req = 1100
# KERNEL: UVM_INFO /home/runner/monitor.sv(31) @ 1165: uvm_test_top.env.agent.mon [MON] rst_n=1 | req: 1100, gnt: 0001
# KERNEL: UVM_INFO /home/runner/scoreboard.sv(51) @ 1165: uvm_test_top.env.scb [arb_scoreboard] Scoreboard received item
# KERNEL: UVM_INFO /home/runner/scoreboard.sv(55) @ 1165: uvm_test_top.env.scb [SCB_PASS] Match Req=1100 ,Exp:0001, Act: 0001
# KERNEL: UVM_INFO /home/runner/driver.sv(45) @ 1165: uvm_test_top.env.agent.drv [DRV] Driving rst_n = 1 | req = 1011
# KERNEL: UVM_INFO /home/runner/monitor.sv(31) @ 1175: uvm_test_top.env.agent.mon [MON] rst_n=1 | req: 1011, gnt: 0100
# KERNEL: UVM_INFO /home/runner/scoreboard.sv(51) @ 1175: uvm_test_top.env.scb [arb_scoreboard] Scoreboard received item
# KERNEL: UVM_INFO /home/runner/scoreboard.sv(55) @ 1175: uvm_test_top.env.scb [SCB_PASS] Match Req=1011 ,Exp:0100, Act: 0100
# KERNEL: UVM_INFO /home/runner/driver.sv(45) @ 1175: uvm_test_top.env.agent.drv [DRV] Driving rst_n = 1 | req = 0011
# KERNEL: UVM_INFO /home/runner/monitor.sv(31) @ 1185: uvm_test_top.env.agent.mon [MON] rst_n=1 | req: 0011, gnt: 1000
# KERNEL: UVM_INFO /home/runner/scoreboard.sv(51) @ 1185: uvm_test_top.env.scb [arb_scoreboard] Scoreboard received item
# KERNEL: UVM_INFO /home/runner/scoreboard.sv(55) @ 1185: uvm_test_top.env.scb [SCB_PASS] Match Req=0011 ,Exp:1000, Act: 1000
# KERNEL: UVM_INFO /home/runner/driver.sv(45) @ 1185: uvm_test_top.env.agent.drv [DRV] Driving rst_n = 1 | req = 0110
# KERNEL: UVM_INFO /home/runner/monitor.sv(31) @ 1195: uvm_test_top.env.agent.mon [MON] rst_n=1 | req: 0110, gnt: 0001
# KERNEL: UVM_INFO /home/runner/scoreboard.sv(51) @ 1195: uvm_test_top.env.scb [arb_scoreboard] Scoreboard received item
# KERNEL: UVM_INFO /home/runner/scoreboard.sv(55) @ 1195: uvm_test_top.env.scb [SCB_PASS] Match Req=0110 ,Exp:0001, Act: 0001
# KERNEL: UVM_INFO /home/runner/driver.sv(45) @ 1195: uvm_test_top.env.agent.drv [DRV] Driving rst_n = 1 | req = 0010
# KERNEL: UVM_INFO /home/runner/monitor.sv(31) @ 1205: uvm_test_top.env.agent.mon [MON] rst_n=1 | req: 0010, gnt: 0010
# KERNEL: UVM_INFO /home/runner/scoreboard.sv(51) @ 1205: uvm_test_top.env.scb [arb_scoreboard] Scoreboard received item
# KERNEL: UVM_INFO /home/runner/scoreboard.sv(55) @ 1205: uvm_test_top.env.scb [SCB_PASS] Match Req=0010 ,Exp:0010, Act: 0010
# KERNEL: UVM_INFO /home/runner/driver.sv(45) @ 1205: uvm_test_top.env.agent.drv [DRV] Driving rst_n = 1 | req = 1001
# KERNEL: UVM_INFO /home/runner/monitor.sv(31) @ 1215: uvm_test_top.env.agent.mon [MON] rst_n=1 | req: 1001, gnt: 0010
# KERNEL: UVM_INFO /home/runner/scoreboard.sv(51) @ 1215: uvm_test_top.env.scb [arb_scoreboard] Scoreboard received item
# KERNEL: UVM_INFO /home/runner/scoreboard.sv(55) @ 1215: uvm_test_top.env.scb [SCB_PASS] Match Req=1001 ,Exp:0010, Act: 0010
# KERNEL: UVM_INFO /home/runner/driver.sv(45) @ 1215: uvm_test_top.env.agent.drv [DRV] Driving rst_n = 1 | req = 1001
# KERNEL: UVM_INFO /home/runner/monitor.sv(31) @ 1225: uvm_test_top.env.agent.mon [MON] rst_n=1 | req: 1001, gnt: 1000
# KERNEL: UVM_INFO /home/runner/scoreboard.sv(51) @ 1225: uvm_test_top.env.scb [arb_scoreboard] Scoreboard received item
# KERNEL: UVM_INFO /home/runner/scoreboard.sv(55) @ 1225: uvm_test_top.env.scb [SCB_PASS] Match Req=1001 ,Exp:1000, Act: 1000
# KERNEL: UVM_INFO /home/runner/driver.sv(45) @ 1225: uvm_test_top.env.agent.drv [DRV] Driving rst_n = 1 | req = 0100
# KERNEL: UVM_INFO /home/runner/monitor.sv(31) @ 1235: uvm_test_top.env.agent.mon [MON] rst_n=1 | req: 0100, gnt: 0001
# KERNEL: UVM_INFO /home/runner/scoreboard.sv(51) @ 1235: uvm_test_top.env.scb [arb_scoreboard] Scoreboard received item
# KERNEL: UVM_INFO /home/runner/scoreboard.sv(55) @ 1235: uvm_test_top.env.scb [SCB_PASS] Match Req=0100 ,Exp:0001, Act: 0001
# KERNEL: UVM_INFO /home/runner/driver.sv(45) @ 1235: uvm_test_top.env.agent.drv [DRV] Driving rst_n = 1 | req = 1000
# KERNEL: UVM_INFO /home/runner/monitor.sv(31) @ 1245: uvm_test_top.env.agent.mon [MON] rst_n=1 | req: 1000, gnt: 0100
# KERNEL: UVM_INFO /home/runner/scoreboard.sv(51) @ 1245: uvm_test_top.env.scb [arb_scoreboard] Scoreboard received item
# KERNEL: UVM_INFO /home/runner/scoreboard.sv(55) @ 1245: uvm_test_top.env.scb [SCB_PASS] Match Req=1000 ,Exp:0100, Act: 0100
# KERNEL: UVM_INFO /home/runner/driver.sv(45) @ 1245: uvm_test_top.env.agent.drv [DRV] Driving rst_n = 1 | req = 0111
# KERNEL: UVM_INFO /home/runner/monitor.sv(31) @ 1255: uvm_test_top.env.agent.mon [MON] rst_n=1 | req: 0111, gnt: 1000
# KERNEL: UVM_INFO /home/runner/scoreboard.sv(51) @ 1255: uvm_test_top.env.scb [arb_scoreboard] Scoreboard received item
# KERNEL: UVM_INFO /home/runner/scoreboard.sv(55) @ 1255: uvm_test_top.env.scb [SCB_PASS] Match Req=0111 ,Exp:1000, Act: 1000
# KERNEL: UVM_INFO /home/runner/driver.sv(45) @ 1255: uvm_test_top.env.agent.drv [DRV] Driving rst_n = 1 | req = 1111
# KERNEL: UVM_INFO /home/runner/monitor.sv(31) @ 1265: uvm_test_top.env.agent.mon [MON] rst_n=1 | req: 1111, gnt: 0001
# KERNEL: UVM_INFO /home/runner/scoreboard.sv(51) @ 1265: uvm_test_top.env.scb [arb_scoreboard] Scoreboard received item
# KERNEL: UVM_INFO /home/runner/scoreboard.sv(55) @ 1265: uvm_test_top.env.scb [SCB_PASS] Match Req=1111 ,Exp:0001, Act: 0001
# KERNEL: UVM_INFO /home/runner/driver.sv(45) @ 1265: uvm_test_top.env.agent.drv [DRV] Driving rst_n = 1 | req = 0010
# KERNEL: UVM_INFO /home/runner/monitor.sv(31) @ 1275: uvm_test_top.env.agent.mon [MON] rst_n=1 | req: 0010, gnt: 0010
# KERNEL: UVM_INFO /home/runner/scoreboard.sv(51) @ 1275: uvm_test_top.env.scb [arb_scoreboard] Scoreboard received item
# KERNEL: UVM_INFO /home/runner/scoreboard.sv(55) @ 1275: uvm_test_top.env.scb [SCB_PASS] Match Req=0010 ,Exp:0010, Act: 0010
# KERNEL: UVM_INFO /home/runner/driver.sv(45) @ 1275: uvm_test_top.env.agent.drv [DRV] Driving rst_n = 1 | req = 1110
# KERNEL: UVM_INFO /home/runner/monitor.sv(31) @ 1285: uvm_test_top.env.agent.mon [MON] rst_n=1 | req: 1110, gnt: 0010
# KERNEL: UVM_INFO /home/runner/scoreboard.sv(51) @ 1285: uvm_test_top.env.scb [arb_scoreboard] Scoreboard received item
# KERNEL: UVM_INFO /home/runner/scoreboard.sv(55) @ 1285: uvm_test_top.env.scb [SCB_PASS] Match Req=1110 ,Exp:0010, Act: 0010
# KERNEL: UVM_INFO /home/runner/driver.sv(45) @ 1285: uvm_test_top.env.agent.drv [DRV] Driving rst_n = 1 | req = 0101
# KERNEL: UVM_INFO /home/runner/monitor.sv(31) @ 1295: uvm_test_top.env.agent.mon [MON] rst_n=1 | req: 0101, gnt: 0100
# KERNEL: UVM_INFO /home/runner/scoreboard.sv(51) @ 1295: uvm_test_top.env.scb [arb_scoreboard] Scoreboard received item
# KERNEL: UVM_INFO /home/runner/scoreboard.sv(55) @ 1295: uvm_test_top.env.scb [SCB_PASS] Match Req=0101 ,Exp:0100, Act: 0100
# KERNEL: UVM_INFO /home/runner/driver.sv(45) @ 1295: uvm_test_top.env.agent.drv [DRV] Driving rst_n = 0 | req = 0101
# KERNEL: UVM_INFO /home/runner/monitor.sv(31) @ 1305: uvm_test_top.env.agent.mon [MON] rst_n=0 | req: 0101, gnt: 0000
# KERNEL: UVM_INFO /home/runner/scoreboard.sv(29) @ 1305: uvm_test_top.env.scb [SCB_RST] System in Reset, checking for clear outputs
# KERNEL: UVM_INFO /home/runner/driver.sv(45) @ 1305: uvm_test_top.env.agent.drv [DRV] Driving rst_n = 1 | req = 0000
# KERNEL: UVM_INFO /home/runner/monitor.sv(31) @ 1315: uvm_test_top.env.agent.mon [MON] rst_n=1 | req: 0000, gnt: 0000
# KERNEL: UVM_INFO /home/runner/scoreboard.sv(51) @ 1315: uvm_test_top.env.scb [arb_scoreboard] Scoreboard received item
# KERNEL: UVM_INFO /home/runner/scoreboard.sv(55) @ 1315: uvm_test_top.env.scb [SCB_PASS] Match Req=0000 ,Exp:0000, Act: 0000
# KERNEL: UVM_INFO /home/runner/driver.sv(45) @ 1315: uvm_test_top.env.agent.drv [DRV] Driving rst_n = 1 | req = 0100
# KERNEL: UVM_INFO /home/runner/monitor.sv(31) @ 1325: uvm_test_top.env.agent.mon [MON] rst_n=1 | req: 0100, gnt: 0000
# KERNEL: UVM_INFO /home/runner/scoreboard.sv(51) @ 1325: uvm_test_top.env.scb [arb_scoreboard] Scoreboard received item
# KERNEL: UVM_INFO /home/runner/scoreboard.sv(55) @ 1325: uvm_test_top.env.scb [SCB_PASS] Match Req=0100 ,Exp:0000, Act: 0000
# KERNEL: UVM_INFO /home/runner/driver.sv(45) @ 1325: uvm_test_top.env.agent.drv [DRV] Driving rst_n = 1 | req = 0011
# KERNEL: UVM_INFO /home/runner/monitor.sv(31) @ 1335: uvm_test_top.env.agent.mon [MON] rst_n=1 | req: 0011, gnt: 0100
# KERNEL: UVM_INFO /home/runner/scoreboard.sv(51) @ 1335: uvm_test_top.env.scb [arb_scoreboard] Scoreboard received item
# KERNEL: UVM_INFO /home/runner/scoreboard.sv(55) @ 1335: uvm_test_top.env.scb [SCB_PASS] Match Req=0011 ,Exp:0100, Act: 0100
# KERNEL: UVM_INFO /home/runner/driver.sv(45) @ 1335: uvm_test_top.env.agent.drv [DRV] Driving rst_n = 1 | req = 1011
# KERNEL: UVM_INFO /home/runner/monitor.sv(31) @ 1345: uvm_test_top.env.agent.mon [MON] rst_n=1 | req: 1011, gnt: 0001
# KERNEL: UVM_INFO /home/runner/scoreboard.sv(51) @ 1345: uvm_test_top.env.scb [arb_scoreboard] Scoreboard received item
# KERNEL: UVM_INFO /home/runner/scoreboard.sv(55) @ 1345: uvm_test_top.env.scb [SCB_PASS] Match Req=1011 ,Exp:0001, Act: 0001
# KERNEL: UVM_INFO /home/runner/driver.sv(45) @ 1345: uvm_test_top.env.agent.drv [DRV] Driving rst_n = 1 | req = 1110
# KERNEL: UVM_INFO /home/runner/monitor.sv(31) @ 1355: uvm_test_top.env.agent.mon [MON] rst_n=1 | req: 1110, gnt: 0010
# KERNEL: UVM_INFO /home/runner/scoreboard.sv(51) @ 1355: uvm_test_top.env.scb [arb_scoreboard] Scoreboard received item
# KERNEL: UVM_INFO /home/runner/scoreboard.sv(55) @ 1355: uvm_test_top.env.scb [SCB_PASS] Match Req=1110 ,Exp:0010, Act: 0010
# KERNEL: UVM_INFO /home/runner/driver.sv(45) @ 1355: uvm_test_top.env.agent.drv [DRV] Driving rst_n = 0 | req = 1010
# KERNEL: UVM_INFO /home/runner/monitor.sv(31) @ 1365: uvm_test_top.env.agent.mon [MON] rst_n=0 | req: 1010, gnt: 0000
# KERNEL: UVM_INFO /home/runner/scoreboard.sv(29) @ 1365: uvm_test_top.env.scb [SCB_RST] System in Reset, checking for clear outputs
# KERNEL: UVM_INFO /home/runner/driver.sv(45) @ 1365: uvm_test_top.env.agent.drv [DRV] Driving rst_n = 1 | req = 0001
# KERNEL: UVM_INFO /home/runner/monitor.sv(31) @ 1375: uvm_test_top.env.agent.mon [MON] rst_n=1 | req: 0001, gnt: 0000
# KERNEL: UVM_INFO /home/runner/scoreboard.sv(51) @ 1375: uvm_test_top.env.scb [arb_scoreboard] Scoreboard received item
# KERNEL: UVM_INFO /home/runner/scoreboard.sv(55) @ 1375: uvm_test_top.env.scb [SCB_PASS] Match Req=0001 ,Exp:0000, Act: 0000
# KERNEL: UVM_INFO /home/runner/driver.sv(45) @ 1375: uvm_test_top.env.agent.drv [DRV] Driving rst_n = 1 | req = 0001
# KERNEL: UVM_INFO /home/runner/monitor.sv(31) @ 1385: uvm_test_top.env.agent.mon [MON] rst_n=1 | req: 0001, gnt: 0001
# KERNEL: UVM_INFO /home/runner/scoreboard.sv(51) @ 1385: uvm_test_top.env.scb [arb_scoreboard] Scoreboard received item
# KERNEL: UVM_INFO /home/runner/scoreboard.sv(55) @ 1385: uvm_test_top.env.scb [SCB_PASS] Match Req=0001 ,Exp:0001, Act: 0001
# KERNEL: UVM_INFO /home/runner/driver.sv(45) @ 1385: uvm_test_top.env.agent.drv [DRV] Driving rst_n = 1 | req = 1100
# KERNEL: UVM_INFO /home/runner/monitor.sv(31) @ 1395: uvm_test_top.env.agent.mon [MON] rst_n=1 | req: 1100, gnt: 0001
# KERNEL: UVM_INFO /home/runner/scoreboard.sv(51) @ 1395: uvm_test_top.env.scb [arb_scoreboard] Scoreboard received item
# KERNEL: UVM_INFO /home/runner/scoreboard.sv(55) @ 1395: uvm_test_top.env.scb [SCB_PASS] Match Req=1100 ,Exp:0001, Act: 0001
# KERNEL: UVM_INFO /home/runner/driver.sv(45) @ 1395: uvm_test_top.env.agent.drv [DRV] Driving rst_n = 1 | req = 0000
# KERNEL: UVM_INFO /home/runner/monitor.sv(31) @ 1405: uvm_test_top.env.agent.mon [MON] rst_n=1 | req: 0000, gnt: 0100
# KERNEL: UVM_INFO /home/runner/scoreboard.sv(51) @ 1405: uvm_test_top.env.scb [arb_scoreboard] Scoreboard received item
# KERNEL: UVM_INFO /home/runner/scoreboard.sv(55) @ 1405: uvm_test_top.env.scb [SCB_PASS] Match Req=0000 ,Exp:0100, Act: 0100
# KERNEL: UVM_INFO /home/runner/driver.sv(45) @ 1405: uvm_test_top.env.agent.drv [DRV] Driving rst_n = 1 | req = 1111
# KERNEL: UVM_INFO /home/runner/monitor.sv(31) @ 1415: uvm_test_top.env.agent.mon [MON] rst_n=1 | req: 1111, gnt: 0000
# KERNEL: UVM_INFO /home/runner/scoreboard.sv(51) @ 1415: uvm_test_top.env.scb [arb_scoreboard] Scoreboard received item
# KERNEL: UVM_INFO /home/runner/scoreboard.sv(55) @ 1415: uvm_test_top.env.scb [SCB_PASS] Match Req=1111 ,Exp:0000, Act: 0000
# KERNEL: UVM_INFO /home/runner/driver.sv(45) @ 1415: uvm_test_top.env.agent.drv [DRV] Driving rst_n = 1 | req = 0111
# KERNEL: UVM_INFO /home/runner/monitor.sv(31) @ 1425: uvm_test_top.env.agent.mon [MON] rst_n=1 | req: 0111, gnt: 1000
# KERNEL: UVM_INFO /home/runner/scoreboard.sv(51) @ 1425: uvm_test_top.env.scb [arb_scoreboard] Scoreboard received item
# KERNEL: UVM_INFO /home/runner/scoreboard.sv(55) @ 1425: uvm_test_top.env.scb [SCB_PASS] Match Req=0111 ,Exp:1000, Act: 1000
# KERNEL: UVM_INFO /home/runner/driver.sv(45) @ 1425: uvm_test_top.env.agent.drv [DRV] Driving rst_n = 1 | req = 1010
# KERNEL: UVM_INFO /home/runner/monitor.sv(31) @ 1435: uvm_test_top.env.agent.mon [MON] rst_n=1 | req: 1010, gnt: 0001
# KERNEL: UVM_INFO /home/runner/scoreboard.sv(51) @ 1435: uvm_test_top.env.scb [arb_scoreboard] Scoreboard received item
# KERNEL: UVM_INFO /home/runner/scoreboard.sv(55) @ 1435: uvm_test_top.env.scb [SCB_PASS] Match Req=1010 ,Exp:0001, Act: 0001
# KERNEL: UVM_INFO /home/runner/driver.sv(45) @ 1435: uvm_test_top.env.agent.drv [DRV] Driving rst_n = 0 | req = 0110
# KERNEL: UVM_INFO /home/runner/monitor.sv(31) @ 1445: uvm_test_top.env.agent.mon [MON] rst_n=0 | req: 0110, gnt: 0000
# KERNEL: UVM_INFO /home/runner/scoreboard.sv(29) @ 1445: uvm_test_top.env.scb [SCB_RST] System in Reset, checking for clear outputs
# KERNEL: UVM_INFO /home/runner/driver.sv(45) @ 1445: uvm_test_top.env.agent.drv [DRV] Driving rst_n = 1 | req = 1101
# KERNEL: UVM_INFO /home/runner/monitor.sv(31) @ 1455: uvm_test_top.env.agent.mon [MON] rst_n=1 | req: 1101, gnt: 0000
# KERNEL: UVM_INFO /home/runner/scoreboard.sv(51) @ 1455: uvm_test_top.env.scb [arb_scoreboard] Scoreboard received item
# KERNEL: UVM_INFO /home/runner/scoreboard.sv(55) @ 1455: uvm_test_top.env.scb [SCB_PASS] Match Req=1101 ,Exp:0000, Act: 0000
# KERNEL: UVM_INFO /home/runner/driver.sv(45) @ 1455: uvm_test_top.env.agent.drv [DRV] Driving rst_n = 1 | req = 1101
# KERNEL: UVM_INFO /home/runner/monitor.sv(31) @ 1465: uvm_test_top.env.agent.mon [MON] rst_n=1 | req: 1101, gnt: 0001
# KERNEL: UVM_INFO /home/runner/scoreboard.sv(51) @ 1465: uvm_test_top.env.scb [arb_scoreboard] Scoreboard received item
# KERNEL: UVM_INFO /home/runner/scoreboard.sv(55) @ 1465: uvm_test_top.env.scb [SCB_PASS] Match Req=1101 ,Exp:0001, Act: 0001
# KERNEL: UVM_INFO /home/runner/driver.sv(45) @ 1465: uvm_test_top.env.agent.drv [DRV] Driving rst_n = 1 | req = 1000
# KERNEL: UVM_INFO /home/runner/monitor.sv(31) @ 1475: uvm_test_top.env.agent.mon [MON] rst_n=1 | req: 1000, gnt: 0100
# KERNEL: UVM_INFO /home/runner/scoreboard.sv(51) @ 1475: uvm_test_top.env.scb [arb_scoreboard] Scoreboard received item
# KERNEL: UVM_INFO /home/runner/scoreboard.sv(55) @ 1475: uvm_test_top.env.scb [SCB_PASS] Match Req=1000 ,Exp:0100, Act: 0100
# KERNEL: UVM_INFO /home/runner/driver.sv(45) @ 1475: uvm_test_top.env.agent.drv [DRV] Driving rst_n = 1 | req = 1100
# KERNEL: UVM_INFO /home/runner/monitor.sv(31) @ 1485: uvm_test_top.env.agent.mon [MON] rst_n=1 | req: 1100, gnt: 1000
# KERNEL: UVM_INFO /home/runner/scoreboard.sv(51) @ 1485: uvm_test_top.env.scb [arb_scoreboard] Scoreboard received item
# KERNEL: UVM_INFO /home/runner/scoreboard.sv(55) @ 1485: uvm_test_top.env.scb [SCB_PASS] Match Req=1100 ,Exp:1000, Act: 1000
# KERNEL: UVM_INFO /home/runner/driver.sv(45) @ 1485: uvm_test_top.env.agent.drv [DRV] Driving rst_n = 1 | req = 1011
# KERNEL: UVM_INFO /home/runner/monitor.sv(31) @ 1495: uvm_test_top.env.agent.mon [MON] rst_n=1 | req: 1011, gnt: 0100
# KERNEL: UVM_INFO /home/runner/scoreboard.sv(51) @ 1495: uvm_test_top.env.scb [arb_scoreboard] Scoreboard received item
# KERNEL: UVM_INFO /home/runner/scoreboard.sv(55) @ 1495: uvm_test_top.env.scb [SCB_PASS] Match Req=1011 ,Exp:0100, Act: 0100
# KERNEL: UVM_INFO /home/runner/driver.sv(45) @ 1495: uvm_test_top.env.agent.drv [DRV] Driving rst_n = 1 | req = 0011
# KERNEL: UVM_INFO /home/runner/monitor.sv(31) @ 1505: uvm_test_top.env.agent.mon [MON] rst_n=1 | req: 0011, gnt: 1000
# KERNEL: UVM_INFO /home/runner/scoreboard.sv(51) @ 1505: uvm_test_top.env.scb [arb_scoreboard] Scoreboard received item
# KERNEL: UVM_INFO /home/runner/scoreboard.sv(55) @ 1505: uvm_test_top.env.scb [SCB_PASS] Match Req=0011 ,Exp:1000, Act: 1000
# KERNEL: UVM_INFO /home/runner/driver.sv(45) @ 1505: uvm_test_top.env.agent.drv [DRV] Driving rst_n = 1 | req = 0110
# KERNEL: UVM_INFO /home/runner/monitor.sv(31) @ 1515: uvm_test_top.env.agent.mon [MON] rst_n=1 | req: 0110, gnt: 0001
# KERNEL: UVM_INFO /home/runner/scoreboard.sv(51) @ 1515: uvm_test_top.env.scb [arb_scoreboard] Scoreboard received item
# KERNEL: UVM_INFO /home/runner/scoreboard.sv(55) @ 1515: uvm_test_top.env.scb [SCB_PASS] Match Req=0110 ,Exp:0001, Act: 0001
# KERNEL: UVM_INFO /home/runner/driver.sv(45) @ 1515: uvm_test_top.env.agent.drv [DRV] Driving rst_n = 1 | req = 0010
# KERNEL: UVM_INFO /home/runner/monitor.sv(31) @ 1525: uvm_test_top.env.agent.mon [MON] rst_n=1 | req: 0010, gnt: 0010
# KERNEL: UVM_INFO /home/runner/scoreboard.sv(51) @ 1525: uvm_test_top.env.scb [arb_scoreboard] Scoreboard received item
# KERNEL: UVM_INFO /home/runner/scoreboard.sv(55) @ 1525: uvm_test_top.env.scb [SCB_PASS] Match Req=0010 ,Exp:0010, Act: 0010
# KERNEL: UVM_INFO /home/runner/driver.sv(45) @ 1525: uvm_test_top.env.agent.drv [DRV] Driving rst_n = 1 | req = 1001
# KERNEL: UVM_INFO /home/runner/monitor.sv(31) @ 1535: uvm_test_top.env.agent.mon [MON] rst_n=1 | req: 1001, gnt: 0010
# KERNEL: UVM_INFO /home/runner/scoreboard.sv(51) @ 1535: uvm_test_top.env.scb [arb_scoreboard] Scoreboard received item
# KERNEL: UVM_INFO /home/runner/scoreboard.sv(55) @ 1535: uvm_test_top.env.scb [SCB_PASS] Match Req=1001 ,Exp:0010, Act: 0010
# KERNEL: UVM_INFO /home/runner/driver.sv(45) @ 1535: uvm_test_top.env.agent.drv [DRV] Driving rst_n = 1 | req = 1001
# KERNEL: UVM_INFO /home/runner/monitor.sv(31) @ 1545: uvm_test_top.env.agent.mon [MON] rst_n=1 | req: 1001, gnt: 1000
# KERNEL: UVM_INFO /home/runner/scoreboard.sv(51) @ 1545: uvm_test_top.env.scb [arb_scoreboard] Scoreboard received item
# KERNEL: UVM_INFO /home/runner/scoreboard.sv(55) @ 1545: uvm_test_top.env.scb [SCB_PASS] Match Req=1001 ,Exp:1000, Act: 1000
# KERNEL: UVM_INFO /home/runner/driver.sv(45) @ 1545: uvm_test_top.env.agent.drv [DRV] Driving rst_n = 1 | req = 0100
# KERNEL: UVM_INFO /home/runner/monitor.sv(31) @ 1555: uvm_test_top.env.agent.mon [MON] rst_n=1 | req: 0100, gnt: 0001
# KERNEL: UVM_INFO /home/runner/scoreboard.sv(51) @ 1555: uvm_test_top.env.scb [arb_scoreboard] Scoreboard received item
# KERNEL: UVM_INFO /home/runner/scoreboard.sv(55) @ 1555: uvm_test_top.env.scb [SCB_PASS] Match Req=0100 ,Exp:0001, Act: 0001
# KERNEL: UVM_INFO /home/runner/driver.sv(45) @ 1555: uvm_test_top.env.agent.drv [DRV] Driving rst_n = 1 | req = 1000
# KERNEL: UVM_INFO /home/runner/monitor.sv(31) @ 1565: uvm_test_top.env.agent.mon [MON] rst_n=1 | req: 1000, gnt: 0100
# KERNEL: UVM_INFO /home/runner/scoreboard.sv(51) @ 1565: uvm_test_top.env.scb [arb_scoreboard] Scoreboard received item
# KERNEL: UVM_INFO /home/runner/scoreboard.sv(55) @ 1565: uvm_test_top.env.scb [SCB_PASS] Match Req=1000 ,Exp:0100, Act: 0100
# KERNEL: UVM_INFO /home/runner/driver.sv(45) @ 1565: uvm_test_top.env.agent.drv [DRV] Driving rst_n = 1 | req = 0111
# KERNEL: UVM_INFO /home/runner/monitor.sv(31) @ 1575: uvm_test_top.env.agent.mon [MON] rst_n=1 | req: 0111, gnt: 1000
# KERNEL: UVM_INFO /home/runner/scoreboard.sv(51) @ 1575: uvm_test_top.env.scb [arb_scoreboard] Scoreboard received item
# KERNEL: UVM_INFO /home/runner/scoreboard.sv(55) @ 1575: uvm_test_top.env.scb [SCB_PASS] Match Req=0111 ,Exp:1000, Act: 1000
# KERNEL: UVM_INFO /home/runner/driver.sv(45) @ 1575: uvm_test_top.env.agent.drv [DRV] Driving rst_n = 1 | req = 1111
# KERNEL: UVM_INFO /home/runner/monitor.sv(31) @ 1585: uvm_test_top.env.agent.mon [MON] rst_n=1 | req: 1111, gnt: 0001
# KERNEL: UVM_INFO /home/runner/scoreboard.sv(51) @ 1585: uvm_test_top.env.scb [arb_scoreboard] Scoreboard received item
# KERNEL: UVM_INFO /home/runner/scoreboard.sv(55) @ 1585: uvm_test_top.env.scb [SCB_PASS] Match Req=1111 ,Exp:0001, Act: 0001
# KERNEL: UVM_INFO /home/runner/driver.sv(45) @ 1585: uvm_test_top.env.agent.drv [DRV] Driving rst_n = 0 | req = 0010
# KERNEL: UVM_INFO /home/runner/monitor.sv(31) @ 1595: uvm_test_top.env.agent.mon [MON] rst_n=0 | req: 0010, gnt: 0000
# KERNEL: UVM_INFO /home/runner/scoreboard.sv(29) @ 1595: uvm_test_top.env.scb [SCB_RST] System in Reset, checking for clear outputs
# KERNEL: UVM_INFO /home/runner/driver.sv(45) @ 1595: uvm_test_top.env.agent.drv [DRV] Driving rst_n = 1 | req = 1110
# KERNEL: UVM_INFO /home/runner/monitor.sv(31) @ 1605: uvm_test_top.env.agent.mon [MON] rst_n=1 | req: 1110, gnt: 0000
# KERNEL: UVM_INFO /home/runner/scoreboard.sv(51) @ 1605: uvm_test_top.env.scb [arb_scoreboard] Scoreboard received item
# KERNEL: UVM_INFO /home/runner/scoreboard.sv(55) @ 1605: uvm_test_top.env.scb [SCB_PASS] Match Req=1110 ,Exp:0000, Act: 0000
# KERNEL: UVM_INFO /home/runner/driver.sv(45) @ 1605: uvm_test_top.env.agent.drv [DRV] Driving rst_n = 1 | req = 0101
# KERNEL: UVM_INFO /home/runner/monitor.sv(31) @ 1615: uvm_test_top.env.agent.mon [MON] rst_n=1 | req: 0101, gnt: 0010
# KERNEL: UVM_INFO /home/runner/scoreboard.sv(51) @ 1615: uvm_test_top.env.scb [arb_scoreboard] Scoreboard received item
# KERNEL: UVM_INFO /home/runner/scoreboard.sv(55) @ 1615: uvm_test_top.env.scb [SCB_PASS] Match Req=0101 ,Exp:0010, Act: 0010
# KERNEL: UVM_INFO /home/runner/driver.sv(45) @ 1615: uvm_test_top.env.agent.drv [DRV] Driving rst_n = 1 | req = 0101
# KERNEL: UVM_INFO /home/runner/monitor.sv(31) @ 1625: uvm_test_top.env.agent.mon [MON] rst_n=1 | req: 0101, gnt: 0100
# KERNEL: UVM_INFO /home/runner/scoreboard.sv(51) @ 1625: uvm_test_top.env.scb [arb_scoreboard] Scoreboard received item
# KERNEL: UVM_INFO /home/runner/scoreboard.sv(55) @ 1625: uvm_test_top.env.scb [SCB_PASS] Match Req=0101 ,Exp:0100, Act: 0100
# KERNEL: UVM_INFO /home/runner/driver.sv(45) @ 1625: uvm_test_top.env.agent.drv [DRV] Driving rst_n = 1 | req = 0000
# KERNEL: UVM_INFO /home/runner/monitor.sv(31) @ 1635: uvm_test_top.env.agent.mon [MON] rst_n=1 | req: 0000, gnt: 0001
# KERNEL: UVM_INFO /home/runner/scoreboard.sv(51) @ 1635: uvm_test_top.env.scb [arb_scoreboard] Scoreboard received item
# KERNEL: UVM_INFO /home/runner/scoreboard.sv(55) @ 1635: uvm_test_top.env.scb [SCB_PASS] Match Req=0000 ,Exp:0001, Act: 0001
# KERNEL: UVM_INFO /home/runner/driver.sv(45) @ 1635: uvm_test_top.env.agent.drv [DRV] Driving rst_n = 1 | req = 0100
# KERNEL: UVM_INFO /home/runner/monitor.sv(31) @ 1645: uvm_test_top.env.agent.mon [MON] rst_n=1 | req: 0100, gnt: 0000
# KERNEL: UVM_INFO /home/runner/scoreboard.sv(51) @ 1645: uvm_test_top.env.scb [arb_scoreboard] Scoreboard received item
# KERNEL: UVM_INFO /home/runner/scoreboard.sv(55) @ 1645: uvm_test_top.env.scb [SCB_PASS] Match Req=0100 ,Exp:0000, Act: 0000
# KERNEL: UVM_INFO /home/runner/driver.sv(45) @ 1645: uvm_test_top.env.agent.drv [DRV] Driving rst_n = 1 | req = 0011
# KERNEL: UVM_INFO /home/runner/monitor.sv(31) @ 1655: uvm_test_top.env.agent.mon [MON] rst_n=1 | req: 0011, gnt: 0100
# KERNEL: UVM_INFO /home/runner/scoreboard.sv(51) @ 1655: uvm_test_top.env.scb [arb_scoreboard] Scoreboard received item
# KERNEL: UVM_INFO /home/runner/scoreboard.sv(55) @ 1655: uvm_test_top.env.scb [SCB_PASS] Match Req=0011 ,Exp:0100, Act: 0100
# KERNEL: UVM_INFO /home/runner/driver.sv(45) @ 1655: uvm_test_top.env.agent.drv [DRV] Driving rst_n = 1 | req = 1011
# KERNEL: UVM_INFO /home/runner/monitor.sv(31) @ 1665: uvm_test_top.env.agent.mon [MON] rst_n=1 | req: 1011, gnt: 0001
# KERNEL: UVM_INFO /home/runner/scoreboard.sv(51) @ 1665: uvm_test_top.env.scb [arb_scoreboard] Scoreboard received item
# KERNEL: UVM_INFO /home/runner/scoreboard.sv(55) @ 1665: uvm_test_top.env.scb [SCB_PASS] Match Req=1011 ,Exp:0001, Act: 0001
# KERNEL: UVM_INFO /home/runner/driver.sv(45) @ 1665: uvm_test_top.env.agent.drv [DRV] Driving rst_n = 0 | req = 1110
# KERNEL: UVM_INFO /home/runner/monitor.sv(31) @ 1675: uvm_test_top.env.agent.mon [MON] rst_n=0 | req: 1110, gnt: 0000
# KERNEL: UVM_INFO /home/runner/scoreboard.sv(29) @ 1675: uvm_test_top.env.scb [SCB_RST] System in Reset, checking for clear outputs
# KERNEL: UVM_INFO /home/runner/driver.sv(45) @ 1675: uvm_test_top.env.agent.drv [DRV] Driving rst_n = 1 | req = 1010
# KERNEL: UVM_INFO /home/runner/monitor.sv(31) @ 1685: uvm_test_top.env.agent.mon [MON] rst_n=1 | req: 1010, gnt: 0000
# KERNEL: UVM_INFO /home/runner/scoreboard.sv(51) @ 1685: uvm_test_top.env.scb [arb_scoreboard] Scoreboard received item
# KERNEL: UVM_INFO /home/runner/scoreboard.sv(55) @ 1685: uvm_test_top.env.scb [SCB_PASS] Match Req=1010 ,Exp:0000, Act: 0000
# KERNEL: UVM_INFO /home/runner/driver.sv(45) @ 1685: uvm_test_top.env.agent.drv [DRV] Driving rst_n = 1 | req = 0001
# KERNEL: UVM_INFO /home/runner/monitor.sv(31) @ 1695: uvm_test_top.env.agent.mon [MON] rst_n=1 | req: 0001, gnt: 0010
# KERNEL: UVM_INFO /home/runner/scoreboard.sv(51) @ 1695: uvm_test_top.env.scb [arb_scoreboard] Scoreboard received item
# KERNEL: UVM_INFO /home/runner/scoreboard.sv(55) @ 1695: uvm_test_top.env.scb [SCB_PASS] Match Req=0001 ,Exp:0010, Act: 0010
# KERNEL: UVM_INFO /home/runner/driver.sv(45) @ 1695: uvm_test_top.env.agent.drv [DRV] Driving rst_n = 1 | req = 0001
# KERNEL: UVM_INFO /home/runner/monitor.sv(31) @ 1705: uvm_test_top.env.agent.mon [MON] rst_n=1 | req: 0001, gnt: 0001
# KERNEL: UVM_INFO /home/runner/scoreboard.sv(51) @ 1705: uvm_test_top.env.scb [arb_scoreboard] Scoreboard received item
# KERNEL: UVM_INFO /home/runner/scoreboard.sv(55) @ 1705: uvm_test_top.env.scb [SCB_PASS] Match Req=0001 ,Exp:0001, Act: 0001
# KERNEL: UVM_INFO /home/runner/driver.sv(45) @ 1705: uvm_test_top.env.agent.drv [DRV] Driving rst_n = 1 | req = 1100
# KERNEL: UVM_INFO /home/runner/monitor.sv(31) @ 1715: uvm_test_top.env.agent.mon [MON] rst_n=1 | req: 1100, gnt: 0001
# KERNEL: UVM_INFO /home/runner/scoreboard.sv(51) @ 1715: uvm_test_top.env.scb [arb_scoreboard] Scoreboard received item
# KERNEL: UVM_INFO /home/runner/scoreboard.sv(55) @ 1715: uvm_test_top.env.scb [SCB_PASS] Match Req=1100 ,Exp:0001, Act: 0001
# KERNEL: UVM_INFO /home/runner/driver.sv(45) @ 1715: uvm_test_top.env.agent.drv [DRV] Driving rst_n = 1 | req = 0000
# KERNEL: UVM_INFO /home/runner/monitor.sv(31) @ 1725: uvm_test_top.env.agent.mon [MON] rst_n=1 | req: 0000, gnt: 0100
# KERNEL: UVM_INFO /home/runner/scoreboard.sv(51) @ 1725: uvm_test_top.env.scb [arb_scoreboard] Scoreboard received item
# KERNEL: UVM_INFO /home/runner/scoreboard.sv(55) @ 1725: uvm_test_top.env.scb [SCB_PASS] Match Req=0000 ,Exp:0100, Act: 0100
# KERNEL: UVM_INFO /home/runner/driver.sv(45) @ 1725: uvm_test_top.env.agent.drv [DRV] Driving rst_n = 0 | req = 1111
# KERNEL: UVM_INFO /home/runner/monitor.sv(31) @ 1735: uvm_test_top.env.agent.mon [MON] rst_n=0 | req: 1111, gnt: 0000
# KERNEL: UVM_INFO /home/runner/scoreboard.sv(29) @ 1735: uvm_test_top.env.scb [SCB_RST] System in Reset, checking for clear outputs
# KERNEL: UVM_INFO /home/runner/driver.sv(45) @ 1735: uvm_test_top.env.agent.drv [DRV] Driving rst_n = 1 | req = 0111
# KERNEL: UVM_INFO /home/runner/monitor.sv(31) @ 1745: uvm_test_top.env.agent.mon [MON] rst_n=1 | req: 0111, gnt: 0000
# KERNEL: UVM_INFO /home/runner/scoreboard.sv(51) @ 1745: uvm_test_top.env.scb [arb_scoreboard] Scoreboard received item
# KERNEL: UVM_INFO /home/runner/scoreboard.sv(55) @ 1745: uvm_test_top.env.scb [SCB_PASS] Match Req=0111 ,Exp:0000, Act: 0000
# KERNEL: UVM_INFO /home/runner/driver.sv(45) @ 1745: uvm_test_top.env.agent.drv [DRV] Driving rst_n = 1 | req = 1010
# KERNEL: UVM_INFO /home/runner/monitor.sv(31) @ 1755: uvm_test_top.env.agent.mon [MON] rst_n=1 | req: 1010, gnt: 0001
# KERNEL: UVM_INFO /home/runner/scoreboard.sv(51) @ 1755: uvm_test_top.env.scb [arb_scoreboard] Scoreboard received item
# KERNEL: UVM_INFO /home/runner/scoreboard.sv(55) @ 1755: uvm_test_top.env.scb [SCB_PASS] Match Req=1010 ,Exp:0001, Act: 0001
# KERNEL: UVM_INFO /home/runner/driver.sv(45) @ 1755: uvm_test_top.env.agent.drv [DRV] Driving rst_n = 1 | req = 0110
# KERNEL: UVM_INFO /home/runner/monitor.sv(31) @ 1765: uvm_test_top.env.agent.mon [MON] rst_n=1 | req: 0110, gnt: 0010
# KERNEL: UVM_INFO /home/runner/scoreboard.sv(51) @ 1765: uvm_test_top.env.scb [arb_scoreboard] Scoreboard received item
# KERNEL: UVM_INFO /home/runner/scoreboard.sv(55) @ 1765: uvm_test_top.env.scb [SCB_PASS] Match Req=0110 ,Exp:0010, Act: 0010
# KERNEL: UVM_INFO /home/runner/driver.sv(45) @ 1765: uvm_test_top.env.agent.drv [DRV] Driving rst_n = 1 | req = 1101
# KERNEL: UVM_INFO /home/runner/monitor.sv(31) @ 1775: uvm_test_top.env.agent.mon [MON] rst_n=1 | req: 1101, gnt: 0100
# KERNEL: UVM_INFO /home/runner/scoreboard.sv(51) @ 1775: uvm_test_top.env.scb [arb_scoreboard] Scoreboard received item
# KERNEL: UVM_INFO /home/runner/scoreboard.sv(55) @ 1775: uvm_test_top.env.scb [SCB_PASS] Match Req=1101 ,Exp:0100, Act: 0100
# KERNEL: UVM_INFO /home/runner/driver.sv(45) @ 1775: uvm_test_top.env.agent.drv [DRV] Driving rst_n = 1 | req = 1101
# KERNEL: UVM_INFO /home/runner/monitor.sv(31) @ 1785: uvm_test_top.env.agent.mon [MON] rst_n=1 | req: 1101, gnt: 1000
# KERNEL: UVM_INFO /home/runner/scoreboard.sv(51) @ 1785: uvm_test_top.env.scb [arb_scoreboard] Scoreboard received item
# KERNEL: UVM_INFO /home/runner/scoreboard.sv(55) @ 1785: uvm_test_top.env.scb [SCB_PASS] Match Req=1101 ,Exp:1000, Act: 1000
# KERNEL: UVM_INFO /home/runner/driver.sv(45) @ 1785: uvm_test_top.env.agent.drv [DRV] Driving rst_n = 1 | req = 1000
# KERNEL: UVM_INFO /home/runner/monitor.sv(31) @ 1795: uvm_test_top.env.agent.mon [MON] rst_n=1 | req: 1000, gnt: 0001
# KERNEL: UVM_INFO /home/runner/scoreboard.sv(51) @ 1795: uvm_test_top.env.scb [arb_scoreboard] Scoreboard received item
# KERNEL: UVM_INFO /home/runner/scoreboard.sv(55) @ 1795: uvm_test_top.env.scb [SCB_PASS] Match Req=1000 ,Exp:0001, Act: 0001
# KERNEL: UVM_INFO /home/runner/driver.sv(45) @ 1795: uvm_test_top.env.agent.drv [DRV] Driving rst_n = 1 | req = 1100
# KERNEL: UVM_INFO /home/runner/monitor.sv(31) @ 1805: uvm_test_top.env.agent.mon [MON] rst_n=1 | req: 1100, gnt: 1000
# KERNEL: UVM_INFO /home/runner/scoreboard.sv(51) @ 1805: uvm_test_top.env.scb [arb_scoreboard] Scoreboard received item
# KERNEL: UVM_INFO /home/runner/scoreboard.sv(55) @ 1805: uvm_test_top.env.scb [SCB_PASS] Match Req=1100 ,Exp:1000, Act: 1000
# KERNEL: UVM_INFO /home/runner/driver.sv(45) @ 1805: uvm_test_top.env.agent.drv [DRV] Driving rst_n = 1 | req = 1011
# KERNEL: UVM_INFO /home/runner/monitor.sv(31) @ 1815: uvm_test_top.env.agent.mon [MON] rst_n=1 | req: 1011, gnt: 0100
# KERNEL: UVM_INFO /home/runner/scoreboard.sv(51) @ 1815: uvm_test_top.env.scb [arb_scoreboard] Scoreboard received item
# KERNEL: UVM_INFO /home/runner/scoreboard.sv(55) @ 1815: uvm_test_top.env.scb [SCB_PASS] Match Req=1011 ,Exp:0100, Act: 0100
# KERNEL: UVM_INFO /home/runner/driver.sv(45) @ 1815: uvm_test_top.env.agent.drv [DRV] Driving rst_n = 1 | req = 0011
# KERNEL: UVM_INFO /home/runner/monitor.sv(31) @ 1825: uvm_test_top.env.agent.mon [MON] rst_n=1 | req: 0011, gnt: 1000
# KERNEL: UVM_INFO /home/runner/scoreboard.sv(51) @ 1825: uvm_test_top.env.scb [arb_scoreboard] Scoreboard received item
# KERNEL: UVM_INFO /home/runner/scoreboard.sv(55) @ 1825: uvm_test_top.env.scb [SCB_PASS] Match Req=0011 ,Exp:1000, Act: 1000
# KERNEL: UVM_INFO /home/runner/driver.sv(45) @ 1825: uvm_test_top.env.agent.drv [DRV] Driving rst_n = 1 | req = 0110
# KERNEL: UVM_INFO /home/runner/monitor.sv(31) @ 1835: uvm_test_top.env.agent.mon [MON] rst_n=1 | req: 0110, gnt: 0001
# KERNEL: UVM_INFO /home/runner/scoreboard.sv(51) @ 1835: uvm_test_top.env.scb [arb_scoreboard] Scoreboard received item
# KERNEL: UVM_INFO /home/runner/scoreboard.sv(55) @ 1835: uvm_test_top.env.scb [SCB_PASS] Match Req=0110 ,Exp:0001, Act: 0001
# KERNEL: UVM_INFO /home/runner/driver.sv(45) @ 1835: uvm_test_top.env.agent.drv [DRV] Driving rst_n = 1 | req = 0010
# KERNEL: UVM_INFO /home/runner/monitor.sv(31) @ 1845: uvm_test_top.env.agent.mon [MON] rst_n=1 | req: 0010, gnt: 0010
# KERNEL: UVM_INFO /home/runner/scoreboard.sv(51) @ 1845: uvm_test_top.env.scb [arb_scoreboard] Scoreboard received item
# KERNEL: UVM_INFO /home/runner/scoreboard.sv(55) @ 1845: uvm_test_top.env.scb [SCB_PASS] Match Req=0010 ,Exp:0010, Act: 0010
# KERNEL: UVM_INFO /home/runner/driver.sv(45) @ 1845: uvm_test_top.env.agent.drv [DRV] Driving rst_n = 1 | req = 1001
# KERNEL: UVM_INFO /home/runner/monitor.sv(31) @ 1855: uvm_test_top.env.agent.mon [MON] rst_n=1 | req: 1001, gnt: 0010
# KERNEL: UVM_INFO /home/runner/scoreboard.sv(51) @ 1855: uvm_test_top.env.scb [arb_scoreboard] Scoreboard received item
# KERNEL: UVM_INFO /home/runner/scoreboard.sv(55) @ 1855: uvm_test_top.env.scb [SCB_PASS] Match Req=1001 ,Exp:0010, Act: 0010
# KERNEL: UVM_INFO /home/runner/driver.sv(45) @ 1855: uvm_test_top.env.agent.drv [DRV] Driving rst_n = 1 | req = 1001
# KERNEL: UVM_INFO /home/runner/monitor.sv(31) @ 1865: uvm_test_top.env.agent.mon [MON] rst_n=1 | req: 1001, gnt: 1000
# KERNEL: UVM_INFO /home/runner/scoreboard.sv(51) @ 1865: uvm_test_top.env.scb [arb_scoreboard] Scoreboard received item
# KERNEL: UVM_INFO /home/runner/scoreboard.sv(55) @ 1865: uvm_test_top.env.scb [SCB_PASS] Match Req=1001 ,Exp:1000, Act: 1000
# KERNEL: UVM_INFO /home/runner/driver.sv(45) @ 1865: uvm_test_top.env.agent.drv [DRV] Driving rst_n = 1 | req = 0100
# KERNEL: UVM_INFO /home/runner/monitor.sv(31) @ 1875: uvm_test_top.env.agent.mon [MON] rst_n=1 | req: 0100, gnt: 0001
# KERNEL: UVM_INFO /home/runner/scoreboard.sv(51) @ 1875: uvm_test_top.env.scb [arb_scoreboard] Scoreboard received item
# KERNEL: UVM_INFO /home/runner/scoreboard.sv(55) @ 1875: uvm_test_top.env.scb [SCB_PASS] Match Req=0100 ,Exp:0001, Act: 0001
# KERNEL: UVM_INFO /home/runner/driver.sv(45) @ 1875: uvm_test_top.env.agent.drv [DRV] Driving rst_n = 1 | req = 1000
# KERNEL: UVM_INFO /home/runner/monitor.sv(31) @ 1885: uvm_test_top.env.agent.mon [MON] rst_n=1 | req: 1000, gnt: 0100
# KERNEL: UVM_INFO /home/runner/scoreboard.sv(51) @ 1885: uvm_test_top.env.scb [arb_scoreboard] Scoreboard received item
# KERNEL: UVM_INFO /home/runner/scoreboard.sv(55) @ 1885: uvm_test_top.env.scb [SCB_PASS] Match Req=1000 ,Exp:0100, Act: 0100
# KERNEL: UVM_INFO /home/runner/driver.sv(45) @ 1885: uvm_test_top.env.agent.drv [DRV] Driving rst_n = 1 | req = 0111
# KERNEL: UVM_INFO /home/runner/monitor.sv(31) @ 1895: uvm_test_top.env.agent.mon [MON] rst_n=1 | req: 0111, gnt: 1000
# KERNEL: UVM_INFO /home/runner/scoreboard.sv(51) @ 1895: uvm_test_top.env.scb [arb_scoreboard] Scoreboard received item
# KERNEL: UVM_INFO /home/runner/scoreboard.sv(55) @ 1895: uvm_test_top.env.scb [SCB_PASS] Match Req=0111 ,Exp:1000, Act: 1000
# KERNEL: UVM_INFO /home/runner/driver.sv(45) @ 1895: uvm_test_top.env.agent.drv [DRV] Driving rst_n = 0 | req = 1111
# KERNEL: UVM_INFO /home/runner/monitor.sv(31) @ 1905: uvm_test_top.env.agent.mon [MON] rst_n=0 | req: 1111, gnt: 0000
# KERNEL: UVM_INFO /home/runner/scoreboard.sv(29) @ 1905: uvm_test_top.env.scb [SCB_RST] System in Reset, checking for clear outputs
# KERNEL: UVM_INFO /home/runner/driver.sv(45) @ 1905: uvm_test_top.env.agent.drv [DRV] Driving rst_n = 1 | req = 0010
# KERNEL: UVM_INFO /home/runner/monitor.sv(31) @ 1915: uvm_test_top.env.agent.mon [MON] rst_n=1 | req: 0010, gnt: 0000
# KERNEL: UVM_INFO /home/runner/scoreboard.sv(51) @ 1915: uvm_test_top.env.scb [arb_scoreboard] Scoreboard received item
# KERNEL: UVM_INFO /home/runner/scoreboard.sv(55) @ 1915: uvm_test_top.env.scb [SCB_PASS] Match Req=0010 ,Exp:0000, Act: 0000
# KERNEL: UVM_INFO /home/runner/driver.sv(45) @ 1915: uvm_test_top.env.agent.drv [DRV] Driving rst_n = 1 | req = 1110
# KERNEL: UVM_INFO /home/runner/monitor.sv(31) @ 1925: uvm_test_top.env.agent.mon [MON] rst_n=1 | req: 1110, gnt: 0010
# KERNEL: UVM_INFO /home/runner/scoreboard.sv(51) @ 1925: uvm_test_top.env.scb [arb_scoreboard] Scoreboard received item
# KERNEL: UVM_INFO /home/runner/scoreboard.sv(55) @ 1925: uvm_test_top.env.scb [SCB_PASS] Match Req=1110 ,Exp:0010, Act: 0010
# KERNEL: UVM_INFO /home/runner/driver.sv(45) @ 1925: uvm_test_top.env.agent.drv [DRV] Driving rst_n = 1 | req = 0101
# KERNEL: UVM_INFO /home/runner/monitor.sv(31) @ 1935: uvm_test_top.env.agent.mon [MON] rst_n=1 | req: 0101, gnt: 0100
# KERNEL: UVM_INFO /home/runner/scoreboard.sv(51) @ 1935: uvm_test_top.env.scb [arb_scoreboard] Scoreboard received item
# KERNEL: UVM_INFO /home/runner/scoreboard.sv(55) @ 1935: uvm_test_top.env.scb [SCB_PASS] Match Req=0101 ,Exp:0100, Act: 0100
# KERNEL: UVM_INFO /home/runner/driver.sv(45) @ 1935: uvm_test_top.env.agent.drv [DRV] Driving rst_n = 1 | req = 0101
# KERNEL: UVM_INFO /home/runner/monitor.sv(31) @ 1945: uvm_test_top.env.agent.mon [MON] rst_n=1 | req: 0101, gnt: 0001
# KERNEL: UVM_INFO /home/runner/scoreboard.sv(51) @ 1945: uvm_test_top.env.scb [arb_scoreboard] Scoreboard received item
# KERNEL: UVM_INFO /home/runner/scoreboard.sv(55) @ 1945: uvm_test_top.env.scb [SCB_PASS] Match Req=0101 ,Exp:0001, Act: 0001
# KERNEL: UVM_INFO /home/runner/driver.sv(45) @ 1945: uvm_test_top.env.agent.drv [DRV] Driving rst_n = 1 | req = 0000
# KERNEL: UVM_INFO /home/runner/monitor.sv(31) @ 1955: uvm_test_top.env.agent.mon [MON] rst_n=1 | req: 0000, gnt: 0100
# KERNEL: UVM_INFO /home/runner/scoreboard.sv(51) @ 1955: uvm_test_top.env.scb [arb_scoreboard] Scoreboard received item
# KERNEL: UVM_INFO /home/runner/scoreboard.sv(55) @ 1955: uvm_test_top.env.scb [SCB_PASS] Match Req=0000 ,Exp:0100, Act: 0100
# KERNEL: UVM_INFO /home/runner/driver.sv(45) @ 1955: uvm_test_top.env.agent.drv [DRV] Driving rst_n = 1 | req = 0100
# KERNEL: UVM_INFO /home/runner/monitor.sv(31) @ 1965: uvm_test_top.env.agent.mon [MON] rst_n=1 | req: 0100, gnt: 0000
# KERNEL: UVM_INFO /home/runner/scoreboard.sv(51) @ 1965: uvm_test_top.env.scb [arb_scoreboard] Scoreboard received item
# KERNEL: UVM_INFO /home/runner/scoreboard.sv(55) @ 1965: uvm_test_top.env.scb [SCB_PASS] Match Req=0100 ,Exp:0000, Act: 0000
# KERNEL: UVM_INFO /home/runner/driver.sv(45) @ 1965: uvm_test_top.env.agent.drv [DRV] Driving rst_n = 1 | req = 0011
# KERNEL: UVM_INFO /home/runner/monitor.sv(31) @ 1975: uvm_test_top.env.agent.mon [MON] rst_n=1 | req: 0011, gnt: 0100
# KERNEL: UVM_INFO /home/runner/scoreboard.sv(51) @ 1975: uvm_test_top.env.scb [arb_scoreboard] Scoreboard received item
# KERNEL: UVM_INFO /home/runner/scoreboard.sv(55) @ 1975: uvm_test_top.env.scb [SCB_PASS] Match Req=0011 ,Exp:0100, Act: 0100
# KERNEL: UVM_INFO /home/runner/driver.sv(45) @ 1975: uvm_test_top.env.agent.drv [DRV] Driving rst_n = 1 | req = 1011
# KERNEL: UVM_INFO /home/runner/monitor.sv(31) @ 1985: uvm_test_top.env.agent.mon [MON] rst_n=1 | req: 1011, gnt: 0001
# KERNEL: UVM_INFO /home/runner/scoreboard.sv(51) @ 1985: uvm_test_top.env.scb [arb_scoreboard] Scoreboard received item
# KERNEL: UVM_INFO /home/runner/scoreboard.sv(55) @ 1985: uvm_test_top.env.scb [SCB_PASS] Match Req=1011 ,Exp:0001, Act: 0001
# KERNEL: UVM_INFO /home/runner/driver.sv(45) @ 1985: uvm_test_top.env.agent.drv [DRV] Driving rst_n = 1 | req = 1110
# KERNEL: UVM_INFO /home/runner/monitor.sv(31) @ 1995: uvm_test_top.env.agent.mon [MON] rst_n=1 | req: 1110, gnt: 0010
# KERNEL: UVM_INFO /home/runner/scoreboard.sv(51) @ 1995: uvm_test_top.env.scb [arb_scoreboard] Scoreboard received item
# KERNEL: UVM_INFO /home/runner/scoreboard.sv(55) @ 1995: uvm_test_top.env.scb [SCB_PASS] Match Req=1110 ,Exp:0010, Act: 0010
# KERNEL: UVM_INFO /home/runner/driver.sv(45) @ 1995: uvm_test_top.env.agent.drv [DRV] Driving rst_n = 1 | req = 1010
# KERNEL: UVM_INFO /home/runner/monitor.sv(31) @ 2005: uvm_test_top.env.agent.mon [MON] rst_n=1 | req: 1010, gnt: 0100
# KERNEL: UVM_INFO /home/runner/scoreboard.sv(51) @ 2005: uvm_test_top.env.scb [arb_scoreboard] Scoreboard received item
# KERNEL: UVM_INFO /home/runner/scoreboard.sv(55) @ 2005: uvm_test_top.env.scb [SCB_PASS] Match Req=1010 ,Exp:0100, Act: 0100
# KERNEL: UVM_INFO /home/runner/driver.sv(45) @ 2005: uvm_test_top.env.agent.drv [DRV] Driving rst_n = 1 | req = 0001
# KERNEL: UVM_INFO /home/runner/monitor.sv(31) @ 2015: uvm_test_top.env.agent.mon [MON] rst_n=1 | req: 0001, gnt: 1000
# KERNEL: UVM_INFO /home/runner/scoreboard.sv(51) @ 2015: uvm_test_top.env.scb [arb_scoreboard] Scoreboard received item
# KERNEL: UVM_INFO /home/runner/scoreboard.sv(55) @ 2015: uvm_test_top.env.scb [SCB_PASS] Match Req=0001 ,Exp:1000, Act: 1000
# KERNEL: UVM_INFO /home/runner/driver.sv(45) @ 2015: uvm_test_top.env.agent.drv [DRV] Driving rst_n = 1 | req = 0001
# KERNEL: UVM_INFO /home/runner/monitor.sv(31) @ 2025: uvm_test_top.env.agent.mon [MON] rst_n=1 | req: 0001, gnt: 0001
# KERNEL: UVM_INFO /home/runner/scoreboard.sv(51) @ 2025: uvm_test_top.env.scb [arb_scoreboard] Scoreboard received item
# KERNEL: UVM_INFO /home/runner/scoreboard.sv(55) @ 2025: uvm_test_top.env.scb [SCB_PASS] Match Req=0001 ,Exp:0001, Act: 0001
# KERNEL: UVM_INFO /home/runner/driver.sv(45) @ 2025: uvm_test_top.env.agent.drv [DRV] Driving rst_n = 1 | req = 1100
# KERNEL: UVM_INFO /home/runner/monitor.sv(31) @ 2035: uvm_test_top.env.agent.mon [MON] rst_n=1 | req: 1100, gnt: 0001
# KERNEL: UVM_INFO /home/runner/scoreboard.sv(51) @ 2035: uvm_test_top.env.scb [arb_scoreboard] Scoreboard received item
# KERNEL: UVM_INFO /home/runner/scoreboard.sv(55) @ 2035: uvm_test_top.env.scb [SCB_PASS] Match Req=1100 ,Exp:0001, Act: 0001
# KERNEL: UVM_INFO /home/runner/driver.sv(45) @ 2035: uvm_test_top.env.agent.drv [DRV] Driving rst_n = 1 | req = 0000
# KERNEL: UVM_INFO /home/runner/monitor.sv(31) @ 2045: uvm_test_top.env.agent.mon [MON] rst_n=1 | req: 0000, gnt: 0100
# KERNEL: UVM_INFO /home/runner/scoreboard.sv(51) @ 2045: uvm_test_top.env.scb [arb_scoreboard] Scoreboard received item
# KERNEL: UVM_INFO /home/runner/scoreboard.sv(55) @ 2045: uvm_test_top.env.scb [SCB_PASS] Match Req=0000 ,Exp:0100, Act: 0100
# KERNEL: UVM_INFO /home/runner/driver.sv(45) @ 2045: uvm_test_top.env.agent.drv [DRV] Driving rst_n = 1 | req = 1111
# KERNEL: UVM_INFO /home/runner/monitor.sv(31) @ 2055: uvm_test_top.env.agent.mon [MON] rst_n=1 | req: 1111, gnt: 0000
# KERNEL: UVM_INFO /home/runner/scoreboard.sv(51) @ 2055: uvm_test_top.env.scb [arb_scoreboard] Scoreboard received item
# KERNEL: UVM_INFO /home/runner/scoreboard.sv(55) @ 2055: uvm_test_top.env.scb [SCB_PASS] Match Req=1111 ,Exp:0000, Act: 0000
# KERNEL: UVM_INFO /home/runner/driver.sv(45) @ 2055: uvm_test_top.env.agent.drv [DRV] Driving rst_n = 0 | req = 0111
# KERNEL: UVM_INFO /home/runner/monitor.sv(31) @ 2065: uvm_test_top.env.agent.mon [MON] rst_n=0 | req: 0111, gnt: 0000
# KERNEL: UVM_INFO /home/runner/scoreboard.sv(29) @ 2065: uvm_test_top.env.scb [SCB_RST] System in Reset, checking for clear outputs
# KERNEL: UVM_INFO /home/runner/driver.sv(45) @ 2065: uvm_test_top.env.agent.drv [DRV] Driving rst_n = 1 | req = 1010
# KERNEL: UVM_INFO /home/runner/monitor.sv(31) @ 2075: uvm_test_top.env.agent.mon [MON] rst_n=1 | req: 1010, gnt: 0000
# KERNEL: UVM_INFO /home/runner/scoreboard.sv(51) @ 2075: uvm_test_top.env.scb [arb_scoreboard] Scoreboard received item
# KERNEL: UVM_INFO /home/runner/scoreboard.sv(55) @ 2075: uvm_test_top.env.scb [SCB_PASS] Match Req=1010 ,Exp:0000, Act: 0000
# KERNEL: UVM_INFO /home/runner/driver.sv(45) @ 2075: uvm_test_top.env.agent.drv [DRV] Driving rst_n = 0 | req = 0110
# KERNEL: UVM_INFO /home/runner/monitor.sv(31) @ 2085: uvm_test_top.env.agent.mon [MON] rst_n=0 | req: 0110, gnt: 0000
# KERNEL: UVM_INFO /home/runner/scoreboard.sv(29) @ 2085: uvm_test_top.env.scb [SCB_RST] System in Reset, checking for clear outputs
# KERNEL: UVM_INFO /home/runner/driver.sv(45) @ 2085: uvm_test_top.env.agent.drv [DRV] Driving rst_n = 1 | req = 1101
# KERNEL: UVM_INFO /home/runner/monitor.sv(31) @ 2095: uvm_test_top.env.agent.mon [MON] rst_n=1 | req: 1101, gnt: 0000
# KERNEL: UVM_INFO /home/runner/scoreboard.sv(51) @ 2095: uvm_test_top.env.scb [arb_scoreboard] Scoreboard received item
# KERNEL: UVM_INFO /home/runner/scoreboard.sv(55) @ 2095: uvm_test_top.env.scb [SCB_PASS] Match Req=1101 ,Exp:0000, Act: 0000
# KERNEL: UVM_INFO /home/runner/driver.sv(45) @ 2095: uvm_test_top.env.agent.drv [DRV] Driving rst_n = 1 | req = 1101
# KERNEL: UVM_INFO /home/runner/monitor.sv(31) @ 2105: uvm_test_top.env.agent.mon [MON] rst_n=1 | req: 1101, gnt: 0001
# KERNEL: UVM_INFO /home/runner/scoreboard.sv(51) @ 2105: uvm_test_top.env.scb [arb_scoreboard] Scoreboard received item
# KERNEL: UVM_INFO /home/runner/scoreboard.sv(55) @ 2105: uvm_test_top.env.scb [SCB_PASS] Match Req=1101 ,Exp:0001, Act: 0001
# KERNEL: UVM_INFO /home/runner/driver.sv(45) @ 2105: uvm_test_top.env.agent.drv [DRV] Driving rst_n = 1 | req = 1000
# KERNEL: UVM_INFO /home/runner/monitor.sv(31) @ 2115: uvm_test_top.env.agent.mon [MON] rst_n=1 | req: 1000, gnt: 0100
# KERNEL: UVM_INFO /home/runner/scoreboard.sv(51) @ 2115: uvm_test_top.env.scb [arb_scoreboard] Scoreboard received item
# KERNEL: UVM_INFO /home/runner/scoreboard.sv(55) @ 2115: uvm_test_top.env.scb [SCB_PASS] Match Req=1000 ,Exp:0100, Act: 0100
# KERNEL: UVM_INFO /home/runner/driver.sv(45) @ 2115: uvm_test_top.env.agent.drv [DRV] Driving rst_n = 1 | req = 1100
# KERNEL: UVM_INFO /home/runner/monitor.sv(31) @ 2125: uvm_test_top.env.agent.mon [MON] rst_n=1 | req: 1100, gnt: 1000
# KERNEL: UVM_INFO /home/runner/scoreboard.sv(51) @ 2125: uvm_test_top.env.scb [arb_scoreboard] Scoreboard received item
# KERNEL: UVM_INFO /home/runner/scoreboard.sv(55) @ 2125: uvm_test_top.env.scb [SCB_PASS] Match Req=1100 ,Exp:1000, Act: 1000
# KERNEL: UVM_INFO /home/runner/driver.sv(45) @ 2125: uvm_test_top.env.agent.drv [DRV] Driving rst_n = 0 | req = 1011
# KERNEL: UVM_INFO /home/runner/monitor.sv(31) @ 2135: uvm_test_top.env.agent.mon [MON] rst_n=0 | req: 1011, gnt: 0000
# KERNEL: UVM_INFO /home/runner/scoreboard.sv(29) @ 2135: uvm_test_top.env.scb [SCB_RST] System in Reset, checking for clear outputs
# KERNEL: UVM_INFO /home/runner/driver.sv(45) @ 2135: uvm_test_top.env.agent.drv [DRV] Driving rst_n = 1 | req = 0011
# KERNEL: UVM_INFO /home/runner/monitor.sv(31) @ 2145: uvm_test_top.env.agent.mon [MON] rst_n=1 | req: 0011, gnt: 0000
# KERNEL: UVM_INFO /home/runner/scoreboard.sv(51) @ 2145: uvm_test_top.env.scb [arb_scoreboard] Scoreboard received item
# KERNEL: UVM_INFO /home/runner/scoreboard.sv(55) @ 2145: uvm_test_top.env.scb [SCB_PASS] Match Req=0011 ,Exp:0000, Act: 0000
# KERNEL: UVM_INFO /home/runner/driver.sv(45) @ 2145: uvm_test_top.env.agent.drv [DRV] Driving rst_n = 1 | req = 0110
# KERNEL: UVM_INFO /home/runner/monitor.sv(31) @ 2155: uvm_test_top.env.agent.mon [MON] rst_n=1 | req: 0110, gnt: 0001
# KERNEL: UVM_INFO /home/runner/scoreboard.sv(51) @ 2155: uvm_test_top.env.scb [arb_scoreboard] Scoreboard received item
# KERNEL: UVM_INFO /home/runner/scoreboard.sv(55) @ 2155: uvm_test_top.env.scb [SCB_PASS] Match Req=0110 ,Exp:0001, Act: 0001
# KERNEL: UVM_INFO /home/runner/driver.sv(45) @ 2155: uvm_test_top.env.agent.drv [DRV] Driving rst_n = 1 | req = 0010
# KERNEL: UVM_INFO /home/runner/monitor.sv(31) @ 2165: uvm_test_top.env.agent.mon [MON] rst_n=1 | req: 0010, gnt: 0010
# KERNEL: UVM_INFO /home/runner/scoreboard.sv(51) @ 2165: uvm_test_top.env.scb [arb_scoreboard] Scoreboard received item
# KERNEL: UVM_INFO /home/runner/scoreboard.sv(55) @ 2165: uvm_test_top.env.scb [SCB_PASS] Match Req=0010 ,Exp:0010, Act: 0010
# KERNEL: UVM_INFO /home/runner/driver.sv(45) @ 2165: uvm_test_top.env.agent.drv [DRV] Driving rst_n = 1 | req = 1001
# KERNEL: UVM_INFO /home/runner/monitor.sv(31) @ 2175: uvm_test_top.env.agent.mon [MON] rst_n=1 | req: 1001, gnt: 0010
# KERNEL: UVM_INFO /home/runner/scoreboard.sv(51) @ 2175: uvm_test_top.env.scb [arb_scoreboard] Scoreboard received item
# KERNEL: UVM_INFO /home/runner/scoreboard.sv(55) @ 2175: uvm_test_top.env.scb [SCB_PASS] Match Req=1001 ,Exp:0010, Act: 0010
# KERNEL: UVM_INFO /home/runner/driver.sv(45) @ 2175: uvm_test_top.env.agent.drv [DRV] Driving rst_n = 1 | req = 1001
# KERNEL: UVM_INFO /home/runner/monitor.sv(31) @ 2185: uvm_test_top.env.agent.mon [MON] rst_n=1 | req: 1001, gnt: 1000
# KERNEL: UVM_INFO /home/runner/scoreboard.sv(51) @ 2185: uvm_test_top.env.scb [arb_scoreboard] Scoreboard received item
# KERNEL: UVM_INFO /home/runner/scoreboard.sv(55) @ 2185: uvm_test_top.env.scb [SCB_PASS] Match Req=1001 ,Exp:1000, Act: 1000
# KERNEL: UVM_INFO /home/runner/driver.sv(45) @ 2185: uvm_test_top.env.agent.drv [DRV] Driving rst_n = 0 | req = 0100
# KERNEL: UVM_INFO /home/runner/monitor.sv(31) @ 2195: uvm_test_top.env.agent.mon [MON] rst_n=0 | req: 0100, gnt: 0000
# KERNEL: UVM_INFO /home/runner/scoreboard.sv(29) @ 2195: uvm_test_top.env.scb [SCB_RST] System in Reset, checking for clear outputs
# KERNEL: UVM_INFO /home/runner/driver.sv(45) @ 2195: uvm_test_top.env.agent.drv [DRV] Driving rst_n = 0 | req = 1000
# KERNEL: UVM_INFO /home/runner/monitor.sv(31) @ 2205: uvm_test_top.env.agent.mon [MON] rst_n=0 | req: 1000, gnt: 0000
# KERNEL: UVM_INFO /home/runner/scoreboard.sv(29) @ 2205: uvm_test_top.env.scb [SCB_RST] System in Reset, checking for clear outputs
# KERNEL: UVM_INFO /home/runner/driver.sv(45) @ 2205: uvm_test_top.env.agent.drv [DRV] Driving rst_n = 1 | req = 0111
# KERNEL: UVM_INFO /home/runner/monitor.sv(31) @ 2215: uvm_test_top.env.agent.mon [MON] rst_n=1 | req: 0111, gnt: 0000
# KERNEL: UVM_INFO /home/runner/scoreboard.sv(51) @ 2215: uvm_test_top.env.scb [arb_scoreboard] Scoreboard received item
# KERNEL: UVM_INFO /home/runner/scoreboard.sv(55) @ 2215: uvm_test_top.env.scb [SCB_PASS] Match Req=0111 ,Exp:0000, Act: 0000
# KERNEL: UVM_INFO /home/runner/driver.sv(45) @ 2215: uvm_test_top.env.agent.drv [DRV] Driving rst_n = 1 | req = 1111
# KERNEL: UVM_INFO /home/runner/monitor.sv(31) @ 2225: uvm_test_top.env.agent.mon [MON] rst_n=1 | req: 1111, gnt: 0001
# KERNEL: UVM_INFO /home/runner/scoreboard.sv(51) @ 2225: uvm_test_top.env.scb [arb_scoreboard] Scoreboard received item
# KERNEL: UVM_INFO /home/runner/scoreboard.sv(55) @ 2225: uvm_test_top.env.scb [SCB_PASS] Match Req=1111 ,Exp:0001, Act: 0001
# KERNEL: UVM_INFO /home/runner/driver.sv(45) @ 2225: uvm_test_top.env.agent.drv [DRV] Driving rst_n = 1 | req = 1000
# KERNEL: UVM_INFO /home/runner/monitor.sv(31) @ 2235: uvm_test_top.env.agent.mon [MON] rst_n=1 | req: 1000, gnt: 0010
# KERNEL: UVM_INFO /home/runner/scoreboard.sv(51) @ 2235: uvm_test_top.env.scb [arb_scoreboard] Scoreboard received item
# KERNEL: UVM_INFO /home/runner/scoreboard.sv(55) @ 2235: uvm_test_top.env.scb [SCB_PASS] Match Req=1000 ,Exp:0010, Act: 0010
# KERNEL: UVM_INFO /home/runner/driver.sv(45) @ 2235: uvm_test_top.env.agent.drv [DRV] Driving rst_n = 1 | req = 0101
# KERNEL: UVM_INFO /home/runner/monitor.sv(31) @ 2245: uvm_test_top.env.agent.mon [MON] rst_n=1 | req: 0101, gnt: 1000
# KERNEL: UVM_INFO /home/runner/scoreboard.sv(51) @ 2245: uvm_test_top.env.scb [arb_scoreboard] Scoreboard received item
# KERNEL: UVM_INFO /home/runner/scoreboard.sv(55) @ 2245: uvm_test_top.env.scb [SCB_PASS] Match Req=0101 ,Exp:1000, Act: 1000
# KERNEL: UVM_INFO /home/runner/driver.sv(45) @ 2245: uvm_test_top.env.agent.drv [DRV] Driving rst_n = 1 | req = 1011
# KERNEL: UVM_INFO /home/runner/monitor.sv(31) @ 2255: uvm_test_top.env.agent.mon [MON] rst_n=1 | req: 1011, gnt: 0001
# KERNEL: UVM_INFO /home/runner/scoreboard.sv(51) @ 2255: uvm_test_top.env.scb [arb_scoreboard] Scoreboard received item
# KERNEL: UVM_INFO /home/runner/scoreboard.sv(55) @ 2255: uvm_test_top.env.scb [SCB_PASS] Match Req=1011 ,Exp:0001, Act: 0001
# KERNEL: UVM_INFO /home/runner/driver.sv(45) @ 2255: uvm_test_top.env.agent.drv [DRV] Driving rst_n = 1 | req = 1100
# KERNEL: UVM_INFO /home/runner/monitor.sv(31) @ 2265: uvm_test_top.env.agent.mon [MON] rst_n=1 | req: 1100, gnt: 0010
# KERNEL: UVM_INFO /home/runner/scoreboard.sv(51) @ 2265: uvm_test_top.env.scb [arb_scoreboard] Scoreboard received item
# KERNEL: UVM_INFO /home/runner/scoreboard.sv(55) @ 2265: uvm_test_top.env.scb [SCB_PASS] Match Req=1100 ,Exp:0010, Act: 0010
# KERNEL: UVM_INFO /home/runner/driver.sv(45) @ 2265: uvm_test_top.env.agent.drv [DRV] Driving rst_n = 1 | req = 0110
# KERNEL: UVM_INFO /home/runner/monitor.sv(31) @ 2275: uvm_test_top.env.agent.mon [MON] rst_n=1 | req: 0110, gnt: 0100
# KERNEL: UVM_INFO /home/runner/scoreboard.sv(51) @ 2275: uvm_test_top.env.scb [arb_scoreboard] Scoreboard received item
# KERNEL: UVM_INFO /home/runner/scoreboard.sv(55) @ 2275: uvm_test_top.env.scb [SCB_PASS] Match Req=0110 ,Exp:0100, Act: 0100
# KERNEL: UVM_INFO /home/runner/driver.sv(45) @ 2275: uvm_test_top.env.agent.drv [DRV] Driving rst_n = 1 | req = 1011
# KERNEL: UVM_INFO /home/runner/monitor.sv(31) @ 2285: uvm_test_top.env.agent.mon [MON] rst_n=1 | req: 1011, gnt: 0010
# KERNEL: UVM_INFO /home/runner/scoreboard.sv(51) @ 2285: uvm_test_top.env.scb [arb_scoreboard] Scoreboard received item
# KERNEL: UVM_INFO /home/runner/scoreboard.sv(55) @ 2285: uvm_test_top.env.scb [SCB_PASS] Match Req=1011 ,Exp:0010, Act: 0010
# KERNEL: UVM_INFO /home/runner/driver.sv(45) @ 2285: uvm_test_top.env.agent.drv [DRV] Driving rst_n = 1 | req = 1001
# KERNEL: UVM_INFO /home/runner/monitor.sv(31) @ 2295: uvm_test_top.env.agent.mon [MON] rst_n=1 | req: 1001, gnt: 1000
# KERNEL: UVM_INFO /home/runner/scoreboard.sv(51) @ 2295: uvm_test_top.env.scb [arb_scoreboard] Scoreboard received item
# KERNEL: UVM_INFO /home/runner/scoreboard.sv(55) @ 2295: uvm_test_top.env.scb [SCB_PASS] Match Req=1001 ,Exp:1000, Act: 1000
# KERNEL: UVM_INFO /home/runner/driver.sv(45) @ 2295: uvm_test_top.env.agent.drv [DRV] Driving rst_n = 1 | req = 0010
# KERNEL: UVM_INFO /home/runner/monitor.sv(31) @ 2305: uvm_test_top.env.agent.mon [MON] rst_n=1 | req: 0010, gnt: 0001
# KERNEL: UVM_INFO /home/runner/scoreboard.sv(51) @ 2305: uvm_test_top.env.scb [arb_scoreboard] Scoreboard received item
# KERNEL: UVM_INFO /home/runner/scoreboard.sv(55) @ 2305: uvm_test_top.env.scb [SCB_PASS] Match Req=0010 ,Exp:0001, Act: 0001
# KERNEL: UVM_INFO /home/runner/driver.sv(45) @ 2305: uvm_test_top.env.agent.drv [DRV] Driving rst_n = 1 | req = 0100
# KERNEL: UVM_INFO /home/runner/monitor.sv(31) @ 2315: uvm_test_top.env.agent.mon [MON] rst_n=1 | req: 0100, gnt: 0010
# KERNEL: UVM_INFO /home/runner/scoreboard.sv(51) @ 2315: uvm_test_top.env.scb [arb_scoreboard] Scoreboard received item
# KERNEL: UVM_INFO /home/runner/scoreboard.sv(55) @ 2315: uvm_test_top.env.scb [SCB_PASS] Match Req=0100 ,Exp:0010, Act: 0010
# KERNEL: UVM_INFO /home/runner/driver.sv(45) @ 2315: uvm_test_top.env.agent.drv [DRV] Driving rst_n = 1 | req = 0001
# KERNEL: UVM_INFO /home/runner/monitor.sv(31) @ 2325: uvm_test_top.env.agent.mon [MON] rst_n=1 | req: 0001, gnt: 0100
# KERNEL: UVM_INFO /home/runner/scoreboard.sv(51) @ 2325: uvm_test_top.env.scb [arb_scoreboard] Scoreboard received item
# KERNEL: UVM_INFO /home/runner/scoreboard.sv(55) @ 2325: uvm_test_top.env.scb [SCB_PASS] Match Req=0001 ,Exp:0100, Act: 0100
# KERNEL: UVM_INFO /home/runner/driver.sv(45) @ 2325: uvm_test_top.env.agent.drv [DRV] Driving rst_n = 1 | req = 0111
# KERNEL: UVM_INFO /home/runner/monitor.sv(31) @ 2335: uvm_test_top.env.agent.mon [MON] rst_n=1 | req: 0111, gnt: 0001
# KERNEL: UVM_INFO /home/runner/scoreboard.sv(51) @ 2335: uvm_test_top.env.scb [arb_scoreboard] Scoreboard received item
# KERNEL: UVM_INFO /home/runner/scoreboard.sv(55) @ 2335: uvm_test_top.env.scb [SCB_PASS] Match Req=0111 ,Exp:0001, Act: 0001
# KERNEL: UVM_INFO /home/runner/driver.sv(45) @ 2335: uvm_test_top.env.agent.drv [DRV] Driving rst_n = 1 | req = 1000
# KERNEL: UVM_INFO /home/runner/monitor.sv(31) @ 2345: uvm_test_top.env.agent.mon [MON] rst_n=1 | req: 1000, gnt: 0010
# KERNEL: UVM_INFO /home/runner/scoreboard.sv(51) @ 2345: uvm_test_top.env.scb [arb_scoreboard] Scoreboard received item
# KERNEL: UVM_INFO /home/runner/scoreboard.sv(55) @ 2345: uvm_test_top.env.scb [SCB_PASS] Match Req=1000 ,Exp:0010, Act: 0010
# KERNEL: UVM_INFO /home/runner/driver.sv(45) @ 2345: uvm_test_top.env.agent.drv [DRV] Driving rst_n = 1 | req = 0010
# KERNEL: UVM_INFO /home/runner/monitor.sv(31) @ 2355: uvm_test_top.env.agent.mon [MON] rst_n=1 | req: 0010, gnt: 1000
# KERNEL: UVM_INFO /home/runner/scoreboard.sv(51) @ 2355: uvm_test_top.env.scb [arb_scoreboard] Scoreboard received item
# KERNEL: UVM_INFO /home/runner/scoreboard.sv(55) @ 2355: uvm_test_top.env.scb [SCB_PASS] Match Req=0010 ,Exp:1000, Act: 1000
# KERNEL: UVM_INFO /home/runner/driver.sv(45) @ 2355: uvm_test_top.env.agent.drv [DRV] Driving rst_n = 1 | req = 0111
# KERNEL: UVM_INFO /home/runner/monitor.sv(31) @ 2365: uvm_test_top.env.agent.mon [MON] rst_n=1 | req: 0111, gnt: 0010
# KERNEL: UVM_INFO /home/runner/scoreboard.sv(51) @ 2365: uvm_test_top.env.scb [arb_scoreboard] Scoreboard received item
# KERNEL: UVM_INFO /home/runner/scoreboard.sv(55) @ 2365: uvm_test_top.env.scb [SCB_PASS] Match Req=0111 ,Exp:0010, Act: 0010
# KERNEL: UVM_INFO /home/runner/driver.sv(45) @ 2365: uvm_test_top.env.agent.drv [DRV] Driving rst_n = 1 | req = 0101
# KERNEL: UVM_INFO /home/runner/monitor.sv(31) @ 2375: uvm_test_top.env.agent.mon [MON] rst_n=1 | req: 0101, gnt: 0100
# KERNEL: UVM_INFO /home/runner/scoreboard.sv(51) @ 2375: uvm_test_top.env.scb [arb_scoreboard] Scoreboard received item
# KERNEL: UVM_INFO /home/runner/scoreboard.sv(55) @ 2375: uvm_test_top.env.scb [SCB_PASS] Match Req=0101 ,Exp:0100, Act: 0100
# KERNEL: UVM_INFO /home/runner/driver.sv(45) @ 2375: uvm_test_top.env.agent.drv [DRV] Driving rst_n = 1 | req = 1110
# KERNEL: UVM_INFO /home/runner/monitor.sv(31) @ 2385: uvm_test_top.env.agent.mon [MON] rst_n=1 | req: 1110, gnt: 0001
# KERNEL: UVM_INFO /home/runner/scoreboard.sv(51) @ 2385: uvm_test_top.env.scb [arb_scoreboard] Scoreboard received item
# KERNEL: UVM_INFO /home/runner/scoreboard.sv(55) @ 2385: uvm_test_top.env.scb [SCB_PASS] Match Req=1110 ,Exp:0001, Act: 0001
# KERNEL: UVM_INFO /home/runner/driver.sv(45) @ 2385: uvm_test_top.env.agent.drv [DRV] Driving rst_n = 1 | req = 0000
# KERNEL: UVM_INFO /home/runner/monitor.sv(31) @ 2395: uvm_test_top.env.agent.mon [MON] rst_n=1 | req: 0000, gnt: 0010
# KERNEL: UVM_INFO /home/runner/scoreboard.sv(51) @ 2395: uvm_test_top.env.scb [arb_scoreboard] Scoreboard received item
# KERNEL: UVM_INFO /home/runner/scoreboard.sv(55) @ 2395: uvm_test_top.env.scb [SCB_PASS] Match Req=0000 ,Exp:0010, Act: 0010
# KERNEL: UVM_INFO /home/runner/driver.sv(45) @ 2395: uvm_test_top.env.agent.drv [DRV] Driving rst_n = 1 | req = 1101
# KERNEL: UVM_INFO /home/runner/monitor.sv(31) @ 2405: uvm_test_top.env.agent.mon [MON] rst_n=1 | req: 1101, gnt: 0000
# KERNEL: UVM_INFO /home/runner/scoreboard.sv(51) @ 2405: uvm_test_top.env.scb [arb_scoreboard] Scoreboard received item
# KERNEL: UVM_INFO /home/runner/scoreboard.sv(55) @ 2405: uvm_test_top.env.scb [SCB_PASS] Match Req=1101 ,Exp:0000, Act: 0000
# KERNEL: UVM_INFO /home/runner/driver.sv(45) @ 2405: uvm_test_top.env.agent.drv [DRV] Driving rst_n = 1 | req = 0011
# KERNEL: UVM_INFO /home/runner/monitor.sv(31) @ 2415: uvm_test_top.env.agent.mon [MON] rst_n=1 | req: 0011, gnt: 0100
# KERNEL: UVM_INFO /home/runner/scoreboard.sv(51) @ 2415: uvm_test_top.env.scb [arb_scoreboard] Scoreboard received item
# KERNEL: UVM_INFO /home/runner/scoreboard.sv(55) @ 2415: uvm_test_top.env.scb [SCB_PASS] Match Req=0011 ,Exp:0100, Act: 0100
# KERNEL: UVM_INFO /home/runner/driver.sv(45) @ 2415: uvm_test_top.env.agent.drv [DRV] Driving rst_n = 1 | req = 0100
# KERNEL: UVM_INFO /home/runner/monitor.sv(31) @ 2425: uvm_test_top.env.agent.mon [MON] rst_n=1 | req: 0100, gnt: 0001
# KERNEL: UVM_INFO /home/runner/scoreboard.sv(51) @ 2425: uvm_test_top.env.scb [arb_scoreboard] Scoreboard received item
# KERNEL: UVM_INFO /home/runner/scoreboard.sv(55) @ 2425: uvm_test_top.env.scb [SCB_PASS] Match Req=0100 ,Exp:0001, Act: 0001
# KERNEL: UVM_INFO /home/runner/driver.sv(45) @ 2425: uvm_test_top.env.agent.drv [DRV] Driving rst_n = 0 | req = 1110
# KERNEL: UVM_INFO /home/runner/monitor.sv(31) @ 2435: uvm_test_top.env.agent.mon [MON] rst_n=0 | req: 1110, gnt: 0000
# KERNEL: UVM_INFO /home/runner/scoreboard.sv(29) @ 2435: uvm_test_top.env.scb [SCB_RST] System in Reset, checking for clear outputs
# KERNEL: UVM_INFO /home/runner/driver.sv(45) @ 2435: uvm_test_top.env.agent.drv [DRV] Driving rst_n = 0 | req = 0011
# KERNEL: UVM_INFO /home/runner/monitor.sv(31) @ 2445: uvm_test_top.env.agent.mon [MON] rst_n=0 | req: 0011, gnt: 0000
# KERNEL: UVM_INFO /home/runner/scoreboard.sv(29) @ 2445: uvm_test_top.env.scb [SCB_RST] System in Reset, checking for clear outputs
# KERNEL: UVM_INFO /home/runner/driver.sv(45) @ 2445: uvm_test_top.env.agent.drv [DRV] Driving rst_n = 1 | req = 0001
# KERNEL: UVM_INFO /home/runner/monitor.sv(31) @ 2455: uvm_test_top.env.agent.mon [MON] rst_n=1 | req: 0001, gnt: 0000
# KERNEL: UVM_INFO /home/runner/scoreboard.sv(51) @ 2455: uvm_test_top.env.scb [arb_scoreboard] Scoreboard received item
# KERNEL: UVM_INFO /home/runner/scoreboard.sv(55) @ 2455: uvm_test_top.env.scb [SCB_PASS] Match Req=0001 ,Exp:0000, Act: 0000
# KERNEL: UVM_INFO /home/runner/driver.sv(45) @ 2455: uvm_test_top.env.agent.drv [DRV] Driving rst_n = 1 | req = 1010
# KERNEL: UVM_INFO /home/runner/monitor.sv(31) @ 2465: uvm_test_top.env.agent.mon [MON] rst_n=1 | req: 1010, gnt: 0001
# KERNEL: UVM_INFO /home/runner/scoreboard.sv(51) @ 2465: uvm_test_top.env.scb [arb_scoreboard] Scoreboard received item
# KERNEL: UVM_INFO /home/runner/scoreboard.sv(55) @ 2465: uvm_test_top.env.scb [SCB_PASS] Match Req=1010 ,Exp:0001, Act: 0001
# KERNEL: UVM_INFO /home/runner/driver.sv(45) @ 2465: uvm_test_top.env.agent.drv [DRV] Driving rst_n = 1 | req = 1100
# KERNEL: UVM_INFO /home/runner/monitor.sv(31) @ 2475: uvm_test_top.env.agent.mon [MON] rst_n=1 | req: 1100, gnt: 0010
# KERNEL: UVM_INFO /home/runner/scoreboard.sv(51) @ 2475: uvm_test_top.env.scb [arb_scoreboard] Scoreboard received item
# KERNEL: UVM_INFO /home/runner/scoreboard.sv(55) @ 2475: uvm_test_top.env.scb [SCB_PASS] Match Req=1100 ,Exp:0010, Act: 0010
# KERNEL: UVM_INFO /home/runner/driver.sv(45) @ 2475: uvm_test_top.env.agent.drv [DRV] Driving rst_n = 1 | req = 1001
# KERNEL: UVM_INFO /home/runner/monitor.sv(31) @ 2485: uvm_test_top.env.agent.mon [MON] rst_n=1 | req: 1001, gnt: 0100
# KERNEL: UVM_INFO /home/runner/scoreboard.sv(51) @ 2485: uvm_test_top.env.scb [arb_scoreboard] Scoreboard received item
# KERNEL: UVM_INFO /home/runner/scoreboard.sv(55) @ 2485: uvm_test_top.env.scb [SCB_PASS] Match Req=1001 ,Exp:0100, Act: 0100
# KERNEL: UVM_INFO /home/runner/driver.sv(45) @ 2485: uvm_test_top.env.agent.drv [DRV] Driving rst_n = 1 | req = 1111
# KERNEL: UVM_INFO /home/runner/monitor.sv(31) @ 2495: uvm_test_top.env.agent.mon [MON] rst_n=1 | req: 1111, gnt: 1000
# KERNEL: UVM_INFO /home/runner/scoreboard.sv(51) @ 2495: uvm_test_top.env.scb [arb_scoreboard] Scoreboard received item
# KERNEL: UVM_INFO /home/runner/scoreboard.sv(55) @ 2495: uvm_test_top.env.scb [SCB_PASS] Match Req=1111 ,Exp:1000, Act: 1000
# KERNEL: UVM_INFO /home/runner/driver.sv(45) @ 2495: uvm_test_top.env.agent.drv [DRV] Driving rst_n = 1 | req = 0000
# KERNEL: UVM_INFO /home/runner/monitor.sv(31) @ 2505: uvm_test_top.env.agent.mon [MON] rst_n=1 | req: 0000, gnt: 0001
# KERNEL: UVM_INFO /home/runner/scoreboard.sv(51) @ 2505: uvm_test_top.env.scb [arb_scoreboard] Scoreboard received item
# KERNEL: UVM_INFO /home/runner/scoreboard.sv(55) @ 2505: uvm_test_top.env.scb [SCB_PASS] Match Req=0000 ,Exp:0001, Act: 0001
# KERNEL: UVM_INFO /home/runner/driver.sv(45) @ 2505: uvm_test_top.env.agent.drv [DRV] Driving rst_n = 1 | req = 1010
# KERNEL: UVM_INFO /home/runner/monitor.sv(31) @ 2515: uvm_test_top.env.agent.mon [MON] rst_n=1 | req: 1010, gnt: 0000
# KERNEL: UVM_INFO /home/runner/scoreboard.sv(51) @ 2515: uvm_test_top.env.scb [arb_scoreboard] Scoreboard received item
# KERNEL: UVM_INFO /home/runner/scoreboard.sv(55) @ 2515: uvm_test_top.env.scb [SCB_PASS] Match Req=1010 ,Exp:0000, Act: 0000
# KERNEL: UVM_INFO /home/runner/driver.sv(45) @ 2515: uvm_test_top.env.agent.drv [DRV] Driving rst_n = 1 | req = 1111
# KERNEL: UVM_INFO /home/runner/monitor.sv(31) @ 2525: uvm_test_top.env.agent.mon [MON] rst_n=1 | req: 1111, gnt: 0010
# KERNEL: UVM_INFO /home/runner/scoreboard.sv(51) @ 2525: uvm_test_top.env.scb [arb_scoreboard] Scoreboard received item
# KERNEL: UVM_INFO /home/runner/scoreboard.sv(55) @ 2525: uvm_test_top.env.scb [SCB_PASS] Match Req=1111 ,Exp:0010, Act: 0010
# KERNEL: UVM_INFO /home/runner/driver.sv(45) @ 2525: uvm_test_top.env.agent.drv [DRV] Driving rst_n = 0 | req = 1101
# KERNEL: UVM_INFO /home/runner/monitor.sv(31) @ 2535: uvm_test_top.env.agent.mon [MON] rst_n=0 | req: 1101, gnt: 0000
# KERNEL: UVM_INFO /home/runner/scoreboard.sv(29) @ 2535: uvm_test_top.env.scb [SCB_RST] System in Reset, checking for clear outputs
# KERNEL: UVM_INFO /home/runner/driver.sv(45) @ 2535: uvm_test_top.env.agent.drv [DRV] Driving rst_n = 1 | req = 0110
# KERNEL: UVM_INFO /home/runner/monitor.sv(31) @ 2545: uvm_test_top.env.agent.mon [MON] rst_n=1 | req: 0110, gnt: 0000
# KERNEL: UVM_INFO /home/runner/scoreboard.sv(51) @ 2545: uvm_test_top.env.scb [arb_scoreboard] Scoreboard received item
# KERNEL: UVM_INFO /home/runner/scoreboard.sv(55) @ 2545: uvm_test_top.env.scb [SCB_PASS] Match Req=0110 ,Exp:0000, Act: 0000
# KERNEL: UVM_INFO /home/runner/driver.sv(45) @ 2545: uvm_test_top.env.agent.drv [DRV] Driving rst_n = 1 | req = 1000
# KERNEL: UVM_INFO /home/runner/monitor.sv(31) @ 2555: uvm_test_top.env.agent.mon [MON] rst_n=1 | req: 1000, gnt: 0010
# KERNEL: UVM_INFO /home/runner/scoreboard.sv(51) @ 2555: uvm_test_top.env.scb [arb_scoreboard] Scoreboard received item
# KERNEL: UVM_INFO /home/runner/scoreboard.sv(55) @ 2555: uvm_test_top.env.scb [SCB_PASS] Match Req=1000 ,Exp:0010, Act: 0010
# KERNEL: UVM_INFO /home/runner/driver.sv(45) @ 2555: uvm_test_top.env.agent.drv [DRV] Driving rst_n = 1 | req = 0101
# KERNEL: UVM_INFO /home/runner/monitor.sv(31) @ 2565: uvm_test_top.env.agent.mon [MON] rst_n=1 | req: 0101, gnt: 1000
# KERNEL: UVM_INFO /home/runner/scoreboard.sv(51) @ 2565: uvm_test_top.env.scb [arb_scoreboard] Scoreboard received item
# KERNEL: UVM_INFO /home/runner/scoreboard.sv(55) @ 2565: uvm_test_top.env.scb [SCB_PASS] Match Req=0101 ,Exp:1000, Act: 1000
# KERNEL: UVM_INFO /home/runner/driver.sv(45) @ 2565: uvm_test_top.env.agent.drv [DRV] Driving rst_n = 1 | req = 1011
# KERNEL: UVM_INFO /home/runner/monitor.sv(31) @ 2575: uvm_test_top.env.agent.mon [MON] rst_n=1 | req: 1011, gnt: 0001
# KERNEL: UVM_INFO /home/runner/scoreboard.sv(51) @ 2575: uvm_test_top.env.scb [arb_scoreboard] Scoreboard received item
# KERNEL: UVM_INFO /home/runner/scoreboard.sv(55) @ 2575: uvm_test_top.env.scb [SCB_PASS] Match Req=1011 ,Exp:0001, Act: 0001
# KERNEL: UVM_INFO /home/runner/driver.sv(45) @ 2575: uvm_test_top.env.agent.drv [DRV] Driving rst_n = 1 | req = 1100
# KERNEL: UVM_INFO /home/runner/monitor.sv(31) @ 2585: uvm_test_top.env.agent.mon [MON] rst_n=1 | req: 1100, gnt: 0010
# KERNEL: UVM_INFO /home/runner/scoreboard.sv(51) @ 2585: uvm_test_top.env.scb [arb_scoreboard] Scoreboard received item
# KERNEL: UVM_INFO /home/runner/scoreboard.sv(55) @ 2585: uvm_test_top.env.scb [SCB_PASS] Match Req=1100 ,Exp:0010, Act: 0010
# KERNEL: UVM_INFO /home/runner/driver.sv(45) @ 2585: uvm_test_top.env.agent.drv [DRV] Driving rst_n = 1 | req = 0110
# KERNEL: UVM_INFO /home/runner/monitor.sv(31) @ 2595: uvm_test_top.env.agent.mon [MON] rst_n=1 | req: 0110, gnt: 0100
# KERNEL: UVM_INFO /home/runner/scoreboard.sv(51) @ 2595: uvm_test_top.env.scb [arb_scoreboard] Scoreboard received item
# KERNEL: UVM_INFO /home/runner/scoreboard.sv(55) @ 2595: uvm_test_top.env.scb [SCB_PASS] Match Req=0110 ,Exp:0100, Act: 0100
# KERNEL: UVM_INFO /home/runner/driver.sv(45) @ 2595: uvm_test_top.env.agent.drv [DRV] Driving rst_n = 1 | req = 1011
# KERNEL: UVM_INFO /home/runner/monitor.sv(31) @ 2605: uvm_test_top.env.agent.mon [MON] rst_n=1 | req: 1011, gnt: 0010
# KERNEL: UVM_INFO /home/runner/scoreboard.sv(51) @ 2605: uvm_test_top.env.scb [arb_scoreboard] Scoreboard received item
# KERNEL: UVM_INFO /home/runner/scoreboard.sv(55) @ 2605: uvm_test_top.env.scb [SCB_PASS] Match Req=1011 ,Exp:0010, Act: 0010
# KERNEL: UVM_INFO /home/runner/driver.sv(45) @ 2605: uvm_test_top.env.agent.drv [DRV] Driving rst_n = 1 | req = 1001
# KERNEL: UVM_INFO /home/runner/monitor.sv(31) @ 2615: uvm_test_top.env.agent.mon [MON] rst_n=1 | req: 1001, gnt: 1000
# KERNEL: UVM_INFO /home/runner/scoreboard.sv(51) @ 2615: uvm_test_top.env.scb [arb_scoreboard] Scoreboard received item
# KERNEL: UVM_INFO /home/runner/scoreboard.sv(55) @ 2615: uvm_test_top.env.scb [SCB_PASS] Match Req=1001 ,Exp:1000, Act: 1000
# KERNEL: UVM_INFO /home/runner/driver.sv(45) @ 2615: uvm_test_top.env.agent.drv [DRV] Driving rst_n = 1 | req = 0010
# KERNEL: UVM_INFO /home/runner/monitor.sv(31) @ 2625: uvm_test_top.env.agent.mon [MON] rst_n=1 | req: 0010, gnt: 0001
# KERNEL: UVM_INFO /home/runner/scoreboard.sv(51) @ 2625: uvm_test_top.env.scb [arb_scoreboard] Scoreboard received item
# KERNEL: UVM_INFO /home/runner/scoreboard.sv(55) @ 2625: uvm_test_top.env.scb [SCB_PASS] Match Req=0010 ,Exp:0001, Act: 0001
# KERNEL: UVM_INFO /home/runner/driver.sv(45) @ 2625: uvm_test_top.env.agent.drv [DRV] Driving rst_n = 1 | req = 0100
# KERNEL: UVM_INFO /home/runner/monitor.sv(31) @ 2635: uvm_test_top.env.agent.mon [MON] rst_n=1 | req: 0100, gnt: 0010
# KERNEL: UVM_INFO /home/runner/scoreboard.sv(51) @ 2635: uvm_test_top.env.scb [arb_scoreboard] Scoreboard received item
# KERNEL: UVM_INFO /home/runner/scoreboard.sv(55) @ 2635: uvm_test_top.env.scb [SCB_PASS] Match Req=0100 ,Exp:0010, Act: 0010
# KERNEL: UVM_INFO /home/runner/driver.sv(45) @ 2635: uvm_test_top.env.agent.drv [DRV] Driving rst_n = 1 | req = 0001
# KERNEL: UVM_INFO /home/runner/monitor.sv(31) @ 2645: uvm_test_top.env.agent.mon [MON] rst_n=1 | req: 0001, gnt: 0100
# KERNEL: UVM_INFO /home/runner/scoreboard.sv(51) @ 2645: uvm_test_top.env.scb [arb_scoreboard] Scoreboard received item
# KERNEL: UVM_INFO /home/runner/scoreboard.sv(55) @ 2645: uvm_test_top.env.scb [SCB_PASS] Match Req=0001 ,Exp:0100, Act: 0100
# KERNEL: UVM_INFO /home/runner/driver.sv(45) @ 2645: uvm_test_top.env.agent.drv [DRV] Driving rst_n = 1 | req = 0111
# KERNEL: UVM_INFO /home/runner/monitor.sv(31) @ 2655: uvm_test_top.env.agent.mon [MON] rst_n=1 | req: 0111, gnt: 0001
# KERNEL: UVM_INFO /home/runner/scoreboard.sv(51) @ 2655: uvm_test_top.env.scb [arb_scoreboard] Scoreboard received item
# KERNEL: UVM_INFO /home/runner/scoreboard.sv(55) @ 2655: uvm_test_top.env.scb [SCB_PASS] Match Req=0111 ,Exp:0001, Act: 0001
# KERNEL: UVM_INFO /home/runner/driver.sv(45) @ 2655: uvm_test_top.env.agent.drv [DRV] Driving rst_n = 1 | req = 1000
# KERNEL: UVM_INFO /home/runner/monitor.sv(31) @ 2665: uvm_test_top.env.agent.mon [MON] rst_n=1 | req: 1000, gnt: 0010
# KERNEL: UVM_INFO /home/runner/scoreboard.sv(51) @ 2665: uvm_test_top.env.scb [arb_scoreboard] Scoreboard received item
# KERNEL: UVM_INFO /home/runner/scoreboard.sv(55) @ 2665: uvm_test_top.env.scb [SCB_PASS] Match Req=1000 ,Exp:0010, Act: 0010
# KERNEL: UVM_INFO /home/runner/driver.sv(45) @ 2665: uvm_test_top.env.agent.drv [DRV] Driving rst_n = 0 | req = 0010
# KERNEL: UVM_INFO /home/runner/monitor.sv(31) @ 2675: uvm_test_top.env.agent.mon [MON] rst_n=0 | req: 0010, gnt: 0000
# KERNEL: UVM_INFO /home/runner/scoreboard.sv(29) @ 2675: uvm_test_top.env.scb [SCB_RST] System in Reset, checking for clear outputs
# KERNEL: UVM_INFO /home/runner/driver.sv(45) @ 2675: uvm_test_top.env.agent.drv [DRV] Driving rst_n = 1 | req = 0111
# KERNEL: UVM_INFO /home/runner/monitor.sv(31) @ 2685: uvm_test_top.env.agent.mon [MON] rst_n=1 | req: 0111, gnt: 0000
# KERNEL: UVM_INFO /home/runner/scoreboard.sv(51) @ 2685: uvm_test_top.env.scb [arb_scoreboard] Scoreboard received item
# KERNEL: UVM_INFO /home/runner/scoreboard.sv(55) @ 2685: uvm_test_top.env.scb [SCB_PASS] Match Req=0111 ,Exp:0000, Act: 0000
# KERNEL: UVM_INFO /home/runner/driver.sv(45) @ 2685: uvm_test_top.env.agent.drv [DRV] Driving rst_n = 1 | req = 0101
# KERNEL: UVM_INFO /home/runner/monitor.sv(31) @ 2695: uvm_test_top.env.agent.mon [MON] rst_n=1 | req: 0101, gnt: 0001
# KERNEL: UVM_INFO /home/runner/scoreboard.sv(51) @ 2695: uvm_test_top.env.scb [arb_scoreboard] Scoreboard received item
# KERNEL: UVM_INFO /home/runner/scoreboard.sv(55) @ 2695: uvm_test_top.env.scb [SCB_PASS] Match Req=0101 ,Exp:0001, Act: 0001
# KERNEL: UVM_INFO /home/runner/driver.sv(45) @ 2695: uvm_test_top.env.agent.drv [DRV] Driving rst_n = 1 | req = 1110
# KERNEL: UVM_INFO /home/runner/monitor.sv(31) @ 2705: uvm_test_top.env.agent.mon [MON] rst_n=1 | req: 1110, gnt: 0100
# KERNEL: UVM_INFO /home/runner/scoreboard.sv(51) @ 2705: uvm_test_top.env.scb [arb_scoreboard] Scoreboard received item
# KERNEL: UVM_INFO /home/runner/scoreboard.sv(55) @ 2705: uvm_test_top.env.scb [SCB_PASS] Match Req=1110 ,Exp:0100, Act: 0100
# KERNEL: UVM_INFO /home/runner/driver.sv(45) @ 2705: uvm_test_top.env.agent.drv [DRV] Driving rst_n = 1 | req = 0000
# KERNEL: UVM_INFO /home/runner/monitor.sv(31) @ 2715: uvm_test_top.env.agent.mon [MON] rst_n=1 | req: 0000, gnt: 1000
# KERNEL: UVM_INFO /home/runner/scoreboard.sv(51) @ 2715: uvm_test_top.env.scb [arb_scoreboard] Scoreboard received item
# KERNEL: UVM_INFO /home/runner/scoreboard.sv(55) @ 2715: uvm_test_top.env.scb [SCB_PASS] Match Req=0000 ,Exp:1000, Act: 1000
# KERNEL: UVM_INFO /home/runner/driver.sv(45) @ 2715: uvm_test_top.env.agent.drv [DRV] Driving rst_n = 0 | req = 1101
# KERNEL: UVM_INFO /home/runner/monitor.sv(31) @ 2725: uvm_test_top.env.agent.mon [MON] rst_n=0 | req: 1101, gnt: 0000
# KERNEL: UVM_INFO /home/runner/scoreboard.sv(29) @ 2725: uvm_test_top.env.scb [SCB_RST] System in Reset, checking for clear outputs
# KERNEL: UVM_INFO /home/runner/driver.sv(45) @ 2725: uvm_test_top.env.agent.drv [DRV] Driving rst_n = 1 | req = 0011
# KERNEL: UVM_INFO /home/runner/monitor.sv(31) @ 2735: uvm_test_top.env.agent.mon [MON] rst_n=1 | req: 0011, gnt: 0000
# KERNEL: UVM_INFO /home/runner/scoreboard.sv(51) @ 2735: uvm_test_top.env.scb [arb_scoreboard] Scoreboard received item
# KERNEL: UVM_INFO /home/runner/scoreboard.sv(55) @ 2735: uvm_test_top.env.scb [SCB_PASS] Match Req=0011 ,Exp:0000, Act: 0000
# KERNEL: UVM_INFO /home/runner/driver.sv(45) @ 2735: uvm_test_top.env.agent.drv [DRV] Driving rst_n = 1 | req = 0100
# KERNEL: UVM_INFO /home/runner/monitor.sv(31) @ 2745: uvm_test_top.env.agent.mon [MON] rst_n=1 | req: 0100, gnt: 0001
# KERNEL: UVM_INFO /home/runner/scoreboard.sv(51) @ 2745: uvm_test_top.env.scb [arb_scoreboard] Scoreboard received item
# KERNEL: UVM_INFO /home/runner/scoreboard.sv(55) @ 2745: uvm_test_top.env.scb [SCB_PASS] Match Req=0100 ,Exp:0001, Act: 0001
# KERNEL: UVM_INFO /home/runner/driver.sv(45) @ 2745: uvm_test_top.env.agent.drv [DRV] Driving rst_n = 1 | req = 1110
# KERNEL: UVM_INFO /home/runner/monitor.sv(31) @ 2755: uvm_test_top.env.agent.mon [MON] rst_n=1 | req: 1110, gnt: 0100
# KERNEL: UVM_INFO /home/runner/scoreboard.sv(51) @ 2755: uvm_test_top.env.scb [arb_scoreboard] Scoreboard received item
# KERNEL: UVM_INFO /home/runner/scoreboard.sv(55) @ 2755: uvm_test_top.env.scb [SCB_PASS] Match Req=1110 ,Exp:0100, Act: 0100
# KERNEL: UVM_INFO /home/runner/driver.sv(45) @ 2755: uvm_test_top.env.agent.drv [DRV] Driving rst_n = 1 | req = 0011
# KERNEL: UVM_INFO /home/runner/monitor.sv(31) @ 2765: uvm_test_top.env.agent.mon [MON] rst_n=1 | req: 0011, gnt: 1000
# KERNEL: UVM_INFO /home/runner/scoreboard.sv(51) @ 2765: uvm_test_top.env.scb [arb_scoreboard] Scoreboard received item
# KERNEL: UVM_INFO /home/runner/scoreboard.sv(55) @ 2765: uvm_test_top.env.scb [SCB_PASS] Match Req=0011 ,Exp:1000, Act: 1000
# KERNEL: UVM_INFO /home/runner/driver.sv(45) @ 2765: uvm_test_top.env.agent.drv [DRV] Driving rst_n = 0 | req = 0001
# KERNEL: UVM_INFO /home/runner/monitor.sv(31) @ 2775: uvm_test_top.env.agent.mon [MON] rst_n=0 | req: 0001, gnt: 0000
# KERNEL: UVM_INFO /home/runner/scoreboard.sv(29) @ 2775: uvm_test_top.env.scb [SCB_RST] System in Reset, checking for clear outputs
# KERNEL: UVM_INFO /home/runner/driver.sv(45) @ 2775: uvm_test_top.env.agent.drv [DRV] Driving rst_n = 1 | req = 1010
# KERNEL: UVM_INFO /home/runner/monitor.sv(31) @ 2785: uvm_test_top.env.agent.mon [MON] rst_n=1 | req: 1010, gnt: 0000
# KERNEL: UVM_INFO /home/runner/scoreboard.sv(51) @ 2785: uvm_test_top.env.scb [arb_scoreboard] Scoreboard received item
# KERNEL: UVM_INFO /home/runner/scoreboard.sv(55) @ 2785: uvm_test_top.env.scb [SCB_PASS] Match Req=1010 ,Exp:0000, Act: 0000
# KERNEL: UVM_INFO /home/runner/driver.sv(45) @ 2785: uvm_test_top.env.agent.drv [DRV] Driving rst_n = 1 | req = 1100
# KERNEL: UVM_INFO /home/runner/monitor.sv(31) @ 2795: uvm_test_top.env.agent.mon [MON] rst_n=1 | req: 1100, gnt: 0010
# KERNEL: UVM_INFO /home/runner/scoreboard.sv(51) @ 2795: uvm_test_top.env.scb [arb_scoreboard] Scoreboard received item
# KERNEL: UVM_INFO /home/runner/scoreboard.sv(55) @ 2795: uvm_test_top.env.scb [SCB_PASS] Match Req=1100 ,Exp:0010, Act: 0010
# KERNEL: UVM_INFO /home/runner/driver.sv(45) @ 2795: uvm_test_top.env.agent.drv [DRV] Driving rst_n = 0 | req = 1001
# KERNEL: UVM_INFO /home/runner/monitor.sv(31) @ 2805: uvm_test_top.env.agent.mon [MON] rst_n=0 | req: 1001, gnt: 0000
# KERNEL: UVM_INFO /home/runner/scoreboard.sv(29) @ 2805: uvm_test_top.env.scb [SCB_RST] System in Reset, checking for clear outputs
# KERNEL: UVM_INFO /home/runner/driver.sv(45) @ 2805: uvm_test_top.env.agent.drv [DRV] Driving rst_n = 0 | req = 1111
# KERNEL: UVM_INFO /home/runner/monitor.sv(31) @ 2815: uvm_test_top.env.agent.mon [MON] rst_n=0 | req: 1111, gnt: 0000
# KERNEL: UVM_INFO /home/runner/scoreboard.sv(29) @ 2815: uvm_test_top.env.scb [SCB_RST] System in Reset, checking for clear outputs
# KERNEL: UVM_INFO /home/runner/driver.sv(45) @ 2815: uvm_test_top.env.agent.drv [DRV] Driving rst_n = 1 | req = 0000
# KERNEL: UVM_INFO /home/runner/monitor.sv(31) @ 2825: uvm_test_top.env.agent.mon [MON] rst_n=1 | req: 0000, gnt: 0000
# KERNEL: UVM_INFO /home/runner/scoreboard.sv(51) @ 2825: uvm_test_top.env.scb [arb_scoreboard] Scoreboard received item
# KERNEL: UVM_INFO /home/runner/scoreboard.sv(55) @ 2825: uvm_test_top.env.scb [SCB_PASS] Match Req=0000 ,Exp:0000, Act: 0000
# KERNEL: UVM_INFO /home/runner/driver.sv(45) @ 2825: uvm_test_top.env.agent.drv [DRV] Driving rst_n = 1 | req = 1010
# KERNEL: UVM_INFO /home/runner/monitor.sv(31) @ 2835: uvm_test_top.env.agent.mon [MON] rst_n=1 | req: 1010, gnt: 0000
# KERNEL: UVM_INFO /home/runner/scoreboard.sv(51) @ 2835: uvm_test_top.env.scb [arb_scoreboard] Scoreboard received item
# KERNEL: UVM_INFO /home/runner/scoreboard.sv(55) @ 2835: uvm_test_top.env.scb [SCB_PASS] Match Req=1010 ,Exp:0000, Act: 0000
# KERNEL: UVM_INFO /home/runner/driver.sv(45) @ 2835: uvm_test_top.env.agent.drv [DRV] Driving rst_n = 1 | req = 1111
# KERNEL: UVM_INFO /home/runner/monitor.sv(31) @ 2845: uvm_test_top.env.agent.mon [MON] rst_n=1 | req: 1111, gnt: 0010
# KERNEL: UVM_INFO /home/runner/scoreboard.sv(51) @ 2845: uvm_test_top.env.scb [arb_scoreboard] Scoreboard received item
# KERNEL: UVM_INFO /home/runner/scoreboard.sv(55) @ 2845: uvm_test_top.env.scb [SCB_PASS] Match Req=1111 ,Exp:0010, Act: 0010
# KERNEL: UVM_INFO /home/runner/driver.sv(45) @ 2845: uvm_test_top.env.agent.drv [DRV] Driving rst_n = 1 | req = 1101
# KERNEL: UVM_INFO /home/runner/monitor.sv(31) @ 2855: uvm_test_top.env.agent.mon [MON] rst_n=1 | req: 1101, gnt: 0100
# KERNEL: UVM_INFO /home/runner/scoreboard.sv(51) @ 2855: uvm_test_top.env.scb [arb_scoreboard] Scoreboard received item
# KERNEL: UVM_INFO /home/runner/scoreboard.sv(55) @ 2855: uvm_test_top.env.scb [SCB_PASS] Match Req=1101 ,Exp:0100, Act: 0100
# KERNEL: UVM_INFO /home/runner/driver.sv(45) @ 2855: uvm_test_top.env.agent.drv [DRV] Driving rst_n = 1 | req = 0110
# KERNEL: UVM_INFO /home/runner/monitor.sv(31) @ 2865: uvm_test_top.env.agent.mon [MON] rst_n=1 | req: 0110, gnt: 1000
# KERNEL: UVM_INFO /home/runner/scoreboard.sv(51) @ 2865: uvm_test_top.env.scb [arb_scoreboard] Scoreboard received item
# KERNEL: UVM_INFO /home/runner/scoreboard.sv(55) @ 2865: uvm_test_top.env.scb [SCB_PASS] Match Req=0110 ,Exp:1000, Act: 1000
# KERNEL: UVM_INFO /home/runner/driver.sv(45) @ 2865: uvm_test_top.env.agent.drv [DRV] Driving rst_n = 1 | req = 1000
# KERNEL: UVM_INFO /home/runner/monitor.sv(31) @ 2875: uvm_test_top.env.agent.mon [MON] rst_n=1 | req: 1000, gnt: 0010
# KERNEL: UVM_INFO /home/runner/scoreboard.sv(51) @ 2875: uvm_test_top.env.scb [arb_scoreboard] Scoreboard received item
# KERNEL: UVM_INFO /home/runner/scoreboard.sv(55) @ 2875: uvm_test_top.env.scb [SCB_PASS] Match Req=1000 ,Exp:0010, Act: 0010
# KERNEL: UVM_INFO /home/runner/driver.sv(45) @ 2875: uvm_test_top.env.agent.drv [DRV] Driving rst_n = 1 | req = 0101
# KERNEL: UVM_INFO /home/runner/monitor.sv(31) @ 2885: uvm_test_top.env.agent.mon [MON] rst_n=1 | req: 0101, gnt: 1000
# KERNEL: UVM_INFO /home/runner/scoreboard.sv(51) @ 2885: uvm_test_top.env.scb [arb_scoreboard] Scoreboard received item
# KERNEL: UVM_INFO /home/runner/scoreboard.sv(55) @ 2885: uvm_test_top.env.scb [SCB_PASS] Match Req=0101 ,Exp:1000, Act: 1000
# KERNEL: UVM_INFO /home/runner/driver.sv(45) @ 2885: uvm_test_top.env.agent.drv [DRV] Driving rst_n = 1 | req = 1011
# KERNEL: UVM_INFO /home/runner/monitor.sv(31) @ 2895: uvm_test_top.env.agent.mon [MON] rst_n=1 | req: 1011, gnt: 0001
# KERNEL: UVM_INFO /home/runner/scoreboard.sv(51) @ 2895: uvm_test_top.env.scb [arb_scoreboard] Scoreboard received item
# KERNEL: UVM_INFO /home/runner/scoreboard.sv(55) @ 2895: uvm_test_top.env.scb [SCB_PASS] Match Req=1011 ,Exp:0001, Act: 0001
# KERNEL: UVM_INFO /home/runner/driver.sv(45) @ 2895: uvm_test_top.env.agent.drv [DRV] Driving rst_n = 1 | req = 1100
# KERNEL: UVM_INFO /home/runner/monitor.sv(31) @ 2905: uvm_test_top.env.agent.mon [MON] rst_n=1 | req: 1100, gnt: 0010
# KERNEL: UVM_INFO /home/runner/scoreboard.sv(51) @ 2905: uvm_test_top.env.scb [arb_scoreboard] Scoreboard received item
# KERNEL: UVM_INFO /home/runner/scoreboard.sv(55) @ 2905: uvm_test_top.env.scb [SCB_PASS] Match Req=1100 ,Exp:0010, Act: 0010
# KERNEL: UVM_INFO /home/runner/driver.sv(45) @ 2905: uvm_test_top.env.agent.drv [DRV] Driving rst_n = 1 | req = 1101
# KERNEL: UVM_INFO /home/runner/monitor.sv(31) @ 2915: uvm_test_top.env.agent.mon [MON] rst_n=1 | req: 1101, gnt: 0100
# KERNEL: UVM_INFO /home/runner/scoreboard.sv(51) @ 2915: uvm_test_top.env.scb [arb_scoreboard] Scoreboard received item
# KERNEL: UVM_INFO /home/runner/scoreboard.sv(55) @ 2915: uvm_test_top.env.scb [SCB_PASS] Match Req=1101 ,Exp:0100, Act: 0100
# KERNEL: UVM_INFO /home/runner/driver.sv(45) @ 2915: uvm_test_top.env.agent.drv [DRV] Driving rst_n = 1 | req = 0001
# KERNEL: UVM_INFO /home/runner/monitor.sv(31) @ 2925: uvm_test_top.env.agent.mon [MON] rst_n=1 | req: 0001, gnt: 1000
# KERNEL: UVM_INFO /home/runner/scoreboard.sv(51) @ 2925: uvm_test_top.env.scb [arb_scoreboard] Scoreboard received item
# KERNEL: UVM_INFO /home/runner/scoreboard.sv(55) @ 2925: uvm_test_top.env.scb [SCB_PASS] Match Req=0001 ,Exp:1000, Act: 1000
# KERNEL: UVM_INFO /home/runner/driver.sv(45) @ 2925: uvm_test_top.env.agent.drv [DRV] Driving rst_n = 1 | req = 0000
# KERNEL: UVM_INFO /home/runner/monitor.sv(31) @ 2935: uvm_test_top.env.agent.mon [MON] rst_n=1 | req: 0000, gnt: 0001
# KERNEL: UVM_INFO /home/runner/scoreboard.sv(51) @ 2935: uvm_test_top.env.scb [arb_scoreboard] Scoreboard received item
# KERNEL: UVM_INFO /home/runner/scoreboard.sv(55) @ 2935: uvm_test_top.env.scb [SCB_PASS] Match Req=0000 ,Exp:0001, Act: 0001
# KERNEL: UVM_INFO /home/runner/driver.sv(45) @ 2935: uvm_test_top.env.agent.drv [DRV] Driving rst_n = 1 | req = 1000
# KERNEL: UVM_INFO /home/runner/monitor.sv(31) @ 2945: uvm_test_top.env.agent.mon [MON] rst_n=1 | req: 1000, gnt: 0000
# KERNEL: UVM_INFO /home/runner/scoreboard.sv(51) @ 2945: uvm_test_top.env.scb [arb_scoreboard] Scoreboard received item
# KERNEL: UVM_INFO /home/runner/scoreboard.sv(55) @ 2945: uvm_test_top.env.scb [SCB_PASS] Match Req=1000 ,Exp:0000, Act: 0000
# KERNEL: UVM_INFO /home/runner/driver.sv(45) @ 2945: uvm_test_top.env.agent.drv [DRV] Driving rst_n = 1 | req = 1011
# KERNEL: UVM_INFO /home/runner/monitor.sv(31) @ 2955: uvm_test_top.env.agent.mon [MON] rst_n=1 | req: 1011, gnt: 1000
# KERNEL: UVM_INFO /home/runner/scoreboard.sv(51) @ 2955: uvm_test_top.env.scb [arb_scoreboard] Scoreboard received item
# KERNEL: UVM_INFO /home/runner/scoreboard.sv(55) @ 2955: uvm_test_top.env.scb [SCB_PASS] Match Req=1011 ,Exp:1000, Act: 1000
# KERNEL: UVM_INFO /home/runner/driver.sv(45) @ 2955: uvm_test_top.env.agent.drv [DRV] Driving rst_n = 0 | req = 0111
# KERNEL: UVM_INFO /home/runner/monitor.sv(31) @ 2965: uvm_test_top.env.agent.mon [MON] rst_n=0 | req: 0111, gnt: 0000
# KERNEL: UVM_INFO /home/runner/scoreboard.sv(29) @ 2965: uvm_test_top.env.scb [SCB_RST] System in Reset, checking for clear outputs
# KERNEL: UVM_INFO /home/runner/driver.sv(45) @ 2965: uvm_test_top.env.agent.drv [DRV] Driving rst_n = 1 | req = 1110
# KERNEL: UVM_INFO /home/runner/monitor.sv(31) @ 2975: uvm_test_top.env.agent.mon [MON] rst_n=1 | req: 1110, gnt: 0000
# KERNEL: UVM_INFO /home/runner/scoreboard.sv(51) @ 2975: uvm_test_top.env.scb [arb_scoreboard] Scoreboard received item
# KERNEL: UVM_INFO /home/runner/scoreboard.sv(55) @ 2975: uvm_test_top.env.scb [SCB_PASS] Match Req=1110 ,Exp:0000, Act: 0000
# KERNEL: UVM_INFO /home/runner/driver.sv(45) @ 2975: uvm_test_top.env.agent.drv [DRV] Driving rst_n = 1 | req = 1110
# KERNEL: UVM_INFO /home/runner/monitor.sv(31) @ 2985: uvm_test_top.env.agent.mon [MON] rst_n=1 | req: 1110, gnt: 0010
# KERNEL: UVM_INFO /home/runner/scoreboard.sv(51) @ 2985: uvm_test_top.env.scb [arb_scoreboard] Scoreboard received item
# KERNEL: UVM_INFO /home/runner/scoreboard.sv(55) @ 2985: uvm_test_top.env.scb [SCB_PASS] Match Req=1110 ,Exp:0010, Act: 0010
# KERNEL: UVM_INFO /home/runner/driver.sv(45) @ 2985: uvm_test_top.env.agent.drv [DRV] Driving rst_n = 1 | req = 1001
# KERNEL: UVM_INFO /home/runner/monitor.sv(31) @ 2995: uvm_test_top.env.agent.mon [MON] rst_n=1 | req: 1001, gnt: 0100
# KERNEL: UVM_INFO /home/runner/scoreboard.sv(51) @ 2995: uvm_test_top.env.scb [arb_scoreboard] Scoreboard received item
# KERNEL: UVM_INFO /home/runner/scoreboard.sv(55) @ 2995: uvm_test_top.env.scb [SCB_PASS] Match Req=1001 ,Exp:0100, Act: 0100
# KERNEL: UVM_INFO /home/runner/driver.sv(45) @ 2995: uvm_test_top.env.agent.drv [DRV] Driving rst_n = 1 | req = 1101
# KERNEL: UVM_INFO /home/runner/monitor.sv(31) @ 3005: uvm_test_top.env.agent.mon [MON] rst_n=1 | req: 1101, gnt: 1000
# KERNEL: UVM_INFO /home/runner/scoreboard.sv(51) @ 3005: uvm_test_top.env.scb [arb_scoreboard] Scoreboard received item
# KERNEL: UVM_INFO /home/runner/scoreboard.sv(55) @ 3005: uvm_test_top.env.scb [SCB_PASS] Match Req=1101 ,Exp:1000, Act: 1000
# KERNEL: UVM_INFO /home/runner/driver.sv(45) @ 3005: uvm_test_top.env.agent.drv [DRV] Driving rst_n = 1 | req = 1100
# KERNEL: UVM_INFO /home/runner/monitor.sv(31) @ 3015: uvm_test_top.env.agent.mon [MON] rst_n=1 | req: 1100, gnt: 0001
# KERNEL: UVM_INFO /home/runner/scoreboard.sv(51) @ 3015: uvm_test_top.env.scb [arb_scoreboard] Scoreboard received item
# KERNEL: UVM_INFO /home/runner/scoreboard.sv(55) @ 3015: uvm_test_top.env.scb [SCB_PASS] Match Req=1100 ,Exp:0001, Act: 0001
# KERNEL: UVM_INFO /home/runner/driver.sv(45) @ 3015: uvm_test_top.env.agent.drv [DRV] Driving rst_n = 1 | req = 0100
# KERNEL: UVM_INFO /home/runner/monitor.sv(31) @ 3025: uvm_test_top.env.agent.mon [MON] rst_n=1 | req: 0100, gnt: 0100
# KERNEL: UVM_INFO /home/runner/scoreboard.sv(51) @ 3025: uvm_test_top.env.scb [arb_scoreboard] Scoreboard received item
# KERNEL: UVM_INFO /home/runner/scoreboard.sv(55) @ 3025: uvm_test_top.env.scb [SCB_PASS] Match Req=0100 ,Exp:0100, Act: 0100
# KERNEL: UVM_INFO /home/runner/driver.sv(45) @ 3025: uvm_test_top.env.agent.drv [DRV] Driving rst_n = 1 | req = 0111
# KERNEL: UVM_INFO /home/runner/monitor.sv(31) @ 3035: uvm_test_top.env.agent.mon [MON] rst_n=1 | req: 0111, gnt: 0100
# KERNEL: UVM_INFO /home/runner/scoreboard.sv(51) @ 3035: uvm_test_top.env.scb [arb_scoreboard] Scoreboard received item
# KERNEL: UVM_INFO /home/runner/scoreboard.sv(55) @ 3035: uvm_test_top.env.scb [SCB_PASS] Match Req=0111 ,Exp:0100, Act: 0100
# KERNEL: UVM_INFO /home/runner/driver.sv(45) @ 3035: uvm_test_top.env.agent.drv [DRV] Driving rst_n = 1 | req = 0011
# KERNEL: UVM_INFO /home/runner/monitor.sv(31) @ 3045: uvm_test_top.env.agent.mon [MON] rst_n=1 | req: 0011, gnt: 0001
# KERNEL: UVM_INFO /home/runner/scoreboard.sv(51) @ 3045: uvm_test_top.env.scb [arb_scoreboard] Scoreboard received item
# KERNEL: UVM_INFO /home/runner/scoreboard.sv(55) @ 3045: uvm_test_top.env.scb [SCB_PASS] Match Req=0011 ,Exp:0001, Act: 0001
# KERNEL: UVM_INFO /home/runner/driver.sv(45) @ 3045: uvm_test_top.env.agent.drv [DRV] Driving rst_n = 1 | req = 1010
# KERNEL: UVM_INFO /home/runner/monitor.sv(31) @ 3055: uvm_test_top.env.agent.mon [MON] rst_n=1 | req: 1010, gnt: 0010
# KERNEL: UVM_INFO /home/runner/scoreboard.sv(51) @ 3055: uvm_test_top.env.scb [arb_scoreboard] Scoreboard received item
# KERNEL: UVM_INFO /home/runner/scoreboard.sv(55) @ 3055: uvm_test_top.env.scb [SCB_PASS] Match Req=1010 ,Exp:0010, Act: 0010
# KERNEL: UVM_INFO /home/runner/driver.sv(45) @ 3055: uvm_test_top.env.agent.drv [DRV] Driving rst_n = 1 | req = 1010
# KERNEL: UVM_INFO /home/runner/monitor.sv(31) @ 3065: uvm_test_top.env.agent.mon [MON] rst_n=1 | req: 1010, gnt: 1000
# KERNEL: UVM_INFO /home/runner/scoreboard.sv(51) @ 3065: uvm_test_top.env.scb [arb_scoreboard] Scoreboard received item
# KERNEL: UVM_INFO /home/runner/scoreboard.sv(55) @ 3065: uvm_test_top.env.scb [SCB_PASS] Match Req=1010 ,Exp:1000, Act: 1000
# KERNEL: UVM_INFO /home/runner/driver.sv(45) @ 3065: uvm_test_top.env.agent.drv [DRV] Driving rst_n = 1 | req = 0101
# KERNEL: UVM_INFO /home/runner/monitor.sv(31) @ 3075: uvm_test_top.env.agent.mon [MON] rst_n=1 | req: 0101, gnt: 0010
# KERNEL: UVM_INFO /home/runner/scoreboard.sv(51) @ 3075: uvm_test_top.env.scb [arb_scoreboard] Scoreboard received item
# KERNEL: UVM_INFO /home/runner/scoreboard.sv(55) @ 3075: uvm_test_top.env.scb [SCB_PASS] Match Req=0101 ,Exp:0010, Act: 0010
# KERNEL: UVM_INFO /home/runner/driver.sv(45) @ 3075: uvm_test_top.env.agent.drv [DRV] Driving rst_n = 1 | req = 1001
# KERNEL: UVM_INFO /home/runner/monitor.sv(31) @ 3085: uvm_test_top.env.agent.mon [MON] rst_n=1 | req: 1001, gnt: 0100
# KERNEL: UVM_INFO /home/runner/scoreboard.sv(51) @ 3085: uvm_test_top.env.scb [arb_scoreboard] Scoreboard received item
# KERNEL: UVM_INFO /home/runner/scoreboard.sv(55) @ 3085: uvm_test_top.env.scb [SCB_PASS] Match Req=1001 ,Exp:0100, Act: 0100
# KERNEL: UVM_INFO /home/runner/driver.sv(45) @ 3085: uvm_test_top.env.agent.drv [DRV] Driving rst_n = 1 | req = 1000
# KERNEL: UVM_INFO /home/runner/monitor.sv(31) @ 3095: uvm_test_top.env.agent.mon [MON] rst_n=1 | req: 1000, gnt: 1000
# KERNEL: UVM_INFO /home/runner/scoreboard.sv(51) @ 3095: uvm_test_top.env.scb [arb_scoreboard] Scoreboard received item
# KERNEL: UVM_INFO /home/runner/scoreboard.sv(55) @ 3095: uvm_test_top.env.scb [SCB_PASS] Match Req=1000 ,Exp:1000, Act: 1000
# KERNEL: UVM_INFO /home/runner/driver.sv(45) @ 3095: uvm_test_top.env.agent.drv [DRV] Driving rst_n = 1 | req = 0000
# KERNEL: UVM_INFO /home/runner/monitor.sv(31) @ 3105: uvm_test_top.env.agent.mon [MON] rst_n=1 | req: 0000, gnt: 1000
# KERNEL: UVM_INFO /home/runner/scoreboard.sv(51) @ 3105: uvm_test_top.env.scb [arb_scoreboard] Scoreboard received item
# KERNEL: UVM_INFO /home/runner/scoreboard.sv(55) @ 3105: uvm_test_top.env.scb [SCB_PASS] Match Req=0000 ,Exp:1000, Act: 1000
# KERNEL: UVM_INFO /home/runner/driver.sv(45) @ 3105: uvm_test_top.env.agent.drv [DRV] Driving rst_n = 1 | req = 0011
# KERNEL: UVM_INFO /home/runner/monitor.sv(31) @ 3115: uvm_test_top.env.agent.mon [MON] rst_n=1 | req: 0011, gnt: 0000
# KERNEL: UVM_INFO /home/runner/scoreboard.sv(51) @ 3115: uvm_test_top.env.scb [arb_scoreboard] Scoreboard received item
# KERNEL: UVM_INFO /home/runner/scoreboard.sv(55) @ 3115: uvm_test_top.env.scb [SCB_PASS] Match Req=0011 ,Exp:0000, Act: 0000
# KERNEL: UVM_INFO /home/runner/driver.sv(45) @ 3115: uvm_test_top.env.agent.drv [DRV] Driving rst_n = 1 | req = 1111
# KERNEL: UVM_INFO /home/runner/monitor.sv(31) @ 3125: uvm_test_top.env.agent.mon [MON] rst_n=1 | req: 1111, gnt: 0001
# KERNEL: UVM_INFO /home/runner/scoreboard.sv(51) @ 3125: uvm_test_top.env.scb [arb_scoreboard] Scoreboard received item
# KERNEL: UVM_INFO /home/runner/scoreboard.sv(55) @ 3125: uvm_test_top.env.scb [SCB_PASS] Match Req=1111 ,Exp:0001, Act: 0001
# KERNEL: UVM_INFO /home/runner/driver.sv(45) @ 3125: uvm_test_top.env.agent.drv [DRV] Driving rst_n = 0 | req = 0110
# KERNEL: UVM_INFO /home/runner/monitor.sv(31) @ 3135: uvm_test_top.env.agent.mon [MON] rst_n=0 | req: 0110, gnt: 0000
# KERNEL: UVM_INFO /home/runner/scoreboard.sv(29) @ 3135: uvm_test_top.env.scb [SCB_RST] System in Reset, checking for clear outputs
# KERNEL: UVM_INFO /home/runner/driver.sv(45) @ 3135: uvm_test_top.env.agent.drv [DRV] Driving rst_n = 1 | req = 0110
# KERNEL: UVM_INFO /home/runner/monitor.sv(31) @ 3145: uvm_test_top.env.agent.mon [MON] rst_n=1 | req: 0110, gnt: 0000
# KERNEL: UVM_INFO /home/runner/scoreboard.sv(51) @ 3145: uvm_test_top.env.scb [arb_scoreboard] Scoreboard received item
# KERNEL: UVM_INFO /home/runner/scoreboard.sv(55) @ 3145: uvm_test_top.env.scb [SCB_PASS] Match Req=0110 ,Exp:0000, Act: 0000
# KERNEL: UVM_INFO /home/runner/driver.sv(45) @ 3145: uvm_test_top.env.agent.drv [DRV] Driving rst_n = 1 | req = 0001
# KERNEL: UVM_INFO /home/runner/monitor.sv(31) @ 3155: uvm_test_top.env.agent.mon [MON] rst_n=1 | req: 0001, gnt: 0010
# KERNEL: UVM_INFO /home/runner/scoreboard.sv(51) @ 3155: uvm_test_top.env.scb [arb_scoreboard] Scoreboard received item
# KERNEL: UVM_INFO /home/runner/scoreboard.sv(55) @ 3155: uvm_test_top.env.scb [SCB_PASS] Match Req=0001 ,Exp:0010, Act: 0010
# KERNEL: UVM_INFO /home/runner/driver.sv(45) @ 3155: uvm_test_top.env.agent.drv [DRV] Driving rst_n = 1 | req = 0101
# KERNEL: UVM_INFO /home/runner/monitor.sv(31) @ 3165: uvm_test_top.env.agent.mon [MON] rst_n=1 | req: 0101, gnt: 0001
# KERNEL: UVM_INFO /home/runner/scoreboard.sv(51) @ 3165: uvm_test_top.env.scb [arb_scoreboard] Scoreboard received item
# KERNEL: UVM_INFO /home/runner/scoreboard.sv(55) @ 3165: uvm_test_top.env.scb [SCB_PASS] Match Req=0101 ,Exp:0001, Act: 0001
# KERNEL: UVM_INFO /home/runner/driver.sv(45) @ 3165: uvm_test_top.env.agent.drv [DRV] Driving rst_n = 1 | req = 0100
# KERNEL: UVM_INFO /home/runner/monitor.sv(31) @ 3175: uvm_test_top.env.agent.mon [MON] rst_n=1 | req: 0100, gnt: 0100
# KERNEL: UVM_INFO /home/runner/scoreboard.sv(51) @ 3175: uvm_test_top.env.scb [arb_scoreboard] Scoreboard received item
# KERNEL: UVM_INFO /home/runner/scoreboard.sv(55) @ 3175: uvm_test_top.env.scb [SCB_PASS] Match Req=0100 ,Exp:0100, Act: 0100
# KERNEL: UVM_INFO /home/runner/driver.sv(45) @ 3175: uvm_test_top.env.agent.drv [DRV] Driving rst_n = 1 | req = 1100
# KERNEL: UVM_INFO /home/runner/monitor.sv(31) @ 3185: uvm_test_top.env.agent.mon [MON] rst_n=1 | req: 1100, gnt: 0100
# KERNEL: UVM_INFO /home/runner/scoreboard.sv(51) @ 3185: uvm_test_top.env.scb [arb_scoreboard] Scoreboard received item
# KERNEL: UVM_INFO /home/runner/scoreboard.sv(55) @ 3185: uvm_test_top.env.scb [SCB_PASS] Match Req=1100 ,Exp:0100, Act: 0100
# KERNEL: UVM_INFO /home/runner/driver.sv(45) @ 3185: uvm_test_top.env.agent.drv [DRV] Driving rst_n = 1 | req = 1111
# KERNEL: UVM_INFO /home/runner/monitor.sv(31) @ 3195: uvm_test_top.env.agent.mon [MON] rst_n=1 | req: 1111, gnt: 1000
# KERNEL: UVM_INFO /home/runner/scoreboard.sv(51) @ 3195: uvm_test_top.env.scb [arb_scoreboard] Scoreboard received item
# KERNEL: UVM_INFO /home/runner/scoreboard.sv(55) @ 3195: uvm_test_top.env.scb [SCB_PASS] Match Req=1111 ,Exp:1000, Act: 1000
# KERNEL: UVM_INFO /home/runner/driver.sv(45) @ 3195: uvm_test_top.env.agent.drv [DRV] Driving rst_n = 1 | req = 1011
# KERNEL: UVM_INFO /home/runner/monitor.sv(31) @ 3205: uvm_test_top.env.agent.mon [MON] rst_n=1 | req: 1011, gnt: 0001
# KERNEL: UVM_INFO /home/runner/scoreboard.sv(51) @ 3205: uvm_test_top.env.scb [arb_scoreboard] Scoreboard received item
# KERNEL: UVM_INFO /home/runner/scoreboard.sv(55) @ 3205: uvm_test_top.env.scb [SCB_PASS] Match Req=1011 ,Exp:0001, Act: 0001
# KERNEL: UVM_INFO /home/runner/driver.sv(45) @ 3205: uvm_test_top.env.agent.drv [DRV] Driving rst_n = 1 | req = 0010
# KERNEL: UVM_INFO /home/runner/monitor.sv(31) @ 3215: uvm_test_top.env.agent.mon [MON] rst_n=1 | req: 0010, gnt: 0010
# KERNEL: UVM_INFO /home/runner/scoreboard.sv(51) @ 3215: uvm_test_top.env.scb [arb_scoreboard] Scoreboard received item
# KERNEL: UVM_INFO /home/runner/scoreboard.sv(55) @ 3215: uvm_test_top.env.scb [SCB_PASS] Match Req=0010 ,Exp:0010, Act: 0010
# KERNEL: UVM_INFO /home/runner/driver.sv(45) @ 3215: uvm_test_top.env.agent.drv [DRV] Driving rst_n = 0 | req = 0010
# KERNEL: UVM_INFO /home/runner/monitor.sv(31) @ 3225: uvm_test_top.env.agent.mon [MON] rst_n=0 | req: 0010, gnt: 0000
# KERNEL: UVM_INFO /home/runner/scoreboard.sv(29) @ 3225: uvm_test_top.env.scb [SCB_RST] System in Reset, checking for clear outputs
# KERNEL: UVM_INFO /home/runner/driver.sv(45) @ 3225: uvm_test_top.env.agent.drv [DRV] Driving rst_n = 1 | req = 1101
# KERNEL: UVM_INFO /home/runner/monitor.sv(31) @ 3235: uvm_test_top.env.agent.mon [MON] rst_n=1 | req: 1101, gnt: 0000
# KERNEL: UVM_INFO /home/runner/scoreboard.sv(51) @ 3235: uvm_test_top.env.scb [arb_scoreboard] Scoreboard received item
# KERNEL: UVM_INFO /home/runner/scoreboard.sv(55) @ 3235: uvm_test_top.env.scb [SCB_PASS] Match Req=1101 ,Exp:0000, Act: 0000
# KERNEL: UVM_INFO /home/runner/driver.sv(45) @ 3235: uvm_test_top.env.agent.drv [DRV] Driving rst_n = 1 | req = 0001
# KERNEL: UVM_INFO /home/runner/monitor.sv(31) @ 3245: uvm_test_top.env.agent.mon [MON] rst_n=1 | req: 0001, gnt: 0001
# KERNEL: UVM_INFO /home/runner/scoreboard.sv(51) @ 3245: uvm_test_top.env.scb [arb_scoreboard] Scoreboard received item
# KERNEL: UVM_INFO /home/runner/scoreboard.sv(55) @ 3245: uvm_test_top.env.scb [SCB_PASS] Match Req=0001 ,Exp:0001, Act: 0001
# KERNEL: UVM_INFO /home/runner/driver.sv(45) @ 3245: uvm_test_top.env.agent.drv [DRV] Driving rst_n = 0 | req = 0000
# KERNEL: UVM_INFO /home/runner/monitor.sv(31) @ 3255: uvm_test_top.env.agent.mon [MON] rst_n=0 | req: 0000, gnt: 0000
# KERNEL: UVM_INFO /home/runner/scoreboard.sv(29) @ 3255: uvm_test_top.env.scb [SCB_RST] System in Reset, checking for clear outputs
# KERNEL: UVM_INFO /home/runner/driver.sv(45) @ 3255: uvm_test_top.env.agent.drv [DRV] Driving rst_n = 1 | req = 1000
# KERNEL: UVM_INFO /home/runner/monitor.sv(31) @ 3265: uvm_test_top.env.agent.mon [MON] rst_n=1 | req: 1000, gnt: 0000
# KERNEL: UVM_INFO /home/runner/scoreboard.sv(51) @ 3265: uvm_test_top.env.scb [arb_scoreboard] Scoreboard received item
# KERNEL: UVM_INFO /home/runner/scoreboard.sv(55) @ 3265: uvm_test_top.env.scb [SCB_PASS] Match Req=1000 ,Exp:0000, Act: 0000
# KERNEL: UVM_INFO /home/runner/driver.sv(45) @ 3265: uvm_test_top.env.agent.drv [DRV] Driving rst_n = 1 | req = 1011
# KERNEL: UVM_INFO /home/runner/monitor.sv(31) @ 3275: uvm_test_top.env.agent.mon [MON] rst_n=1 | req: 1011, gnt: 1000
# KERNEL: UVM_INFO /home/runner/scoreboard.sv(51) @ 3275: uvm_test_top.env.scb [arb_scoreboard] Scoreboard received item
# KERNEL: UVM_INFO /home/runner/scoreboard.sv(55) @ 3275: uvm_test_top.env.scb [SCB_PASS] Match Req=1011 ,Exp:1000, Act: 1000
# KERNEL: UVM_INFO /home/runner/driver.sv(45) @ 3275: uvm_test_top.env.agent.drv [DRV] Driving rst_n = 1 | req = 0111
# KERNEL: UVM_INFO /home/runner/monitor.sv(31) @ 3285: uvm_test_top.env.agent.mon [MON] rst_n=1 | req: 0111, gnt: 0001
# KERNEL: UVM_INFO /home/runner/scoreboard.sv(51) @ 3285: uvm_test_top.env.scb [arb_scoreboard] Scoreboard received item
# KERNEL: UVM_INFO /home/runner/scoreboard.sv(55) @ 3285: uvm_test_top.env.scb [SCB_PASS] Match Req=0111 ,Exp:0001, Act: 0001
# KERNEL: UVM_INFO /home/runner/driver.sv(45) @ 3285: uvm_test_top.env.agent.drv [DRV] Driving rst_n = 1 | req = 1110
# KERNEL: UVM_INFO /home/runner/monitor.sv(31) @ 3295: uvm_test_top.env.agent.mon [MON] rst_n=1 | req: 1110, gnt: 0010
# KERNEL: UVM_INFO /home/runner/scoreboard.sv(51) @ 3295: uvm_test_top.env.scb [arb_scoreboard] Scoreboard received item
# KERNEL: UVM_INFO /home/runner/scoreboard.sv(55) @ 3295: uvm_test_top.env.scb [SCB_PASS] Match Req=1110 ,Exp:0010, Act: 0010
# KERNEL: UVM_INFO /home/runner/driver.sv(45) @ 3295: uvm_test_top.env.agent.drv [DRV] Driving rst_n = 1 | req = 1110
# KERNEL: UVM_INFO /home/runner/monitor.sv(31) @ 3305: uvm_test_top.env.agent.mon [MON] rst_n=1 | req: 1110, gnt: 0100
# KERNEL: UVM_INFO /home/runner/scoreboard.sv(51) @ 3305: uvm_test_top.env.scb [arb_scoreboard] Scoreboard received item
# KERNEL: UVM_INFO /home/runner/scoreboard.sv(55) @ 3305: uvm_test_top.env.scb [SCB_PASS] Match Req=1110 ,Exp:0100, Act: 0100
# KERNEL: UVM_INFO /home/runner/driver.sv(45) @ 3305: uvm_test_top.env.agent.drv [DRV] Driving rst_n = 1 | req = 1001
# KERNEL: UVM_INFO /home/runner/monitor.sv(31) @ 3315: uvm_test_top.env.agent.mon [MON] rst_n=1 | req: 1001, gnt: 1000
# KERNEL: UVM_INFO /home/runner/scoreboard.sv(51) @ 3315: uvm_test_top.env.scb [arb_scoreboard] Scoreboard received item
# KERNEL: UVM_INFO /home/runner/scoreboard.sv(55) @ 3315: uvm_test_top.env.scb [SCB_PASS] Match Req=1001 ,Exp:1000, Act: 1000
# KERNEL: UVM_INFO /home/runner/driver.sv(45) @ 3315: uvm_test_top.env.agent.drv [DRV] Driving rst_n = 1 | req = 1101
# KERNEL: UVM_INFO /home/runner/monitor.sv(31) @ 3325: uvm_test_top.env.agent.mon [MON] rst_n=1 | req: 1101, gnt: 0001
# KERNEL: UVM_INFO /home/runner/scoreboard.sv(51) @ 3325: uvm_test_top.env.scb [arb_scoreboard] Scoreboard received item
# KERNEL: UVM_INFO /home/runner/scoreboard.sv(55) @ 3325: uvm_test_top.env.scb [SCB_PASS] Match Req=1101 ,Exp:0001, Act: 0001
# KERNEL: UVM_INFO /home/runner/driver.sv(45) @ 3325: uvm_test_top.env.agent.drv [DRV] Driving rst_n = 1 | req = 1100
# KERNEL: UVM_INFO /home/runner/monitor.sv(31) @ 3335: uvm_test_top.env.agent.mon [MON] rst_n=1 | req: 1100, gnt: 0100
# KERNEL: UVM_INFO /home/runner/scoreboard.sv(51) @ 3335: uvm_test_top.env.scb [arb_scoreboard] Scoreboard received item
# KERNEL: UVM_INFO /home/runner/scoreboard.sv(55) @ 3335: uvm_test_top.env.scb [SCB_PASS] Match Req=1100 ,Exp:0100, Act: 0100
# KERNEL: UVM_INFO /home/runner/driver.sv(45) @ 3335: uvm_test_top.env.agent.drv [DRV] Driving rst_n = 1 | req = 0100
# KERNEL: UVM_INFO /home/runner/monitor.sv(31) @ 3345: uvm_test_top.env.agent.mon [MON] rst_n=1 | req: 0100, gnt: 1000
# KERNEL: UVM_INFO /home/runner/scoreboard.sv(51) @ 3345: uvm_test_top.env.scb [arb_scoreboard] Scoreboard received item
# KERNEL: UVM_INFO /home/runner/scoreboard.sv(55) @ 3345: uvm_test_top.env.scb [SCB_PASS] Match Req=0100 ,Exp:1000, Act: 1000
# KERNEL: UVM_INFO /home/runner/driver.sv(45) @ 3345: uvm_test_top.env.agent.drv [DRV] Driving rst_n = 1 | req = 0111
# KERNEL: UVM_INFO /home/runner/monitor.sv(31) @ 3355: uvm_test_top.env.agent.mon [MON] rst_n=1 | req: 0111, gnt: 0100
# KERNEL: UVM_INFO /home/runner/scoreboard.sv(51) @ 3355: uvm_test_top.env.scb [arb_scoreboard] Scoreboard received item
# KERNEL: UVM_INFO /home/runner/scoreboard.sv(55) @ 3355: uvm_test_top.env.scb [SCB_PASS] Match Req=0111 ,Exp:0100, Act: 0100
# KERNEL: UVM_INFO /home/runner/driver.sv(45) @ 3355: uvm_test_top.env.agent.drv [DRV] Driving rst_n = 1 | req = 0011
# KERNEL: UVM_INFO /home/runner/monitor.sv(31) @ 3365: uvm_test_top.env.agent.mon [MON] rst_n=1 | req: 0011, gnt: 0001
# KERNEL: UVM_INFO /home/runner/scoreboard.sv(51) @ 3365: uvm_test_top.env.scb [arb_scoreboard] Scoreboard received item
# KERNEL: UVM_INFO /home/runner/scoreboard.sv(55) @ 3365: uvm_test_top.env.scb [SCB_PASS] Match Req=0011 ,Exp:0001, Act: 0001
# KERNEL: UVM_INFO /home/runner/driver.sv(45) @ 3365: uvm_test_top.env.agent.drv [DRV] Driving rst_n = 1 | req = 1010
# KERNEL: UVM_INFO /home/runner/monitor.sv(31) @ 3375: uvm_test_top.env.agent.mon [MON] rst_n=1 | req: 1010, gnt: 0010
# KERNEL: UVM_INFO /home/runner/scoreboard.sv(51) @ 3375: uvm_test_top.env.scb [arb_scoreboard] Scoreboard received item
# KERNEL: UVM_INFO /home/runner/scoreboard.sv(55) @ 3375: uvm_test_top.env.scb [SCB_PASS] Match Req=1010 ,Exp:0010, Act: 0010
# KERNEL: UVM_INFO /home/runner/driver.sv(45) @ 3375: uvm_test_top.env.agent.drv [DRV] Driving rst_n = 1 | req = 1010
# KERNEL: UVM_INFO /home/runner/monitor.sv(31) @ 3385: uvm_test_top.env.agent.mon [MON] rst_n=1 | req: 1010, gnt: 1000
# KERNEL: UVM_INFO /home/runner/scoreboard.sv(51) @ 3385: uvm_test_top.env.scb [arb_scoreboard] Scoreboard received item
# KERNEL: UVM_INFO /home/runner/scoreboard.sv(55) @ 3385: uvm_test_top.env.scb [SCB_PASS] Match Req=1010 ,Exp:1000, Act: 1000
# KERNEL: UVM_INFO /home/runner/driver.sv(45) @ 3385: uvm_test_top.env.agent.drv [DRV] Driving rst_n = 0 | req = 0101
# KERNEL: UVM_INFO /home/runner/monitor.sv(31) @ 3395: uvm_test_top.env.agent.mon [MON] rst_n=0 | req: 0101, gnt: 0000
# KERNEL: UVM_INFO /home/runner/scoreboard.sv(29) @ 3395: uvm_test_top.env.scb [SCB_RST] System in Reset, checking for clear outputs
# KERNEL: UVM_INFO /home/runner/driver.sv(45) @ 3395: uvm_test_top.env.agent.drv [DRV] Driving rst_n = 1 | req = 1001
# KERNEL: UVM_INFO /home/runner/monitor.sv(31) @ 3405: uvm_test_top.env.agent.mon [MON] rst_n=1 | req: 1001, gnt: 0000
# KERNEL: UVM_INFO /home/runner/scoreboard.sv(51) @ 3405: uvm_test_top.env.scb [arb_scoreboard] Scoreboard received item
# KERNEL: UVM_INFO /home/runner/scoreboard.sv(55) @ 3405: uvm_test_top.env.scb [SCB_PASS] Match Req=1001 ,Exp:0000, Act: 0000
# KERNEL: UVM_INFO /home/runner/driver.sv(45) @ 3405: uvm_test_top.env.agent.drv [DRV] Driving rst_n = 1 | req = 1000
# KERNEL: UVM_INFO /home/runner/monitor.sv(31) @ 3415: uvm_test_top.env.agent.mon [MON] rst_n=1 | req: 1000, gnt: 0001
# KERNEL: UVM_INFO /home/runner/scoreboard.sv(51) @ 3415: uvm_test_top.env.scb [arb_scoreboard] Scoreboard received item
# KERNEL: UVM_INFO /home/runner/scoreboard.sv(55) @ 3415: uvm_test_top.env.scb [SCB_PASS] Match Req=1000 ,Exp:0001, Act: 0001
# KERNEL: UVM_INFO /home/runner/driver.sv(45) @ 3415: uvm_test_top.env.agent.drv [DRV] Driving rst_n = 1 | req = 0000
# KERNEL: UVM_INFO /home/runner/monitor.sv(31) @ 3425: uvm_test_top.env.agent.mon [MON] rst_n=1 | req: 0000, gnt: 1000
# KERNEL: UVM_INFO /home/runner/scoreboard.sv(51) @ 3425: uvm_test_top.env.scb [arb_scoreboard] Scoreboard received item
# KERNEL: UVM_INFO /home/runner/scoreboard.sv(55) @ 3425: uvm_test_top.env.scb [SCB_PASS] Match Req=0000 ,Exp:1000, Act: 1000
# KERNEL: UVM_INFO /home/runner/driver.sv(45) @ 3425: uvm_test_top.env.agent.drv [DRV] Driving rst_n = 1 | req = 0011
# KERNEL: UVM_INFO /home/runner/monitor.sv(31) @ 3435: uvm_test_top.env.agent.mon [MON] rst_n=1 | req: 0011, gnt: 0000
# KERNEL: UVM_INFO /home/runner/scoreboard.sv(51) @ 3435: uvm_test_top.env.scb [arb_scoreboard] Scoreboard received item
# KERNEL: UVM_INFO /home/runner/scoreboard.sv(55) @ 3435: uvm_test_top.env.scb [SCB_PASS] Match Req=0011 ,Exp:0000, Act: 0000
# KERNEL: UVM_INFO /home/runner/driver.sv(45) @ 3435: uvm_test_top.env.agent.drv [DRV] Driving rst_n = 1 | req = 1111
# KERNEL: UVM_INFO /home/runner/monitor.sv(31) @ 3445: uvm_test_top.env.agent.mon [MON] rst_n=1 | req: 1111, gnt: 0001
# KERNEL: UVM_INFO /home/runner/scoreboard.sv(51) @ 3445: uvm_test_top.env.scb [arb_scoreboard] Scoreboard received item
# KERNEL: UVM_INFO /home/runner/scoreboard.sv(55) @ 3445: uvm_test_top.env.scb [SCB_PASS] Match Req=1111 ,Exp:0001, Act: 0001
# KERNEL: UVM_INFO /home/runner/driver.sv(45) @ 3445: uvm_test_top.env.agent.drv [DRV] Driving rst_n = 1 | req = 0110
# KERNEL: UVM_INFO /home/runner/monitor.sv(31) @ 3455: uvm_test_top.env.agent.mon [MON] rst_n=1 | req: 0110, gnt: 0010
# KERNEL: UVM_INFO /home/runner/scoreboard.sv(51) @ 3455: uvm_test_top.env.scb [arb_scoreboard] Scoreboard received item
# KERNEL: UVM_INFO /home/runner/scoreboard.sv(55) @ 3455: uvm_test_top.env.scb [SCB_PASS] Match Req=0110 ,Exp:0010, Act: 0010
# KERNEL: UVM_INFO /home/runner/driver.sv(45) @ 3455: uvm_test_top.env.agent.drv [DRV] Driving rst_n = 1 | req = 1101
# KERNEL: UVM_INFO /home/runner/monitor.sv(31) @ 3465: uvm_test_top.env.agent.mon [MON] rst_n=1 | req: 1101, gnt: 0100
# KERNEL: UVM_INFO /home/runner/scoreboard.sv(51) @ 3465: uvm_test_top.env.scb [arb_scoreboard] Scoreboard received item
# KERNEL: UVM_INFO /home/runner/scoreboard.sv(55) @ 3465: uvm_test_top.env.scb [SCB_PASS] Match Req=1101 ,Exp:0100, Act: 0100
# KERNEL: UVM_INFO /home/runner/driver.sv(45) @ 3465: uvm_test_top.env.agent.drv [DRV] Driving rst_n = 1 | req = 0111
# KERNEL: UVM_INFO /home/runner/monitor.sv(31) @ 3475: uvm_test_top.env.agent.mon [MON] rst_n=1 | req: 0111, gnt: 1000
# KERNEL: UVM_INFO /home/runner/scoreboard.sv(51) @ 3475: uvm_test_top.env.scb [arb_scoreboard] Scoreboard received item
# KERNEL: UVM_INFO /home/runner/scoreboard.sv(55) @ 3475: uvm_test_top.env.scb [SCB_PASS] Match Req=0111 ,Exp:1000, Act: 1000
# KERNEL: UVM_INFO /home/runner/driver.sv(45) @ 3475: uvm_test_top.env.agent.drv [DRV] Driving rst_n = 1 | req = 1100
# KERNEL: UVM_INFO /home/runner/monitor.sv(31) @ 3485: uvm_test_top.env.agent.mon [MON] rst_n=1 | req: 1100, gnt: 0001
# KERNEL: UVM_INFO /home/runner/scoreboard.sv(51) @ 3485: uvm_test_top.env.scb [arb_scoreboard] Scoreboard received item
# KERNEL: UVM_INFO /home/runner/scoreboard.sv(55) @ 3485: uvm_test_top.env.scb [SCB_PASS] Match Req=1100 ,Exp:0001, Act: 0001
# KERNEL: UVM_INFO /home/runner/driver.sv(45) @ 3485: uvm_test_top.env.agent.drv [DRV] Driving rst_n = 1 | req = 1010
# KERNEL: UVM_INFO /home/runner/monitor.sv(31) @ 3495: uvm_test_top.env.agent.mon [MON] rst_n=1 | req: 1010, gnt: 0100
# KERNEL: UVM_INFO /home/runner/scoreboard.sv(51) @ 3495: uvm_test_top.env.scb [arb_scoreboard] Scoreboard received item
# KERNEL: UVM_INFO /home/runner/scoreboard.sv(55) @ 3495: uvm_test_top.env.scb [SCB_PASS] Match Req=1010 ,Exp:0100, Act: 0100
# KERNEL: UVM_INFO /home/runner/driver.sv(45) @ 3495: uvm_test_top.env.agent.drv [DRV] Driving rst_n = 0 | req = 0011
# KERNEL: UVM_INFO /home/runner/monitor.sv(31) @ 3505: uvm_test_top.env.agent.mon [MON] rst_n=0 | req: 0011, gnt: 0000
# KERNEL: UVM_INFO /home/runner/scoreboard.sv(29) @ 3505: uvm_test_top.env.scb [SCB_RST] System in Reset, checking for clear outputs
# KERNEL: UVM_INFO /home/runner/driver.sv(45) @ 3505: uvm_test_top.env.agent.drv [DRV] Driving rst_n = 1 | req = 0101
# KERNEL: UVM_INFO /home/runner/monitor.sv(31) @ 3515: uvm_test_top.env.agent.mon [MON] rst_n=1 | req: 0101, gnt: 0000
# KERNEL: UVM_INFO /home/runner/scoreboard.sv(51) @ 3515: uvm_test_top.env.scb [arb_scoreboard] Scoreboard received item
# KERNEL: UVM_INFO /home/runner/scoreboard.sv(55) @ 3515: uvm_test_top.env.scb [SCB_PASS] Match Req=0101 ,Exp:0000, Act: 0000
# KERNEL: UVM_INFO /home/runner/driver.sv(45) @ 3515: uvm_test_top.env.agent.drv [DRV] Driving rst_n = 1 | req = 0010
# KERNEL: UVM_INFO /home/runner/monitor.sv(31) @ 3525: uvm_test_top.env.agent.mon [MON] rst_n=1 | req: 0010, gnt: 0001
# KERNEL: UVM_INFO /home/runner/scoreboard.sv(51) @ 3525: uvm_test_top.env.scb [arb_scoreboard] Scoreboard received item
# KERNEL: UVM_INFO /home/runner/scoreboard.sv(55) @ 3525: uvm_test_top.env.scb [SCB_PASS] Match Req=0010 ,Exp:0001, Act: 0001
# KERNEL: UVM_INFO /home/runner/driver.sv(45) @ 3525: uvm_test_top.env.agent.drv [DRV] Driving rst_n = 1 | req = 1000
# KERNEL: UVM_INFO /home/runner/monitor.sv(31) @ 3535: uvm_test_top.env.agent.mon [MON] rst_n=1 | req: 1000, gnt: 0010
# KERNEL: UVM_INFO /home/runner/scoreboard.sv(51) @ 3535: uvm_test_top.env.scb [arb_scoreboard] Scoreboard received item
# KERNEL: UVM_INFO /home/runner/scoreboard.sv(55) @ 3535: uvm_test_top.env.scb [SCB_PASS] Match Req=1000 ,Exp:0010, Act: 0010
# KERNEL: UVM_INFO /home/runner/driver.sv(45) @ 3535: uvm_test_top.env.agent.drv [DRV] Driving rst_n = 1 | req = 1001
# KERNEL: UVM_INFO /home/runner/monitor.sv(31) @ 3545: uvm_test_top.env.agent.mon [MON] rst_n=1 | req: 1001, gnt: 1000
# KERNEL: UVM_INFO /home/runner/scoreboard.sv(51) @ 3545: uvm_test_top.env.scb [arb_scoreboard] Scoreboard received item
# KERNEL: UVM_INFO /home/runner/scoreboard.sv(55) @ 3545: uvm_test_top.env.scb [SCB_PASS] Match Req=1001 ,Exp:1000, Act: 1000
# KERNEL: UVM_INFO /home/runner/driver.sv(45) @ 3545: uvm_test_top.env.agent.drv [DRV] Driving rst_n = 1 | req = 0011
# KERNEL: UVM_INFO /home/runner/monitor.sv(31) @ 3555: uvm_test_top.env.agent.mon [MON] rst_n=1 | req: 0011, gnt: 0001
# KERNEL: UVM_INFO /home/runner/scoreboard.sv(51) @ 3555: uvm_test_top.env.scb [arb_scoreboard] Scoreboard received item
# KERNEL: UVM_INFO /home/runner/scoreboard.sv(55) @ 3555: uvm_test_top.env.scb [SCB_PASS] Match Req=0011 ,Exp:0001, Act: 0001
# KERNEL: UVM_INFO /home/runner/driver.sv(45) @ 3555: uvm_test_top.env.agent.drv [DRV] Driving rst_n = 1 | req = 1000
# KERNEL: UVM_INFO /home/runner/monitor.sv(31) @ 3565: uvm_test_top.env.agent.mon [MON] rst_n=1 | req: 1000, gnt: 0010
# KERNEL: UVM_INFO /home/runner/scoreboard.sv(51) @ 3565: uvm_test_top.env.scb [arb_scoreboard] Scoreboard received item
# KERNEL: UVM_INFO /home/runner/scoreboard.sv(55) @ 3565: uvm_test_top.env.scb [SCB_PASS] Match Req=1000 ,Exp:0010, Act: 0010
# KERNEL: UVM_INFO /home/runner/driver.sv(45) @ 3565: uvm_test_top.env.agent.drv [DRV] Driving rst_n = 0 | req = 0110
# KERNEL: UVM_INFO /home/runner/monitor.sv(31) @ 3575: uvm_test_top.env.agent.mon [MON] rst_n=0 | req: 0110, gnt: 0000
# KERNEL: UVM_INFO /home/runner/scoreboard.sv(29) @ 3575: uvm_test_top.env.scb [SCB_RST] System in Reset, checking for clear outputs
# KERNEL: UVM_INFO /home/runner/driver.sv(45) @ 3575: uvm_test_top.env.agent.drv [DRV] Driving rst_n = 1 | req = 1111
# KERNEL: UVM_INFO /home/runner/monitor.sv(31) @ 3585: uvm_test_top.env.agent.mon [MON] rst_n=1 | req: 1111, gnt: 0000
# KERNEL: UVM_INFO /home/runner/scoreboard.sv(51) @ 3585: uvm_test_top.env.scb [arb_scoreboard] Scoreboard received item
# KERNEL: UVM_INFO /home/runner/scoreboard.sv(55) @ 3585: uvm_test_top.env.scb [SCB_PASS] Match Req=1111 ,Exp:0000, Act: 0000
# KERNEL: UVM_INFO /home/runner/driver.sv(45) @ 3585: uvm_test_top.env.agent.drv [DRV] Driving rst_n = 1 | req = 0001
# KERNEL: UVM_INFO /home/runner/monitor.sv(31) @ 3595: uvm_test_top.env.agent.mon [MON] rst_n=1 | req: 0001, gnt: 0001
# KERNEL: UVM_INFO /home/runner/scoreboard.sv(51) @ 3595: uvm_test_top.env.scb [arb_scoreboard] Scoreboard received item
# KERNEL: UVM_INFO /home/runner/scoreboard.sv(55) @ 3595: uvm_test_top.env.scb [SCB_PASS] Match Req=0001 ,Exp:0001, Act: 0001
# KERNEL: UVM_INFO /home/runner/driver.sv(45) @ 3595: uvm_test_top.env.agent.drv [DRV] Driving rst_n = 0 | req = 1110
# KERNEL: UVM_INFO /home/runner/monitor.sv(31) @ 3605: uvm_test_top.env.agent.mon [MON] rst_n=0 | req: 1110, gnt: 0000
# KERNEL: UVM_INFO /home/runner/scoreboard.sv(29) @ 3605: uvm_test_top.env.scb [SCB_RST] System in Reset, checking for clear outputs
# KERNEL: UVM_INFO /home/runner/driver.sv(45) @ 3605: uvm_test_top.env.agent.drv [DRV] Driving rst_n = 0 | req = 0100
# KERNEL: UVM_INFO /home/runner/monitor.sv(31) @ 3615: uvm_test_top.env.agent.mon [MON] rst_n=0 | req: 0100, gnt: 0000
# KERNEL: UVM_INFO /home/runner/scoreboard.sv(29) @ 3615: uvm_test_top.env.scb [SCB_RST] System in Reset, checking for clear outputs
# KERNEL: UVM_INFO /home/runner/driver.sv(45) @ 3615: uvm_test_top.env.agent.drv [DRV] Driving rst_n = 1 | req = 0101
# KERNEL: UVM_INFO /home/runner/monitor.sv(31) @ 3625: uvm_test_top.env.agent.mon [MON] rst_n=1 | req: 0101, gnt: 0000
# KERNEL: UVM_INFO /home/runner/scoreboard.sv(51) @ 3625: uvm_test_top.env.scb [arb_scoreboard] Scoreboard received item
# KERNEL: UVM_INFO /home/runner/scoreboard.sv(55) @ 3625: uvm_test_top.env.scb [SCB_PASS] Match Req=0101 ,Exp:0000, Act: 0000
# KERNEL: UVM_INFO /home/runner/driver.sv(45) @ 3625: uvm_test_top.env.agent.drv [DRV] Driving rst_n = 1 | req = 1111
# KERNEL: UVM_INFO /home/runner/monitor.sv(31) @ 3635: uvm_test_top.env.agent.mon [MON] rst_n=1 | req: 1111, gnt: 0001
# KERNEL: UVM_INFO /home/runner/scoreboard.sv(51) @ 3635: uvm_test_top.env.scb [arb_scoreboard] Scoreboard received item
# KERNEL: UVM_INFO /home/runner/scoreboard.sv(55) @ 3635: uvm_test_top.env.scb [SCB_PASS] Match Req=1111 ,Exp:0001, Act: 0001
# KERNEL: UVM_INFO /home/runner/driver.sv(45) @ 3635: uvm_test_top.env.agent.drv [DRV] Driving rst_n = 0 | req = 0100
# KERNEL: UVM_INFO /home/runner/monitor.sv(31) @ 3645: uvm_test_top.env.agent.mon [MON] rst_n=0 | req: 0100, gnt: 0000
# KERNEL: UVM_INFO /home/runner/scoreboard.sv(29) @ 3645: uvm_test_top.env.scb [SCB_RST] System in Reset, checking for clear outputs
# KERNEL: UVM_INFO /home/runner/driver.sv(45) @ 3645: uvm_test_top.env.agent.drv [DRV] Driving rst_n = 1 | req = 0010
# KERNEL: UVM_INFO /home/runner/monitor.sv(31) @ 3655: uvm_test_top.env.agent.mon [MON] rst_n=1 | req: 0010, gnt: 0000
# KERNEL: UVM_INFO /home/runner/scoreboard.sv(51) @ 3655: uvm_test_top.env.scb [arb_scoreboard] Scoreboard received item
# KERNEL: UVM_INFO /home/runner/scoreboard.sv(55) @ 3655: uvm_test_top.env.scb [SCB_PASS] Match Req=0010 ,Exp:0000, Act: 0000
# KERNEL: UVM_INFO /home/runner/driver.sv(45) @ 3655: uvm_test_top.env.agent.drv [DRV] Driving rst_n = 1 | req = 1011
# KERNEL: UVM_INFO /home/runner/monitor.sv(31) @ 3665: uvm_test_top.env.agent.mon [MON] rst_n=1 | req: 1011, gnt: 0010
# KERNEL: UVM_INFO /home/runner/scoreboard.sv(51) @ 3665: uvm_test_top.env.scb [arb_scoreboard] Scoreboard received item
# KERNEL: UVM_INFO /home/runner/scoreboard.sv(55) @ 3665: uvm_test_top.env.scb [SCB_PASS] Match Req=1011 ,Exp:0010, Act: 0010
# KERNEL: UVM_INFO /home/runner/driver.sv(45) @ 3665: uvm_test_top.env.agent.drv [DRV] Driving rst_n = 1 | req = 1101
# KERNEL: UVM_INFO /home/runner/monitor.sv(31) @ 3675: uvm_test_top.env.agent.mon [MON] rst_n=1 | req: 1101, gnt: 1000
# KERNEL: UVM_INFO /home/runner/scoreboard.sv(51) @ 3675: uvm_test_top.env.scb [arb_scoreboard] Scoreboard received item
# KERNEL: UVM_INFO /home/runner/scoreboard.sv(55) @ 3675: uvm_test_top.env.scb [SCB_PASS] Match Req=1101 ,Exp:1000, Act: 1000
# KERNEL: UVM_INFO /home/runner/driver.sv(45) @ 3675: uvm_test_top.env.agent.drv [DRV] Driving rst_n = 1 | req = 1010
# KERNEL: UVM_INFO /home/runner/monitor.sv(31) @ 3685: uvm_test_top.env.agent.mon [MON] rst_n=1 | req: 1010, gnt: 0001
# KERNEL: UVM_INFO /home/runner/scoreboard.sv(51) @ 3685: uvm_test_top.env.scb [arb_scoreboard] Scoreboard received item
# KERNEL: UVM_INFO /home/runner/scoreboard.sv(55) @ 3685: uvm_test_top.env.scb [SCB_PASS] Match Req=1010 ,Exp:0001, Act: 0001
# KERNEL: UVM_INFO /home/runner/driver.sv(45) @ 3685: uvm_test_top.env.agent.drv [DRV] Driving rst_n = 1 | req = 0000
# KERNEL: UVM_INFO /home/runner/monitor.sv(31) @ 3695: uvm_test_top.env.agent.mon [MON] rst_n=1 | req: 0000, gnt: 0010
# KERNEL: UVM_INFO /home/runner/scoreboard.sv(51) @ 3695: uvm_test_top.env.scb [arb_scoreboard] Scoreboard received item
# KERNEL: UVM_INFO /home/runner/scoreboard.sv(55) @ 3695: uvm_test_top.env.scb [SCB_PASS] Match Req=0000 ,Exp:0010, Act: 0010
# KERNEL: UVM_INFO /home/runner/driver.sv(45) @ 3695: uvm_test_top.env.agent.drv [DRV] Driving rst_n = 1 | req = 0001
# KERNEL: UVM_INFO /home/runner/monitor.sv(31) @ 3705: uvm_test_top.env.agent.mon [MON] rst_n=1 | req: 0001, gnt: 0000
# KERNEL: UVM_INFO /home/runner/scoreboard.sv(51) @ 3705: uvm_test_top.env.scb [arb_scoreboard] Scoreboard received item
# KERNEL: UVM_INFO /home/runner/scoreboard.sv(55) @ 3705: uvm_test_top.env.scb [SCB_PASS] Match Req=0001 ,Exp:0000, Act: 0000
# KERNEL: UVM_INFO /home/runner/driver.sv(45) @ 3705: uvm_test_top.env.agent.drv [DRV] Driving rst_n = 1 | req = 1011
# KERNEL: UVM_INFO /home/runner/monitor.sv(31) @ 3715: uvm_test_top.env.agent.mon [MON] rst_n=1 | req: 1011, gnt: 0001
# KERNEL: UVM_INFO /home/runner/scoreboard.sv(51) @ 3715: uvm_test_top.env.scb [arb_scoreboard] Scoreboard received item
# KERNEL: UVM_INFO /home/runner/scoreboard.sv(55) @ 3715: uvm_test_top.env.scb [SCB_PASS] Match Req=1011 ,Exp:0001, Act: 0001
# KERNEL: UVM_INFO /home/runner/driver.sv(45) @ 3715: uvm_test_top.env.agent.drv [DRV] Driving rst_n = 1 | req = 0000
# KERNEL: UVM_INFO /home/runner/monitor.sv(31) @ 3725: uvm_test_top.env.agent.mon [MON] rst_n=1 | req: 0000, gnt: 0010
# KERNEL: UVM_INFO /home/runner/scoreboard.sv(51) @ 3725: uvm_test_top.env.scb [arb_scoreboard] Scoreboard received item
# KERNEL: UVM_INFO /home/runner/scoreboard.sv(55) @ 3725: uvm_test_top.env.scb [SCB_PASS] Match Req=0000 ,Exp:0010, Act: 0010
# KERNEL: UVM_INFO /home/runner/driver.sv(45) @ 3725: uvm_test_top.env.agent.drv [DRV] Driving rst_n = 1 | req = 1110
# KERNEL: UVM_INFO /home/runner/monitor.sv(31) @ 3735: uvm_test_top.env.agent.mon [MON] rst_n=1 | req: 1110, gnt: 0000
# KERNEL: UVM_INFO /home/runner/scoreboard.sv(51) @ 3735: uvm_test_top.env.scb [arb_scoreboard] Scoreboard received item
# KERNEL: UVM_INFO /home/runner/scoreboard.sv(55) @ 3735: uvm_test_top.env.scb [SCB_PASS] Match Req=1110 ,Exp:0000, Act: 0000
# KERNEL: UVM_INFO /home/runner/driver.sv(45) @ 3735: uvm_test_top.env.agent.drv [DRV] Driving rst_n = 1 | req = 0111
# KERNEL: UVM_INFO /home/runner/monitor.sv(31) @ 3745: uvm_test_top.env.agent.mon [MON] rst_n=1 | req: 0111, gnt: 0100
# KERNEL: UVM_INFO /home/runner/scoreboard.sv(51) @ 3745: uvm_test_top.env.scb [arb_scoreboard] Scoreboard received item
# KERNEL: UVM_INFO /home/runner/scoreboard.sv(55) @ 3745: uvm_test_top.env.scb [SCB_PASS] Match Req=0111 ,Exp:0100, Act: 0100
# KERNEL: UVM_INFO /home/runner/driver.sv(45) @ 3745: uvm_test_top.env.agent.drv [DRV] Driving rst_n = 0 | req = 1001
# KERNEL: UVM_INFO /home/runner/monitor.sv(31) @ 3755: uvm_test_top.env.agent.mon [MON] rst_n=0 | req: 1001, gnt: 0000
# KERNEL: UVM_INFO /home/runner/scoreboard.sv(29) @ 3755: uvm_test_top.env.scb [SCB_RST] System in Reset, checking for clear outputs
# KERNEL: UVM_INFO /home/runner/driver.sv(45) @ 3755: uvm_test_top.env.agent.drv [DRV] Driving rst_n = 1 | req = 0110
# KERNEL: UVM_INFO /home/runner/monitor.sv(31) @ 3765: uvm_test_top.env.agent.mon [MON] rst_n=1 | req: 0110, gnt: 0000
# KERNEL: UVM_INFO /home/runner/scoreboard.sv(51) @ 3765: uvm_test_top.env.scb [arb_scoreboard] Scoreboard received item
# KERNEL: UVM_INFO /home/runner/scoreboard.sv(55) @ 3765: uvm_test_top.env.scb [SCB_PASS] Match Req=0110 ,Exp:0000, Act: 0000
# KERNEL: UVM_INFO /home/runner/driver.sv(45) @ 3765: uvm_test_top.env.agent.drv [DRV] Driving rst_n = 1 | req = 1100
# KERNEL: UVM_INFO /home/runner/monitor.sv(31) @ 3775: uvm_test_top.env.agent.mon [MON] rst_n=1 | req: 1100, gnt: 0010
# KERNEL: UVM_INFO /home/runner/scoreboard.sv(51) @ 3775: uvm_test_top.env.scb [arb_scoreboard] Scoreboard received item
# KERNEL: UVM_INFO /home/runner/scoreboard.sv(55) @ 3775: uvm_test_top.env.scb [SCB_PASS] Match Req=1100 ,Exp:0010, Act: 0010
# KERNEL: UVM_INFO /home/runner/driver.sv(45) @ 3775: uvm_test_top.env.agent.drv [DRV] Driving rst_n = 1 | req = 1101
# KERNEL: UVM_INFO /home/runner/monitor.sv(31) @ 3785: uvm_test_top.env.agent.mon [MON] rst_n=1 | req: 1101, gnt: 0100
# KERNEL: UVM_INFO /home/runner/scoreboard.sv(51) @ 3785: uvm_test_top.env.scb [arb_scoreboard] Scoreboard received item
# KERNEL: UVM_INFO /home/runner/scoreboard.sv(55) @ 3785: uvm_test_top.env.scb [SCB_PASS] Match Req=1101 ,Exp:0100, Act: 0100
# KERNEL: UVM_INFO /home/runner/driver.sv(45) @ 3785: uvm_test_top.env.agent.drv [DRV] Driving rst_n = 1 | req = 0111
# KERNEL: UVM_INFO /home/runner/monitor.sv(31) @ 3795: uvm_test_top.env.agent.mon [MON] rst_n=1 | req: 0111, gnt: 1000
# KERNEL: UVM_INFO /home/runner/scoreboard.sv(51) @ 3795: uvm_test_top.env.scb [arb_scoreboard] Scoreboard received item
# KERNEL: UVM_INFO /home/runner/scoreboard.sv(55) @ 3795: uvm_test_top.env.scb [SCB_PASS] Match Req=0111 ,Exp:1000, Act: 1000
# KERNEL: UVM_INFO /home/runner/driver.sv(45) @ 3795: uvm_test_top.env.agent.drv [DRV] Driving rst_n = 1 | req = 1100
# KERNEL: UVM_INFO /home/runner/monitor.sv(31) @ 3805: uvm_test_top.env.agent.mon [MON] rst_n=1 | req: 1100, gnt: 0001
# KERNEL: UVM_INFO /home/runner/scoreboard.sv(51) @ 3805: uvm_test_top.env.scb [arb_scoreboard] Scoreboard received item
# KERNEL: UVM_INFO /home/runner/scoreboard.sv(55) @ 3805: uvm_test_top.env.scb [SCB_PASS] Match Req=1100 ,Exp:0001, Act: 0001
# KERNEL: UVM_INFO /home/runner/driver.sv(45) @ 3805: uvm_test_top.env.agent.drv [DRV] Driving rst_n = 1 | req = 1010
# KERNEL: UVM_INFO /home/runner/monitor.sv(31) @ 3815: uvm_test_top.env.agent.mon [MON] rst_n=1 | req: 1010, gnt: 0100
# KERNEL: UVM_INFO /home/runner/scoreboard.sv(51) @ 3815: uvm_test_top.env.scb [arb_scoreboard] Scoreboard received item
# KERNEL: UVM_INFO /home/runner/scoreboard.sv(55) @ 3815: uvm_test_top.env.scb [SCB_PASS] Match Req=1010 ,Exp:0100, Act: 0100
# KERNEL: UVM_INFO /home/runner/driver.sv(45) @ 3815: uvm_test_top.env.agent.drv [DRV] Driving rst_n = 1 | req = 0011
# KERNEL: UVM_INFO /home/runner/monitor.sv(31) @ 3825: uvm_test_top.env.agent.mon [MON] rst_n=1 | req: 0011, gnt: 1000
# KERNEL: UVM_INFO /home/runner/scoreboard.sv(51) @ 3825: uvm_test_top.env.scb [arb_scoreboard] Scoreboard received item
# KERNEL: UVM_INFO /home/runner/scoreboard.sv(55) @ 3825: uvm_test_top.env.scb [SCB_PASS] Match Req=0011 ,Exp:1000, Act: 1000
# KERNEL: UVM_INFO /home/runner/driver.sv(45) @ 3825: uvm_test_top.env.agent.drv [DRV] Driving rst_n = 1 | req = 0101
# KERNEL: UVM_INFO /home/runner/monitor.sv(31) @ 3835: uvm_test_top.env.agent.mon [MON] rst_n=1 | req: 0101, gnt: 0001
# KERNEL: UVM_INFO /home/runner/scoreboard.sv(51) @ 3835: uvm_test_top.env.scb [arb_scoreboard] Scoreboard received item
# KERNEL: UVM_INFO /home/runner/scoreboard.sv(55) @ 3835: uvm_test_top.env.scb [SCB_PASS] Match Req=0101 ,Exp:0001, Act: 0001
# KERNEL: UVM_INFO /home/runner/driver.sv(45) @ 3835: uvm_test_top.env.agent.drv [DRV] Driving rst_n = 1 | req = 0010
# KERNEL: UVM_INFO /home/runner/monitor.sv(31) @ 3845: uvm_test_top.env.agent.mon [MON] rst_n=1 | req: 0010, gnt: 0100
# KERNEL: UVM_INFO /home/runner/scoreboard.sv(51) @ 3845: uvm_test_top.env.scb [arb_scoreboard] Scoreboard received item
# KERNEL: UVM_INFO /home/runner/scoreboard.sv(55) @ 3845: uvm_test_top.env.scb [SCB_PASS] Match Req=0010 ,Exp:0100, Act: 0100
# KERNEL: UVM_INFO /home/runner/driver.sv(45) @ 3845: uvm_test_top.env.agent.drv [DRV] Driving rst_n = 1 | req = 1000
# KERNEL: UVM_INFO /home/runner/monitor.sv(31) @ 3855: uvm_test_top.env.agent.mon [MON] rst_n=1 | req: 1000, gnt: 0010
# KERNEL: UVM_INFO /home/runner/scoreboard.sv(51) @ 3855: uvm_test_top.env.scb [arb_scoreboard] Scoreboard received item
# KERNEL: UVM_INFO /home/runner/scoreboard.sv(55) @ 3855: uvm_test_top.env.scb [SCB_PASS] Match Req=1000 ,Exp:0010, Act: 0010
# KERNEL: UVM_INFO /home/runner/driver.sv(45) @ 3855: uvm_test_top.env.agent.drv [DRV] Driving rst_n = 1 | req = 1001
# KERNEL: UVM_INFO /home/runner/monitor.sv(31) @ 3865: uvm_test_top.env.agent.mon [MON] rst_n=1 | req: 1001, gnt: 1000
# KERNEL: UVM_INFO /home/runner/scoreboard.sv(51) @ 3865: uvm_test_top.env.scb [arb_scoreboard] Scoreboard received item
# KERNEL: UVM_INFO /home/runner/scoreboard.sv(55) @ 3865: uvm_test_top.env.scb [SCB_PASS] Match Req=1001 ,Exp:1000, Act: 1000
# KERNEL: UVM_INFO /home/runner/driver.sv(45) @ 3865: uvm_test_top.env.agent.drv [DRV] Driving rst_n = 0 | req = 0011
# KERNEL: UVM_INFO /home/runner/monitor.sv(31) @ 3875: uvm_test_top.env.agent.mon [MON] rst_n=0 | req: 0011, gnt: 0000
# KERNEL: UVM_INFO /home/runner/scoreboard.sv(29) @ 3875: uvm_test_top.env.scb [SCB_RST] System in Reset, checking for clear outputs
# KERNEL: UVM_INFO /home/runner/driver.sv(45) @ 3875: uvm_test_top.env.agent.drv [DRV] Driving rst_n = 1 | req = 1000
# KERNEL: UVM_INFO /home/runner/monitor.sv(31) @ 3885: uvm_test_top.env.agent.mon [MON] rst_n=1 | req: 1000, gnt: 0000
# KERNEL: UVM_INFO /home/runner/scoreboard.sv(51) @ 3885: uvm_test_top.env.scb [arb_scoreboard] Scoreboard received item
# KERNEL: UVM_INFO /home/runner/scoreboard.sv(55) @ 3885: uvm_test_top.env.scb [SCB_PASS] Match Req=1000 ,Exp:0000, Act: 0000
# KERNEL: UVM_INFO /home/runner/driver.sv(45) @ 3885: uvm_test_top.env.agent.drv [DRV] Driving rst_n = 1 | req = 0110
# KERNEL: UVM_INFO /home/runner/monitor.sv(31) @ 3895: uvm_test_top.env.agent.mon [MON] rst_n=1 | req: 0110, gnt: 1000
# KERNEL: UVM_INFO /home/runner/scoreboard.sv(51) @ 3895: uvm_test_top.env.scb [arb_scoreboard] Scoreboard received item
# KERNEL: UVM_INFO /home/runner/scoreboard.sv(55) @ 3895: uvm_test_top.env.scb [SCB_PASS] Match Req=0110 ,Exp:1000, Act: 1000
# KERNEL: UVM_INFO /home/runner/driver.sv(45) @ 3895: uvm_test_top.env.agent.drv [DRV] Driving rst_n = 1 | req = 1111
# KERNEL: UVM_INFO /home/runner/monitor.sv(31) @ 3905: uvm_test_top.env.agent.mon [MON] rst_n=1 | req: 1111, gnt: 0010
# KERNEL: UVM_INFO /home/runner/scoreboard.sv(51) @ 3905: uvm_test_top.env.scb [arb_scoreboard] Scoreboard received item
# KERNEL: UVM_INFO /home/runner/scoreboard.sv(55) @ 3905: uvm_test_top.env.scb [SCB_PASS] Match Req=1111 ,Exp:0010, Act: 0010
# KERNEL: UVM_INFO /home/runner/driver.sv(45) @ 3905: uvm_test_top.env.agent.drv [DRV] Driving rst_n = 1 | req = 0001
# KERNEL: UVM_INFO /home/runner/monitor.sv(31) @ 3915: uvm_test_top.env.agent.mon [MON] rst_n=1 | req: 0001, gnt: 0100
# KERNEL: UVM_INFO /home/runner/scoreboard.sv(51) @ 3915: uvm_test_top.env.scb [arb_scoreboard] Scoreboard received item
# KERNEL: UVM_INFO /home/runner/scoreboard.sv(55) @ 3915: uvm_test_top.env.scb [SCB_PASS] Match Req=0001 ,Exp:0100, Act: 0100
# KERNEL: UVM_INFO /home/runner/driver.sv(45) @ 3915: uvm_test_top.env.agent.drv [DRV] Driving rst_n = 1 | req = 0100
# KERNEL: UVM_INFO /home/runner/monitor.sv(31) @ 3925: uvm_test_top.env.agent.mon [MON] rst_n=1 | req: 0100, gnt: 0001
# KERNEL: UVM_INFO /home/runner/scoreboard.sv(51) @ 3925: uvm_test_top.env.scb [arb_scoreboard] Scoreboard received item
# KERNEL: UVM_INFO /home/runner/scoreboard.sv(55) @ 3925: uvm_test_top.env.scb [SCB_PASS] Match Req=0100 ,Exp:0001, Act: 0001
# KERNEL: UVM_INFO /home/runner/driver.sv(45) @ 3925: uvm_test_top.env.agent.drv [DRV] Driving rst_n = 1 | req = 1011
# KERNEL: UVM_INFO /home/runner/monitor.sv(31) @ 3935: uvm_test_top.env.agent.mon [MON] rst_n=1 | req: 1011, gnt: 0100
# KERNEL: UVM_INFO /home/runner/scoreboard.sv(51) @ 3935: uvm_test_top.env.scb [arb_scoreboard] Scoreboard received item
# KERNEL: UVM_INFO /home/runner/scoreboard.sv(55) @ 3935: uvm_test_top.env.scb [SCB_PASS] Match Req=1011 ,Exp:0100, Act: 0100
# KERNEL: UVM_INFO /home/runner/driver.sv(45) @ 3935: uvm_test_top.env.agent.drv [DRV] Driving rst_n = 1 | req = 1011
# KERNEL: UVM_INFO /home/runner/monitor.sv(31) @ 3945: uvm_test_top.env.agent.mon [MON] rst_n=1 | req: 1011, gnt: 1000
# KERNEL: UVM_INFO /home/runner/scoreboard.sv(51) @ 3945: uvm_test_top.env.scb [arb_scoreboard] Scoreboard received item
# KERNEL: UVM_INFO /home/runner/scoreboard.sv(55) @ 3945: uvm_test_top.env.scb [SCB_PASS] Match Req=1011 ,Exp:1000, Act: 1000
# KERNEL: UVM_INFO /home/runner/driver.sv(45) @ 3945: uvm_test_top.env.agent.drv [DRV] Driving rst_n = 1 | req = 0110
# KERNEL: UVM_INFO /home/runner/monitor.sv(31) @ 3955: uvm_test_top.env.agent.mon [MON] rst_n=1 | req: 0110, gnt: 0001
# KERNEL: UVM_INFO /home/runner/scoreboard.sv(51) @ 3955: uvm_test_top.env.scb [arb_scoreboard] Scoreboard received item
# KERNEL: UVM_INFO /home/runner/scoreboard.sv(55) @ 3955: uvm_test_top.env.scb [SCB_PASS] Match Req=0110 ,Exp:0001, Act: 0001
# KERNEL: UVM_INFO /home/runner/driver.sv(45) @ 3955: uvm_test_top.env.agent.drv [DRV] Driving rst_n = 0 | req = 1010
# KERNEL: UVM_INFO /home/runner/monitor.sv(31) @ 3965: uvm_test_top.env.agent.mon [MON] rst_n=0 | req: 1010, gnt: 0000
# KERNEL: UVM_INFO /home/runner/scoreboard.sv(29) @ 3965: uvm_test_top.env.scb [SCB_RST] System in Reset, checking for clear outputs
# KERNEL: UVM_INFO /home/runner/driver.sv(45) @ 3965: uvm_test_top.env.agent.drv [DRV] Driving rst_n = 1 | req = 1001
# KERNEL: UVM_INFO /home/runner/monitor.sv(31) @ 3975: uvm_test_top.env.agent.mon [MON] rst_n=1 | req: 1001, gnt: 0000
# KERNEL: UVM_INFO /home/runner/scoreboard.sv(51) @ 3975: uvm_test_top.env.scb [arb_scoreboard] Scoreboard received item
# KERNEL: UVM_INFO /home/runner/scoreboard.sv(55) @ 3975: uvm_test_top.env.scb [SCB_PASS] Match Req=1001 ,Exp:0000, Act: 0000
# KERNEL: UVM_INFO /home/runner/driver.sv(45) @ 3975: uvm_test_top.env.agent.drv [DRV] Driving rst_n = 1 | req = 0001
# KERNEL: UVM_INFO /home/runner/monitor.sv(31) @ 3985: uvm_test_top.env.agent.mon [MON] rst_n=1 | req: 0001, gnt: 0001
# KERNEL: UVM_INFO /home/runner/scoreboard.sv(51) @ 3985: uvm_test_top.env.scb [arb_scoreboard] Scoreboard received item
# KERNEL: UVM_INFO /home/runner/scoreboard.sv(55) @ 3985: uvm_test_top.env.scb [SCB_PASS] Match Req=0001 ,Exp:0001, Act: 0001
# KERNEL: UVM_INFO /home/runner/driver.sv(45) @ 3985: uvm_test_top.env.agent.drv [DRV] Driving rst_n = 1 | req = 0100
# KERNEL: UVM_INFO /home/runner/monitor.sv(31) @ 3995: uvm_test_top.env.agent.mon [MON] rst_n=1 | req: 0100, gnt: 0001
# KERNEL: UVM_INFO /home/runner/scoreboard.sv(51) @ 3995: uvm_test_top.env.scb [arb_scoreboard] Scoreboard received item
# KERNEL: UVM_INFO /home/runner/scoreboard.sv(55) @ 3995: uvm_test_top.env.scb [SCB_PASS] Match Req=0100 ,Exp:0001, Act: 0001
# KERNEL: UVM_INFO /home/runner/driver.sv(45) @ 3995: uvm_test_top.env.agent.drv [DRV] Driving rst_n = 1 | req = 0000
# KERNEL: UVM_INFO /home/runner/monitor.sv(31) @ 4005: uvm_test_top.env.agent.mon [MON] rst_n=1 | req: 0000, gnt: 0100
# KERNEL: UVM_INFO /home/runner/scoreboard.sv(51) @ 4005: uvm_test_top.env.scb [arb_scoreboard] Scoreboard received item
# KERNEL: UVM_INFO /home/runner/scoreboard.sv(55) @ 4005: uvm_test_top.env.scb [SCB_PASS] Match Req=0000 ,Exp:0100, Act: 0100
# KERNEL: UVM_INFO /home/runner/driver.sv(45) @ 4005: uvm_test_top.env.agent.drv [DRV] Driving rst_n = 1 | req = 0111
# KERNEL: UVM_INFO /home/runner/monitor.sv(31) @ 4015: uvm_test_top.env.agent.mon [MON] rst_n=1 | req: 0111, gnt: 0000
# KERNEL: UVM_INFO /home/runner/scoreboard.sv(51) @ 4015: uvm_test_top.env.scb [arb_scoreboard] Scoreboard received item
# KERNEL: UVM_INFO /home/runner/scoreboard.sv(55) @ 4015: uvm_test_top.env.scb [SCB_PASS] Match Req=0111 ,Exp:0000, Act: 0000
# KERNEL: UVM_INFO /home/runner/driver.sv(45) @ 4015: uvm_test_top.env.agent.drv [DRV] Driving rst_n = 1 | req = 0111
# KERNEL: UVM_INFO /home/runner/monitor.sv(31) @ 4025: uvm_test_top.env.agent.mon [MON] rst_n=1 | req: 0111, gnt: 0001
# KERNEL: UVM_INFO /home/runner/scoreboard.sv(51) @ 4025: uvm_test_top.env.scb [arb_scoreboard] Scoreboard received item
# KERNEL: UVM_INFO /home/runner/scoreboard.sv(55) @ 4025: uvm_test_top.env.scb [SCB_PASS] Match Req=0111 ,Exp:0001, Act: 0001
# KERNEL: UVM_INFO /home/runner/driver.sv(45) @ 4025: uvm_test_top.env.agent.drv [DRV] Driving rst_n = 1 | req = 0010
# KERNEL: UVM_INFO /home/runner/monitor.sv(31) @ 4035: uvm_test_top.env.agent.mon [MON] rst_n=1 | req: 0010, gnt: 0010
# KERNEL: UVM_INFO /home/runner/scoreboard.sv(51) @ 4035: uvm_test_top.env.scb [arb_scoreboard] Scoreboard received item
# KERNEL: UVM_INFO /home/runner/scoreboard.sv(55) @ 4035: uvm_test_top.env.scb [SCB_PASS] Match Req=0010 ,Exp:0010, Act: 0010
# KERNEL: UVM_INFO /home/runner/driver.sv(45) @ 4035: uvm_test_top.env.agent.drv [DRV] Driving rst_n = 1 | req = 0110
# KERNEL: UVM_INFO /home/runner/monitor.sv(31) @ 4045: uvm_test_top.env.agent.mon [MON] rst_n=1 | req: 0110, gnt: 0010
# KERNEL: UVM_INFO /home/runner/scoreboard.sv(51) @ 4045: uvm_test_top.env.scb [arb_scoreboard] Scoreboard received item
# KERNEL: UVM_INFO /home/runner/scoreboard.sv(55) @ 4045: uvm_test_top.env.scb [SCB_PASS] Match Req=0110 ,Exp:0010, Act: 0010
# KERNEL: UVM_INFO /home/runner/driver.sv(45) @ 4045: uvm_test_top.env.agent.drv [DRV] Driving rst_n = 1 | req = 0101
# KERNEL: UVM_INFO /home/runner/monitor.sv(31) @ 4055: uvm_test_top.env.agent.mon [MON] rst_n=1 | req: 0101, gnt: 0100
# KERNEL: UVM_INFO /home/runner/scoreboard.sv(51) @ 4055: uvm_test_top.env.scb [arb_scoreboard] Scoreboard received item
# KERNEL: UVM_INFO /home/runner/scoreboard.sv(55) @ 4055: uvm_test_top.env.scb [SCB_PASS] Match Req=0101 ,Exp:0100, Act: 0100
# KERNEL: UVM_INFO /home/runner/driver.sv(45) @ 4055: uvm_test_top.env.agent.drv [DRV] Driving rst_n = 1 | req = 1101
# KERNEL: UVM_INFO /home/runner/monitor.sv(31) @ 4065: uvm_test_top.env.agent.mon [MON] rst_n=1 | req: 1101, gnt: 0001
# KERNEL: UVM_INFO /home/runner/scoreboard.sv(51) @ 4065: uvm_test_top.env.scb [arb_scoreboard] Scoreboard received item
# KERNEL: UVM_INFO /home/runner/scoreboard.sv(55) @ 4065: uvm_test_top.env.scb [SCB_PASS] Match Req=1101 ,Exp:0001, Act: 0001
# KERNEL: UVM_INFO /home/runner/driver.sv(45) @ 4065: uvm_test_top.env.agent.drv [DRV] Driving rst_n = 1 | req = 0000
# KERNEL: UVM_INFO /home/runner/monitor.sv(31) @ 4075: uvm_test_top.env.agent.mon [MON] rst_n=1 | req: 0000, gnt: 0100
# KERNEL: UVM_INFO /home/runner/scoreboard.sv(51) @ 4075: uvm_test_top.env.scb [arb_scoreboard] Scoreboard received item
# KERNEL: UVM_INFO /home/runner/scoreboard.sv(55) @ 4075: uvm_test_top.env.scb [SCB_PASS] Match Req=0000 ,Exp:0100, Act: 0100
# KERNEL: UVM_INFO /home/runner/driver.sv(45) @ 4075: uvm_test_top.env.agent.drv [DRV] Driving rst_n = 0 | req = 1100
# KERNEL: UVM_INFO /home/runner/monitor.sv(31) @ 4085: uvm_test_top.env.agent.mon [MON] rst_n=0 | req: 1100, gnt: 0000
# KERNEL: UVM_INFO /home/runner/scoreboard.sv(29) @ 4085: uvm_test_top.env.scb [SCB_RST] System in Reset, checking for clear outputs
# KERNEL: UVM_INFO /home/runner/driver.sv(45) @ 4085: uvm_test_top.env.agent.drv [DRV] Driving rst_n = 1 | req = 0011
# KERNEL: UVM_INFO /home/runner/monitor.sv(31) @ 4095: uvm_test_top.env.agent.mon [MON] rst_n=1 | req: 0011, gnt: 0000
# KERNEL: UVM_INFO /home/runner/scoreboard.sv(51) @ 4095: uvm_test_top.env.scb [arb_scoreboard] Scoreboard received item
# KERNEL: UVM_INFO /home/runner/scoreboard.sv(55) @ 4095: uvm_test_top.env.scb [SCB_PASS] Match Req=0011 ,Exp:0000, Act: 0000
# KERNEL: UVM_INFO /home/runner/driver.sv(45) @ 4095: uvm_test_top.env.agent.drv [DRV] Driving rst_n = 1 | req = 0011
# KERNEL: UVM_INFO /home/runner/monitor.sv(31) @ 4105: uvm_test_top.env.agent.mon [MON] rst_n=1 | req: 0011, gnt: 0001
# KERNEL: UVM_INFO /home/runner/scoreboard.sv(51) @ 4105: uvm_test_top.env.scb [arb_scoreboard] Scoreboard received item
# KERNEL: UVM_INFO /home/runner/scoreboard.sv(55) @ 4105: uvm_test_top.env.scb [SCB_PASS] Match Req=0011 ,Exp:0001, Act: 0001
# KERNEL: UVM_INFO /home/runner/driver.sv(45) @ 4105: uvm_test_top.env.agent.drv [DRV] Driving rst_n = 1 | req = 1110
# KERNEL: UVM_INFO /home/runner/monitor.sv(31) @ 4115: uvm_test_top.env.agent.mon [MON] rst_n=1 | req: 1110, gnt: 0010
# KERNEL: UVM_INFO /home/runner/scoreboard.sv(51) @ 4115: uvm_test_top.env.scb [arb_scoreboard] Scoreboard received item
# KERNEL: UVM_INFO /home/runner/scoreboard.sv(55) @ 4115: uvm_test_top.env.scb [SCB_PASS] Match Req=1110 ,Exp:0010, Act: 0010
# KERNEL: UVM_INFO /home/runner/driver.sv(45) @ 4115: uvm_test_top.env.agent.drv [DRV] Driving rst_n = 1 | req = 0010
# KERNEL: UVM_INFO /home/runner/monitor.sv(31) @ 4125: uvm_test_top.env.agent.mon [MON] rst_n=1 | req: 0010, gnt: 0100
# KERNEL: UVM_INFO /home/runner/scoreboard.sv(51) @ 4125: uvm_test_top.env.scb [arb_scoreboard] Scoreboard received item
# KERNEL: UVM_INFO /home/runner/scoreboard.sv(55) @ 4125: uvm_test_top.env.scb [SCB_PASS] Match Req=0010 ,Exp:0100, Act: 0100
# KERNEL: UVM_INFO /home/runner/driver.sv(45) @ 4125: uvm_test_top.env.agent.drv [DRV] Driving rst_n = 1 | req = 0001
# KERNEL: UVM_INFO /home/runner/monitor.sv(31) @ 4135: uvm_test_top.env.agent.mon [MON] rst_n=1 | req: 0001, gnt: 0010
# KERNEL: UVM_INFO /home/runner/scoreboard.sv(51) @ 4135: uvm_test_top.env.scb [arb_scoreboard] Scoreboard received item
# KERNEL: UVM_INFO /home/runner/scoreboard.sv(55) @ 4135: uvm_test_top.env.scb [SCB_PASS] Match Req=0001 ,Exp:0010, Act: 0010
# KERNEL: UVM_INFO /home/runner/driver.sv(45) @ 4135: uvm_test_top.env.agent.drv [DRV] Driving rst_n = 1 | req = 1001
# KERNEL: UVM_INFO /home/runner/monitor.sv(31) @ 4145: uvm_test_top.env.agent.mon [MON] rst_n=1 | req: 1001, gnt: 0001
# KERNEL: UVM_INFO /home/runner/scoreboard.sv(51) @ 4145: uvm_test_top.env.scb [arb_scoreboard] Scoreboard received item
# KERNEL: UVM_INFO /home/runner/scoreboard.sv(55) @ 4145: uvm_test_top.env.scb [SCB_PASS] Match Req=1001 ,Exp:0001, Act: 0001
# KERNEL: UVM_INFO /home/runner/driver.sv(45) @ 4145: uvm_test_top.env.agent.drv [DRV] Driving rst_n = 0 | req = 1100
# KERNEL: UVM_INFO /home/runner/monitor.sv(31) @ 4155: uvm_test_top.env.agent.mon [MON] rst_n=0 | req: 1100, gnt: 0000
# KERNEL: UVM_INFO /home/runner/scoreboard.sv(29) @ 4155: uvm_test_top.env.scb [SCB_RST] System in Reset, checking for clear outputs
# KERNEL: UVM_INFO /home/runner/driver.sv(45) @ 4155: uvm_test_top.env.agent.drv [DRV] Driving rst_n = 0 | req = 1000
# KERNEL: UVM_INFO /home/runner/monitor.sv(31) @ 4165: uvm_test_top.env.agent.mon [MON] rst_n=0 | req: 1000, gnt: 0000
# KERNEL: UVM_INFO /home/runner/scoreboard.sv(29) @ 4165: uvm_test_top.env.scb [SCB_RST] System in Reset, checking for clear outputs
# KERNEL: UVM_INFO /home/runner/driver.sv(45) @ 4165: uvm_test_top.env.agent.drv [DRV] Driving rst_n = 1 | req = 1111
# KERNEL: UVM_INFO /home/runner/monitor.sv(31) @ 4175: uvm_test_top.env.agent.mon [MON] rst_n=1 | req: 1111, gnt: 0000
# KERNEL: UVM_INFO /home/runner/scoreboard.sv(51) @ 4175: uvm_test_top.env.scb [arb_scoreboard] Scoreboard received item
# KERNEL: UVM_INFO /home/runner/scoreboard.sv(55) @ 4175: uvm_test_top.env.scb [SCB_PASS] Match Req=1111 ,Exp:0000, Act: 0000
# KERNEL: UVM_INFO /home/runner/driver.sv(45) @ 4175: uvm_test_top.env.agent.drv [DRV] Driving rst_n = 1 | req = 1111
# KERNEL: UVM_INFO /home/runner/monitor.sv(31) @ 4185: uvm_test_top.env.agent.mon [MON] rst_n=1 | req: 1111, gnt: 0001
# KERNEL: UVM_INFO /home/runner/scoreboard.sv(51) @ 4185: uvm_test_top.env.scb [arb_scoreboard] Scoreboard received item
# KERNEL: UVM_INFO /home/runner/scoreboard.sv(55) @ 4185: uvm_test_top.env.scb [SCB_PASS] Match Req=1111 ,Exp:0001, Act: 0001
# KERNEL: UVM_INFO /home/runner/driver.sv(45) @ 4185: uvm_test_top.env.agent.drv [DRV] Driving rst_n = 1 | req = 1010
# KERNEL: UVM_INFO /home/runner/monitor.sv(31) @ 4195: uvm_test_top.env.agent.mon [MON] rst_n=1 | req: 1010, gnt: 0010
# KERNEL: UVM_INFO /home/runner/scoreboard.sv(51) @ 4195: uvm_test_top.env.scb [arb_scoreboard] Scoreboard received item
# KERNEL: UVM_INFO /home/runner/scoreboard.sv(55) @ 4195: uvm_test_top.env.scb [SCB_PASS] Match Req=1010 ,Exp:0010, Act: 0010
# KERNEL: UVM_INFO /home/runner/driver.sv(45) @ 4195: uvm_test_top.env.agent.drv [DRV] Driving rst_n = 1 | req = 1110
# KERNEL: UVM_INFO /home/runner/monitor.sv(31) @ 4205: uvm_test_top.env.agent.mon [MON] rst_n=1 | req: 1110, gnt: 1000
# KERNEL: UVM_INFO /home/runner/scoreboard.sv(51) @ 4205: uvm_test_top.env.scb [arb_scoreboard] Scoreboard received item
# KERNEL: UVM_INFO /home/runner/scoreboard.sv(55) @ 4205: uvm_test_top.env.scb [SCB_PASS] Match Req=1110 ,Exp:1000, Act: 1000
# KERNEL: UVM_INFO /home/runner/driver.sv(45) @ 4205: uvm_test_top.env.agent.drv [DRV] Driving rst_n = 1 | req = 1101
# KERNEL: UVM_INFO /home/runner/monitor.sv(31) @ 4215: uvm_test_top.env.agent.mon [MON] rst_n=1 | req: 1101, gnt: 0010
# KERNEL: UVM_INFO /home/runner/scoreboard.sv(51) @ 4215: uvm_test_top.env.scb [arb_scoreboard] Scoreboard received item
# KERNEL: UVM_INFO /home/runner/scoreboard.sv(55) @ 4215: uvm_test_top.env.scb [SCB_PASS] Match Req=1101 ,Exp:0010, Act: 0010
# KERNEL: UVM_INFO /home/runner/driver.sv(45) @ 4215: uvm_test_top.env.agent.drv [DRV] Driving rst_n = 0 | req = 0101
# KERNEL: UVM_INFO /home/runner/monitor.sv(31) @ 4225: uvm_test_top.env.agent.mon [MON] rst_n=0 | req: 0101, gnt: 0000
# KERNEL: UVM_INFO /home/runner/scoreboard.sv(29) @ 4225: uvm_test_top.env.scb [SCB_RST] System in Reset, checking for clear outputs
# KERNEL: UVM_INFO /home/runner/driver.sv(45) @ 4225: uvm_test_top.env.agent.drv [DRV] Driving rst_n = 1 | req = 1000
# KERNEL: UVM_INFO /home/runner/monitor.sv(31) @ 4235: uvm_test_top.env.agent.mon [MON] rst_n=1 | req: 1000, gnt: 0000
# KERNEL: UVM_INFO /home/runner/scoreboard.sv(51) @ 4235: uvm_test_top.env.scb [arb_scoreboard] Scoreboard received item
# KERNEL: UVM_INFO /home/runner/scoreboard.sv(55) @ 4235: uvm_test_top.env.scb [SCB_PASS] Match Req=1000 ,Exp:0000, Act: 0000
# KERNEL: UVM_INFO /home/runner/driver.sv(45) @ 4235: uvm_test_top.env.agent.drv [DRV] Driving rst_n = 1 | req = 0100
# KERNEL: UVM_INFO /home/runner/monitor.sv(31) @ 4245: uvm_test_top.env.agent.mon [MON] rst_n=1 | req: 0100, gnt: 1000
# KERNEL: UVM_INFO /home/runner/scoreboard.sv(51) @ 4245: uvm_test_top.env.scb [arb_scoreboard] Scoreboard received item
# KERNEL: UVM_INFO /home/runner/scoreboard.sv(55) @ 4245: uvm_test_top.env.scb [SCB_PASS] Match Req=0100 ,Exp:1000, Act: 1000
# KERNEL: UVM_INFO /home/runner/driver.sv(45) @ 4245: uvm_test_top.env.agent.drv [DRV] Driving rst_n = 1 | req = 1011
# KERNEL: UVM_INFO /home/runner/monitor.sv(31) @ 4255: uvm_test_top.env.agent.mon [MON] rst_n=1 | req: 1011, gnt: 0100
# KERNEL: UVM_INFO /home/runner/scoreboard.sv(51) @ 4255: uvm_test_top.env.scb [arb_scoreboard] Scoreboard received item
# KERNEL: UVM_INFO /home/runner/scoreboard.sv(55) @ 4255: uvm_test_top.env.scb [SCB_PASS] Match Req=1011 ,Exp:0100, Act: 0100
# KERNEL: UVM_INFO /home/runner/driver.sv(45) @ 4255: uvm_test_top.env.agent.drv [DRV] Driving rst_n = 1 | req = 1011
# KERNEL: UVM_INFO /home/runner/monitor.sv(31) @ 4265: uvm_test_top.env.agent.mon [MON] rst_n=1 | req: 1011, gnt: 1000
# KERNEL: UVM_INFO /home/runner/scoreboard.sv(51) @ 4265: uvm_test_top.env.scb [arb_scoreboard] Scoreboard received item
# KERNEL: UVM_INFO /home/runner/scoreboard.sv(55) @ 4265: uvm_test_top.env.scb [SCB_PASS] Match Req=1011 ,Exp:1000, Act: 1000
# KERNEL: UVM_INFO /home/runner/driver.sv(45) @ 4265: uvm_test_top.env.agent.drv [DRV] Driving rst_n = 0 | req = 0110
# KERNEL: UVM_INFO /home/runner/monitor.sv(31) @ 4275: uvm_test_top.env.agent.mon [MON] rst_n=0 | req: 0110, gnt: 0000
# KERNEL: UVM_INFO /home/runner/scoreboard.sv(29) @ 4275: uvm_test_top.env.scb [SCB_RST] System in Reset, checking for clear outputs
# KERNEL: UVM_INFO /home/runner/driver.sv(45) @ 4275: uvm_test_top.env.agent.drv [DRV] Driving rst_n = 1 | req = 1010
# KERNEL: UVM_INFO /home/runner/monitor.sv(31) @ 4285: uvm_test_top.env.agent.mon [MON] rst_n=1 | req: 1010, gnt: 0000
# KERNEL: UVM_INFO /home/runner/scoreboard.sv(51) @ 4285: uvm_test_top.env.scb [arb_scoreboard] Scoreboard received item
# KERNEL: UVM_INFO /home/runner/scoreboard.sv(55) @ 4285: uvm_test_top.env.scb [SCB_PASS] Match Req=1010 ,Exp:0000, Act: 0000
# KERNEL: UVM_INFO /home/runner/driver.sv(45) @ 4285: uvm_test_top.env.agent.drv [DRV] Driving rst_n = 0 | req = 1001
# KERNEL: UVM_INFO /home/runner/monitor.sv(31) @ 4295: uvm_test_top.env.agent.mon [MON] rst_n=0 | req: 1001, gnt: 0000
# KERNEL: UVM_INFO /home/runner/scoreboard.sv(29) @ 4295: uvm_test_top.env.scb [SCB_RST] System in Reset, checking for clear outputs
# KERNEL: UVM_INFO /home/runner/driver.sv(45) @ 4295: uvm_test_top.env.agent.drv [DRV] Driving rst_n = 1 | req = 0001
# KERNEL: UVM_INFO /home/runner/monitor.sv(31) @ 4305: uvm_test_top.env.agent.mon [MON] rst_n=1 | req: 0001, gnt: 0000
# KERNEL: UVM_INFO /home/runner/scoreboard.sv(51) @ 4305: uvm_test_top.env.scb [arb_scoreboard] Scoreboard received item
# KERNEL: UVM_INFO /home/runner/scoreboard.sv(55) @ 4305: uvm_test_top.env.scb [SCB_PASS] Match Req=0001 ,Exp:0000, Act: 0000
# KERNEL: UVM_INFO /home/runner/driver.sv(45) @ 4305: uvm_test_top.env.agent.drv [DRV] Driving rst_n = 1 | req = 0100
# KERNEL: UVM_INFO /home/runner/monitor.sv(31) @ 4315: uvm_test_top.env.agent.mon [MON] rst_n=1 | req: 0100, gnt: 0001
# KERNEL: UVM_INFO /home/runner/scoreboard.sv(51) @ 4315: uvm_test_top.env.scb [arb_scoreboard] Scoreboard received item
# KERNEL: UVM_INFO /home/runner/scoreboard.sv(55) @ 4315: uvm_test_top.env.scb [SCB_PASS] Match Req=0100 ,Exp:0001, Act: 0001
# KERNEL: UVM_INFO /home/runner/driver.sv(45) @ 4315: uvm_test_top.env.agent.drv [DRV] Driving rst_n = 1 | req = 0000
# KERNEL: UVM_INFO /home/runner/monitor.sv(31) @ 4325: uvm_test_top.env.agent.mon [MON] rst_n=1 | req: 0000, gnt: 0100
# KERNEL: UVM_INFO /home/runner/scoreboard.sv(51) @ 4325: uvm_test_top.env.scb [arb_scoreboard] Scoreboard received item
# KERNEL: UVM_INFO /home/runner/scoreboard.sv(55) @ 4325: uvm_test_top.env.scb [SCB_PASS] Match Req=0000 ,Exp:0100, Act: 0100
# KERNEL: UVM_INFO /home/runner/driver.sv(45) @ 4325: uvm_test_top.env.agent.drv [DRV] Driving rst_n = 1 | req = 0111
# KERNEL: UVM_INFO /home/runner/monitor.sv(31) @ 4335: uvm_test_top.env.agent.mon [MON] rst_n=1 | req: 0111, gnt: 0000
# KERNEL: UVM_INFO /home/runner/scoreboard.sv(51) @ 4335: uvm_test_top.env.scb [arb_scoreboard] Scoreboard received item
# KERNEL: UVM_INFO /home/runner/scoreboard.sv(55) @ 4335: uvm_test_top.env.scb [SCB_PASS] Match Req=0111 ,Exp:0000, Act: 0000
# KERNEL: UVM_INFO /home/runner/driver.sv(45) @ 4335: uvm_test_top.env.agent.drv [DRV] Driving rst_n = 1 | req = 1101
# KERNEL: UVM_INFO /home/runner/monitor.sv(31) @ 4345: uvm_test_top.env.agent.mon [MON] rst_n=1 | req: 1101, gnt: 0001
# KERNEL: UVM_INFO /home/runner/scoreboard.sv(51) @ 4345: uvm_test_top.env.scb [arb_scoreboard] Scoreboard received item
# KERNEL: UVM_INFO /home/runner/scoreboard.sv(55) @ 4345: uvm_test_top.env.scb [SCB_PASS] Match Req=1101 ,Exp:0001, Act: 0001
# KERNEL: UVM_INFO /home/runner/driver.sv(45) @ 4345: uvm_test_top.env.agent.drv [DRV] Driving rst_n = 1 | req = 1000
# KERNEL: UVM_INFO /home/runner/monitor.sv(31) @ 4355: uvm_test_top.env.agent.mon [MON] rst_n=1 | req: 1000, gnt: 0100
# KERNEL: UVM_INFO /home/runner/scoreboard.sv(51) @ 4355: uvm_test_top.env.scb [arb_scoreboard] Scoreboard received item
# KERNEL: UVM_INFO /home/runner/scoreboard.sv(55) @ 4355: uvm_test_top.env.scb [SCB_PASS] Match Req=1000 ,Exp:0100, Act: 0100
# KERNEL: UVM_INFO /home/runner/driver.sv(45) @ 4355: uvm_test_top.env.agent.drv [DRV] Driving rst_n = 1 | req = 1100
# KERNEL: UVM_INFO /home/runner/monitor.sv(31) @ 4365: uvm_test_top.env.agent.mon [MON] rst_n=1 | req: 1100, gnt: 1000
# KERNEL: UVM_INFO /home/runner/scoreboard.sv(51) @ 4365: uvm_test_top.env.scb [arb_scoreboard] Scoreboard received item
# KERNEL: UVM_INFO /home/runner/scoreboard.sv(55) @ 4365: uvm_test_top.env.scb [SCB_PASS] Match Req=1100 ,Exp:1000, Act: 1000
# KERNEL: UVM_INFO /home/runner/driver.sv(45) @ 4365: uvm_test_top.env.agent.drv [DRV] Driving rst_n = 0 | req = 1011
# KERNEL: UVM_INFO /home/runner/monitor.sv(31) @ 4375: uvm_test_top.env.agent.mon [MON] rst_n=0 | req: 1011, gnt: 0000
# KERNEL: UVM_INFO /home/runner/scoreboard.sv(29) @ 4375: uvm_test_top.env.scb [SCB_RST] System in Reset, checking for clear outputs
# KERNEL: UVM_INFO /home/runner/driver.sv(45) @ 4375: uvm_test_top.env.agent.drv [DRV] Driving rst_n = 1 | req = 0011
# KERNEL: UVM_INFO /home/runner/monitor.sv(31) @ 4385: uvm_test_top.env.agent.mon [MON] rst_n=1 | req: 0011, gnt: 0000
# KERNEL: UVM_INFO /home/runner/scoreboard.sv(51) @ 4385: uvm_test_top.env.scb [arb_scoreboard] Scoreboard received item
# KERNEL: UVM_INFO /home/runner/scoreboard.sv(55) @ 4385: uvm_test_top.env.scb [SCB_PASS] Match Req=0011 ,Exp:0000, Act: 0000
# KERNEL: UVM_INFO /home/runner/driver.sv(45) @ 4385: uvm_test_top.env.agent.drv [DRV] Driving rst_n = 1 | req = 0110
# KERNEL: UVM_INFO /home/runner/monitor.sv(31) @ 4395: uvm_test_top.env.agent.mon [MON] rst_n=1 | req: 0110, gnt: 0001
# KERNEL: UVM_INFO /home/runner/scoreboard.sv(51) @ 4395: uvm_test_top.env.scb [arb_scoreboard] Scoreboard received item
# KERNEL: UVM_INFO /home/runner/scoreboard.sv(55) @ 4395: uvm_test_top.env.scb [SCB_PASS] Match Req=0110 ,Exp:0001, Act: 0001
# KERNEL: UVM_INFO /home/runner/driver.sv(45) @ 4395: uvm_test_top.env.agent.drv [DRV] Driving rst_n = 1 | req = 0010
# KERNEL: UVM_INFO /home/runner/monitor.sv(31) @ 4405: uvm_test_top.env.agent.mon [MON] rst_n=1 | req: 0010, gnt: 0010
# KERNEL: UVM_INFO /home/runner/scoreboard.sv(51) @ 4405: uvm_test_top.env.scb [arb_scoreboard] Scoreboard received item
# KERNEL: UVM_INFO /home/runner/scoreboard.sv(55) @ 4405: uvm_test_top.env.scb [SCB_PASS] Match Req=0010 ,Exp:0010, Act: 0010
# KERNEL: UVM_INFO /home/runner/driver.sv(45) @ 4405: uvm_test_top.env.agent.drv [DRV] Driving rst_n = 1 | req = 1001
# KERNEL: UVM_INFO /home/runner/monitor.sv(31) @ 4415: uvm_test_top.env.agent.mon [MON] rst_n=1 | req: 1001, gnt: 0010
# KERNEL: UVM_INFO /home/runner/scoreboard.sv(51) @ 4415: uvm_test_top.env.scb [arb_scoreboard] Scoreboard received item
# KERNEL: UVM_INFO /home/runner/scoreboard.sv(55) @ 4415: uvm_test_top.env.scb [SCB_PASS] Match Req=1001 ,Exp:0010, Act: 0010
# KERNEL: UVM_INFO /home/runner/driver.sv(45) @ 4415: uvm_test_top.env.agent.drv [DRV] Driving rst_n = 1 | req = 1001
# KERNEL: UVM_INFO /home/runner/monitor.sv(31) @ 4425: uvm_test_top.env.agent.mon [MON] rst_n=1 | req: 1001, gnt: 1000
# KERNEL: UVM_INFO /home/runner/scoreboard.sv(51) @ 4425: uvm_test_top.env.scb [arb_scoreboard] Scoreboard received item
# KERNEL: UVM_INFO /home/runner/scoreboard.sv(55) @ 4425: uvm_test_top.env.scb [SCB_PASS] Match Req=1001 ,Exp:1000, Act: 1000
# KERNEL: UVM_INFO /home/runner/driver.sv(45) @ 4425: uvm_test_top.env.agent.drv [DRV] Driving rst_n = 1 | req = 0100
# KERNEL: UVM_INFO /home/runner/monitor.sv(31) @ 4435: uvm_test_top.env.agent.mon [MON] rst_n=1 | req: 0100, gnt: 0001
# KERNEL: UVM_INFO /home/runner/scoreboard.sv(51) @ 4435: uvm_test_top.env.scb [arb_scoreboard] Scoreboard received item
# KERNEL: UVM_INFO /home/runner/scoreboard.sv(55) @ 4435: uvm_test_top.env.scb [SCB_PASS] Match Req=0100 ,Exp:0001, Act: 0001
# KERNEL: UVM_INFO /home/runner/driver.sv(45) @ 4435: uvm_test_top.env.agent.drv [DRV] Driving rst_n = 1 | req = 1000
# KERNEL: UVM_INFO /home/runner/monitor.sv(31) @ 4445: uvm_test_top.env.agent.mon [MON] rst_n=1 | req: 1000, gnt: 0100
# KERNEL: UVM_INFO /home/runner/scoreboard.sv(51) @ 4445: uvm_test_top.env.scb [arb_scoreboard] Scoreboard received item
# KERNEL: UVM_INFO /home/runner/scoreboard.sv(55) @ 4445: uvm_test_top.env.scb [SCB_PASS] Match Req=1000 ,Exp:0100, Act: 0100
# KERNEL: UVM_INFO /home/runner/driver.sv(45) @ 4445: uvm_test_top.env.agent.drv [DRV] Driving rst_n = 1 | req = 0111
# KERNEL: UVM_INFO /home/runner/monitor.sv(31) @ 4455: uvm_test_top.env.agent.mon [MON] rst_n=1 | req: 0111, gnt: 1000
# KERNEL: UVM_INFO /home/runner/scoreboard.sv(51) @ 4455: uvm_test_top.env.scb [arb_scoreboard] Scoreboard received item
# KERNEL: UVM_INFO /home/runner/scoreboard.sv(55) @ 4455: uvm_test_top.env.scb [SCB_PASS] Match Req=0111 ,Exp:1000, Act: 1000
# KERNEL: UVM_INFO /home/runner/driver.sv(45) @ 4455: uvm_test_top.env.agent.drv [DRV] Driving rst_n = 1 | req = 1111
# KERNEL: UVM_INFO /home/runner/monitor.sv(31) @ 4465: uvm_test_top.env.agent.mon [MON] rst_n=1 | req: 1111, gnt: 0001
# KERNEL: UVM_INFO /home/runner/scoreboard.sv(51) @ 4465: uvm_test_top.env.scb [arb_scoreboard] Scoreboard received item
# KERNEL: UVM_INFO /home/runner/scoreboard.sv(55) @ 4465: uvm_test_top.env.scb [SCB_PASS] Match Req=1111 ,Exp:0001, Act: 0001
# KERNEL: UVM_INFO /home/runner/driver.sv(45) @ 4465: uvm_test_top.env.agent.drv [DRV] Driving rst_n = 1 | req = 0010
# KERNEL: UVM_INFO /home/runner/monitor.sv(31) @ 4475: uvm_test_top.env.agent.mon [MON] rst_n=1 | req: 0010, gnt: 0010
# KERNEL: UVM_INFO /home/runner/scoreboard.sv(51) @ 4475: uvm_test_top.env.scb [arb_scoreboard] Scoreboard received item
# KERNEL: UVM_INFO /home/runner/scoreboard.sv(55) @ 4475: uvm_test_top.env.scb [SCB_PASS] Match Req=0010 ,Exp:0010, Act: 0010
# KERNEL: UVM_INFO /home/runner/driver.sv(45) @ 4475: uvm_test_top.env.agent.drv [DRV] Driving rst_n = 1 | req = 1110
# KERNEL: UVM_INFO /home/runner/monitor.sv(31) @ 4485: uvm_test_top.env.agent.mon [MON] rst_n=1 | req: 1110, gnt: 0010
# KERNEL: UVM_INFO /home/runner/scoreboard.sv(51) @ 4485: uvm_test_top.env.scb [arb_scoreboard] Scoreboard received item
# KERNEL: UVM_INFO /home/runner/scoreboard.sv(55) @ 4485: uvm_test_top.env.scb [SCB_PASS] Match Req=1110 ,Exp:0010, Act: 0010
# KERNEL: UVM_INFO /home/runner/driver.sv(45) @ 4485: uvm_test_top.env.agent.drv [DRV] Driving rst_n = 0 | req = 0101
# KERNEL: UVM_INFO /home/runner/monitor.sv(31) @ 4495: uvm_test_top.env.agent.mon [MON] rst_n=0 | req: 0101, gnt: 0000
# KERNEL: UVM_INFO /home/runner/scoreboard.sv(29) @ 4495: uvm_test_top.env.scb [SCB_RST] System in Reset, checking for clear outputs
# KERNEL: UVM_INFO /home/runner/driver.sv(45) @ 4495: uvm_test_top.env.agent.drv [DRV] Driving rst_n = 1 | req = 0101
# KERNEL: UVM_INFO /home/runner/monitor.sv(31) @ 4505: uvm_test_top.env.agent.mon [MON] rst_n=1 | req: 0101, gnt: 0000
# KERNEL: UVM_INFO /home/runner/scoreboard.sv(51) @ 4505: uvm_test_top.env.scb [arb_scoreboard] Scoreboard received item
# KERNEL: UVM_INFO /home/runner/scoreboard.sv(55) @ 4505: uvm_test_top.env.scb [SCB_PASS] Match Req=0101 ,Exp:0000, Act: 0000
# KERNEL: UVM_INFO /home/runner/driver.sv(45) @ 4505: uvm_test_top.env.agent.drv [DRV] Driving rst_n = 1 | req = 0000
# KERNEL: UVM_INFO /home/runner/monitor.sv(31) @ 4515: uvm_test_top.env.agent.mon [MON] rst_n=1 | req: 0000, gnt: 0001
# KERNEL: UVM_INFO /home/runner/scoreboard.sv(51) @ 4515: uvm_test_top.env.scb [arb_scoreboard] Scoreboard received item
# KERNEL: UVM_INFO /home/runner/scoreboard.sv(55) @ 4515: uvm_test_top.env.scb [SCB_PASS] Match Req=0000 ,Exp:0001, Act: 0001
# KERNEL: UVM_INFO /home/runner/driver.sv(45) @ 4515: uvm_test_top.env.agent.drv [DRV] Driving rst_n = 1 | req = 0100
# KERNEL: UVM_INFO /home/runner/monitor.sv(31) @ 4525: uvm_test_top.env.agent.mon [MON] rst_n=1 | req: 0100, gnt: 0000
# KERNEL: UVM_INFO /home/runner/scoreboard.sv(51) @ 4525: uvm_test_top.env.scb [arb_scoreboard] Scoreboard received item
# KERNEL: UVM_INFO /home/runner/scoreboard.sv(55) @ 4525: uvm_test_top.env.scb [SCB_PASS] Match Req=0100 ,Exp:0000, Act: 0000
# KERNEL: UVM_INFO /home/runner/driver.sv(45) @ 4525: uvm_test_top.env.agent.drv [DRV] Driving rst_n = 1 | req = 0011
# KERNEL: UVM_INFO /home/runner/monitor.sv(31) @ 4535: uvm_test_top.env.agent.mon [MON] rst_n=1 | req: 0011, gnt: 0100
# KERNEL: UVM_INFO /home/runner/scoreboard.sv(51) @ 4535: uvm_test_top.env.scb [arb_scoreboard] Scoreboard received item
# KERNEL: UVM_INFO /home/runner/scoreboard.sv(55) @ 4535: uvm_test_top.env.scb [SCB_PASS] Match Req=0011 ,Exp:0100, Act: 0100
# KERNEL: UVM_INFO /home/runner/driver.sv(45) @ 4535: uvm_test_top.env.agent.drv [DRV] Driving rst_n = 0 | req = 1011
# KERNEL: UVM_INFO /home/runner/monitor.sv(31) @ 4545: uvm_test_top.env.agent.mon [MON] rst_n=0 | req: 1011, gnt: 0000
# KERNEL: UVM_INFO /home/runner/scoreboard.sv(29) @ 4545: uvm_test_top.env.scb [SCB_RST] System in Reset, checking for clear outputs
# KERNEL: UVM_INFO /home/runner/driver.sv(45) @ 4545: uvm_test_top.env.agent.drv [DRV] Driving rst_n = 1 | req = 1110
# KERNEL: UVM_INFO /home/runner/monitor.sv(31) @ 4555: uvm_test_top.env.agent.mon [MON] rst_n=1 | req: 1110, gnt: 0000
# KERNEL: UVM_INFO /home/runner/scoreboard.sv(51) @ 4555: uvm_test_top.env.scb [arb_scoreboard] Scoreboard received item
# KERNEL: UVM_INFO /home/runner/scoreboard.sv(55) @ 4555: uvm_test_top.env.scb [SCB_PASS] Match Req=1110 ,Exp:0000, Act: 0000
# KERNEL: UVM_INFO /home/runner/driver.sv(45) @ 4555: uvm_test_top.env.agent.drv [DRV] Driving rst_n = 1 | req = 1010
# KERNEL: UVM_INFO /home/runner/monitor.sv(31) @ 4565: uvm_test_top.env.agent.mon [MON] rst_n=1 | req: 1010, gnt: 0010
# KERNEL: UVM_INFO /home/runner/scoreboard.sv(51) @ 4565: uvm_test_top.env.scb [arb_scoreboard] Scoreboard received item
# KERNEL: UVM_INFO /home/runner/scoreboard.sv(55) @ 4565: uvm_test_top.env.scb [SCB_PASS] Match Req=1010 ,Exp:0010, Act: 0010
# KERNEL: UVM_INFO /home/runner/driver.sv(45) @ 4565: uvm_test_top.env.agent.drv [DRV] Driving rst_n = 1 | req = 0001
# KERNEL: UVM_INFO /home/runner/monitor.sv(31) @ 4575: uvm_test_top.env.agent.mon [MON] rst_n=1 | req: 0001, gnt: 1000
# KERNEL: UVM_INFO /home/runner/scoreboard.sv(51) @ 4575: uvm_test_top.env.scb [arb_scoreboard] Scoreboard received item
# KERNEL: UVM_INFO /home/runner/scoreboard.sv(55) @ 4575: uvm_test_top.env.scb [SCB_PASS] Match Req=0001 ,Exp:1000, Act: 1000
# KERNEL: UVM_INFO /home/runner/driver.sv(45) @ 4575: uvm_test_top.env.agent.drv [DRV] Driving rst_n = 1 | req = 0001
# KERNEL: UVM_INFO /home/runner/monitor.sv(31) @ 4585: uvm_test_top.env.agent.mon [MON] rst_n=1 | req: 0001, gnt: 0001
# KERNEL: UVM_INFO /home/runner/scoreboard.sv(51) @ 4585: uvm_test_top.env.scb [arb_scoreboard] Scoreboard received item
# KERNEL: UVM_INFO /home/runner/scoreboard.sv(55) @ 4585: uvm_test_top.env.scb [SCB_PASS] Match Req=0001 ,Exp:0001, Act: 0001
# KERNEL: UVM_INFO /home/runner/driver.sv(45) @ 4585: uvm_test_top.env.agent.drv [DRV] Driving rst_n = 0 | req = 1100
# KERNEL: UVM_INFO /home/runner/monitor.sv(31) @ 4595: uvm_test_top.env.agent.mon [MON] rst_n=0 | req: 1100, gnt: 0000
# KERNEL: UVM_INFO /home/runner/scoreboard.sv(29) @ 4595: uvm_test_top.env.scb [SCB_RST] System in Reset, checking for clear outputs
# KERNEL: UVM_INFO /home/runner/driver.sv(45) @ 4595: uvm_test_top.env.agent.drv [DRV] Driving rst_n = 1 | req = 0000
# KERNEL: UVM_INFO /home/runner/monitor.sv(31) @ 4605: uvm_test_top.env.agent.mon [MON] rst_n=1 | req: 0000, gnt: 0000
# KERNEL: UVM_INFO /home/runner/scoreboard.sv(51) @ 4605: uvm_test_top.env.scb [arb_scoreboard] Scoreboard received item
# KERNEL: UVM_INFO /home/runner/scoreboard.sv(55) @ 4605: uvm_test_top.env.scb [SCB_PASS] Match Req=0000 ,Exp:0000, Act: 0000
# KERNEL: UVM_INFO /home/runner/driver.sv(45) @ 4605: uvm_test_top.env.agent.drv [DRV] Driving rst_n = 1 | req = 1111
# KERNEL: UVM_INFO /home/runner/monitor.sv(31) @ 4615: uvm_test_top.env.agent.mon [MON] rst_n=1 | req: 1111, gnt: 0000
# KERNEL: UVM_INFO /home/runner/scoreboard.sv(51) @ 4615: uvm_test_top.env.scb [arb_scoreboard] Scoreboard received item
# KERNEL: UVM_INFO /home/runner/scoreboard.sv(55) @ 4615: uvm_test_top.env.scb [SCB_PASS] Match Req=1111 ,Exp:0000, Act: 0000
# KERNEL: UVM_INFO /home/runner/driver.sv(45) @ 4615: uvm_test_top.env.agent.drv [DRV] Driving rst_n = 1 | req = 0111
# KERNEL: UVM_INFO /home/runner/monitor.sv(31) @ 4625: uvm_test_top.env.agent.mon [MON] rst_n=1 | req: 0111, gnt: 0001
# KERNEL: UVM_INFO /home/runner/scoreboard.sv(51) @ 4625: uvm_test_top.env.scb [arb_scoreboard] Scoreboard received item
# KERNEL: UVM_INFO /home/runner/scoreboard.sv(55) @ 4625: uvm_test_top.env.scb [SCB_PASS] Match Req=0111 ,Exp:0001, Act: 0001
# KERNEL: UVM_INFO /home/runner/driver.sv(45) @ 4625: uvm_test_top.env.agent.drv [DRV] Driving rst_n = 1 | req = 1010
# KERNEL: UVM_INFO /home/runner/monitor.sv(31) @ 4635: uvm_test_top.env.agent.mon [MON] rst_n=1 | req: 1010, gnt: 0010
# KERNEL: UVM_INFO /home/runner/scoreboard.sv(51) @ 4635: uvm_test_top.env.scb [arb_scoreboard] Scoreboard received item
# KERNEL: UVM_INFO /home/runner/scoreboard.sv(55) @ 4635: uvm_test_top.env.scb [SCB_PASS] Match Req=1010 ,Exp:0010, Act: 0010
# KERNEL: UVM_INFO /home/runner/driver.sv(45) @ 4635: uvm_test_top.env.agent.drv [DRV] Driving rst_n = 1 | req = 0110
# KERNEL: UVM_INFO /home/runner/monitor.sv(31) @ 4645: uvm_test_top.env.agent.mon [MON] rst_n=1 | req: 0110, gnt: 1000
# KERNEL: UVM_INFO /home/runner/scoreboard.sv(51) @ 4645: uvm_test_top.env.scb [arb_scoreboard] Scoreboard received item
# KERNEL: UVM_INFO /home/runner/scoreboard.sv(55) @ 4645: uvm_test_top.env.scb [SCB_PASS] Match Req=0110 ,Exp:1000, Act: 1000
# KERNEL: UVM_INFO /home/runner/driver.sv(45) @ 4645: uvm_test_top.env.agent.drv [DRV] Driving rst_n = 1 | req = 1101
# KERNEL: UVM_INFO /home/runner/monitor.sv(31) @ 4655: uvm_test_top.env.agent.mon [MON] rst_n=1 | req: 1101, gnt: 0010
# KERNEL: UVM_INFO /home/runner/scoreboard.sv(51) @ 4655: uvm_test_top.env.scb [arb_scoreboard] Scoreboard received item
# KERNEL: UVM_INFO /home/runner/scoreboard.sv(55) @ 4655: uvm_test_top.env.scb [SCB_PASS] Match Req=1101 ,Exp:0010, Act: 0010
# KERNEL: UVM_INFO /home/runner/driver.sv(45) @ 4655: uvm_test_top.env.agent.drv [DRV] Driving rst_n = 1 | req = 1101
# KERNEL: UVM_INFO /home/runner/monitor.sv(31) @ 4665: uvm_test_top.env.agent.mon [MON] rst_n=1 | req: 1101, gnt: 0100
# KERNEL: UVM_INFO /home/runner/scoreboard.sv(51) @ 4665: uvm_test_top.env.scb [arb_scoreboard] Scoreboard received item
# KERNEL: UVM_INFO /home/runner/scoreboard.sv(55) @ 4665: uvm_test_top.env.scb [SCB_PASS] Match Req=1101 ,Exp:0100, Act: 0100
# KERNEL: UVM_INFO /home/runner/driver.sv(45) @ 4665: uvm_test_top.env.agent.drv [DRV] Driving rst_n = 1 | req = 1000
# KERNEL: UVM_INFO /home/runner/monitor.sv(31) @ 4675: uvm_test_top.env.agent.mon [MON] rst_n=1 | req: 1000, gnt: 1000
# KERNEL: UVM_INFO /home/runner/scoreboard.sv(51) @ 4675: uvm_test_top.env.scb [arb_scoreboard] Scoreboard received item
# KERNEL: UVM_INFO /home/runner/scoreboard.sv(55) @ 4675: uvm_test_top.env.scb [SCB_PASS] Match Req=1000 ,Exp:1000, Act: 1000
# KERNEL: UVM_INFO /home/runner/driver.sv(45) @ 4675: uvm_test_top.env.agent.drv [DRV] Driving rst_n = 1 | req = 1100
# KERNEL: UVM_INFO /home/runner/monitor.sv(31) @ 4685: uvm_test_top.env.agent.mon [MON] rst_n=1 | req: 1100, gnt: 1000
# KERNEL: UVM_INFO /home/runner/scoreboard.sv(51) @ 4685: uvm_test_top.env.scb [arb_scoreboard] Scoreboard received item
# KERNEL: UVM_INFO /home/runner/scoreboard.sv(55) @ 4685: uvm_test_top.env.scb [SCB_PASS] Match Req=1100 ,Exp:1000, Act: 1000
# KERNEL: UVM_INFO /home/runner/driver.sv(45) @ 4685: uvm_test_top.env.agent.drv [DRV] Driving rst_n = 1 | req = 1011
# KERNEL: UVM_INFO /home/runner/monitor.sv(31) @ 4695: uvm_test_top.env.agent.mon [MON] rst_n=1 | req: 1011, gnt: 0100
# KERNEL: UVM_INFO /home/runner/scoreboard.sv(51) @ 4695: uvm_test_top.env.scb [arb_scoreboard] Scoreboard received item
# KERNEL: UVM_INFO /home/runner/scoreboard.sv(55) @ 4695: uvm_test_top.env.scb [SCB_PASS] Match Req=1011 ,Exp:0100, Act: 0100
# KERNEL: UVM_INFO /home/runner/driver.sv(45) @ 4695: uvm_test_top.env.agent.drv [DRV] Driving rst_n = 0 | req = 0011
# KERNEL: UVM_INFO /home/runner/monitor.sv(31) @ 4705: uvm_test_top.env.agent.mon [MON] rst_n=0 | req: 0011, gnt: 0000
# KERNEL: UVM_INFO /home/runner/scoreboard.sv(29) @ 4705: uvm_test_top.env.scb [SCB_RST] System in Reset, checking for clear outputs
# KERNEL: UVM_INFO /home/runner/driver.sv(45) @ 4705: uvm_test_top.env.agent.drv [DRV] Driving rst_n = 1 | req = 1100
# KERNEL: UVM_INFO /home/runner/monitor.sv(31) @ 4715: uvm_test_top.env.agent.mon [MON] rst_n=1 | req: 1100, gnt: 0000
# KERNEL: UVM_INFO /home/runner/scoreboard.sv(51) @ 4715: uvm_test_top.env.scb [arb_scoreboard] Scoreboard received item
# KERNEL: UVM_INFO /home/runner/scoreboard.sv(55) @ 4715: uvm_test_top.env.scb [SCB_PASS] Match Req=1100 ,Exp:0000, Act: 0000
# KERNEL: UVM_INFO /home/runner/driver.sv(45) @ 4715: uvm_test_top.env.agent.drv [DRV] Driving rst_n = 1 | req = 1001
# KERNEL: UVM_INFO /home/runner/monitor.sv(31) @ 4725: uvm_test_top.env.agent.mon [MON] rst_n=1 | req: 1001, gnt: 0100
# KERNEL: UVM_INFO /home/runner/scoreboard.sv(51) @ 4725: uvm_test_top.env.scb [arb_scoreboard] Scoreboard received item
# KERNEL: UVM_INFO /home/runner/scoreboard.sv(55) @ 4725: uvm_test_top.env.scb [SCB_PASS] Match Req=1001 ,Exp:0100, Act: 0100
# KERNEL: UVM_INFO /home/runner/driver.sv(45) @ 4725: uvm_test_top.env.agent.drv [DRV] Driving rst_n = 1 | req = 1111
# KERNEL: UVM_INFO /home/runner/monitor.sv(31) @ 4735: uvm_test_top.env.agent.mon [MON] rst_n=1 | req: 1111, gnt: 1000
# KERNEL: UVM_INFO /home/runner/scoreboard.sv(51) @ 4735: uvm_test_top.env.scb [arb_scoreboard] Scoreboard received item
# KERNEL: UVM_INFO /home/runner/scoreboard.sv(55) @ 4735: uvm_test_top.env.scb [SCB_PASS] Match Req=1111 ,Exp:1000, Act: 1000
# KERNEL: UVM_INFO /home/runner/driver.sv(45) @ 4735: uvm_test_top.env.agent.drv [DRV] Driving rst_n = 1 | req = 0000
# KERNEL: UVM_INFO /home/runner/monitor.sv(31) @ 4745: uvm_test_top.env.agent.mon [MON] rst_n=1 | req: 0000, gnt: 0001
# KERNEL: UVM_INFO /home/runner/scoreboard.sv(51) @ 4745: uvm_test_top.env.scb [arb_scoreboard] Scoreboard received item
# KERNEL: UVM_INFO /home/runner/scoreboard.sv(55) @ 4745: uvm_test_top.env.scb [SCB_PASS] Match Req=0000 ,Exp:0001, Act: 0001
# KERNEL: UVM_INFO /home/runner/driver.sv(45) @ 4745: uvm_test_top.env.agent.drv [DRV] Driving rst_n = 1 | req = 1010
# KERNEL: UVM_INFO /home/runner/monitor.sv(31) @ 4755: uvm_test_top.env.agent.mon [MON] rst_n=1 | req: 1010, gnt: 0000
# KERNEL: UVM_INFO /home/runner/scoreboard.sv(51) @ 4755: uvm_test_top.env.scb [arb_scoreboard] Scoreboard received item
# KERNEL: UVM_INFO /home/runner/scoreboard.sv(55) @ 4755: uvm_test_top.env.scb [SCB_PASS] Match Req=1010 ,Exp:0000, Act: 0000
# KERNEL: UVM_INFO /home/runner/driver.sv(45) @ 4755: uvm_test_top.env.agent.drv [DRV] Driving rst_n = 1 | req = 1111
# KERNEL: UVM_INFO /home/runner/monitor.sv(31) @ 4765: uvm_test_top.env.agent.mon [MON] rst_n=1 | req: 1111, gnt: 0010
# KERNEL: UVM_INFO /home/runner/scoreboard.sv(51) @ 4765: uvm_test_top.env.scb [arb_scoreboard] Scoreboard received item
# KERNEL: UVM_INFO /home/runner/scoreboard.sv(55) @ 4765: uvm_test_top.env.scb [SCB_PASS] Match Req=1111 ,Exp:0010, Act: 0010
# KERNEL: UVM_INFO /home/runner/driver.sv(45) @ 4765: uvm_test_top.env.agent.drv [DRV] Driving rst_n = 1 | req = 1101
# KERNEL: UVM_INFO /home/runner/monitor.sv(31) @ 4775: uvm_test_top.env.agent.mon [MON] rst_n=1 | req: 1101, gnt: 0100
# KERNEL: UVM_INFO /home/runner/scoreboard.sv(51) @ 4775: uvm_test_top.env.scb [arb_scoreboard] Scoreboard received item
# KERNEL: UVM_INFO /home/runner/scoreboard.sv(55) @ 4775: uvm_test_top.env.scb [SCB_PASS] Match Req=1101 ,Exp:0100, Act: 0100
# KERNEL: UVM_INFO /home/runner/driver.sv(45) @ 4775: uvm_test_top.env.agent.drv [DRV] Driving rst_n = 1 | req = 0110
# KERNEL: UVM_INFO /home/runner/monitor.sv(31) @ 4785: uvm_test_top.env.agent.mon [MON] rst_n=1 | req: 0110, gnt: 1000
# KERNEL: UVM_INFO /home/runner/scoreboard.sv(51) @ 4785: uvm_test_top.env.scb [arb_scoreboard] Scoreboard received item
# KERNEL: UVM_INFO /home/runner/scoreboard.sv(55) @ 4785: uvm_test_top.env.scb [SCB_PASS] Match Req=0110 ,Exp:1000, Act: 1000
# KERNEL: UVM_INFO /home/runner/driver.sv(45) @ 4785: uvm_test_top.env.agent.drv [DRV] Driving rst_n = 1 | req = 1000
# KERNEL: UVM_INFO /home/runner/monitor.sv(31) @ 4795: uvm_test_top.env.agent.mon [MON] rst_n=1 | req: 1000, gnt: 0010
# KERNEL: UVM_INFO /home/runner/scoreboard.sv(51) @ 4795: uvm_test_top.env.scb [arb_scoreboard] Scoreboard received item
# KERNEL: UVM_INFO /home/runner/scoreboard.sv(55) @ 4795: uvm_test_top.env.scb [SCB_PASS] Match Req=1000 ,Exp:0010, Act: 0010
# KERNEL: UVM_INFO /home/runner/driver.sv(45) @ 4795: uvm_test_top.env.agent.drv [DRV] Driving rst_n = 0 | req = 0101
# KERNEL: UVM_INFO /home/runner/monitor.sv(31) @ 4805: uvm_test_top.env.agent.mon [MON] rst_n=0 | req: 0101, gnt: 0000
# KERNEL: UVM_INFO /home/runner/scoreboard.sv(29) @ 4805: uvm_test_top.env.scb [SCB_RST] System in Reset, checking for clear outputs
# KERNEL: UVM_INFO /home/runner/driver.sv(45) @ 4805: uvm_test_top.env.agent.drv [DRV] Driving rst_n = 1 | req = 1011
# KERNEL: UVM_INFO /home/runner/monitor.sv(31) @ 4815: uvm_test_top.env.agent.mon [MON] rst_n=1 | req: 1011, gnt: 0000
# KERNEL: UVM_INFO /home/runner/scoreboard.sv(51) @ 4815: uvm_test_top.env.scb [arb_scoreboard] Scoreboard received item
# KERNEL: UVM_INFO /home/runner/scoreboard.sv(55) @ 4815: uvm_test_top.env.scb [SCB_PASS] Match Req=1011 ,Exp:0000, Act: 0000
# KERNEL: UVM_INFO /home/runner/driver.sv(45) @ 4815: uvm_test_top.env.agent.drv [DRV] Driving rst_n = 1 | req = 1100
# KERNEL: UVM_INFO /home/runner/monitor.sv(31) @ 4825: uvm_test_top.env.agent.mon [MON] rst_n=1 | req: 1100, gnt: 0001
# KERNEL: UVM_INFO /home/runner/scoreboard.sv(51) @ 4825: uvm_test_top.env.scb [arb_scoreboard] Scoreboard received item
# KERNEL: UVM_INFO /home/runner/scoreboard.sv(55) @ 4825: uvm_test_top.env.scb [SCB_PASS] Match Req=1100 ,Exp:0001, Act: 0001
# KERNEL: UVM_INFO /home/runner/driver.sv(45) @ 4825: uvm_test_top.env.agent.drv [DRV] Driving rst_n = 0 | req = 0110
# KERNEL: UVM_INFO /home/runner/monitor.sv(31) @ 4835: uvm_test_top.env.agent.mon [MON] rst_n=0 | req: 0110, gnt: 0000
# KERNEL: UVM_INFO /home/runner/scoreboard.sv(29) @ 4835: uvm_test_top.env.scb [SCB_RST] System in Reset, checking for clear outputs
# KERNEL: UVM_INFO /home/runner/driver.sv(45) @ 4835: uvm_test_top.env.agent.drv [DRV] Driving rst_n = 0 | req = 1011
# KERNEL: UVM_INFO /home/runner/monitor.sv(31) @ 4845: uvm_test_top.env.agent.mon [MON] rst_n=0 | req: 1011, gnt: 0000
# KERNEL: UVM_INFO /home/runner/scoreboard.sv(29) @ 4845: uvm_test_top.env.scb [SCB_RST] System in Reset, checking for clear outputs
# KERNEL: UVM_INFO /home/runner/driver.sv(45) @ 4845: uvm_test_top.env.agent.drv [DRV] Driving rst_n = 1 | req = 1001
# KERNEL: UVM_INFO /home/runner/monitor.sv(31) @ 4855: uvm_test_top.env.agent.mon [MON] rst_n=1 | req: 1001, gnt: 0000
# KERNEL: UVM_INFO /home/runner/scoreboard.sv(51) @ 4855: uvm_test_top.env.scb [arb_scoreboard] Scoreboard received item
# KERNEL: UVM_INFO /home/runner/scoreboard.sv(55) @ 4855: uvm_test_top.env.scb [SCB_PASS] Match Req=1001 ,Exp:0000, Act: 0000
# KERNEL: UVM_INFO /home/runner/driver.sv(45) @ 4855: uvm_test_top.env.agent.drv [DRV] Driving rst_n = 1 | req = 0010
# KERNEL: UVM_INFO /home/runner/monitor.sv(31) @ 4865: uvm_test_top.env.agent.mon [MON] rst_n=1 | req: 0010, gnt: 0001
# KERNEL: UVM_INFO /home/runner/scoreboard.sv(51) @ 4865: uvm_test_top.env.scb [arb_scoreboard] Scoreboard received item
# KERNEL: UVM_INFO /home/runner/scoreboard.sv(55) @ 4865: uvm_test_top.env.scb [SCB_PASS] Match Req=0010 ,Exp:0001, Act: 0001
# KERNEL: UVM_INFO /home/runner/driver.sv(45) @ 4865: uvm_test_top.env.agent.drv [DRV] Driving rst_n = 0 | req = 0100
# KERNEL: UVM_INFO /home/runner/monitor.sv(31) @ 4875: uvm_test_top.env.agent.mon [MON] rst_n=0 | req: 0100, gnt: 0000
# KERNEL: UVM_INFO /home/runner/scoreboard.sv(29) @ 4875: uvm_test_top.env.scb [SCB_RST] System in Reset, checking for clear outputs
# KERNEL: UVM_INFO /home/runner/driver.sv(45) @ 4875: uvm_test_top.env.agent.drv [DRV] Driving rst_n = 1 | req = 0001
# KERNEL: UVM_INFO /home/runner/monitor.sv(31) @ 4885: uvm_test_top.env.agent.mon [MON] rst_n=1 | req: 0001, gnt: 0000
# KERNEL: UVM_INFO /home/runner/scoreboard.sv(51) @ 4885: uvm_test_top.env.scb [arb_scoreboard] Scoreboard received item
# KERNEL: UVM_INFO /home/runner/scoreboard.sv(55) @ 4885: uvm_test_top.env.scb [SCB_PASS] Match Req=0001 ,Exp:0000, Act: 0000
# KERNEL: UVM_INFO /home/runner/driver.sv(45) @ 4885: uvm_test_top.env.agent.drv [DRV] Driving rst_n = 1 | req = 0111
# KERNEL: UVM_INFO /home/runner/monitor.sv(31) @ 4895: uvm_test_top.env.agent.mon [MON] rst_n=1 | req: 0111, gnt: 0001
# KERNEL: UVM_INFO /home/runner/scoreboard.sv(51) @ 4895: uvm_test_top.env.scb [arb_scoreboard] Scoreboard received item
# KERNEL: UVM_INFO /home/runner/scoreboard.sv(55) @ 4895: uvm_test_top.env.scb [SCB_PASS] Match Req=0111 ,Exp:0001, Act: 0001
# KERNEL: UVM_INFO /home/runner/driver.sv(45) @ 4895: uvm_test_top.env.agent.drv [DRV] Driving rst_n = 1 | req = 1000
# KERNEL: UVM_INFO /home/runner/monitor.sv(31) @ 4905: uvm_test_top.env.agent.mon [MON] rst_n=1 | req: 1000, gnt: 0010
# KERNEL: UVM_INFO /home/runner/scoreboard.sv(51) @ 4905: uvm_test_top.env.scb [arb_scoreboard] Scoreboard received item
# KERNEL: UVM_INFO /home/runner/scoreboard.sv(55) @ 4905: uvm_test_top.env.scb [SCB_PASS] Match Req=1000 ,Exp:0010, Act: 0010
# KERNEL: UVM_INFO /home/runner/driver.sv(45) @ 4905: uvm_test_top.env.agent.drv [DRV] Driving rst_n = 1 | req = 0010
# KERNEL: UVM_INFO /home/runner/monitor.sv(31) @ 4915: uvm_test_top.env.agent.mon [MON] rst_n=1 | req: 0010, gnt: 1000
# KERNEL: UVM_INFO /home/runner/scoreboard.sv(51) @ 4915: uvm_test_top.env.scb [arb_scoreboard] Scoreboard received item
# KERNEL: UVM_INFO /home/runner/scoreboard.sv(55) @ 4915: uvm_test_top.env.scb [SCB_PASS] Match Req=0010 ,Exp:1000, Act: 1000
# KERNEL: UVM_INFO /home/runner/driver.sv(45) @ 4915: uvm_test_top.env.agent.drv [DRV] Driving rst_n = 1 | req = 0111
# KERNEL: UVM_INFO /home/runner/monitor.sv(31) @ 4925: uvm_test_top.env.agent.mon [MON] rst_n=1 | req: 0111, gnt: 0010
# KERNEL: UVM_INFO /home/runner/scoreboard.sv(51) @ 4925: uvm_test_top.env.scb [arb_scoreboard] Scoreboard received item
# KERNEL: UVM_INFO /home/runner/scoreboard.sv(55) @ 4925: uvm_test_top.env.scb [SCB_PASS] Match Req=0111 ,Exp:0010, Act: 0010
# KERNEL: UVM_INFO /home/runner/driver.sv(45) @ 4925: uvm_test_top.env.agent.drv [DRV] Driving rst_n = 1 | req = 0101
# KERNEL: UVM_INFO /home/runner/monitor.sv(31) @ 4935: uvm_test_top.env.agent.mon [MON] rst_n=1 | req: 0101, gnt: 0100
# KERNEL: UVM_INFO /home/runner/scoreboard.sv(51) @ 4935: uvm_test_top.env.scb [arb_scoreboard] Scoreboard received item
# KERNEL: UVM_INFO /home/runner/scoreboard.sv(55) @ 4935: uvm_test_top.env.scb [SCB_PASS] Match Req=0101 ,Exp:0100, Act: 0100
# KERNEL: UVM_INFO /home/runner/driver.sv(45) @ 4935: uvm_test_top.env.agent.drv [DRV] Driving rst_n = 0 | req = 1110
# KERNEL: UVM_INFO /home/runner/monitor.sv(31) @ 4945: uvm_test_top.env.agent.mon [MON] rst_n=0 | req: 1110, gnt: 0000
# KERNEL: UVM_INFO /home/runner/scoreboard.sv(29) @ 4945: uvm_test_top.env.scb [SCB_RST] System in Reset, checking for clear outputs
# KERNEL: UVM_INFO /home/runner/driver.sv(45) @ 4945: uvm_test_top.env.agent.drv [DRV] Driving rst_n = 1 | req = 0000
# KERNEL: UVM_INFO /home/runner/monitor.sv(31) @ 4955: uvm_test_top.env.agent.mon [MON] rst_n=1 | req: 0000, gnt: 0000
# KERNEL: UVM_INFO /home/runner/scoreboard.sv(51) @ 4955: uvm_test_top.env.scb [arb_scoreboard] Scoreboard received item
# KERNEL: UVM_INFO /home/runner/scoreboard.sv(55) @ 4955: uvm_test_top.env.scb [SCB_PASS] Match Req=0000 ,Exp:0000, Act: 0000
# KERNEL: UVM_INFO /home/runner/driver.sv(45) @ 4955: uvm_test_top.env.agent.drv [DRV] Driving rst_n = 1 | req = 1101
# KERNEL: UVM_INFO /home/runner/monitor.sv(31) @ 4965: uvm_test_top.env.agent.mon [MON] rst_n=1 | req: 1101, gnt: 0000
# KERNEL: UVM_INFO /home/runner/scoreboard.sv(51) @ 4965: uvm_test_top.env.scb [arb_scoreboard] Scoreboard received item
# KERNEL: UVM_INFO /home/runner/scoreboard.sv(55) @ 4965: uvm_test_top.env.scb [SCB_PASS] Match Req=1101 ,Exp:0000, Act: 0000
# KERNEL: UVM_INFO /home/runner/driver.sv(45) @ 4965: uvm_test_top.env.agent.drv [DRV] Driving rst_n = 1 | req = 0011
# KERNEL: UVM_INFO /home/runner/monitor.sv(31) @ 4975: uvm_test_top.env.agent.mon [MON] rst_n=1 | req: 0011, gnt: 0001
# KERNEL: UVM_INFO /home/runner/scoreboard.sv(51) @ 4975: uvm_test_top.env.scb [arb_scoreboard] Scoreboard received item
# KERNEL: UVM_INFO /home/runner/scoreboard.sv(55) @ 4975: uvm_test_top.env.scb [SCB_PASS] Match Req=0011 ,Exp:0001, Act: 0001
# KERNEL: UVM_INFO /home/runner/driver.sv(45) @ 4975: uvm_test_top.env.agent.drv [DRV] Driving rst_n = 1 | req = 0100
# KERNEL: UVM_INFO /home/runner/monitor.sv(31) @ 4985: uvm_test_top.env.agent.mon [MON] rst_n=1 | req: 0100, gnt: 0010
# KERNEL: UVM_INFO /home/runner/scoreboard.sv(51) @ 4985: uvm_test_top.env.scb [arb_scoreboard] Scoreboard received item
# KERNEL: UVM_INFO /home/runner/scoreboard.sv(55) @ 4985: uvm_test_top.env.scb [SCB_PASS] Match Req=0100 ,Exp:0010, Act: 0010
# KERNEL: UVM_INFO /home/runner/driver.sv(45) @ 4985: uvm_test_top.env.agent.drv [DRV] Driving rst_n = 1 | req = 1110
# KERNEL: UVM_INFO /home/runner/monitor.sv(31) @ 4995: uvm_test_top.env.agent.mon [MON] rst_n=1 | req: 1110, gnt: 0100
# KERNEL: UVM_INFO /home/runner/scoreboard.sv(51) @ 4995: uvm_test_top.env.scb [arb_scoreboard] Scoreboard received item
# KERNEL: UVM_INFO /home/runner/scoreboard.sv(55) @ 4995: uvm_test_top.env.scb [SCB_PASS] Match Req=1110 ,Exp:0100, Act: 0100
# KERNEL: UVM_INFO /home/runner/driver.sv(45) @ 4995: uvm_test_top.env.agent.drv [DRV] Driving rst_n = 1 | req = 0011
# KERNEL: UVM_INFO /home/runner/monitor.sv(31) @ 5005: uvm_test_top.env.agent.mon [MON] rst_n=1 | req: 0011, gnt: 1000
# KERNEL: UVM_INFO /home/runner/scoreboard.sv(51) @ 5005: uvm_test_top.env.scb [arb_scoreboard] Scoreboard received item
# KERNEL: UVM_INFO /home/runner/scoreboard.sv(55) @ 5005: uvm_test_top.env.scb [SCB_PASS] Match Req=0011 ,Exp:1000, Act: 1000
# KERNEL: UVM_INFO /home/runner/driver.sv(45) @ 5005: uvm_test_top.env.agent.drv [DRV] Driving rst_n = 1 | req = 0001
# KERNEL: UVM_INFO /home/runner/monitor.sv(31) @ 5015: uvm_test_top.env.agent.mon [MON] rst_n=1 | req: 0001, gnt: 0001
# KERNEL: UVM_INFO /home/runner/scoreboard.sv(51) @ 5015: uvm_test_top.env.scb [arb_scoreboard] Scoreboard received item
# KERNEL: UVM_INFO /home/runner/scoreboard.sv(55) @ 5015: uvm_test_top.env.scb [SCB_PASS] Match Req=0001 ,Exp:0001, Act: 0001
# KERNEL: UVM_INFO /home/runner/driver.sv(45) @ 5015: uvm_test_top.env.agent.drv [DRV] Driving rst_n = 1 | req = 1010
# KERNEL: UVM_INFO /home/runner/monitor.sv(31) @ 5025: uvm_test_top.env.agent.mon [MON] rst_n=1 | req: 1010, gnt: 0001
# KERNEL: UVM_INFO /home/runner/scoreboard.sv(51) @ 5025: uvm_test_top.env.scb [arb_scoreboard] Scoreboard received item
# KERNEL: UVM_INFO /home/runner/scoreboard.sv(55) @ 5025: uvm_test_top.env.scb [SCB_PASS] Match Req=1010 ,Exp:0001, Act: 0001
# KERNEL: UVM_INFO /home/runner/driver.sv(45) @ 5025: uvm_test_top.env.agent.drv [DRV] Driving rst_n = 1 | req = 1100
# KERNEL: UVM_INFO /home/runner/monitor.sv(31) @ 5035: uvm_test_top.env.agent.mon [MON] rst_n=1 | req: 1100, gnt: 0010
# KERNEL: UVM_INFO /home/runner/scoreboard.sv(51) @ 5035: uvm_test_top.env.scb [arb_scoreboard] Scoreboard received item
# KERNEL: UVM_INFO /home/runner/scoreboard.sv(55) @ 5035: uvm_test_top.env.scb [SCB_PASS] Match Req=1100 ,Exp:0010, Act: 0010
# KERNEL: UVM_INFO /home/runner/driver.sv(45) @ 5035: uvm_test_top.env.agent.drv [DRV] Driving rst_n = 1 | req = 1001
# KERNEL: UVM_INFO /home/runner/monitor.sv(31) @ 5045: uvm_test_top.env.agent.mon [MON] rst_n=1 | req: 1001, gnt: 0100
# KERNEL: UVM_INFO /home/runner/scoreboard.sv(51) @ 5045: uvm_test_top.env.scb [arb_scoreboard] Scoreboard received item
# KERNEL: UVM_INFO /home/runner/scoreboard.sv(55) @ 5045: uvm_test_top.env.scb [SCB_PASS] Match Req=1001 ,Exp:0100, Act: 0100
# KERNEL: UVM_INFO /home/runner/driver.sv(45) @ 5045: uvm_test_top.env.agent.drv [DRV] Driving rst_n = 1 | req = 1111
# KERNEL: UVM_INFO /home/runner/monitor.sv(31) @ 5055: uvm_test_top.env.agent.mon [MON] rst_n=1 | req: 1111, gnt: 1000
# KERNEL: UVM_INFO /home/runner/scoreboard.sv(51) @ 5055: uvm_test_top.env.scb [arb_scoreboard] Scoreboard received item
# KERNEL: UVM_INFO /home/runner/scoreboard.sv(55) @ 5055: uvm_test_top.env.scb [SCB_PASS] Match Req=1111 ,Exp:1000, Act: 1000
# KERNEL: UVM_INFO /home/runner/driver.sv(45) @ 5055: uvm_test_top.env.agent.drv [DRV] Driving rst_n = 1 | req = 0110
# KERNEL: UVM_INFO /home/runner/monitor.sv(31) @ 5065: uvm_test_top.env.agent.mon [MON] rst_n=1 | req: 0110, gnt: 0001
# KERNEL: UVM_INFO /home/runner/scoreboard.sv(51) @ 5065: uvm_test_top.env.scb [arb_scoreboard] Scoreboard received item
# KERNEL: UVM_INFO /home/runner/scoreboard.sv(55) @ 5065: uvm_test_top.env.scb [SCB_PASS] Match Req=0110 ,Exp:0001, Act: 0001
# KERNEL: UVM_INFO /home/runner/driver.sv(45) @ 5065: uvm_test_top.env.agent.drv [DRV] Driving rst_n = 1 | req = 0001
# KERNEL: UVM_INFO /home/runner/monitor.sv(31) @ 5075: uvm_test_top.env.agent.mon [MON] rst_n=1 | req: 0001, gnt: 0010
# KERNEL: UVM_INFO /home/runner/scoreboard.sv(51) @ 5075: uvm_test_top.env.scb [arb_scoreboard] Scoreboard received item
# KERNEL: UVM_INFO /home/runner/scoreboard.sv(55) @ 5075: uvm_test_top.env.scb [SCB_PASS] Match Req=0001 ,Exp:0010, Act: 0010
# KERNEL: UVM_INFO /home/runner/driver.sv(45) @ 5075: uvm_test_top.env.agent.drv [DRV] Driving rst_n = 1 | req = 0101
# KERNEL: UVM_INFO /home/runner/monitor.sv(31) @ 5085: uvm_test_top.env.agent.mon [MON] rst_n=1 | req: 0101, gnt: 0001
# KERNEL: UVM_INFO /home/runner/scoreboard.sv(51) @ 5085: uvm_test_top.env.scb [arb_scoreboard] Scoreboard received item
# KERNEL: UVM_INFO /home/runner/scoreboard.sv(55) @ 5085: uvm_test_top.env.scb [SCB_PASS] Match Req=0101 ,Exp:0001, Act: 0001
# KERNEL: UVM_INFO /home/runner/driver.sv(45) @ 5085: uvm_test_top.env.agent.drv [DRV] Driving rst_n = 1 | req = 0100
# KERNEL: UVM_INFO /home/runner/monitor.sv(31) @ 5095: uvm_test_top.env.agent.mon [MON] rst_n=1 | req: 0100, gnt: 0100
# KERNEL: UVM_INFO /home/runner/scoreboard.sv(51) @ 5095: uvm_test_top.env.scb [arb_scoreboard] Scoreboard received item
# KERNEL: UVM_INFO /home/runner/scoreboard.sv(55) @ 5095: uvm_test_top.env.scb [SCB_PASS] Match Req=0100 ,Exp:0100, Act: 0100
# KERNEL: UVM_INFO /home/runner/driver.sv(45) @ 5095: uvm_test_top.env.agent.drv [DRV] Driving rst_n = 1 | req = 1100
# KERNEL: UVM_INFO /home/runner/monitor.sv(31) @ 5105: uvm_test_top.env.agent.mon [MON] rst_n=1 | req: 1100, gnt: 0100
# KERNEL: UVM_INFO /home/runner/scoreboard.sv(51) @ 5105: uvm_test_top.env.scb [arb_scoreboard] Scoreboard received item
# KERNEL: UVM_INFO /home/runner/scoreboard.sv(55) @ 5105: uvm_test_top.env.scb [SCB_PASS] Match Req=1100 ,Exp:0100, Act: 0100
# KERNEL: UVM_INFO /home/runner/driver.sv(45) @ 5105: uvm_test_top.env.agent.drv [DRV] Driving rst_n = 1 | req = 1111
# KERNEL: UVM_INFO /home/runner/monitor.sv(31) @ 5115: uvm_test_top.env.agent.mon [MON] rst_n=1 | req: 1111, gnt: 1000
# KERNEL: UVM_INFO /home/runner/scoreboard.sv(51) @ 5115: uvm_test_top.env.scb [arb_scoreboard] Scoreboard received item
# KERNEL: UVM_INFO /home/runner/scoreboard.sv(55) @ 5115: uvm_test_top.env.scb [SCB_PASS] Match Req=1111 ,Exp:1000, Act: 1000
# KERNEL: UVM_INFO /home/runner/driver.sv(45) @ 5115: uvm_test_top.env.agent.drv [DRV] Driving rst_n = 1 | req = 1011
# KERNEL: UVM_INFO /home/runner/monitor.sv(31) @ 5125: uvm_test_top.env.agent.mon [MON] rst_n=1 | req: 1011, gnt: 0001
# KERNEL: UVM_INFO /home/runner/scoreboard.sv(51) @ 5125: uvm_test_top.env.scb [arb_scoreboard] Scoreboard received item
# KERNEL: UVM_INFO /home/runner/scoreboard.sv(55) @ 5125: uvm_test_top.env.scb [SCB_PASS] Match Req=1011 ,Exp:0001, Act: 0001
# KERNEL: UVM_INFO /home/runner/driver.sv(45) @ 5125: uvm_test_top.env.agent.drv [DRV] Driving rst_n = 1 | req = 0010
# KERNEL: UVM_INFO /home/runner/monitor.sv(31) @ 5135: uvm_test_top.env.agent.mon [MON] rst_n=1 | req: 0010, gnt: 0010
# KERNEL: UVM_INFO /home/runner/scoreboard.sv(51) @ 5135: uvm_test_top.env.scb [arb_scoreboard] Scoreboard received item
# KERNEL: UVM_INFO /home/runner/scoreboard.sv(55) @ 5135: uvm_test_top.env.scb [SCB_PASS] Match Req=0010 ,Exp:0010, Act: 0010
# KERNEL: UVM_INFO /home/runner/driver.sv(45) @ 5135: uvm_test_top.env.agent.drv [DRV] Driving rst_n = 1 | req = 0010
# KERNEL: UVM_INFO /home/runner/monitor.sv(31) @ 5145: uvm_test_top.env.agent.mon [MON] rst_n=1 | req: 0010, gnt: 0010
# KERNEL: UVM_INFO /home/runner/scoreboard.sv(51) @ 5145: uvm_test_top.env.scb [arb_scoreboard] Scoreboard received item
# KERNEL: UVM_INFO /home/runner/scoreboard.sv(55) @ 5145: uvm_test_top.env.scb [SCB_PASS] Match Req=0010 ,Exp:0010, Act: 0010
# KERNEL: UVM_INFO /home/runner/driver.sv(45) @ 5145: uvm_test_top.env.agent.drv [DRV] Driving rst_n = 1 | req = 1101
# KERNEL: UVM_INFO /home/runner/monitor.sv(31) @ 5155: uvm_test_top.env.agent.mon [MON] rst_n=1 | req: 1101, gnt: 0010
# KERNEL: UVM_INFO /home/runner/scoreboard.sv(51) @ 5155: uvm_test_top.env.scb [arb_scoreboard] Scoreboard received item
# KERNEL: UVM_INFO /home/runner/scoreboard.sv(55) @ 5155: uvm_test_top.env.scb [SCB_PASS] Match Req=1101 ,Exp:0010, Act: 0010
# KERNEL: UVM_INFO /home/runner/driver.sv(45) @ 5155: uvm_test_top.env.agent.drv [DRV] Driving rst_n = 1 | req = 0001
# KERNEL: UVM_INFO /home/runner/sequence3.sv(29) @ 5155: uvm_test_top.env.agent.sqr@@s3 [arb_random_sequence] Sequence 3 body finished
# KERNEL: UVM_INFO /home/runner/monitor.sv(31) @ 5165: uvm_test_top.env.agent.mon [MON] rst_n=1 | req: 0001, gnt: 0100
# KERNEL: UVM_INFO /home/runner/scoreboard.sv(51) @ 5165: uvm_test_top.env.scb [arb_scoreboard] Scoreboard received item
# KERNEL: UVM_INFO /home/runner/scoreboard.sv(55) @ 5165: uvm_test_top.env.scb [SCB_PASS] Match Req=0001 ,Exp:0100, Act: 0100
# KERNEL: UVM_INFO /home/runner/master_seq.sv(40) @ 5175: uvm_test_top.env.agent.sqr@@seq [MASTER_SEQ] Starting Sequence 4...
# KERNEL: UVM_INFO /home/runner/sequence4.sv(12) @ 5175: uvm_test_top.env.agent.sqr@@s4 [arb_directed_sequence] Starting sequence 4 body
# KERNEL: UVM_INFO /home/runner/monitor.sv(31) @ 5175: uvm_test_top.env.agent.mon [MON] rst_n=1 | req: 0001, gnt: 0001
# KERNEL: UVM_INFO /home/runner/scoreboard.sv(51) @ 5175: uvm_test_top.env.scb [arb_scoreboard] Scoreboard received item
# KERNEL: UVM_INFO /home/runner/scoreboard.sv(55) @ 5175: uvm_test_top.env.scb [SCB_PASS] Match Req=0001 ,Exp:0001, Act: 0001
# KERNEL: UVM_INFO /home/runner/driver.sv(45) @ 5175: uvm_test_top.env.agent.drv [DRV] Driving rst_n = 1 | req = 0001
# KERNEL: UVM_INFO /home/runner/monitor.sv(31) @ 5185: uvm_test_top.env.agent.mon [MON] rst_n=1 | req: 0001, gnt: 0001
# KERNEL: UVM_INFO /home/runner/scoreboard.sv(51) @ 5185: uvm_test_top.env.scb [arb_scoreboard] Scoreboard received item
# KERNEL: UVM_INFO /home/runner/scoreboard.sv(55) @ 5185: uvm_test_top.env.scb [SCB_PASS] Match Req=0001 ,Exp:0001, Act: 0001
# KERNEL: UVM_INFO /home/runner/driver.sv(45) @ 5185: uvm_test_top.env.agent.drv [DRV] Driving rst_n = 1 | req = 0100
# KERNEL: UVM_INFO /home/runner/monitor.sv(31) @ 5195: uvm_test_top.env.agent.mon [MON] rst_n=1 | req: 0100, gnt: 0001
# KERNEL: UVM_INFO /home/runner/scoreboard.sv(51) @ 5195: uvm_test_top.env.scb [arb_scoreboard] Scoreboard received item
# KERNEL: UVM_INFO /home/runner/scoreboard.sv(55) @ 5195: uvm_test_top.env.scb [SCB_PASS] Match Req=0100 ,Exp:0001, Act: 0001
# KERNEL: UVM_INFO /home/runner/driver.sv(45) @ 5195: uvm_test_top.env.agent.drv [DRV] Driving rst_n = 1 | req = 0010
# KERNEL: UVM_INFO /home/runner/monitor.sv(31) @ 5205: uvm_test_top.env.agent.mon [MON] rst_n=1 | req: 0010, gnt: 0100
# KERNEL: UVM_INFO /home/runner/scoreboard.sv(51) @ 5205: uvm_test_top.env.scb [arb_scoreboard] Scoreboard received item
# KERNEL: UVM_INFO /home/runner/scoreboard.sv(55) @ 5205: uvm_test_top.env.scb [SCB_PASS] Match Req=0010 ,Exp:0100, Act: 0100
# KERNEL: UVM_INFO /home/runner/driver.sv(45) @ 5205: uvm_test_top.env.agent.drv [DRV] Driving rst_n = 1 | req = 1000
# KERNEL: UVM_INFO /home/runner/monitor.sv(31) @ 5215: uvm_test_top.env.agent.mon [MON] rst_n=1 | req: 1000, gnt: 0010
# KERNEL: UVM_INFO /home/runner/scoreboard.sv(51) @ 5215: uvm_test_top.env.scb [arb_scoreboard] Scoreboard received item
# KERNEL: UVM_INFO /home/runner/scoreboard.sv(55) @ 5215: uvm_test_top.env.scb [SCB_PASS] Match Req=1000 ,Exp:0010, Act: 0010
# KERNEL: UVM_INFO /home/runner/driver.sv(45) @ 5215: uvm_test_top.env.agent.drv [DRV] Driving rst_n = 0 | req = 1111
# KERNEL: UVM_INFO /home/runner/sequence4.sv(21) @ 5215: uvm_test_top.env.agent.sqr@@s4 [arb_directed_sequence] Sequence 4 body finished
# KERNEL: UVM_INFO /home/runner/monitor.sv(31) @ 5225: uvm_test_top.env.agent.mon [MON] rst_n=0 | req: 1111, gnt: 0000
# KERNEL: UVM_INFO /home/runner/scoreboard.sv(29) @ 5225: uvm_test_top.env.scb [SCB_RST] System in Reset, checking for clear outputs
# KERNEL: UVM_INFO /home/runner/monitor.sv(31) @ 5235: uvm_test_top.env.agent.mon [MON] rst_n=0 | req: 1111, gnt: 0000
# KERNEL: UVM_INFO /home/runner/scoreboard.sv(29) @ 5235: uvm_test_top.env.scb [SCB_RST] System in Reset, checking for clear outputs
# KERNEL: UVM_INFO /home/runner/monitor.sv(31) @ 5245: uvm_test_top.env.agent.mon [MON] rst_n=0 | req: 1111, gnt: 0000
# KERNEL: UVM_INFO /home/runner/scoreboard.sv(29) @ 5245: uvm_test_top.env.scb [SCB_RST] System in Reset, checking for clear outputs
# KERNEL: UVM_INFO /home/runner/monitor.sv(31) @ 5255: uvm_test_top.env.agent.mon [MON] rst_n=0 | req: 1111, gnt: 0000
# KERNEL: UVM_INFO /home/runner/scoreboard.sv(29) @ 5255: uvm_test_top.env.scb [SCB_RST] System in Reset, checking for clear outputs
# KERNEL: UVM_INFO /home/runner/test.sv(26) @ 5265: uvm_test_top [arb_test] Test finished!
# KERNEL: UVM_INFO ./uvm-1.2/src/base/uvm_objection.svh(1271) @ 5265: reporter [TEST_DONE] 'run' phase is ready to proceed to the 'extract' phase
# KERNEL: UVM_INFO ./uvm-1.2/src/base/uvm_report_server.svh(869) @ 5265: reporter [UVM/REPORT/SERVER] 
# KERNEL: --- UVM Report Summary ---
# KERNEL: 
# KERNEL: ** Report counts by severity
# KERNEL: UVM_INFO : 2048
# KERNEL: UVM_WARNING :    0
# KERNEL: UVM_ERROR :    0
# KERNEL: UVM_FATAL :    0
# KERNEL: ** Report counts by id
# KERNEL: [DRV]   517
# KERNEL: [MASTER_SEQ]     4
# KERNEL: [MON]   526
# KERNEL: [RNTST]     1
# KERNEL: [SCB_PASS]   463
# KERNEL: [SCB_RST]    62
# KERNEL: [TEST_DONE]     1
# KERNEL: [UVM/RELNOTES]     1
# KERNEL: [arb_all_high_sequence]     2
# KERNEL: [arb_directed_sequence]     2
# KERNEL: [arb_random_sequence]     2
# KERNEL: [arb_scoreboard]   463
# KERNEL: [arb_test]     2
# KERNEL: [arb_walking_ones_sequence]     2
# KERNEL: 
# RUNTIME: Info: RUNTIME_0068 uvm_root.svh (521): $finish called.
# KERNEL: Time: 5265 ns,  Iteration: 57,  Instance: /tb_top,  Process: @INITIAL#37_1@.
# KERNEL: stopped at time: 5265 ns
# VSIM: Simulation has finished. There are no more test vectors to simulate.