vsim +access+r;
# ELBREAD: Elaboration process.
# ELBREAD: Warning: ELBREAD_0049 The "uvm_pkg" design unit does not have a time unit/precision defined but other design units do.
# ELBREAD: Elaboration time 0.9 [s].
# KERNEL: Main thread initiated.
# KERNEL: Kernel process initialization phase.
# ELAB2: Elaboration final pass...
# KERNEL: PLI/VHPI kernel's engine initialization done.
# PLI: Loading library '/usr/share/Riviera-PRO/bin/libsystf.so'
# ELAB2: Create instances ...
# KERNEL: Info: Loading library:  /usr/share/Riviera-PRO/bin/uvm_1_2_dpi
# KERNEL: Time resolution set to 1ns.
# ELAB2: Create instances complete.
# SLP: Started
# SLP: Elaboration phase ...
# SLP: Elaboration phase ... done : 0.0 [s]
# SLP: Generation phase ...
# SLP: Generation phase ... done : 0.1 [s]
# SLP: Finished : 0.1 [s]
# SLP: 0 primitives and 5 (20.00%) other processes in SLP
# SLP: 28 (0.09%) signals in SLP and 114 (0.37%) interface signals
# ELAB2: Elaboration final pass complete - time: 2.8 [s].
# KERNEL: SLP loading done - time: 0.0 [s].
# KERNEL: Warning: You are using the Riviera-PRO EDU Edition. The performance of simulation is reduced.
# KERNEL: Warning: Contact Aldec for available upgrade options - sales@aldec.com.
# KERNEL: SLP simulation initialization done - time: 0.0 [s].
# KERNEL: Kernel process initialization done.
# Allocation: Simulator allocated 30956 kB (elbread=2134 elab2=23934 kernel=4886 sdf=0)
# KERNEL: UVM_INFO ./uvm-1.2/src/base/uvm_root.svh(392) @ 0: reporter [UVM/RELNOTES] 
# KERNEL: ----------------------------------------------------------------
# KERNEL: UVM-1.2
# KERNEL: (C) 2007-2014 Mentor Graphics Corporation
# KERNEL: (C) 2007-2014 Cadence Design Systems, Inc.
# KERNEL: (C) 2006-2014 Synopsys, Inc.
# KERNEL: (C) 2011-2013 Cypress Semiconductor Corp.
# KERNEL: (C) 2013-2014 NVIDIA Corporation
# KERNEL: ----------------------------------------------------------------
# KERNEL: 
# KERNEL:   ***********       IMPORTANT RELEASE NOTES         ************
# KERNEL: 
# KERNEL:   You are using a version of the UVM library that has been compiled
# KERNEL:   with `UVM_NO_DEPRECATED undefined.
# KERNEL:   See http://www.eda.org/svdb/view.php?id=3313 for more details.
# KERNEL: 
# KERNEL:   You are using a version of the UVM library that has been compiled
# KERNEL:   with `UVM_OBJECT_DO_NOT_NEED_CONSTRUCTOR undefined.
# KERNEL:   See http://www.eda.org/svdb/view.php?id=3770 for more details.
# KERNEL: 
# KERNEL:       (Specify +UVM_NO_RELNOTES to turn off this notice)
# KERNEL: 
# KERNEL: ASDB file was created in location /home/runner/dataset.asdb
run -all;
# KERNEL: UVM_INFO @ 0: reporter [RNTST] Running test alu_test...
# KERNEL: UVM_INFO /home/runner/test.sv(21) @ 0: uvm_test_top [alu_test] Starting test...
# KERNEL: UVM_INFO /home/runner/master_seq.sv(20) @ 0: uvm_test_top.env.agent.sqr@@seq [MASTER_SEQ] Starting Sequence 1...
# KERNEL: UVM_INFO /home/runner/sequence1.sv(12) @ 0: uvm_test_top.env.agent.sqr@@s1 [alu_base_sequence] Starting sequence body
# ACDB: Error: ACDB_0013 alu_coverage.sv (30): Illegal enum bin was hit with value 'xxx' at iteration #0 of covergroup sampling. It will have no impact on the coverage statistics. HDL instance: "/\package alu_pkg\/alu_coverage". Covergroup type: "alu_cg", covergroup instance: "<UNNAMED1>", coverpoint: "cp_op".
# KERNEL: UVM_INFO /home/runner/scoreboard.sv(28) @ 5: uvm_test_top.env.scb [alu_scoreboard] Scoreboard received item
# KERNEL: Error: assertion.sv (27): ZERO flag not asserted when result is =0
# ACDB: Error: ACDB_0013 alu_coverage.sv (30): Illegal enum bin was hit with value 'xxx' at iteration #1 of covergroup sampling. It will have no impact on the coverage statistics. HDL instance: "/\package alu_pkg\/alu_coverage". Covergroup type: "alu_cg", covergroup instance: "<UNNAMED1>", coverpoint: "cp_op".
# KERNEL: UVM_INFO /home/runner/scoreboard.sv(28) @ 15: uvm_test_top.env.scb [alu_scoreboard] Scoreboard received item
# KERNEL: Error: assertion.sv (27): ZERO flag not asserted when result is =0
# KERNEL: UVM_INFO /home/runner/monitor.sv(42) @ 35: uvm_test_top.env.agent.mon [MON] A=0 B=0 OP=ADD res= 0 C=0 Z=1 N=0 O=0
# KERNEL: UVM_INFO /home/runner/scoreboard.sv(28) @ 35: uvm_test_top.env.scb [alu_scoreboard] Scoreboard received item
# KERNEL: UVM_INFO /home/runner/driver.sv(51) @ 35: uvm_test_top.env.agent.drv [DRV] A=9 B=11 OP=SUB
# KERNEL: UVM_INFO /home/runner/monitor.sv(42) @ 55: uvm_test_top.env.agent.mon [MON] A=9 B=11 OP=SUB res=14 C=1 Z=0 N=1 O=0
# KERNEL: UVM_INFO /home/runner/scoreboard.sv(28) @ 55: uvm_test_top.env.scb [alu_scoreboard] Scoreboard received item
# KERNEL: UVM_INFO /home/runner/scoreboard.sv(77) @ 55: uvm_test_top.env.scb [SCB_PASS] Match! OP=SUB A=9 B=11 | RES=14 Flags=1010
# KERNEL: UVM_INFO /home/runner/driver.sv(51) @ 55: uvm_test_top.env.agent.drv [DRV] A=11 B=1 OP=AND
# KERNEL: Error: assertion.sv (42): Logical operation using flags which is wrong
# KERNEL: UVM_INFO /home/runner/monitor.sv(42) @ 75: uvm_test_top.env.agent.mon [MON] A=11 B=1 OP=AND res= 1 C=0 Z=0 N=0 O=0
# KERNEL: UVM_INFO /home/runner/scoreboard.sv(28) @ 75: uvm_test_top.env.scb [alu_scoreboard] Scoreboard received item
# KERNEL: UVM_INFO /home/runner/scoreboard.sv(77) @ 75: uvm_test_top.env.scb [SCB_PASS] Match! OP=AND A=11 B=1 | RES=1 Flags=0000
# KERNEL: UVM_INFO /home/runner/driver.sv(51) @ 75: uvm_test_top.env.agent.drv [DRV] A=0 B=0 OP=SHL
# KERNEL: UVM_INFO /home/runner/monitor.sv(42) @ 95: uvm_test_top.env.agent.mon [MON] A=0 B=0 OP=SHL res= 0 C=0 Z=1 N=0 O=0
# KERNEL: UVM_INFO /home/runner/scoreboard.sv(28) @ 95: uvm_test_top.env.scb [alu_scoreboard] Scoreboard received item
# KERNEL: UVM_INFO /home/runner/scoreboard.sv(77) @ 95: uvm_test_top.env.scb [SCB_PASS] Match! OP=SHL A=0 B=0 | RES=0 Flags=0100
# KERNEL: UVM_INFO /home/runner/driver.sv(51) @ 95: uvm_test_top.env.agent.drv [DRV] A=8 B=1 OP=XOR
# KERNEL: UVM_INFO /home/runner/monitor.sv(42) @ 115: uvm_test_top.env.agent.mon [MON] A=8 B=1 OP=XOR res= 9 C=0 Z=0 N=1 O=0
# KERNEL: UVM_INFO /home/runner/scoreboard.sv(28) @ 115: uvm_test_top.env.scb [alu_scoreboard] Scoreboard received item
# KERNEL: UVM_INFO /home/runner/scoreboard.sv(77) @ 115: uvm_test_top.env.scb [SCB_PASS] Match! OP=XOR A=8 B=1 | RES=9 Flags=0010
# KERNEL: UVM_INFO /home/runner/driver.sv(51) @ 115: uvm_test_top.env.agent.drv [DRV] A=8 B=9 OP=SHL
# KERNEL: UVM_INFO /home/runner/monitor.sv(42) @ 135: uvm_test_top.env.agent.mon [MON] A=8 B=9 OP=SHL res= 0 C=0 Z=1 N=0 O=0
# KERNEL: UVM_INFO /home/runner/scoreboard.sv(28) @ 135: uvm_test_top.env.scb [alu_scoreboard] Scoreboard received item
# KERNEL: UVM_INFO /home/runner/scoreboard.sv(77) @ 135: uvm_test_top.env.scb [SCB_PASS] Match! OP=SHL A=8 B=9 | RES=0 Flags=0100
# KERNEL: UVM_INFO /home/runner/driver.sv(51) @ 135: uvm_test_top.env.agent.drv [DRV] A=14 B=2 OP=OR
# KERNEL: UVM_INFO /home/runner/monitor.sv(42) @ 155: uvm_test_top.env.agent.mon [MON] A=14 B=2 OP=OR res=14 C=0 Z=0 N=1 O=0
# KERNEL: UVM_INFO /home/runner/scoreboard.sv(28) @ 155: uvm_test_top.env.scb [alu_scoreboard] Scoreboard received item
# KERNEL: UVM_INFO /home/runner/scoreboard.sv(77) @ 155: uvm_test_top.env.scb [SCB_PASS] Match! OP=OR A=14 B=2 | RES=14 Flags=0010
# KERNEL: UVM_INFO /home/runner/driver.sv(51) @ 155: uvm_test_top.env.agent.drv [DRV] A=7 B=4 OP=XOR
# KERNEL: UVM_INFO /home/runner/monitor.sv(42) @ 175: uvm_test_top.env.agent.mon [MON] A=7 B=4 OP=XOR res= 3 C=0 Z=0 N=0 O=0
# KERNEL: UVM_INFO /home/runner/scoreboard.sv(28) @ 175: uvm_test_top.env.scb [alu_scoreboard] Scoreboard received item
# KERNEL: UVM_INFO /home/runner/scoreboard.sv(77) @ 175: uvm_test_top.env.scb [SCB_PASS] Match! OP=XOR A=7 B=4 | RES=3 Flags=0000
# KERNEL: UVM_INFO /home/runner/driver.sv(51) @ 175: uvm_test_top.env.agent.drv [DRV] A=3 B=15 OP=OR
# KERNEL: UVM_INFO /home/runner/monitor.sv(42) @ 195: uvm_test_top.env.agent.mon [MON] A=3 B=15 OP=OR res=15 C=0 Z=0 N=1 O=0
# KERNEL: UVM_INFO /home/runner/scoreboard.sv(28) @ 195: uvm_test_top.env.scb [alu_scoreboard] Scoreboard received item
# KERNEL: UVM_INFO /home/runner/scoreboard.sv(77) @ 195: uvm_test_top.env.scb [SCB_PASS] Match! OP=OR A=3 B=15 | RES=15 Flags=0010
# KERNEL: UVM_INFO /home/runner/driver.sv(51) @ 195: uvm_test_top.env.agent.drv [DRV] A=2 B=0 OP=SHL
# KERNEL: UVM_INFO /home/runner/monitor.sv(42) @ 215: uvm_test_top.env.agent.mon [MON] A=2 B=0 OP=SHL res= 4 C=0 Z=0 N=0 O=0
# KERNEL: UVM_INFO /home/runner/scoreboard.sv(28) @ 215: uvm_test_top.env.scb [alu_scoreboard] Scoreboard received item
# KERNEL: UVM_INFO /home/runner/scoreboard.sv(77) @ 215: uvm_test_top.env.scb [SCB_PASS] Match! OP=SHL A=2 B=0 | RES=4 Flags=0000
# KERNEL: UVM_INFO /home/runner/driver.sv(51) @ 215: uvm_test_top.env.agent.drv [DRV] A=11 B=15 OP=SHL
# KERNEL: UVM_INFO /home/runner/monitor.sv(42) @ 235: uvm_test_top.env.agent.mon [MON] A=11 B=15 OP=SHL res= 6 C=0 Z=0 N=0 O=0
# KERNEL: UVM_INFO /home/runner/scoreboard.sv(28) @ 235: uvm_test_top.env.scb [alu_scoreboard] Scoreboard received item
# KERNEL: UVM_INFO /home/runner/scoreboard.sv(77) @ 235: uvm_test_top.env.scb [SCB_PASS] Match! OP=SHL A=11 B=15 | RES=6 Flags=0000
# KERNEL: UVM_INFO /home/runner/driver.sv(51) @ 235: uvm_test_top.env.agent.drv [DRV] A=14 B=12 OP=NOT
# KERNEL: UVM_INFO /home/runner/monitor.sv(42) @ 255: uvm_test_top.env.agent.mon [MON] A=14 B=12 OP=NOT res= 1 C=0 Z=0 N=0 O=0
# KERNEL: UVM_INFO /home/runner/scoreboard.sv(28) @ 255: uvm_test_top.env.scb [alu_scoreboard] Scoreboard received item
# KERNEL: UVM_INFO /home/runner/scoreboard.sv(77) @ 255: uvm_test_top.env.scb [SCB_PASS] Match! OP=NOT A=14 B=12 | RES=1 Flags=0000
# KERNEL: UVM_INFO /home/runner/driver.sv(51) @ 255: uvm_test_top.env.agent.drv [DRV] A=15 B=12 OP=AND
# KERNEL: UVM_INFO /home/runner/monitor.sv(42) @ 275: uvm_test_top.env.agent.mon [MON] A=15 B=12 OP=AND res=12 C=0 Z=0 N=1 O=0
# KERNEL: UVM_INFO /home/runner/scoreboard.sv(28) @ 275: uvm_test_top.env.scb [alu_scoreboard] Scoreboard received item
# KERNEL: UVM_INFO /home/runner/scoreboard.sv(77) @ 275: uvm_test_top.env.scb [SCB_PASS] Match! OP=AND A=15 B=12 | RES=12 Flags=0010
# KERNEL: UVM_INFO /home/runner/driver.sv(51) @ 275: uvm_test_top.env.agent.drv [DRV] A=5 B=15 OP=OR
# KERNEL: UVM_INFO /home/runner/monitor.sv(42) @ 295: uvm_test_top.env.agent.mon [MON] A=5 B=15 OP=OR res=15 C=0 Z=0 N=1 O=0
# KERNEL: UVM_INFO /home/runner/scoreboard.sv(28) @ 295: uvm_test_top.env.scb [alu_scoreboard] Scoreboard received item
# KERNEL: UVM_INFO /home/runner/scoreboard.sv(77) @ 295: uvm_test_top.env.scb [SCB_PASS] Match! OP=OR A=5 B=15 | RES=15 Flags=0010
# KERNEL: UVM_INFO /home/runner/driver.sv(51) @ 295: uvm_test_top.env.agent.drv [DRV] A=5 B=15 OP=SHL
# KERNEL: UVM_INFO /home/runner/monitor.sv(42) @ 315: uvm_test_top.env.agent.mon [MON] A=5 B=15 OP=SHL res=10 C=0 Z=0 N=1 O=0
# KERNEL: UVM_INFO /home/runner/scoreboard.sv(28) @ 315: uvm_test_top.env.scb [alu_scoreboard] Scoreboard received item
# KERNEL: UVM_INFO /home/runner/scoreboard.sv(77) @ 315: uvm_test_top.env.scb [SCB_PASS] Match! OP=SHL A=5 B=15 | RES=10 Flags=0010
# KERNEL: UVM_INFO /home/runner/driver.sv(51) @ 315: uvm_test_top.env.agent.drv [DRV] A=15 B=1 OP=NOT
# KERNEL: UVM_INFO /home/runner/monitor.sv(42) @ 335: uvm_test_top.env.agent.mon [MON] A=15 B=1 OP=NOT res= 0 C=0 Z=1 N=0 O=0
# KERNEL: UVM_INFO /home/runner/scoreboard.sv(28) @ 335: uvm_test_top.env.scb [alu_scoreboard] Scoreboard received item
# KERNEL: UVM_INFO /home/runner/scoreboard.sv(77) @ 335: uvm_test_top.env.scb [SCB_PASS] Match! OP=NOT A=15 B=1 | RES=0 Flags=0100
# KERNEL: UVM_INFO /home/runner/driver.sv(51) @ 335: uvm_test_top.env.agent.drv [DRV] A=15 B=0 OP=SUB
# KERNEL: UVM_INFO /home/runner/monitor.sv(42) @ 355: uvm_test_top.env.agent.mon [MON] A=15 B=0 OP=SUB res=15 C=0 Z=0 N=1 O=0
# KERNEL: UVM_INFO /home/runner/scoreboard.sv(28) @ 355: uvm_test_top.env.scb [alu_scoreboard] Scoreboard received item
# KERNEL: UVM_INFO /home/runner/scoreboard.sv(77) @ 355: uvm_test_top.env.scb [SCB_PASS] Match! OP=SUB A=15 B=0 | RES=15 Flags=0010
# KERNEL: UVM_INFO /home/runner/driver.sv(51) @ 355: uvm_test_top.env.agent.drv [DRV] A=10 B=15 OP=ADD
# KERNEL: UVM_INFO /home/runner/monitor.sv(42) @ 375: uvm_test_top.env.agent.mon [MON] A=10 B=15 OP=ADD res= 9 C=1 Z=0 N=1 O=0
# KERNEL: UVM_INFO /home/runner/scoreboard.sv(28) @ 375: uvm_test_top.env.scb [alu_scoreboard] Scoreboard received item
# KERNEL: UVM_INFO /home/runner/scoreboard.sv(77) @ 375: uvm_test_top.env.scb [SCB_PASS] Match! OP=ADD A=10 B=15 | RES=9 Flags=1010
# KERNEL: UVM_INFO /home/runner/driver.sv(51) @ 375: uvm_test_top.env.agent.drv [DRV] A=0 B=1 OP=NOT
# KERNEL: Error: assertion.sv (42): Logical operation using flags which is wrong
# KERNEL: UVM_INFO /home/runner/monitor.sv(42) @ 395: uvm_test_top.env.agent.mon [MON] A=0 B=1 OP=NOT res=15 C=0 Z=0 N=1 O=0
# KERNEL: UVM_INFO /home/runner/scoreboard.sv(28) @ 395: uvm_test_top.env.scb [alu_scoreboard] Scoreboard received item
# KERNEL: UVM_INFO /home/runner/scoreboard.sv(77) @ 395: uvm_test_top.env.scb [SCB_PASS] Match! OP=NOT A=0 B=1 | RES=15 Flags=0010
# KERNEL: UVM_INFO /home/runner/driver.sv(51) @ 395: uvm_test_top.env.agent.drv [DRV] A=3 B=7 OP=SHR
# KERNEL: UVM_INFO /home/runner/monitor.sv(42) @ 415: uvm_test_top.env.agent.mon [MON] A=3 B=7 OP=SHR res= 1 C=0 Z=0 N=0 O=0
# KERNEL: UVM_INFO /home/runner/scoreboard.sv(28) @ 415: uvm_test_top.env.scb [alu_scoreboard] Scoreboard received item
# KERNEL: UVM_INFO /home/runner/scoreboard.sv(77) @ 415: uvm_test_top.env.scb [SCB_PASS] Match! OP=SHR A=3 B=7 | RES=1 Flags=0000
# KERNEL: UVM_INFO /home/runner/driver.sv(51) @ 415: uvm_test_top.env.agent.drv [DRV] A=15 B=12 OP=ADD
# KERNEL: UVM_INFO /home/runner/monitor.sv(42) @ 435: uvm_test_top.env.agent.mon [MON] A=15 B=12 OP=ADD res=11 C=1 Z=0 N=1 O=0
# KERNEL: UVM_INFO /home/runner/scoreboard.sv(28) @ 435: uvm_test_top.env.scb [alu_scoreboard] Scoreboard received item
# KERNEL: UVM_INFO /home/runner/scoreboard.sv(77) @ 435: uvm_test_top.env.scb [SCB_PASS] Match! OP=ADD A=15 B=12 | RES=11 Flags=1010
# KERNEL: UVM_INFO /home/runner/driver.sv(51) @ 435: uvm_test_top.env.agent.drv [DRV] A=12 B=0 OP=NOT
# KERNEL: Error: assertion.sv (42): Logical operation using flags which is wrong
# KERNEL: UVM_INFO /home/runner/monitor.sv(42) @ 455: uvm_test_top.env.agent.mon [MON] A=12 B=0 OP=NOT res= 3 C=0 Z=0 N=0 O=0
# KERNEL: UVM_INFO /home/runner/scoreboard.sv(28) @ 455: uvm_test_top.env.scb [alu_scoreboard] Scoreboard received item
# KERNEL: UVM_INFO /home/runner/scoreboard.sv(77) @ 455: uvm_test_top.env.scb [SCB_PASS] Match! OP=NOT A=12 B=0 | RES=3 Flags=0000
# KERNEL: UVM_INFO /home/runner/driver.sv(51) @ 455: uvm_test_top.env.agent.drv [DRV] A=14 B=2 OP=SHR
# KERNEL: UVM_INFO /home/runner/monitor.sv(42) @ 475: uvm_test_top.env.agent.mon [MON] A=14 B=2 OP=SHR res= 7 C=0 Z=0 N=0 O=0
# KERNEL: UVM_INFO /home/runner/scoreboard.sv(28) @ 475: uvm_test_top.env.scb [alu_scoreboard] Scoreboard received item
# KERNEL: UVM_INFO /home/runner/scoreboard.sv(77) @ 475: uvm_test_top.env.scb [SCB_PASS] Match! OP=SHR A=14 B=2 | RES=7 Flags=0000
# KERNEL: UVM_INFO /home/runner/driver.sv(51) @ 475: uvm_test_top.env.agent.drv [DRV] A=0 B=9 OP=SHR
# KERNEL: UVM_INFO /home/runner/monitor.sv(42) @ 495: uvm_test_top.env.agent.mon [MON] A=0 B=9 OP=SHR res= 0 C=0 Z=1 N=0 O=0
# KERNEL: UVM_INFO /home/runner/scoreboard.sv(28) @ 495: uvm_test_top.env.scb [alu_scoreboard] Scoreboard received item
# KERNEL: UVM_INFO /home/runner/scoreboard.sv(77) @ 495: uvm_test_top.env.scb [SCB_PASS] Match! OP=SHR A=0 B=9 | RES=0 Flags=0100
# KERNEL: UVM_INFO /home/runner/driver.sv(51) @ 495: uvm_test_top.env.agent.drv [DRV] A=2 B=10 OP=SHR
# KERNEL: UVM_INFO /home/runner/monitor.sv(42) @ 515: uvm_test_top.env.agent.mon [MON] A=2 B=10 OP=SHR res= 1 C=0 Z=0 N=0 O=0
# KERNEL: UVM_INFO /home/runner/scoreboard.sv(28) @ 515: uvm_test_top.env.scb [alu_scoreboard] Scoreboard received item
# KERNEL: UVM_INFO /home/runner/scoreboard.sv(77) @ 515: uvm_test_top.env.scb [SCB_PASS] Match! OP=SHR A=2 B=10 | RES=1 Flags=0000
# KERNEL: UVM_INFO /home/runner/driver.sv(51) @ 515: uvm_test_top.env.agent.drv [DRV] A=2 B=0 OP=AND
# KERNEL: UVM_INFO /home/runner/monitor.sv(42) @ 535: uvm_test_top.env.agent.mon [MON] A=2 B=0 OP=AND res= 0 C=0 Z=1 N=0 O=0
# KERNEL: UVM_INFO /home/runner/scoreboard.sv(28) @ 535: uvm_test_top.env.scb [alu_scoreboard] Scoreboard received item
# KERNEL: UVM_INFO /home/runner/scoreboard.sv(77) @ 535: uvm_test_top.env.scb [SCB_PASS] Match! OP=AND A=2 B=0 | RES=0 Flags=0100
# KERNEL: UVM_INFO /home/runner/driver.sv(51) @ 535: uvm_test_top.env.agent.drv [DRV] A=12 B=0 OP=OR
# KERNEL: UVM_INFO /home/runner/monitor.sv(42) @ 555: uvm_test_top.env.agent.mon [MON] A=12 B=0 OP=OR res=12 C=0 Z=0 N=1 O=0
# KERNEL: UVM_INFO /home/runner/scoreboard.sv(28) @ 555: uvm_test_top.env.scb [alu_scoreboard] Scoreboard received item
# KERNEL: UVM_INFO /home/runner/scoreboard.sv(77) @ 555: uvm_test_top.env.scb [SCB_PASS] Match! OP=OR A=12 B=0 | RES=12 Flags=0010
# KERNEL: UVM_INFO /home/runner/driver.sv(51) @ 555: uvm_test_top.env.agent.drv [DRV] A=15 B=13 OP=ADD
# KERNEL: UVM_INFO /home/runner/monitor.sv(42) @ 575: uvm_test_top.env.agent.mon [MON] A=15 B=13 OP=ADD res=12 C=1 Z=0 N=1 O=0
# KERNEL: UVM_INFO /home/runner/scoreboard.sv(28) @ 575: uvm_test_top.env.scb [alu_scoreboard] Scoreboard received item
# KERNEL: UVM_INFO /home/runner/scoreboard.sv(77) @ 575: uvm_test_top.env.scb [SCB_PASS] Match! OP=ADD A=15 B=13 | RES=12 Flags=1010
# KERNEL: UVM_INFO /home/runner/driver.sv(51) @ 575: uvm_test_top.env.agent.drv [DRV] A=14 B=0 OP=SUB
# KERNEL: UVM_INFO /home/runner/monitor.sv(42) @ 595: uvm_test_top.env.agent.mon [MON] A=14 B=0 OP=SUB res=14 C=0 Z=0 N=1 O=0
# KERNEL: UVM_INFO /home/runner/scoreboard.sv(28) @ 595: uvm_test_top.env.scb [alu_scoreboard] Scoreboard received item
# KERNEL: UVM_INFO /home/runner/scoreboard.sv(77) @ 595: uvm_test_top.env.scb [SCB_PASS] Match! OP=SUB A=14 B=0 | RES=14 Flags=0010
# KERNEL: UVM_INFO /home/runner/driver.sv(51) @ 595: uvm_test_top.env.agent.drv [DRV] A=15 B=2 OP=SHR
# KERNEL: UVM_INFO /home/runner/monitor.sv(42) @ 615: uvm_test_top.env.agent.mon [MON] A=15 B=2 OP=SHR res= 7 C=0 Z=0 N=0 O=0
# KERNEL: UVM_INFO /home/runner/scoreboard.sv(28) @ 615: uvm_test_top.env.scb [alu_scoreboard] Scoreboard received item
# KERNEL: UVM_INFO /home/runner/scoreboard.sv(77) @ 615: uvm_test_top.env.scb [SCB_PASS] Match! OP=SHR A=15 B=2 | RES=7 Flags=0000
# KERNEL: UVM_INFO /home/runner/driver.sv(51) @ 615: uvm_test_top.env.agent.drv [DRV] A=7 B=7 OP=OR
# KERNEL: UVM_INFO /home/runner/monitor.sv(42) @ 635: uvm_test_top.env.agent.mon [MON] A=7 B=7 OP=OR res= 7 C=0 Z=0 N=0 O=0
# KERNEL: UVM_INFO /home/runner/scoreboard.sv(28) @ 635: uvm_test_top.env.scb [alu_scoreboard] Scoreboard received item
# KERNEL: UVM_INFO /home/runner/scoreboard.sv(77) @ 635: uvm_test_top.env.scb [SCB_PASS] Match! OP=OR A=7 B=7 | RES=7 Flags=0000
# KERNEL: UVM_INFO /home/runner/driver.sv(51) @ 635: uvm_test_top.env.agent.drv [DRV] A=7 B=2 OP=AND
# KERNEL: UVM_INFO /home/runner/monitor.sv(42) @ 655: uvm_test_top.env.agent.mon [MON] A=7 B=2 OP=AND res= 2 C=0 Z=0 N=0 O=0
# KERNEL: UVM_INFO /home/runner/scoreboard.sv(28) @ 655: uvm_test_top.env.scb [alu_scoreboard] Scoreboard received item
# KERNEL: UVM_INFO /home/runner/scoreboard.sv(77) @ 655: uvm_test_top.env.scb [SCB_PASS] Match! OP=AND A=7 B=2 | RES=2 Flags=0000
# KERNEL: UVM_INFO /home/runner/driver.sv(51) @ 655: uvm_test_top.env.agent.drv [DRV] A=7 B=11 OP=SUB
# KERNEL: UVM_INFO /home/runner/monitor.sv(42) @ 675: uvm_test_top.env.agent.mon [MON] A=7 B=11 OP=SUB res=12 C=1 Z=0 N=1 O=1
# KERNEL: UVM_INFO /home/runner/scoreboard.sv(28) @ 675: uvm_test_top.env.scb [alu_scoreboard] Scoreboard received item
# KERNEL: UVM_INFO /home/runner/scoreboard.sv(77) @ 675: uvm_test_top.env.scb [SCB_PASS] Match! OP=SUB A=7 B=11 | RES=12 Flags=1011
# KERNEL: UVM_INFO /home/runner/driver.sv(51) @ 675: uvm_test_top.env.agent.drv [DRV] A=4 B=0 OP=XOR
# KERNEL: Error: assertion.sv (42): Logical operation using flags which is wrong
# KERNEL: UVM_INFO /home/runner/monitor.sv(42) @ 695: uvm_test_top.env.agent.mon [MON] A=4 B=0 OP=XOR res= 4 C=0 Z=0 N=0 O=0
# KERNEL: UVM_INFO /home/runner/scoreboard.sv(28) @ 695: uvm_test_top.env.scb [alu_scoreboard] Scoreboard received item
# KERNEL: UVM_INFO /home/runner/scoreboard.sv(77) @ 695: uvm_test_top.env.scb [SCB_PASS] Match! OP=XOR A=4 B=0 | RES=4 Flags=0000
# KERNEL: UVM_INFO /home/runner/driver.sv(51) @ 695: uvm_test_top.env.agent.drv [DRV] A=15 B=11 OP=ADD
# KERNEL: UVM_INFO /home/runner/monitor.sv(42) @ 715: uvm_test_top.env.agent.mon [MON] A=15 B=11 OP=ADD res=10 C=1 Z=0 N=1 O=0
# KERNEL: UVM_INFO /home/runner/scoreboard.sv(28) @ 715: uvm_test_top.env.scb [alu_scoreboard] Scoreboard received item
# KERNEL: UVM_INFO /home/runner/scoreboard.sv(77) @ 715: uvm_test_top.env.scb [SCB_PASS] Match! OP=ADD A=15 B=11 | RES=10 Flags=1010
# KERNEL: UVM_INFO /home/runner/driver.sv(51) @ 715: uvm_test_top.env.agent.drv [DRV] A=4 B=15 OP=NOT
# KERNEL: Error: assertion.sv (42): Logical operation using flags which is wrong
# KERNEL: UVM_INFO /home/runner/monitor.sv(42) @ 735: uvm_test_top.env.agent.mon [MON] A=4 B=15 OP=NOT res=11 C=0 Z=0 N=1 O=0
# KERNEL: UVM_INFO /home/runner/scoreboard.sv(28) @ 735: uvm_test_top.env.scb [alu_scoreboard] Scoreboard received item
# KERNEL: UVM_INFO /home/runner/scoreboard.sv(77) @ 735: uvm_test_top.env.scb [SCB_PASS] Match! OP=NOT A=4 B=15 | RES=11 Flags=0010
# KERNEL: UVM_INFO /home/runner/driver.sv(51) @ 735: uvm_test_top.env.agent.drv [DRV] A=15 B=11 OP=XOR
# KERNEL: UVM_INFO /home/runner/monitor.sv(42) @ 755: uvm_test_top.env.agent.mon [MON] A=15 B=11 OP=XOR res= 4 C=0 Z=0 N=0 O=0
# KERNEL: UVM_INFO /home/runner/scoreboard.sv(28) @ 755: uvm_test_top.env.scb [alu_scoreboard] Scoreboard received item
# KERNEL: UVM_INFO /home/runner/scoreboard.sv(77) @ 755: uvm_test_top.env.scb [SCB_PASS] Match! OP=XOR A=15 B=11 | RES=4 Flags=0000
# KERNEL: UVM_INFO /home/runner/driver.sv(51) @ 755: uvm_test_top.env.agent.drv [DRV] A=13 B=0 OP=SUB
# KERNEL: UVM_INFO /home/runner/monitor.sv(42) @ 775: uvm_test_top.env.agent.mon [MON] A=13 B=0 OP=SUB res=13 C=0 Z=0 N=1 O=0
# KERNEL: UVM_INFO /home/runner/scoreboard.sv(28) @ 775: uvm_test_top.env.scb [alu_scoreboard] Scoreboard received item
# KERNEL: UVM_INFO /home/runner/scoreboard.sv(77) @ 775: uvm_test_top.env.scb [SCB_PASS] Match! OP=SUB A=13 B=0 | RES=13 Flags=0010
# KERNEL: UVM_INFO /home/runner/driver.sv(51) @ 775: uvm_test_top.env.agent.drv [DRV] A=0 B=15 OP=SHR
# KERNEL: UVM_INFO /home/runner/monitor.sv(42) @ 795: uvm_test_top.env.agent.mon [MON] A=0 B=15 OP=SHR res= 0 C=0 Z=1 N=0 O=0
# KERNEL: UVM_INFO /home/runner/scoreboard.sv(28) @ 795: uvm_test_top.env.scb [alu_scoreboard] Scoreboard received item
# KERNEL: UVM_INFO /home/runner/scoreboard.sv(77) @ 795: uvm_test_top.env.scb [SCB_PASS] Match! OP=SHR A=0 B=15 | RES=0 Flags=0100
# KERNEL: UVM_INFO /home/runner/driver.sv(51) @ 795: uvm_test_top.env.agent.drv [DRV] A=9 B=14 OP=AND
# KERNEL: UVM_INFO /home/runner/monitor.sv(42) @ 815: uvm_test_top.env.agent.mon [MON] A=9 B=14 OP=AND res= 8 C=0 Z=0 N=1 O=0
# KERNEL: UVM_INFO /home/runner/scoreboard.sv(28) @ 815: uvm_test_top.env.scb [alu_scoreboard] Scoreboard received item
# KERNEL: UVM_INFO /home/runner/scoreboard.sv(77) @ 815: uvm_test_top.env.scb [SCB_PASS] Match! OP=AND A=9 B=14 | RES=8 Flags=0010
# KERNEL: UVM_INFO /home/runner/driver.sv(51) @ 815: uvm_test_top.env.agent.drv [DRV] A=7 B=0 OP=AND
# KERNEL: UVM_INFO /home/runner/monitor.sv(42) @ 835: uvm_test_top.env.agent.mon [MON] A=7 B=0 OP=AND res= 0 C=0 Z=1 N=0 O=0
# KERNEL: UVM_INFO /home/runner/scoreboard.sv(28) @ 835: uvm_test_top.env.scb [alu_scoreboard] Scoreboard received item
# KERNEL: UVM_INFO /home/runner/scoreboard.sv(77) @ 835: uvm_test_top.env.scb [SCB_PASS] Match! OP=AND A=7 B=0 | RES=0 Flags=0100
# KERNEL: UVM_INFO /home/runner/driver.sv(51) @ 835: uvm_test_top.env.agent.drv [DRV] A=2 B=9 OP=SHR
# KERNEL: UVM_INFO /home/runner/monitor.sv(42) @ 855: uvm_test_top.env.agent.mon [MON] A=2 B=9 OP=SHR res= 1 C=0 Z=0 N=0 O=0
# KERNEL: UVM_INFO /home/runner/scoreboard.sv(28) @ 855: uvm_test_top.env.scb [alu_scoreboard] Scoreboard received item
# KERNEL: UVM_INFO /home/runner/scoreboard.sv(77) @ 855: uvm_test_top.env.scb [SCB_PASS] Match! OP=SHR A=2 B=9 | RES=1 Flags=0000
# KERNEL: UVM_INFO /home/runner/driver.sv(51) @ 855: uvm_test_top.env.agent.drv [DRV] A=11 B=9 OP=ADD
# KERNEL: UVM_INFO /home/runner/monitor.sv(42) @ 875: uvm_test_top.env.agent.mon [MON] A=11 B=9 OP=ADD res= 4 C=1 Z=0 N=0 O=1
# KERNEL: UVM_INFO /home/runner/scoreboard.sv(28) @ 875: uvm_test_top.env.scb [alu_scoreboard] Scoreboard received item
# KERNEL: UVM_INFO /home/runner/scoreboard.sv(77) @ 875: uvm_test_top.env.scb [SCB_PASS] Match! OP=ADD A=11 B=9 | RES=4 Flags=1001
# KERNEL: UVM_INFO /home/runner/driver.sv(51) @ 875: uvm_test_top.env.agent.drv [DRV] A=0 B=7 OP=XOR
# KERNEL: Error: assertion.sv (42): Logical operation using flags which is wrong
# KERNEL: UVM_INFO /home/runner/monitor.sv(42) @ 895: uvm_test_top.env.agent.mon [MON] A=0 B=7 OP=XOR res= 7 C=0 Z=0 N=0 O=0
# KERNEL: UVM_INFO /home/runner/scoreboard.sv(28) @ 895: uvm_test_top.env.scb [alu_scoreboard] Scoreboard received item
# KERNEL: UVM_INFO /home/runner/scoreboard.sv(77) @ 895: uvm_test_top.env.scb [SCB_PASS] Match! OP=XOR A=0 B=7 | RES=7 Flags=0000
# KERNEL: UVM_INFO /home/runner/driver.sv(51) @ 895: uvm_test_top.env.agent.drv [DRV] A=14 B=0 OP=NOT
# KERNEL: UVM_INFO /home/runner/monitor.sv(42) @ 915: uvm_test_top.env.agent.mon [MON] A=14 B=0 OP=NOT res= 1 C=0 Z=0 N=0 O=0
# KERNEL: UVM_INFO /home/runner/scoreboard.sv(28) @ 915: uvm_test_top.env.scb [alu_scoreboard] Scoreboard received item
# KERNEL: UVM_INFO /home/runner/scoreboard.sv(77) @ 915: uvm_test_top.env.scb [SCB_PASS] Match! OP=NOT A=14 B=0 | RES=1 Flags=0000
# KERNEL: UVM_INFO /home/runner/driver.sv(51) @ 915: uvm_test_top.env.agent.drv [DRV] A=6 B=8 OP=ADD
# KERNEL: UVM_INFO /home/runner/monitor.sv(42) @ 935: uvm_test_top.env.agent.mon [MON] A=6 B=8 OP=ADD res=14 C=0 Z=0 N=1 O=0
# KERNEL: UVM_INFO /home/runner/scoreboard.sv(28) @ 935: uvm_test_top.env.scb [alu_scoreboard] Scoreboard received item
# KERNEL: UVM_INFO /home/runner/scoreboard.sv(77) @ 935: uvm_test_top.env.scb [SCB_PASS] Match! OP=ADD A=6 B=8 | RES=14 Flags=0010
# KERNEL: UVM_INFO /home/runner/driver.sv(51) @ 935: uvm_test_top.env.agent.drv [DRV] A=5 B=0 OP=SHL
# KERNEL: UVM_INFO /home/runner/monitor.sv(42) @ 955: uvm_test_top.env.agent.mon [MON] A=5 B=0 OP=SHL res=10 C=0 Z=0 N=1 O=0
# KERNEL: UVM_INFO /home/runner/scoreboard.sv(28) @ 955: uvm_test_top.env.scb [alu_scoreboard] Scoreboard received item
# KERNEL: UVM_INFO /home/runner/scoreboard.sv(77) @ 955: uvm_test_top.env.scb [SCB_PASS] Match! OP=SHL A=5 B=0 | RES=10 Flags=0010
# KERNEL: UVM_INFO /home/runner/driver.sv(51) @ 955: uvm_test_top.env.agent.drv [DRV] A=11 B=3 OP=SHL
# KERNEL: UVM_INFO /home/runner/monitor.sv(42) @ 975: uvm_test_top.env.agent.mon [MON] A=11 B=3 OP=SHL res= 6 C=0 Z=0 N=0 O=0
# KERNEL: UVM_INFO /home/runner/scoreboard.sv(28) @ 975: uvm_test_top.env.scb [alu_scoreboard] Scoreboard received item
# KERNEL: UVM_INFO /home/runner/scoreboard.sv(77) @ 975: uvm_test_top.env.scb [SCB_PASS] Match! OP=SHL A=11 B=3 | RES=6 Flags=0000
# KERNEL: UVM_INFO /home/runner/driver.sv(51) @ 975: uvm_test_top.env.agent.drv [DRV] A=3 B=0 OP=ADD
# KERNEL: UVM_INFO /home/runner/monitor.sv(42) @ 995: uvm_test_top.env.agent.mon [MON] A=3 B=0 OP=ADD res= 3 C=0 Z=0 N=0 O=0
# KERNEL: UVM_INFO /home/runner/scoreboard.sv(28) @ 995: uvm_test_top.env.scb [alu_scoreboard] Scoreboard received item
# KERNEL: UVM_INFO /home/runner/scoreboard.sv(77) @ 995: uvm_test_top.env.scb [SCB_PASS] Match! OP=ADD A=3 B=0 | RES=3 Flags=0000
# KERNEL: UVM_INFO /home/runner/driver.sv(51) @ 995: uvm_test_top.env.agent.drv [DRV] A=3 B=5 OP=NOT
# KERNEL: UVM_INFO /home/runner/monitor.sv(42) @ 1015: uvm_test_top.env.agent.mon [MON] A=3 B=5 OP=NOT res=12 C=0 Z=0 N=1 O=0
# KERNEL: UVM_INFO /home/runner/scoreboard.sv(28) @ 1015: uvm_test_top.env.scb [alu_scoreboard] Scoreboard received item
# KERNEL: UVM_INFO /home/runner/scoreboard.sv(77) @ 1015: uvm_test_top.env.scb [SCB_PASS] Match! OP=NOT A=3 B=5 | RES=12 Flags=0010
# KERNEL: UVM_INFO /home/runner/driver.sv(51) @ 1015: uvm_test_top.env.agent.drv [DRV] A=0 B=15 OP=ADD
# KERNEL: UVM_INFO /home/runner/monitor.sv(42) @ 1035: uvm_test_top.env.agent.mon [MON] A=0 B=15 OP=ADD res=15 C=0 Z=0 N=1 O=0
# KERNEL: UVM_INFO /home/runner/scoreboard.sv(28) @ 1035: uvm_test_top.env.scb [alu_scoreboard] Scoreboard received item
# KERNEL: UVM_INFO /home/runner/scoreboard.sv(77) @ 1035: uvm_test_top.env.scb [SCB_PASS] Match! OP=ADD A=0 B=15 | RES=15 Flags=0010
# KERNEL: UVM_INFO /home/runner/driver.sv(51) @ 1035: uvm_test_top.env.agent.drv [DRV] A=0 B=8 OP=SHL
# KERNEL: UVM_INFO /home/runner/monitor.sv(42) @ 1055: uvm_test_top.env.agent.mon [MON] A=0 B=8 OP=SHL res= 0 C=0 Z=1 N=0 O=0
# KERNEL: UVM_INFO /home/runner/scoreboard.sv(28) @ 1055: uvm_test_top.env.scb [alu_scoreboard] Scoreboard received item
# KERNEL: UVM_INFO /home/runner/scoreboard.sv(77) @ 1055: uvm_test_top.env.scb [SCB_PASS] Match! OP=SHL A=0 B=8 | RES=0 Flags=0100
# KERNEL: UVM_INFO /home/runner/driver.sv(51) @ 1055: uvm_test_top.env.agent.drv [DRV] A=5 B=15 OP=OR
# KERNEL: UVM_INFO /home/runner/monitor.sv(42) @ 1075: uvm_test_top.env.agent.mon [MON] A=5 B=15 OP=OR res=15 C=0 Z=0 N=1 O=0
# KERNEL: UVM_INFO /home/runner/scoreboard.sv(28) @ 1075: uvm_test_top.env.scb [alu_scoreboard] Scoreboard received item
# KERNEL: UVM_INFO /home/runner/scoreboard.sv(77) @ 1075: uvm_test_top.env.scb [SCB_PASS] Match! OP=OR A=5 B=15 | RES=15 Flags=0010
# KERNEL: UVM_INFO /home/runner/driver.sv(51) @ 1075: uvm_test_top.env.agent.drv [DRV] A=13 B=5 OP=AND
# KERNEL: UVM_INFO /home/runner/monitor.sv(42) @ 1095: uvm_test_top.env.agent.mon [MON] A=13 B=5 OP=AND res= 5 C=0 Z=0 N=0 O=0
# KERNEL: UVM_INFO /home/runner/scoreboard.sv(28) @ 1095: uvm_test_top.env.scb [alu_scoreboard] Scoreboard received item
# KERNEL: UVM_INFO /home/runner/scoreboard.sv(77) @ 1095: uvm_test_top.env.scb [SCB_PASS] Match! OP=AND A=13 B=5 | RES=5 Flags=0000
# KERNEL: UVM_INFO /home/runner/driver.sv(51) @ 1095: uvm_test_top.env.agent.drv [DRV] A=8 B=13 OP=NOT
# KERNEL: UVM_INFO /home/runner/monitor.sv(42) @ 1115: uvm_test_top.env.agent.mon [MON] A=8 B=13 OP=NOT res= 7 C=0 Z=0 N=0 O=0
# KERNEL: UVM_INFO /home/runner/scoreboard.sv(28) @ 1115: uvm_test_top.env.scb [alu_scoreboard] Scoreboard received item
# KERNEL: UVM_INFO /home/runner/scoreboard.sv(77) @ 1115: uvm_test_top.env.scb [SCB_PASS] Match! OP=NOT A=8 B=13 | RES=7 Flags=0000
# KERNEL: UVM_INFO /home/runner/driver.sv(51) @ 1115: uvm_test_top.env.agent.drv [DRV] A=0 B=9 OP=SHR
# KERNEL: UVM_INFO /home/runner/monitor.sv(42) @ 1135: uvm_test_top.env.agent.mon [MON] A=0 B=9 OP=SHR res= 0 C=0 Z=1 N=0 O=0
# KERNEL: UVM_INFO /home/runner/scoreboard.sv(28) @ 1135: uvm_test_top.env.scb [alu_scoreboard] Scoreboard received item
# KERNEL: UVM_INFO /home/runner/scoreboard.sv(77) @ 1135: uvm_test_top.env.scb [SCB_PASS] Match! OP=SHR A=0 B=9 | RES=0 Flags=0100
# KERNEL: UVM_INFO /home/runner/driver.sv(51) @ 1135: uvm_test_top.env.agent.drv [DRV] A=4 B=11 OP=OR
# KERNEL: UVM_INFO /home/runner/monitor.sv(42) @ 1155: uvm_test_top.env.agent.mon [MON] A=4 B=11 OP=OR res=15 C=0 Z=0 N=1 O=0
# KERNEL: UVM_INFO /home/runner/scoreboard.sv(28) @ 1155: uvm_test_top.env.scb [alu_scoreboard] Scoreboard received item
# KERNEL: UVM_INFO /home/runner/scoreboard.sv(77) @ 1155: uvm_test_top.env.scb [SCB_PASS] Match! OP=OR A=4 B=11 | RES=15 Flags=0010
# KERNEL: UVM_INFO /home/runner/driver.sv(51) @ 1155: uvm_test_top.env.agent.drv [DRV] A=7 B=11 OP=SHR
# KERNEL: UVM_INFO /home/runner/monitor.sv(42) @ 1175: uvm_test_top.env.agent.mon [MON] A=7 B=11 OP=SHR res= 3 C=0 Z=0 N=0 O=0
# KERNEL: UVM_INFO /home/runner/scoreboard.sv(28) @ 1175: uvm_test_top.env.scb [alu_scoreboard] Scoreboard received item
# KERNEL: UVM_INFO /home/runner/scoreboard.sv(77) @ 1175: uvm_test_top.env.scb [SCB_PASS] Match! OP=SHR A=7 B=11 | RES=3 Flags=0000
# KERNEL: UVM_INFO /home/runner/driver.sv(51) @ 1175: uvm_test_top.env.agent.drv [DRV] A=15 B=8 OP=AND
# KERNEL: UVM_INFO /home/runner/monitor.sv(42) @ 1195: uvm_test_top.env.agent.mon [MON] A=15 B=8 OP=AND res= 8 C=0 Z=0 N=1 O=0
# KERNEL: UVM_INFO /home/runner/scoreboard.sv(28) @ 1195: uvm_test_top.env.scb [alu_scoreboard] Scoreboard received item
# KERNEL: UVM_INFO /home/runner/scoreboard.sv(77) @ 1195: uvm_test_top.env.scb [SCB_PASS] Match! OP=AND A=15 B=8 | RES=8 Flags=0010
# KERNEL: UVM_INFO /home/runner/driver.sv(51) @ 1195: uvm_test_top.env.agent.drv [DRV] A=14 B=0 OP=ADD
# KERNEL: Error: assertion.sv (78): Carry flag not assserted when there is carry in addition
# KERNEL: UVM_INFO /home/runner/monitor.sv(42) @ 1215: uvm_test_top.env.agent.mon [MON] A=14 B=0 OP=ADD res=14 C=0 Z=0 N=1 O=0
# KERNEL: UVM_INFO /home/runner/scoreboard.sv(28) @ 1215: uvm_test_top.env.scb [alu_scoreboard] Scoreboard received item
# KERNEL: UVM_INFO /home/runner/scoreboard.sv(77) @ 1215: uvm_test_top.env.scb [SCB_PASS] Match! OP=ADD A=14 B=0 | RES=14 Flags=0010
# KERNEL: UVM_INFO /home/runner/driver.sv(51) @ 1215: uvm_test_top.env.agent.drv [DRV] A=13 B=0 OP=SUB
# KERNEL: UVM_INFO /home/runner/monitor.sv(42) @ 1235: uvm_test_top.env.agent.mon [MON] A=13 B=0 OP=SUB res=13 C=0 Z=0 N=1 O=0
# KERNEL: UVM_INFO /home/runner/scoreboard.sv(28) @ 1235: uvm_test_top.env.scb [alu_scoreboard] Scoreboard received item
# KERNEL: UVM_INFO /home/runner/scoreboard.sv(77) @ 1235: uvm_test_top.env.scb [SCB_PASS] Match! OP=SUB A=13 B=0 | RES=13 Flags=0010
# KERNEL: UVM_INFO /home/runner/driver.sv(51) @ 1235: uvm_test_top.env.agent.drv [DRV] A=15 B=2 OP=SHR
# KERNEL: UVM_INFO /home/runner/monitor.sv(42) @ 1255: uvm_test_top.env.agent.mon [MON] A=15 B=2 OP=SHR res= 7 C=0 Z=0 N=0 O=0
# KERNEL: UVM_INFO /home/runner/scoreboard.sv(28) @ 1255: uvm_test_top.env.scb [alu_scoreboard] Scoreboard received item
# KERNEL: UVM_INFO /home/runner/scoreboard.sv(77) @ 1255: uvm_test_top.env.scb [SCB_PASS] Match! OP=SHR A=15 B=2 | RES=7 Flags=0000
# KERNEL: UVM_INFO /home/runner/driver.sv(51) @ 1255: uvm_test_top.env.agent.drv [DRV] A=5 B=0 OP=AND
# KERNEL: UVM_INFO /home/runner/monitor.sv(42) @ 1275: uvm_test_top.env.agent.mon [MON] A=5 B=0 OP=AND res= 0 C=0 Z=1 N=0 O=0
# KERNEL: UVM_INFO /home/runner/scoreboard.sv(28) @ 1275: uvm_test_top.env.scb [alu_scoreboard] Scoreboard received item
# KERNEL: UVM_INFO /home/runner/scoreboard.sv(77) @ 1275: uvm_test_top.env.scb [SCB_PASS] Match! OP=AND A=5 B=0 | RES=0 Flags=0100
# KERNEL: UVM_INFO /home/runner/driver.sv(51) @ 1275: uvm_test_top.env.agent.drv [DRV] A=15 B=11 OP=ADD
# KERNEL: UVM_INFO /home/runner/monitor.sv(42) @ 1295: uvm_test_top.env.agent.mon [MON] A=15 B=11 OP=ADD res=10 C=1 Z=0 N=1 O=0
# KERNEL: UVM_INFO /home/runner/scoreboard.sv(28) @ 1295: uvm_test_top.env.scb [alu_scoreboard] Scoreboard received item
# KERNEL: UVM_INFO /home/runner/scoreboard.sv(77) @ 1295: uvm_test_top.env.scb [SCB_PASS] Match! OP=ADD A=15 B=11 | RES=10 Flags=1010
# KERNEL: UVM_INFO /home/runner/driver.sv(51) @ 1295: uvm_test_top.env.agent.drv [DRV] A=15 B=4 OP=NOT
# KERNEL: Error: assertion.sv (42): Logical operation using flags which is wrong
# KERNEL: UVM_INFO /home/runner/monitor.sv(42) @ 1315: uvm_test_top.env.agent.mon [MON] A=15 B=4 OP=NOT res= 0 C=0 Z=1 N=0 O=0
# KERNEL: UVM_INFO /home/runner/scoreboard.sv(28) @ 1315: uvm_test_top.env.scb [alu_scoreboard] Scoreboard received item
# KERNEL: UVM_INFO /home/runner/scoreboard.sv(77) @ 1315: uvm_test_top.env.scb [SCB_PASS] Match! OP=NOT A=15 B=4 | RES=0 Flags=0100
# KERNEL: UVM_INFO /home/runner/driver.sv(51) @ 1315: uvm_test_top.env.agent.drv [DRV] A=10 B=15 OP=XOR
# KERNEL: UVM_INFO /home/runner/monitor.sv(42) @ 1335: uvm_test_top.env.agent.mon [MON] A=10 B=15 OP=XOR res= 5 C=0 Z=0 N=0 O=0
# KERNEL: UVM_INFO /home/runner/scoreboard.sv(28) @ 1335: uvm_test_top.env.scb [alu_scoreboard] Scoreboard received item
# KERNEL: UVM_INFO /home/runner/scoreboard.sv(77) @ 1335: uvm_test_top.env.scb [SCB_PASS] Match! OP=XOR A=10 B=15 | RES=5 Flags=0000
# KERNEL: UVM_INFO /home/runner/driver.sv(51) @ 1335: uvm_test_top.env.agent.drv [DRV] A=0 B=15 OP=XOR
# KERNEL: UVM_INFO /home/runner/monitor.sv(42) @ 1355: uvm_test_top.env.agent.mon [MON] A=0 B=15 OP=XOR res=15 C=0 Z=0 N=1 O=0
# KERNEL: UVM_INFO /home/runner/scoreboard.sv(28) @ 1355: uvm_test_top.env.scb [alu_scoreboard] Scoreboard received item
# KERNEL: UVM_INFO /home/runner/scoreboard.sv(77) @ 1355: uvm_test_top.env.scb [SCB_PASS] Match! OP=XOR A=0 B=15 | RES=15 Flags=0010
# KERNEL: UVM_INFO /home/runner/driver.sv(51) @ 1355: uvm_test_top.env.agent.drv [DRV] A=5 B=15 OP=AND
# KERNEL: UVM_INFO /home/runner/monitor.sv(42) @ 1375: uvm_test_top.env.agent.mon [MON] A=5 B=15 OP=AND res= 5 C=0 Z=0 N=0 O=0
# KERNEL: UVM_INFO /home/runner/scoreboard.sv(28) @ 1375: uvm_test_top.env.scb [alu_scoreboard] Scoreboard received item
# KERNEL: UVM_INFO /home/runner/scoreboard.sv(77) @ 1375: uvm_test_top.env.scb [SCB_PASS] Match! OP=AND A=5 B=15 | RES=5 Flags=0000
# KERNEL: UVM_INFO /home/runner/driver.sv(51) @ 1375: uvm_test_top.env.agent.drv [DRV] A=8 B=1 OP=XOR
# KERNEL: UVM_INFO /home/runner/monitor.sv(42) @ 1395: uvm_test_top.env.agent.mon [MON] A=8 B=1 OP=XOR res= 9 C=0 Z=0 N=1 O=0
# KERNEL: UVM_INFO /home/runner/scoreboard.sv(28) @ 1395: uvm_test_top.env.scb [alu_scoreboard] Scoreboard received item
# KERNEL: UVM_INFO /home/runner/scoreboard.sv(77) @ 1395: uvm_test_top.env.scb [SCB_PASS] Match! OP=XOR A=8 B=1 | RES=9 Flags=0010
# KERNEL: UVM_INFO /home/runner/driver.sv(51) @ 1395: uvm_test_top.env.agent.drv [DRV] A=0 B=10 OP=SUB
# KERNEL: UVM_INFO /home/runner/monitor.sv(42) @ 1415: uvm_test_top.env.agent.mon [MON] A=0 B=10 OP=SUB res= 6 C=1 Z=0 N=0 O=0
# KERNEL: UVM_INFO /home/runner/scoreboard.sv(28) @ 1415: uvm_test_top.env.scb [alu_scoreboard] Scoreboard received item
# KERNEL: UVM_INFO /home/runner/scoreboard.sv(77) @ 1415: uvm_test_top.env.scb [SCB_PASS] Match! OP=SUB A=0 B=10 | RES=6 Flags=1000
# KERNEL: UVM_INFO /home/runner/driver.sv(51) @ 1415: uvm_test_top.env.agent.drv [DRV] A=0 B=12 OP=ADD
# KERNEL: UVM_INFO /home/runner/monitor.sv(42) @ 1435: uvm_test_top.env.agent.mon [MON] A=0 B=12 OP=ADD res=12 C=0 Z=0 N=1 O=0
# KERNEL: UVM_INFO /home/runner/scoreboard.sv(28) @ 1435: uvm_test_top.env.scb [alu_scoreboard] Scoreboard received item
# KERNEL: UVM_INFO /home/runner/scoreboard.sv(77) @ 1435: uvm_test_top.env.scb [SCB_PASS] Match! OP=ADD A=0 B=12 | RES=12 Flags=0010
# KERNEL: UVM_INFO /home/runner/driver.sv(51) @ 1435: uvm_test_top.env.agent.drv [DRV] A=0 B=9 OP=OR
# KERNEL: UVM_INFO /home/runner/monitor.sv(42) @ 1455: uvm_test_top.env.agent.mon [MON] A=0 B=9 OP=OR res= 9 C=0 Z=0 N=1 O=0
# KERNEL: UVM_INFO /home/runner/scoreboard.sv(28) @ 1455: uvm_test_top.env.scb [alu_scoreboard] Scoreboard received item
# KERNEL: UVM_INFO /home/runner/scoreboard.sv(77) @ 1455: uvm_test_top.env.scb [SCB_PASS] Match! OP=OR A=0 B=9 | RES=9 Flags=0010
# KERNEL: UVM_INFO /home/runner/driver.sv(51) @ 1455: uvm_test_top.env.agent.drv [DRV] A=0 B=14 OP=AND
# KERNEL: UVM_INFO /home/runner/monitor.sv(42) @ 1475: uvm_test_top.env.agent.mon [MON] A=0 B=14 OP=AND res= 0 C=0 Z=1 N=0 O=0
# KERNEL: UVM_INFO /home/runner/scoreboard.sv(28) @ 1475: uvm_test_top.env.scb [alu_scoreboard] Scoreboard received item
# KERNEL: UVM_INFO /home/runner/scoreboard.sv(77) @ 1475: uvm_test_top.env.scb [SCB_PASS] Match! OP=AND A=0 B=14 | RES=0 Flags=0100
# KERNEL: UVM_INFO /home/runner/driver.sv(51) @ 1475: uvm_test_top.env.agent.drv [DRV] A=15 B=0 OP=SHR
# KERNEL: UVM_INFO /home/runner/monitor.sv(42) @ 1495: uvm_test_top.env.agent.mon [MON] A=15 B=0 OP=SHR res= 7 C=0 Z=0 N=0 O=0
# KERNEL: UVM_INFO /home/runner/scoreboard.sv(28) @ 1495: uvm_test_top.env.scb [alu_scoreboard] Scoreboard received item
# KERNEL: UVM_INFO /home/runner/scoreboard.sv(77) @ 1495: uvm_test_top.env.scb [SCB_PASS] Match! OP=SHR A=15 B=0 | RES=7 Flags=0000
# KERNEL: UVM_INFO /home/runner/driver.sv(51) @ 1495: uvm_test_top.env.agent.drv [DRV] A=9 B=15 OP=SHR
# KERNEL: UVM_INFO /home/runner/monitor.sv(42) @ 1515: uvm_test_top.env.agent.mon [MON] A=9 B=15 OP=SHR res= 4 C=0 Z=0 N=0 O=0
# KERNEL: UVM_INFO /home/runner/scoreboard.sv(28) @ 1515: uvm_test_top.env.scb [alu_scoreboard] Scoreboard received item
# KERNEL: UVM_INFO /home/runner/scoreboard.sv(77) @ 1515: uvm_test_top.env.scb [SCB_PASS] Match! OP=SHR A=9 B=15 | RES=4 Flags=0000
# KERNEL: UVM_INFO /home/runner/driver.sv(51) @ 1515: uvm_test_top.env.agent.drv [DRV] A=0 B=15 OP=OR
# KERNEL: UVM_INFO /home/runner/monitor.sv(42) @ 1535: uvm_test_top.env.agent.mon [MON] A=0 B=15 OP=OR res=15 C=0 Z=0 N=1 O=0
# KERNEL: UVM_INFO /home/runner/scoreboard.sv(28) @ 1535: uvm_test_top.env.scb [alu_scoreboard] Scoreboard received item
# KERNEL: UVM_INFO /home/runner/scoreboard.sv(77) @ 1535: uvm_test_top.env.scb [SCB_PASS] Match! OP=OR A=0 B=15 | RES=15 Flags=0010
# KERNEL: UVM_INFO /home/runner/driver.sv(51) @ 1535: uvm_test_top.env.agent.drv [DRV] A=13 B=0 OP=NOT
# KERNEL: UVM_INFO /home/runner/monitor.sv(42) @ 1555: uvm_test_top.env.agent.mon [MON] A=13 B=0 OP=NOT res= 2 C=0 Z=0 N=0 O=0
# KERNEL: UVM_INFO /home/runner/scoreboard.sv(28) @ 1555: uvm_test_top.env.scb [alu_scoreboard] Scoreboard received item
# KERNEL: UVM_INFO /home/runner/scoreboard.sv(77) @ 1555: uvm_test_top.env.scb [SCB_PASS] Match! OP=NOT A=13 B=0 | RES=2 Flags=0000
# KERNEL: UVM_INFO /home/runner/driver.sv(51) @ 1555: uvm_test_top.env.agent.drv [DRV] A=0 B=15 OP=ADD
# KERNEL: UVM_INFO /home/runner/monitor.sv(42) @ 1575: uvm_test_top.env.agent.mon [MON] A=0 B=15 OP=ADD res=15 C=0 Z=0 N=1 O=0
# KERNEL: UVM_INFO /home/runner/scoreboard.sv(28) @ 1575: uvm_test_top.env.scb [alu_scoreboard] Scoreboard received item
# KERNEL: UVM_INFO /home/runner/scoreboard.sv(77) @ 1575: uvm_test_top.env.scb [SCB_PASS] Match! OP=ADD A=0 B=15 | RES=15 Flags=0010
# KERNEL: UVM_INFO /home/runner/driver.sv(51) @ 1575: uvm_test_top.env.agent.drv [DRV] A=5 B=12 OP=SHR
# KERNEL: UVM_INFO /home/runner/monitor.sv(42) @ 1595: uvm_test_top.env.agent.mon [MON] A=5 B=12 OP=SHR res= 2 C=0 Z=0 N=0 O=0
# KERNEL: UVM_INFO /home/runner/scoreboard.sv(28) @ 1595: uvm_test_top.env.scb [alu_scoreboard] Scoreboard received item
# KERNEL: UVM_INFO /home/runner/scoreboard.sv(77) @ 1595: uvm_test_top.env.scb [SCB_PASS] Match! OP=SHR A=5 B=12 | RES=2 Flags=0000
# KERNEL: UVM_INFO /home/runner/driver.sv(51) @ 1595: uvm_test_top.env.agent.drv [DRV] A=8 B=4 OP=SHL
# KERNEL: UVM_INFO /home/runner/monitor.sv(42) @ 1615: uvm_test_top.env.agent.mon [MON] A=8 B=4 OP=SHL res= 0 C=0 Z=1 N=0 O=0
# KERNEL: UVM_INFO /home/runner/scoreboard.sv(28) @ 1615: uvm_test_top.env.scb [alu_scoreboard] Scoreboard received item
# KERNEL: UVM_INFO /home/runner/scoreboard.sv(77) @ 1615: uvm_test_top.env.scb [SCB_PASS] Match! OP=SHL A=8 B=4 | RES=0 Flags=0100
# KERNEL: UVM_INFO /home/runner/driver.sv(51) @ 1615: uvm_test_top.env.agent.drv [DRV] A=10 B=1 OP=SUB
# KERNEL: UVM_INFO /home/runner/monitor.sv(42) @ 1635: uvm_test_top.env.agent.mon [MON] A=10 B=1 OP=SUB res= 9 C=0 Z=0 N=1 O=0
# KERNEL: UVM_INFO /home/runner/scoreboard.sv(28) @ 1635: uvm_test_top.env.scb [alu_scoreboard] Scoreboard received item
# KERNEL: UVM_INFO /home/runner/scoreboard.sv(77) @ 1635: uvm_test_top.env.scb [SCB_PASS] Match! OP=SUB A=10 B=1 | RES=9 Flags=0010
# KERNEL: UVM_INFO /home/runner/driver.sv(51) @ 1635: uvm_test_top.env.agent.drv [DRV] A=9 B=15 OP=ADD
# KERNEL: UVM_INFO /home/runner/monitor.sv(42) @ 1655: uvm_test_top.env.agent.mon [MON] A=9 B=15 OP=ADD res= 8 C=1 Z=0 N=1 O=0
# KERNEL: UVM_INFO /home/runner/scoreboard.sv(28) @ 1655: uvm_test_top.env.scb [alu_scoreboard] Scoreboard received item
# KERNEL: UVM_INFO /home/runner/scoreboard.sv(77) @ 1655: uvm_test_top.env.scb [SCB_PASS] Match! OP=ADD A=9 B=15 | RES=8 Flags=1010
# KERNEL: UVM_INFO /home/runner/driver.sv(51) @ 1655: uvm_test_top.env.agent.drv [DRV] A=1 B=0 OP=NOT
# KERNEL: Error: assertion.sv (42): Logical operation using flags which is wrong
# KERNEL: UVM_INFO /home/runner/monitor.sv(42) @ 1675: uvm_test_top.env.agent.mon [MON] A=1 B=0 OP=NOT res=14 C=0 Z=0 N=1 O=0
# KERNEL: UVM_INFO /home/runner/scoreboard.sv(28) @ 1675: uvm_test_top.env.scb [alu_scoreboard] Scoreboard received item
# KERNEL: UVM_INFO /home/runner/scoreboard.sv(77) @ 1675: uvm_test_top.env.scb [SCB_PASS] Match! OP=NOT A=1 B=0 | RES=14 Flags=0010
# KERNEL: UVM_INFO /home/runner/driver.sv(51) @ 1675: uvm_test_top.env.agent.drv [DRV] A=6 B=15 OP=SHL
# KERNEL: UVM_INFO /home/runner/monitor.sv(42) @ 1695: uvm_test_top.env.agent.mon [MON] A=6 B=15 OP=SHL res=12 C=0 Z=0 N=1 O=0
# KERNEL: UVM_INFO /home/runner/scoreboard.sv(28) @ 1695: uvm_test_top.env.scb [alu_scoreboard] Scoreboard received item
# KERNEL: UVM_INFO /home/runner/scoreboard.sv(77) @ 1695: uvm_test_top.env.scb [SCB_PASS] Match! OP=SHL A=6 B=15 | RES=12 Flags=0010
# KERNEL: UVM_INFO /home/runner/driver.sv(51) @ 1695: uvm_test_top.env.agent.drv [DRV] A=0 B=0 OP=OR
# KERNEL: UVM_INFO /home/runner/monitor.sv(42) @ 1715: uvm_test_top.env.agent.mon [MON] A=0 B=0 OP=OR res= 0 C=0 Z=1 N=0 O=0
# KERNEL: UVM_INFO /home/runner/scoreboard.sv(28) @ 1715: uvm_test_top.env.scb [alu_scoreboard] Scoreboard received item
# KERNEL: UVM_INFO /home/runner/scoreboard.sv(77) @ 1715: uvm_test_top.env.scb [SCB_PASS] Match! OP=OR A=0 B=0 | RES=0 Flags=0100
# KERNEL: UVM_INFO /home/runner/driver.sv(51) @ 1715: uvm_test_top.env.agent.drv [DRV] A=13 B=5 OP=AND
# KERNEL: UVM_INFO /home/runner/monitor.sv(42) @ 1735: uvm_test_top.env.agent.mon [MON] A=13 B=5 OP=AND res= 5 C=0 Z=0 N=0 O=0
# KERNEL: UVM_INFO /home/runner/scoreboard.sv(28) @ 1735: uvm_test_top.env.scb [alu_scoreboard] Scoreboard received item
# KERNEL: UVM_INFO /home/runner/scoreboard.sv(77) @ 1735: uvm_test_top.env.scb [SCB_PASS] Match! OP=AND A=13 B=5 | RES=5 Flags=0000
# KERNEL: UVM_INFO /home/runner/driver.sv(51) @ 1735: uvm_test_top.env.agent.drv [DRV] A=14 B=0 OP=XOR
# KERNEL: UVM_INFO /home/runner/monitor.sv(42) @ 1755: uvm_test_top.env.agent.mon [MON] A=14 B=0 OP=XOR res=14 C=0 Z=0 N=1 O=0
# KERNEL: UVM_INFO /home/runner/scoreboard.sv(28) @ 1755: uvm_test_top.env.scb [alu_scoreboard] Scoreboard received item
# KERNEL: UVM_INFO /home/runner/scoreboard.sv(77) @ 1755: uvm_test_top.env.scb [SCB_PASS] Match! OP=XOR A=14 B=0 | RES=14 Flags=0010
# KERNEL: UVM_INFO /home/runner/driver.sv(51) @ 1755: uvm_test_top.env.agent.drv [DRV] A=15 B=9 OP=SHR
# KERNEL: UVM_INFO /home/runner/monitor.sv(42) @ 1775: uvm_test_top.env.agent.mon [MON] A=15 B=9 OP=SHR res= 7 C=0 Z=0 N=0 O=0
# KERNEL: UVM_INFO /home/runner/scoreboard.sv(28) @ 1775: uvm_test_top.env.scb [alu_scoreboard] Scoreboard received item
# KERNEL: UVM_INFO /home/runner/scoreboard.sv(77) @ 1775: uvm_test_top.env.scb [SCB_PASS] Match! OP=SHR A=15 B=9 | RES=7 Flags=0000
# KERNEL: UVM_INFO /home/runner/driver.sv(51) @ 1775: uvm_test_top.env.agent.drv [DRV] A=8 B=13 OP=OR
# KERNEL: UVM_INFO /home/runner/monitor.sv(42) @ 1795: uvm_test_top.env.agent.mon [MON] A=8 B=13 OP=OR res=13 C=0 Z=0 N=1 O=0
# KERNEL: UVM_INFO /home/runner/scoreboard.sv(28) @ 1795: uvm_test_top.env.scb [alu_scoreboard] Scoreboard received item
# KERNEL: UVM_INFO /home/runner/scoreboard.sv(77) @ 1795: uvm_test_top.env.scb [SCB_PASS] Match! OP=OR A=8 B=13 | RES=13 Flags=0010
# KERNEL: UVM_INFO /home/runner/driver.sv(51) @ 1795: uvm_test_top.env.agent.drv [DRV] A=0 B=11 OP=AND
# KERNEL: UVM_INFO /home/runner/monitor.sv(42) @ 1815: uvm_test_top.env.agent.mon [MON] A=0 B=11 OP=AND res= 0 C=0 Z=1 N=0 O=0
# KERNEL: UVM_INFO /home/runner/scoreboard.sv(28) @ 1815: uvm_test_top.env.scb [alu_scoreboard] Scoreboard received item
# KERNEL: UVM_INFO /home/runner/scoreboard.sv(77) @ 1815: uvm_test_top.env.scb [SCB_PASS] Match! OP=AND A=0 B=11 | RES=0 Flags=0100
# KERNEL: UVM_INFO /home/runner/driver.sv(51) @ 1815: uvm_test_top.env.agent.drv [DRV] A=15 B=9 OP=OR
# KERNEL: UVM_INFO /home/runner/monitor.sv(42) @ 1835: uvm_test_top.env.agent.mon [MON] A=15 B=9 OP=OR res=15 C=0 Z=0 N=1 O=0
# KERNEL: UVM_INFO /home/runner/scoreboard.sv(28) @ 1835: uvm_test_top.env.scb [alu_scoreboard] Scoreboard received item
# KERNEL: UVM_INFO /home/runner/scoreboard.sv(77) @ 1835: uvm_test_top.env.scb [SCB_PASS] Match! OP=OR A=15 B=9 | RES=15 Flags=0010
# KERNEL: UVM_INFO /home/runner/driver.sv(51) @ 1835: uvm_test_top.env.agent.drv [DRV] A=14 B=15 OP=ADD
# KERNEL: UVM_INFO /home/runner/monitor.sv(42) @ 1855: uvm_test_top.env.agent.mon [MON] A=14 B=15 OP=ADD res=13 C=1 Z=0 N=1 O=0
# KERNEL: UVM_INFO /home/runner/scoreboard.sv(28) @ 1855: uvm_test_top.env.scb [alu_scoreboard] Scoreboard received item
# KERNEL: UVM_INFO /home/runner/scoreboard.sv(77) @ 1855: uvm_test_top.env.scb [SCB_PASS] Match! OP=ADD A=14 B=15 | RES=13 Flags=1010
# KERNEL: UVM_INFO /home/runner/driver.sv(51) @ 1855: uvm_test_top.env.agent.drv [DRV] A=14 B=8 OP=SHL
# KERNEL: Error: assertion.sv (42): Logical operation using flags which is wrong
# KERNEL: UVM_INFO /home/runner/monitor.sv(42) @ 1875: uvm_test_top.env.agent.mon [MON] A=14 B=8 OP=SHL res=12 C=0 Z=0 N=1 O=0
# KERNEL: UVM_INFO /home/runner/scoreboard.sv(28) @ 1875: uvm_test_top.env.scb [alu_scoreboard] Scoreboard received item
# KERNEL: UVM_INFO /home/runner/scoreboard.sv(77) @ 1875: uvm_test_top.env.scb [SCB_PASS] Match! OP=SHL A=14 B=8 | RES=12 Flags=0010
# KERNEL: UVM_INFO /home/runner/driver.sv(51) @ 1875: uvm_test_top.env.agent.drv [DRV] A=0 B=15 OP=XOR
# KERNEL: UVM_INFO /home/runner/monitor.sv(42) @ 1895: uvm_test_top.env.agent.mon [MON] A=0 B=15 OP=XOR res=15 C=0 Z=0 N=1 O=0
# KERNEL: UVM_INFO /home/runner/scoreboard.sv(28) @ 1895: uvm_test_top.env.scb [alu_scoreboard] Scoreboard received item
# KERNEL: UVM_INFO /home/runner/scoreboard.sv(77) @ 1895: uvm_test_top.env.scb [SCB_PASS] Match! OP=XOR A=0 B=15 | RES=15 Flags=0010
# KERNEL: UVM_INFO /home/runner/driver.sv(51) @ 1895: uvm_test_top.env.agent.drv [DRV] A=3 B=6 OP=OR
# KERNEL: UVM_INFO /home/runner/monitor.sv(42) @ 1915: uvm_test_top.env.agent.mon [MON] A=3 B=6 OP=OR res= 7 C=0 Z=0 N=0 O=0
# KERNEL: UVM_INFO /home/runner/scoreboard.sv(28) @ 1915: uvm_test_top.env.scb [alu_scoreboard] Scoreboard received item
# KERNEL: UVM_INFO /home/runner/scoreboard.sv(77) @ 1915: uvm_test_top.env.scb [SCB_PASS] Match! OP=OR A=3 B=6 | RES=7 Flags=0000
# KERNEL: UVM_INFO /home/runner/driver.sv(51) @ 1915: uvm_test_top.env.agent.drv [DRV] A=12 B=15 OP=ADD
# KERNEL: UVM_INFO /home/runner/monitor.sv(42) @ 1935: uvm_test_top.env.agent.mon [MON] A=12 B=15 OP=ADD res=11 C=1 Z=0 N=1 O=0
# KERNEL: UVM_INFO /home/runner/scoreboard.sv(28) @ 1935: uvm_test_top.env.scb [alu_scoreboard] Scoreboard received item
# KERNEL: UVM_INFO /home/runner/scoreboard.sv(77) @ 1935: uvm_test_top.env.scb [SCB_PASS] Match! OP=ADD A=12 B=15 | RES=11 Flags=1010
# KERNEL: UVM_INFO /home/runner/driver.sv(51) @ 1935: uvm_test_top.env.agent.drv [DRV] A=4 B=5 OP=SUB
# KERNEL: UVM_INFO /home/runner/monitor.sv(42) @ 1955: uvm_test_top.env.agent.mon [MON] A=4 B=5 OP=SUB res=15 C=1 Z=0 N=1 O=0
# KERNEL: UVM_INFO /home/runner/scoreboard.sv(28) @ 1955: uvm_test_top.env.scb [alu_scoreboard] Scoreboard received item
# KERNEL: UVM_INFO /home/runner/scoreboard.sv(77) @ 1955: uvm_test_top.env.scb [SCB_PASS] Match! OP=SUB A=4 B=5 | RES=15 Flags=1010
# KERNEL: UVM_INFO /home/runner/driver.sv(51) @ 1955: uvm_test_top.env.agent.drv [DRV] A=15 B=5 OP=XOR
# KERNEL: Error: assertion.sv (42): Logical operation using flags which is wrong
# KERNEL: UVM_INFO /home/runner/monitor.sv(42) @ 1975: uvm_test_top.env.agent.mon [MON] A=15 B=5 OP=XOR res=10 C=0 Z=0 N=1 O=0
# KERNEL: UVM_INFO /home/runner/scoreboard.sv(28) @ 1975: uvm_test_top.env.scb [alu_scoreboard] Scoreboard received item
# KERNEL: UVM_INFO /home/runner/scoreboard.sv(77) @ 1975: uvm_test_top.env.scb [SCB_PASS] Match! OP=XOR A=15 B=5 | RES=10 Flags=0010
# KERNEL: UVM_INFO /home/runner/driver.sv(51) @ 1975: uvm_test_top.env.agent.drv [DRV] A=12 B=1 OP=AND
# KERNEL: UVM_INFO /home/runner/monitor.sv(42) @ 1995: uvm_test_top.env.agent.mon [MON] A=12 B=1 OP=AND res= 0 C=0 Z=1 N=0 O=0
# KERNEL: UVM_INFO /home/runner/scoreboard.sv(28) @ 1995: uvm_test_top.env.scb [alu_scoreboard] Scoreboard received item
# KERNEL: UVM_INFO /home/runner/scoreboard.sv(77) @ 1995: uvm_test_top.env.scb [SCB_PASS] Match! OP=AND A=12 B=1 | RES=0 Flags=0100
# KERNEL: UVM_INFO /home/runner/driver.sv(51) @ 1995: uvm_test_top.env.agent.drv [DRV] A=8 B=12 OP=OR
# KERNEL: UVM_INFO /home/runner/monitor.sv(42) @ 2015: uvm_test_top.env.agent.mon [MON] A=8 B=12 OP=OR res=12 C=0 Z=0 N=1 O=0
# KERNEL: UVM_INFO /home/runner/scoreboard.sv(28) @ 2015: uvm_test_top.env.scb [alu_scoreboard] Scoreboard received item
# KERNEL: UVM_INFO /home/runner/scoreboard.sv(77) @ 2015: uvm_test_top.env.scb [SCB_PASS] Match! OP=OR A=8 B=12 | RES=12 Flags=0010
# KERNEL: UVM_INFO /home/runner/driver.sv(51) @ 2015: uvm_test_top.env.agent.drv [DRV] A=15 B=11 OP=XOR
# KERNEL: UVM_INFO /home/runner/sequence1.sv(29) @ 2015: uvm_test_top.env.agent.sqr@@s1 [alu_base_sequence] Sequence body finished
# KERNEL: UVM_INFO /home/runner/master_seq.sv(23) @ 2015: uvm_test_top.env.agent.sqr@@seq [MASTER_SEQ] Starting Sequence 2...
# KERNEL: UVM_INFO /home/runner/sequence2.sv(11) @ 2015: uvm_test_top.env.agent.sqr@@s2 [alu_directed_seq] Starting directed Stimulus for all ports...
# KERNEL: UVM_INFO /home/runner/monitor.sv(42) @ 2035: uvm_test_top.env.agent.mon [MON] A=15 B=11 OP=XOR res= 4 C=0 Z=0 N=0 O=0
# KERNEL: UVM_INFO /home/runner/scoreboard.sv(28) @ 2035: uvm_test_top.env.scb [alu_scoreboard] Scoreboard received item
# KERNEL: UVM_INFO /home/runner/scoreboard.sv(77) @ 2035: uvm_test_top.env.scb [SCB_PASS] Match! OP=XOR A=15 B=11 | RES=4 Flags=0000
# KERNEL: UVM_INFO /home/runner/driver.sv(51) @ 2035: uvm_test_top.env.agent.drv [DRV] A=7 B=1 OP=ADD
# KERNEL: Error: assertion.sv (78): Carry flag not assserted when there is carry in addition
# KERNEL: Error: assertion.sv (85): Overflow happend but didnt triggered the flag
# KERNEL: UVM_INFO /home/runner/monitor.sv(42) @ 2055: uvm_test_top.env.agent.mon [MON] A=7 B=1 OP=ADD res= 8 C=0 Z=0 N=1 O=1
# KERNEL: UVM_INFO /home/runner/scoreboard.sv(28) @ 2055: uvm_test_top.env.scb [alu_scoreboard] Scoreboard received item
# KERNEL: UVM_INFO /home/runner/scoreboard.sv(77) @ 2055: uvm_test_top.env.scb [SCB_PASS] Match! OP=ADD A=7 B=1 | RES=8 Flags=0011
# KERNEL: UVM_INFO /home/runner/driver.sv(51) @ 2055: uvm_test_top.env.agent.drv [DRV] A=15 B=1 OP=ADD
# KERNEL: UVM_INFO /home/runner/monitor.sv(42) @ 2075: uvm_test_top.env.agent.mon [MON] A=15 B=1 OP=ADD res= 0 C=1 Z=1 N=0 O=0
# KERNEL: UVM_INFO /home/runner/scoreboard.sv(28) @ 2075: uvm_test_top.env.scb [alu_scoreboard] Scoreboard received item
# KERNEL: UVM_INFO /home/runner/scoreboard.sv(77) @ 2075: uvm_test_top.env.scb [SCB_PASS] Match! OP=ADD A=15 B=1 | RES=0 Flags=1100
# KERNEL: UVM_INFO /home/runner/driver.sv(51) @ 2075: uvm_test_top.env.agent.drv [DRV] A=10 B=10 OP=SUB
# KERNEL: Error: assertion.sv (99):  overfloe flag not triggered in SUB op code
# KERNEL: UVM_INFO /home/runner/monitor.sv(42) @ 2095: uvm_test_top.env.agent.mon [MON] A=10 B=10 OP=SUB res= 0 C=0 Z=1 N=0 O=0
# KERNEL: UVM_INFO /home/runner/scoreboard.sv(28) @ 2095: uvm_test_top.env.scb [alu_scoreboard] Scoreboard received item
# KERNEL: UVM_INFO /home/runner/scoreboard.sv(77) @ 2095: uvm_test_top.env.scb [SCB_PASS] Match! OP=SUB A=10 B=10 | RES=0 Flags=0100
# KERNEL: UVM_INFO /home/runner/driver.sv(51) @ 2095: uvm_test_top.env.agent.drv [DRV] A=8 B=8 OP=ADD
# KERNEL: UVM_INFO /home/runner/monitor.sv(42) @ 2115: uvm_test_top.env.agent.mon [MON] A=8 B=8 OP=ADD res= 0 C=1 Z=1 N=0 O=1
# KERNEL: UVM_INFO /home/runner/scoreboard.sv(28) @ 2115: uvm_test_top.env.scb [alu_scoreboard] Scoreboard received item
# KERNEL: UVM_INFO /home/runner/scoreboard.sv(77) @ 2115: uvm_test_top.env.scb [SCB_PASS] Match! OP=ADD A=8 B=8 | RES=0 Flags=1101
# KERNEL: UVM_INFO /home/runner/driver.sv(51) @ 2115: uvm_test_top.env.agent.drv [DRV] A=0 B=1 OP=ADD
# KERNEL: Error: assertion.sv (78): Carry flag not assserted when there is carry in addition
# KERNEL: UVM_INFO /home/runner/monitor.sv(42) @ 2135: uvm_test_top.env.agent.mon [MON] A=0 B=1 OP=ADD res= 1 C=0 Z=0 N=0 O=0
# KERNEL: UVM_INFO /home/runner/scoreboard.sv(28) @ 2135: uvm_test_top.env.scb [alu_scoreboard] Scoreboard received item
# KERNEL: UVM_INFO /home/runner/scoreboard.sv(77) @ 2135: uvm_test_top.env.scb [SCB_PASS] Match! OP=ADD A=0 B=1 | RES=1 Flags=0000
# KERNEL: UVM_INFO /home/runner/driver.sv(51) @ 2135: uvm_test_top.env.agent.drv [DRV] A=1 B=0 OP=OR
# KERNEL: UVM_INFO /home/runner/monitor.sv(42) @ 2155: uvm_test_top.env.agent.mon [MON] A=1 B=0 OP=OR res= 1 C=0 Z=0 N=0 O=0
# KERNEL: UVM_INFO /home/runner/scoreboard.sv(28) @ 2155: uvm_test_top.env.scb [alu_scoreboard] Scoreboard received item
# KERNEL: UVM_INFO /home/runner/scoreboard.sv(77) @ 2155: uvm_test_top.env.scb [SCB_PASS] Match! OP=OR A=1 B=0 | RES=1 Flags=0000
# KERNEL: UVM_INFO /home/runner/driver.sv(51) @ 2155: uvm_test_top.env.agent.drv [DRV] A=2 B=0 OP=OR
# KERNEL: UVM_INFO /home/runner/monitor.sv(42) @ 2175: uvm_test_top.env.agent.mon [MON] A=2 B=0 OP=OR res= 2 C=0 Z=0 N=0 O=0
# KERNEL: UVM_INFO /home/runner/scoreboard.sv(28) @ 2175: uvm_test_top.env.scb [alu_scoreboard] Scoreboard received item
# KERNEL: UVM_INFO /home/runner/scoreboard.sv(77) @ 2175: uvm_test_top.env.scb [SCB_PASS] Match! OP=OR A=2 B=0 | RES=2 Flags=0000
# KERNEL: UVM_INFO /home/runner/driver.sv(51) @ 2175: uvm_test_top.env.agent.drv [DRV] A=4 B=0 OP=OR
# KERNEL: UVM_INFO /home/runner/monitor.sv(42) @ 2195: uvm_test_top.env.agent.mon [MON] A=4 B=0 OP=OR res= 4 C=0 Z=0 N=0 O=0
# KERNEL: UVM_INFO /home/runner/scoreboard.sv(28) @ 2195: uvm_test_top.env.scb [alu_scoreboard] Scoreboard received item
# KERNEL: UVM_INFO /home/runner/scoreboard.sv(77) @ 2195: uvm_test_top.env.scb [SCB_PASS] Match! OP=OR A=4 B=0 | RES=4 Flags=0000
# KERNEL: UVM_INFO /home/runner/driver.sv(51) @ 2195: uvm_test_top.env.agent.drv [DRV] A=8 B=0 OP=OR
# KERNEL: UVM_INFO /home/runner/monitor.sv(42) @ 2215: uvm_test_top.env.agent.mon [MON] A=8 B=0 OP=OR res= 8 C=0 Z=0 N=1 O=0
# KERNEL: UVM_INFO /home/runner/scoreboard.sv(28) @ 2215: uvm_test_top.env.scb [alu_scoreboard] Scoreboard received item
# KERNEL: UVM_INFO /home/runner/scoreboard.sv(77) @ 2215: uvm_test_top.env.scb [SCB_PASS] Match! OP=OR A=8 B=0 | RES=8 Flags=0010
# KERNEL: UVM_INFO /home/runner/driver.sv(51) @ 2215: uvm_test_top.env.agent.drv [DRV] A=8 B=0 OP=SHL
# KERNEL: UVM_INFO /home/runner/monitor.sv(42) @ 2235: uvm_test_top.env.agent.mon [MON] A=8 B=0 OP=SHL res= 0 C=0 Z=1 N=0 O=0
# KERNEL: UVM_INFO /home/runner/scoreboard.sv(28) @ 2235: uvm_test_top.env.scb [alu_scoreboard] Scoreboard received item
# KERNEL: UVM_INFO /home/runner/scoreboard.sv(77) @ 2235: uvm_test_top.env.scb [SCB_PASS] Match! OP=SHL A=8 B=0 | RES=0 Flags=0100
# KERNEL: UVM_INFO /home/runner/driver.sv(51) @ 2235: uvm_test_top.env.agent.drv [DRV] A=1 B=0 OP=SHR
# RCKERNEL: Warning: RC_0024 sequence2.sv(39): Randomization failed. The condition of randomize call cannot be satisfied.
# RCKERNEL: Info: RC_0103 sequence2.sv(39): ... the following condition cannot be met: (this.tr.a==1010)
# RCKERNEL: Info: RC_1007 seq_item.sv(12): ... see class 'alu_item' declaration.
# KERNEL: UVM_WARNING /home/runner/sequence2.sv(39) @ 2235: uvm_test_top.env.agent.sqr@@s2 [RNDFLD] Randomization failed in uvm_do_with action
# KERNEL: UVM_INFO /home/runner/monitor.sv(42) @ 2255: uvm_test_top.env.agent.mon [MON] A=1 B=0 OP=SHR res= 0 C=0 Z=1 N=0 O=0
# KERNEL: UVM_INFO /home/runner/scoreboard.sv(28) @ 2255: uvm_test_top.env.scb [alu_scoreboard] Scoreboard received item
# KERNEL: UVM_INFO /home/runner/scoreboard.sv(77) @ 2255: uvm_test_top.env.scb [SCB_PASS] Match! OP=SHR A=1 B=0 | RES=0 Flags=0100
# KERNEL: UVM_INFO /home/runner/driver.sv(51) @ 2255: uvm_test_top.env.agent.drv [DRV] A=x B=x OP=
# KERNEL: UVM_INFO /home/runner/master_seq.sv(26) @ 2255: uvm_test_top.env.agent.sqr@@seq [MASTER_SEQ] Starting Sequence 3...
# KERNEL: UVM_INFO /home/runner/sequence3.sv(11) @ 2255: uvm_test_top.env.agent.sqr@@s3 [alu_stress_seq] Starting stress seq  Stimulus for all ports...
# KERNEL: UVM_INFO /home/runner/monitor.sv(42) @ 2275: uvm_test_top.env.agent.mon [MON] A=x B=x OP= res= 0 C=0 Z=1 N=0 O=0
# ACDB: Error: ACDB_0013 alu_coverage.sv (30): Illegal enum bin was hit with value 'xxx' at iteration #114 of covergroup sampling. It will have no impact on the coverage statistics. HDL instance: "/\package alu_pkg\/alu_coverage". Covergroup type: "alu_cg", covergroup instance: "<UNNAMED1>", coverpoint: "cp_op".
# KERNEL: UVM_INFO /home/runner/scoreboard.sv(28) @ 2275: uvm_test_top.env.scb [alu_scoreboard] Scoreboard received item
# KERNEL: UVM_INFO /home/runner/driver.sv(51) @ 2275: uvm_test_top.env.agent.drv [DRV] A=8 B=7 OP=XOR
# KERNEL: UVM_INFO /home/runner/monitor.sv(42) @ 2295: uvm_test_top.env.agent.mon [MON] A=8 B=7 OP=XOR res=15 C=0 Z=0 N=1 O=0
# KERNEL: UVM_INFO /home/runner/scoreboard.sv(28) @ 2295: uvm_test_top.env.scb [alu_scoreboard] Scoreboard received item
# KERNEL: UVM_INFO /home/runner/scoreboard.sv(77) @ 2295: uvm_test_top.env.scb [SCB_PASS] Match! OP=XOR A=8 B=7 | RES=15 Flags=0010
# KERNEL: UVM_INFO /home/runner/driver.sv(51) @ 2295: uvm_test_top.env.agent.drv [DRV] A=10 B=14 OP=SHL
# KERNEL: UVM_INFO /home/runner/monitor.sv(42) @ 2315: uvm_test_top.env.agent.mon [MON] A=10 B=14 OP=SHL res= 4 C=0 Z=0 N=0 O=0
# KERNEL: UVM_INFO /home/runner/scoreboard.sv(28) @ 2315: uvm_test_top.env.scb [alu_scoreboard] Scoreboard received item
# KERNEL: UVM_INFO /home/runner/scoreboard.sv(77) @ 2315: uvm_test_top.env.scb [SCB_PASS] Match! OP=SHL A=10 B=14 | RES=4 Flags=0000
# KERNEL: UVM_INFO /home/runner/driver.sv(51) @ 2315: uvm_test_top.env.agent.drv [DRV] A=15 B=15 OP=SUB
# KERNEL: Error: assertion.sv (106): Borrow/Carry not set in SUB
# KERNEL: UVM_INFO /home/runner/monitor.sv(42) @ 2335: uvm_test_top.env.agent.mon [MON] A=15 B=15 OP=SUB res= 0 C=0 Z=1 N=0 O=0
# KERNEL: UVM_INFO /home/runner/scoreboard.sv(28) @ 2335: uvm_test_top.env.scb [alu_scoreboard] Scoreboard received item
# KERNEL: UVM_INFO /home/runner/scoreboard.sv(77) @ 2335: uvm_test_top.env.scb [SCB_PASS] Match! OP=SUB A=15 B=15 | RES=0 Flags=0100
# KERNEL: UVM_INFO /home/runner/driver.sv(51) @ 2335: uvm_test_top.env.agent.drv [DRV] A=14 B=15 OP=NOT
# KERNEL: UVM_INFO /home/runner/monitor.sv(42) @ 2355: uvm_test_top.env.agent.mon [MON] A=14 B=15 OP=NOT res= 1 C=0 Z=0 N=0 O=0
# KERNEL: UVM_INFO /home/runner/scoreboard.sv(28) @ 2355: uvm_test_top.env.scb [alu_scoreboard] Scoreboard received item
# KERNEL: UVM_INFO /home/runner/scoreboard.sv(77) @ 2355: uvm_test_top.env.scb [SCB_PASS] Match! OP=NOT A=14 B=15 | RES=1 Flags=0000
# KERNEL: UVM_INFO /home/runner/driver.sv(51) @ 2355: uvm_test_top.env.agent.drv [DRV] A=5 B=15 OP=SHR
# KERNEL: UVM_INFO /home/runner/monitor.sv(42) @ 2375: uvm_test_top.env.agent.mon [MON] A=5 B=15 OP=SHR res= 2 C=0 Z=0 N=0 O=0
# KERNEL: UVM_INFO /home/runner/scoreboard.sv(28) @ 2375: uvm_test_top.env.scb [alu_scoreboard] Scoreboard received item
# KERNEL: UVM_INFO /home/runner/scoreboard.sv(77) @ 2375: uvm_test_top.env.scb [SCB_PASS] Match! OP=SHR A=5 B=15 | RES=2 Flags=0000
# KERNEL: UVM_INFO /home/runner/driver.sv(51) @ 2375: uvm_test_top.env.agent.drv [DRV] A=3 B=0 OP=SHL
# KERNEL: UVM_INFO /home/runner/monitor.sv(42) @ 2395: uvm_test_top.env.agent.mon [MON] A=3 B=0 OP=SHL res= 6 C=0 Z=0 N=0 O=0
# KERNEL: UVM_INFO /home/runner/scoreboard.sv(28) @ 2395: uvm_test_top.env.scb [alu_scoreboard] Scoreboard received item
# KERNEL: UVM_INFO /home/runner/scoreboard.sv(77) @ 2395: uvm_test_top.env.scb [SCB_PASS] Match! OP=SHL A=3 B=0 | RES=6 Flags=0000
# KERNEL: UVM_INFO /home/runner/driver.sv(51) @ 2395: uvm_test_top.env.agent.drv [DRV] A=8 B=3 OP=SHL
# KERNEL: UVM_INFO /home/runner/monitor.sv(42) @ 2415: uvm_test_top.env.agent.mon [MON] A=8 B=3 OP=SHL res= 0 C=0 Z=1 N=0 O=0
# KERNEL: UVM_INFO /home/runner/scoreboard.sv(28) @ 2415: uvm_test_top.env.scb [alu_scoreboard] Scoreboard received item
# KERNEL: UVM_INFO /home/runner/scoreboard.sv(77) @ 2415: uvm_test_top.env.scb [SCB_PASS] Match! OP=SHL A=8 B=3 | RES=0 Flags=0100
# KERNEL: UVM_INFO /home/runner/driver.sv(51) @ 2415: uvm_test_top.env.agent.drv [DRV] A=0 B=8 OP=ADD
# KERNEL: UVM_INFO /home/runner/monitor.sv(42) @ 2435: uvm_test_top.env.agent.mon [MON] A=0 B=8 OP=ADD res= 8 C=0 Z=0 N=1 O=0
# KERNEL: UVM_INFO /home/runner/scoreboard.sv(28) @ 2435: uvm_test_top.env.scb [alu_scoreboard] Scoreboard received item
# KERNEL: UVM_INFO /home/runner/scoreboard.sv(77) @ 2435: uvm_test_top.env.scb [SCB_PASS] Match! OP=ADD A=0 B=8 | RES=8 Flags=0010
# KERNEL: UVM_INFO /home/runner/driver.sv(51) @ 2435: uvm_test_top.env.agent.drv [DRV] A=7 B=15 OP=SHL
# KERNEL: UVM_INFO /home/runner/monitor.sv(42) @ 2455: uvm_test_top.env.agent.mon [MON] A=7 B=15 OP=SHL res=14 C=0 Z=0 N=1 O=0
# KERNEL: UVM_INFO /home/runner/scoreboard.sv(28) @ 2455: uvm_test_top.env.scb [alu_scoreboard] Scoreboard received item
# KERNEL: UVM_INFO /home/runner/scoreboard.sv(77) @ 2455: uvm_test_top.env.scb [SCB_PASS] Match! OP=SHL A=7 B=15 | RES=14 Flags=0010
# KERNEL: UVM_INFO /home/runner/driver.sv(51) @ 2455: uvm_test_top.env.agent.drv [DRV] A=2 B=5 OP=XOR
# KERNEL: UVM_INFO /home/runner/monitor.sv(42) @ 2475: uvm_test_top.env.agent.mon [MON] A=2 B=5 OP=XOR res= 7 C=0 Z=0 N=0 O=0
# KERNEL: UVM_INFO /home/runner/scoreboard.sv(28) @ 2475: uvm_test_top.env.scb [alu_scoreboard] Scoreboard received item
# KERNEL: UVM_INFO /home/runner/scoreboard.sv(77) @ 2475: uvm_test_top.env.scb [SCB_PASS] Match! OP=XOR A=2 B=5 | RES=7 Flags=0000
# KERNEL: UVM_INFO /home/runner/driver.sv(51) @ 2475: uvm_test_top.env.agent.drv [DRV] A=6 B=15 OP=AND
# KERNEL: UVM_INFO /home/runner/monitor.sv(42) @ 2495: uvm_test_top.env.agent.mon [MON] A=6 B=15 OP=AND res= 6 C=0 Z=0 N=0 O=0
# KERNEL: UVM_INFO /home/runner/scoreboard.sv(28) @ 2495: uvm_test_top.env.scb [alu_scoreboard] Scoreboard received item
# KERNEL: UVM_INFO /home/runner/scoreboard.sv(77) @ 2495: uvm_test_top.env.scb [SCB_PASS] Match! OP=AND A=6 B=15 | RES=6 Flags=0000
# KERNEL: UVM_INFO /home/runner/driver.sv(51) @ 2495: uvm_test_top.env.agent.drv [DRV] A=15 B=14 OP=OR
# KERNEL: UVM_INFO /home/runner/monitor.sv(42) @ 2515: uvm_test_top.env.agent.mon [MON] A=15 B=14 OP=OR res=15 C=0 Z=0 N=1 O=0
# KERNEL: UVM_INFO /home/runner/scoreboard.sv(28) @ 2515: uvm_test_top.env.scb [alu_scoreboard] Scoreboard received item
# KERNEL: UVM_INFO /home/runner/scoreboard.sv(77) @ 2515: uvm_test_top.env.scb [SCB_PASS] Match! OP=OR A=15 B=14 | RES=15 Flags=0010
# KERNEL: UVM_INFO /home/runner/driver.sv(51) @ 2515: uvm_test_top.env.agent.drv [DRV] A=0 B=6 OP=SUB
# KERNEL: UVM_INFO /home/runner/monitor.sv(42) @ 2535: uvm_test_top.env.agent.mon [MON] A=0 B=6 OP=SUB res=10 C=1 Z=0 N=1 O=0
# KERNEL: UVM_INFO /home/runner/scoreboard.sv(28) @ 2535: uvm_test_top.env.scb [alu_scoreboard] Scoreboard received item
# KERNEL: UVM_INFO /home/runner/scoreboard.sv(77) @ 2535: uvm_test_top.env.scb [SCB_PASS] Match! OP=SUB A=0 B=6 | RES=10 Flags=1010
# KERNEL: UVM_INFO /home/runner/driver.sv(51) @ 2535: uvm_test_top.env.agent.drv [DRV] A=13 B=2 OP=SHR
# KERNEL: Error: assertion.sv (42): Logical operation using flags which is wrong
# KERNEL: UVM_INFO /home/runner/monitor.sv(42) @ 2555: uvm_test_top.env.agent.mon [MON] A=13 B=2 OP=SHR res= 6 C=0 Z=0 N=0 O=0
# KERNEL: UVM_INFO /home/runner/scoreboard.sv(28) @ 2555: uvm_test_top.env.scb [alu_scoreboard] Scoreboard received item
# KERNEL: UVM_INFO /home/runner/scoreboard.sv(77) @ 2555: uvm_test_top.env.scb [SCB_PASS] Match! OP=SHR A=13 B=2 | RES=6 Flags=0000
# KERNEL: UVM_INFO /home/runner/driver.sv(51) @ 2555: uvm_test_top.env.agent.drv [DRV] A=15 B=1 OP=OR
# KERNEL: UVM_INFO /home/runner/monitor.sv(42) @ 2575: uvm_test_top.env.agent.mon [MON] A=15 B=1 OP=OR res=15 C=0 Z=0 N=1 O=0
# KERNEL: UVM_INFO /home/runner/scoreboard.sv(28) @ 2575: uvm_test_top.env.scb [alu_scoreboard] Scoreboard received item
# KERNEL: UVM_INFO /home/runner/scoreboard.sv(77) @ 2575: uvm_test_top.env.scb [SCB_PASS] Match! OP=OR A=15 B=1 | RES=15 Flags=0010
# KERNEL: UVM_INFO /home/runner/driver.sv(51) @ 2575: uvm_test_top.env.agent.drv [DRV] A=15 B=9 OP=SHL
# KERNEL: UVM_INFO /home/runner/monitor.sv(42) @ 2595: uvm_test_top.env.agent.mon [MON] A=15 B=9 OP=SHL res=14 C=0 Z=0 N=1 O=0
# KERNEL: UVM_INFO /home/runner/scoreboard.sv(28) @ 2595: uvm_test_top.env.scb [alu_scoreboard] Scoreboard received item
# KERNEL: UVM_INFO /home/runner/scoreboard.sv(77) @ 2595: uvm_test_top.env.scb [SCB_PASS] Match! OP=SHL A=15 B=9 | RES=14 Flags=0010
# KERNEL: UVM_INFO /home/runner/driver.sv(51) @ 2595: uvm_test_top.env.agent.drv [DRV] A=15 B=10 OP=SHL
# KERNEL: UVM_INFO /home/runner/monitor.sv(42) @ 2615: uvm_test_top.env.agent.mon [MON] A=15 B=10 OP=SHL res=14 C=0 Z=0 N=1 O=0
# KERNEL: UVM_INFO /home/runner/scoreboard.sv(28) @ 2615: uvm_test_top.env.scb [alu_scoreboard] Scoreboard received item
# KERNEL: UVM_INFO /home/runner/scoreboard.sv(77) @ 2615: uvm_test_top.env.scb [SCB_PASS] Match! OP=SHL A=15 B=10 | RES=14 Flags=0010
# KERNEL: UVM_INFO /home/runner/driver.sv(51) @ 2615: uvm_test_top.env.agent.drv [DRV] A=12 B=9 OP=ADD
# KERNEL: UVM_INFO /home/runner/monitor.sv(42) @ 2635: uvm_test_top.env.agent.mon [MON] A=12 B=9 OP=ADD res= 5 C=1 Z=0 N=0 O=1
# KERNEL: UVM_INFO /home/runner/scoreboard.sv(28) @ 2635: uvm_test_top.env.scb [alu_scoreboard] Scoreboard received item
# KERNEL: UVM_INFO /home/runner/scoreboard.sv(77) @ 2635: uvm_test_top.env.scb [SCB_PASS] Match! OP=ADD A=12 B=9 | RES=5 Flags=1001
# KERNEL: UVM_INFO /home/runner/driver.sv(51) @ 2635: uvm_test_top.env.agent.drv [DRV] A=14 B=15 OP=XOR
# KERNEL: Error: assertion.sv (42): Logical operation using flags which is wrong
# KERNEL: UVM_INFO /home/runner/monitor.sv(42) @ 2655: uvm_test_top.env.agent.mon [MON] A=14 B=15 OP=XOR res= 1 C=0 Z=0 N=0 O=0
# KERNEL: UVM_INFO /home/runner/scoreboard.sv(28) @ 2655: uvm_test_top.env.scb [alu_scoreboard] Scoreboard received item
# KERNEL: UVM_INFO /home/runner/scoreboard.sv(77) @ 2655: uvm_test_top.env.scb [SCB_PASS] Match! OP=XOR A=14 B=15 | RES=1 Flags=0000
# KERNEL: UVM_INFO /home/runner/driver.sv(51) @ 2655: uvm_test_top.env.agent.drv [DRV] A=15 B=11 OP=SHR
# KERNEL: UVM_INFO /home/runner/monitor.sv(42) @ 2675: uvm_test_top.env.agent.mon [MON] A=15 B=11 OP=SHR res= 7 C=0 Z=0 N=0 O=0
# KERNEL: UVM_INFO /home/runner/scoreboard.sv(28) @ 2675: uvm_test_top.env.scb [alu_scoreboard] Scoreboard received item
# KERNEL: UVM_INFO /home/runner/scoreboard.sv(77) @ 2675: uvm_test_top.env.scb [SCB_PASS] Match! OP=SHR A=15 B=11 | RES=7 Flags=0000
# KERNEL: UVM_INFO /home/runner/driver.sv(51) @ 2675: uvm_test_top.env.agent.drv [DRV] A=5 B=0 OP=OR
# KERNEL: UVM_INFO /home/runner/monitor.sv(42) @ 2695: uvm_test_top.env.agent.mon [MON] A=5 B=0 OP=OR res= 5 C=0 Z=0 N=0 O=0
# KERNEL: UVM_INFO /home/runner/scoreboard.sv(28) @ 2695: uvm_test_top.env.scb [alu_scoreboard] Scoreboard received item
# KERNEL: UVM_INFO /home/runner/scoreboard.sv(77) @ 2695: uvm_test_top.env.scb [SCB_PASS] Match! OP=OR A=5 B=0 | RES=5 Flags=0000
# KERNEL: UVM_INFO /home/runner/driver.sv(51) @ 2695: uvm_test_top.env.agent.drv [DRV] A=3 B=6 OP=SHR
# KERNEL: UVM_INFO /home/runner/monitor.sv(42) @ 2715: uvm_test_top.env.agent.mon [MON] A=3 B=6 OP=SHR res= 1 C=0 Z=0 N=0 O=0
# KERNEL: UVM_INFO /home/runner/scoreboard.sv(28) @ 2715: uvm_test_top.env.scb [alu_scoreboard] Scoreboard received item
# KERNEL: UVM_INFO /home/runner/scoreboard.sv(77) @ 2715: uvm_test_top.env.scb [SCB_PASS] Match! OP=SHR A=3 B=6 | RES=1 Flags=0000
# KERNEL: UVM_INFO /home/runner/driver.sv(51) @ 2715: uvm_test_top.env.agent.drv [DRV] A=1 B=0 OP=NOT
# KERNEL: UVM_INFO /home/runner/monitor.sv(42) @ 2735: uvm_test_top.env.agent.mon [MON] A=1 B=0 OP=NOT res=14 C=0 Z=0 N=1 O=0
# KERNEL: UVM_INFO /home/runner/scoreboard.sv(28) @ 2735: uvm_test_top.env.scb [alu_scoreboard] Scoreboard received item
# KERNEL: UVM_INFO /home/runner/scoreboard.sv(77) @ 2735: uvm_test_top.env.scb [SCB_PASS] Match! OP=NOT A=1 B=0 | RES=14 Flags=0010
# KERNEL: UVM_INFO /home/runner/driver.sv(51) @ 2735: uvm_test_top.env.agent.drv [DRV] A=10 B=1 OP=SHL
# KERNEL: UVM_INFO /home/runner/monitor.sv(42) @ 2755: uvm_test_top.env.agent.mon [MON] A=10 B=1 OP=SHL res= 4 C=0 Z=0 N=0 O=0
# KERNEL: UVM_INFO /home/runner/scoreboard.sv(28) @ 2755: uvm_test_top.env.scb [alu_scoreboard] Scoreboard received item
# KERNEL: UVM_INFO /home/runner/scoreboard.sv(77) @ 2755: uvm_test_top.env.scb [SCB_PASS] Match! OP=SHL A=10 B=1 | RES=4 Flags=0000
# KERNEL: UVM_INFO /home/runner/driver.sv(51) @ 2755: uvm_test_top.env.agent.drv [DRV] A=10 B=15 OP=ADD
# KERNEL: UVM_INFO /home/runner/monitor.sv(42) @ 2775: uvm_test_top.env.agent.mon [MON] A=10 B=15 OP=ADD res= 9 C=1 Z=0 N=1 O=0
# KERNEL: UVM_INFO /home/runner/scoreboard.sv(28) @ 2775: uvm_test_top.env.scb [alu_scoreboard] Scoreboard received item
# KERNEL: UVM_INFO /home/runner/scoreboard.sv(77) @ 2775: uvm_test_top.env.scb [SCB_PASS] Match! OP=ADD A=10 B=15 | RES=9 Flags=1010
# KERNEL: UVM_INFO /home/runner/driver.sv(51) @ 2775: uvm_test_top.env.agent.drv [DRV] A=12 B=15 OP=ADD
# KERNEL: UVM_INFO /home/runner/monitor.sv(42) @ 2795: uvm_test_top.env.agent.mon [MON] A=12 B=15 OP=ADD res=11 C=1 Z=0 N=1 O=0
# KERNEL: UVM_INFO /home/runner/scoreboard.sv(28) @ 2795: uvm_test_top.env.scb [alu_scoreboard] Scoreboard received item
# KERNEL: UVM_INFO /home/runner/scoreboard.sv(77) @ 2795: uvm_test_top.env.scb [SCB_PASS] Match! OP=ADD A=12 B=15 | RES=11 Flags=1010
# KERNEL: UVM_INFO /home/runner/driver.sv(51) @ 2795: uvm_test_top.env.agent.drv [DRV] A=15 B=15 OP=SHR
# KERNEL: Error: assertion.sv (42): Logical operation using flags which is wrong
# KERNEL: UVM_INFO /home/runner/monitor.sv(42) @ 2815: uvm_test_top.env.agent.mon [MON] A=15 B=15 OP=SHR res= 7 C=0 Z=0 N=0 O=0
# KERNEL: UVM_INFO /home/runner/scoreboard.sv(28) @ 2815: uvm_test_top.env.scb [alu_scoreboard] Scoreboard received item
# KERNEL: UVM_INFO /home/runner/scoreboard.sv(77) @ 2815: uvm_test_top.env.scb [SCB_PASS] Match! OP=SHR A=15 B=15 | RES=7 Flags=0000
# KERNEL: UVM_INFO /home/runner/driver.sv(51) @ 2815: uvm_test_top.env.agent.drv [DRV] A=0 B=13 OP=SHR
# KERNEL: UVM_INFO /home/runner/monitor.sv(42) @ 2835: uvm_test_top.env.agent.mon [MON] A=0 B=13 OP=SHR res= 0 C=0 Z=1 N=0 O=0
# KERNEL: UVM_INFO /home/runner/scoreboard.sv(28) @ 2835: uvm_test_top.env.scb [alu_scoreboard] Scoreboard received item
# KERNEL: UVM_INFO /home/runner/scoreboard.sv(77) @ 2835: uvm_test_top.env.scb [SCB_PASS] Match! OP=SHR A=0 B=13 | RES=0 Flags=0100
# KERNEL: UVM_INFO /home/runner/driver.sv(51) @ 2835: uvm_test_top.env.agent.drv [DRV] A=15 B=5 OP=NOT
# KERNEL: UVM_INFO /home/runner/monitor.sv(42) @ 2855: uvm_test_top.env.agent.mon [MON] A=15 B=5 OP=NOT res= 0 C=0 Z=1 N=0 O=0
# KERNEL: UVM_INFO /home/runner/scoreboard.sv(28) @ 2855: uvm_test_top.env.scb [alu_scoreboard] Scoreboard received item
# KERNEL: UVM_INFO /home/runner/scoreboard.sv(77) @ 2855: uvm_test_top.env.scb [SCB_PASS] Match! OP=NOT A=15 B=5 | RES=0 Flags=0100
# KERNEL: UVM_INFO /home/runner/driver.sv(51) @ 2855: uvm_test_top.env.agent.drv [DRV] A=3 B=0 OP=ADD
# KERNEL: Error: assertion.sv (78): Carry flag not assserted when there is carry in addition
# KERNEL: UVM_INFO /home/runner/monitor.sv(42) @ 2875: uvm_test_top.env.agent.mon [MON] A=3 B=0 OP=ADD res= 3 C=0 Z=0 N=0 O=0
# KERNEL: UVM_INFO /home/runner/scoreboard.sv(28) @ 2875: uvm_test_top.env.scb [alu_scoreboard] Scoreboard received item
# KERNEL: UVM_INFO /home/runner/scoreboard.sv(77) @ 2875: uvm_test_top.env.scb [SCB_PASS] Match! OP=ADD A=3 B=0 | RES=3 Flags=0000
# KERNEL: UVM_INFO /home/runner/driver.sv(51) @ 2875: uvm_test_top.env.agent.drv [DRV] A=10 B=13 OP=SHL
# KERNEL: UVM_INFO /home/runner/monitor.sv(42) @ 2895: uvm_test_top.env.agent.mon [MON] A=10 B=13 OP=SHL res= 4 C=0 Z=0 N=0 O=0
# KERNEL: UVM_INFO /home/runner/scoreboard.sv(28) @ 2895: uvm_test_top.env.scb [alu_scoreboard] Scoreboard received item
# KERNEL: UVM_INFO /home/runner/scoreboard.sv(77) @ 2895: uvm_test_top.env.scb [SCB_PASS] Match! OP=SHL A=10 B=13 | RES=4 Flags=0000
# KERNEL: UVM_INFO /home/runner/driver.sv(51) @ 2895: uvm_test_top.env.agent.drv [DRV] A=2 B=10 OP=XOR
# KERNEL: UVM_INFO /home/runner/monitor.sv(42) @ 2915: uvm_test_top.env.agent.mon [MON] A=2 B=10 OP=XOR res= 8 C=0 Z=0 N=1 O=0
# KERNEL: UVM_INFO /home/runner/scoreboard.sv(28) @ 2915: uvm_test_top.env.scb [alu_scoreboard] Scoreboard received item
# KERNEL: UVM_INFO /home/runner/scoreboard.sv(77) @ 2915: uvm_test_top.env.scb [SCB_PASS] Match! OP=XOR A=2 B=10 | RES=8 Flags=0010
# KERNEL: UVM_INFO /home/runner/driver.sv(51) @ 2915: uvm_test_top.env.agent.drv [DRV] A=0 B=15 OP=SHL
# KERNEL: UVM_INFO /home/runner/monitor.sv(42) @ 2935: uvm_test_top.env.agent.mon [MON] A=0 B=15 OP=SHL res= 0 C=0 Z=1 N=0 O=0
# KERNEL: UVM_INFO /home/runner/scoreboard.sv(28) @ 2935: uvm_test_top.env.scb [alu_scoreboard] Scoreboard received item
# KERNEL: UVM_INFO /home/runner/scoreboard.sv(77) @ 2935: uvm_test_top.env.scb [SCB_PASS] Match! OP=SHL A=0 B=15 | RES=0 Flags=0100
# KERNEL: UVM_INFO /home/runner/driver.sv(51) @ 2935: uvm_test_top.env.agent.drv [DRV] A=15 B=8 OP=SHL
# KERNEL: UVM_INFO /home/runner/monitor.sv(42) @ 2955: uvm_test_top.env.agent.mon [MON] A=15 B=8 OP=SHL res=14 C=0 Z=0 N=1 O=0
# KERNEL: UVM_INFO /home/runner/scoreboard.sv(28) @ 2955: uvm_test_top.env.scb [alu_scoreboard] Scoreboard received item
# KERNEL: UVM_INFO /home/runner/scoreboard.sv(77) @ 2955: uvm_test_top.env.scb [SCB_PASS] Match! OP=SHL A=15 B=8 | RES=14 Flags=0010
# KERNEL: UVM_INFO /home/runner/driver.sv(51) @ 2955: uvm_test_top.env.agent.drv [DRV] A=14 B=0 OP=ADD
# KERNEL: Error: assertion.sv (78): Carry flag not assserted when there is carry in addition
# KERNEL: UVM_INFO /home/runner/monitor.sv(42) @ 2975: uvm_test_top.env.agent.mon [MON] A=14 B=0 OP=ADD res=14 C=0 Z=0 N=1 O=0
# KERNEL: UVM_INFO /home/runner/scoreboard.sv(28) @ 2975: uvm_test_top.env.scb [alu_scoreboard] Scoreboard received item
# KERNEL: UVM_INFO /home/runner/scoreboard.sv(77) @ 2975: uvm_test_top.env.scb [SCB_PASS] Match! OP=ADD A=14 B=0 | RES=14 Flags=0010
# KERNEL: UVM_INFO /home/runner/driver.sv(51) @ 2975: uvm_test_top.env.agent.drv [DRV] A=15 B=15 OP=NOT
# KERNEL: UVM_INFO /home/runner/monitor.sv(42) @ 2995: uvm_test_top.env.agent.mon [MON] A=15 B=15 OP=NOT res= 0 C=0 Z=1 N=0 O=0
# KERNEL: UVM_INFO /home/runner/scoreboard.sv(28) @ 2995: uvm_test_top.env.scb [alu_scoreboard] Scoreboard received item
# KERNEL: UVM_INFO /home/runner/scoreboard.sv(77) @ 2995: uvm_test_top.env.scb [SCB_PASS] Match! OP=NOT A=15 B=15 | RES=0 Flags=0100
# KERNEL: UVM_INFO /home/runner/driver.sv(51) @ 2995: uvm_test_top.env.agent.drv [DRV] A=6 B=7 OP=SUB
# KERNEL: UVM_INFO /home/runner/monitor.sv(42) @ 3015: uvm_test_top.env.agent.mon [MON] A=6 B=7 OP=SUB res=15 C=1 Z=0 N=1 O=0
# KERNEL: UVM_INFO /home/runner/scoreboard.sv(28) @ 3015: uvm_test_top.env.scb [alu_scoreboard] Scoreboard received item
# KERNEL: UVM_INFO /home/runner/scoreboard.sv(77) @ 3015: uvm_test_top.env.scb [SCB_PASS] Match! OP=SUB A=6 B=7 | RES=15 Flags=1010
# KERNEL: UVM_INFO /home/runner/driver.sv(51) @ 3015: uvm_test_top.env.agent.drv [DRV] A=5 B=9 OP=SUB
# KERNEL: UVM_INFO /home/runner/monitor.sv(42) @ 3035: uvm_test_top.env.agent.mon [MON] A=5 B=9 OP=SUB res=12 C=1 Z=0 N=1 O=1
# KERNEL: UVM_INFO /home/runner/scoreboard.sv(28) @ 3035: uvm_test_top.env.scb [alu_scoreboard] Scoreboard received item
# KERNEL: UVM_INFO /home/runner/scoreboard.sv(77) @ 3035: uvm_test_top.env.scb [SCB_PASS] Match! OP=SUB A=5 B=9 | RES=12 Flags=1011
# KERNEL: UVM_INFO /home/runner/driver.sv(51) @ 3035: uvm_test_top.env.agent.drv [DRV] A=12 B=0 OP=SUB
# KERNEL: Error: assertion.sv (106): Borrow/Carry not set in SUB
# KERNEL: UVM_INFO /home/runner/monitor.sv(42) @ 3055: uvm_test_top.env.agent.mon [MON] A=12 B=0 OP=SUB res=12 C=0 Z=0 N=1 O=0
# KERNEL: UVM_INFO /home/runner/scoreboard.sv(28) @ 3055: uvm_test_top.env.scb [alu_scoreboard] Scoreboard received item
# KERNEL: UVM_INFO /home/runner/scoreboard.sv(77) @ 3055: uvm_test_top.env.scb [SCB_PASS] Match! OP=SUB A=12 B=0 | RES=12 Flags=0010
# KERNEL: UVM_INFO /home/runner/driver.sv(51) @ 3055: uvm_test_top.env.agent.drv [DRV] A=11 B=3 OP=AND
# KERNEL: UVM_INFO /home/runner/monitor.sv(42) @ 3075: uvm_test_top.env.agent.mon [MON] A=11 B=3 OP=AND res= 3 C=0 Z=0 N=0 O=0
# KERNEL: UVM_INFO /home/runner/scoreboard.sv(28) @ 3075: uvm_test_top.env.scb [alu_scoreboard] Scoreboard received item
# KERNEL: UVM_INFO /home/runner/scoreboard.sv(77) @ 3075: uvm_test_top.env.scb [SCB_PASS] Match! OP=AND A=11 B=3 | RES=3 Flags=0000
# KERNEL: UVM_INFO /home/runner/driver.sv(51) @ 3075: uvm_test_top.env.agent.drv [DRV] A=11 B=10 OP=SHL
# KERNEL: UVM_INFO /home/runner/monitor.sv(42) @ 3095: uvm_test_top.env.agent.mon [MON] A=11 B=10 OP=SHL res= 6 C=0 Z=0 N=0 O=0
# KERNEL: UVM_INFO /home/runner/scoreboard.sv(28) @ 3095: uvm_test_top.env.scb [alu_scoreboard] Scoreboard received item
# KERNEL: UVM_INFO /home/runner/scoreboard.sv(77) @ 3095: uvm_test_top.env.scb [SCB_PASS] Match! OP=SHL A=11 B=10 | RES=6 Flags=0000
# KERNEL: UVM_INFO /home/runner/driver.sv(51) @ 3095: uvm_test_top.env.agent.drv [DRV] A=2 B=6 OP=XOR
# KERNEL: UVM_INFO /home/runner/monitor.sv(42) @ 3115: uvm_test_top.env.agent.mon [MON] A=2 B=6 OP=XOR res= 4 C=0 Z=0 N=0 O=0
# KERNEL: UVM_INFO /home/runner/scoreboard.sv(28) @ 3115: uvm_test_top.env.scb [alu_scoreboard] Scoreboard received item
# KERNEL: UVM_INFO /home/runner/scoreboard.sv(77) @ 3115: uvm_test_top.env.scb [SCB_PASS] Match! OP=XOR A=2 B=6 | RES=4 Flags=0000
# KERNEL: UVM_INFO /home/runner/driver.sv(51) @ 3115: uvm_test_top.env.agent.drv [DRV] A=5 B=9 OP=NOT
# KERNEL: UVM_INFO /home/runner/monitor.sv(42) @ 3135: uvm_test_top.env.agent.mon [MON] A=5 B=9 OP=NOT res=10 C=0 Z=0 N=1 O=0
# KERNEL: UVM_INFO /home/runner/scoreboard.sv(28) @ 3135: uvm_test_top.env.scb [alu_scoreboard] Scoreboard received item
# KERNEL: UVM_INFO /home/runner/scoreboard.sv(77) @ 3135: uvm_test_top.env.scb [SCB_PASS] Match! OP=NOT A=5 B=9 | RES=10 Flags=0010
# KERNEL: UVM_INFO /home/runner/driver.sv(51) @ 3135: uvm_test_top.env.agent.drv [DRV] A=7 B=11 OP=NOT
# KERNEL: UVM_INFO /home/runner/monitor.sv(42) @ 3155: uvm_test_top.env.agent.mon [MON] A=7 B=11 OP=NOT res= 8 C=0 Z=0 N=1 O=0
# KERNEL: UVM_INFO /home/runner/scoreboard.sv(28) @ 3155: uvm_test_top.env.scb [alu_scoreboard] Scoreboard received item
# KERNEL: UVM_INFO /home/runner/scoreboard.sv(77) @ 3155: uvm_test_top.env.scb [SCB_PASS] Match! OP=NOT A=7 B=11 | RES=8 Flags=0010
# KERNEL: UVM_INFO /home/runner/driver.sv(51) @ 3155: uvm_test_top.env.agent.drv [DRV] A=7 B=0 OP=SUB
# KERNEL: Error: assertion.sv (106): Borrow/Carry not set in SUB
# KERNEL: UVM_INFO /home/runner/monitor.sv(42) @ 3175: uvm_test_top.env.agent.mon [MON] A=7 B=0 OP=SUB res= 7 C=0 Z=0 N=0 O=0
# KERNEL: UVM_INFO /home/runner/scoreboard.sv(28) @ 3175: uvm_test_top.env.scb [alu_scoreboard] Scoreboard received item
# KERNEL: UVM_INFO /home/runner/scoreboard.sv(77) @ 3175: uvm_test_top.env.scb [SCB_PASS] Match! OP=SUB A=7 B=0 | RES=7 Flags=0000
# KERNEL: UVM_INFO /home/runner/driver.sv(51) @ 3175: uvm_test_top.env.agent.drv [DRV] A=14 B=1 OP=SHR
# KERNEL: UVM_INFO /home/runner/monitor.sv(42) @ 3195: uvm_test_top.env.agent.mon [MON] A=14 B=1 OP=SHR res= 7 C=0 Z=0 N=0 O=0
# KERNEL: UVM_INFO /home/runner/scoreboard.sv(28) @ 3195: uvm_test_top.env.scb [alu_scoreboard] Scoreboard received item
# KERNEL: UVM_INFO /home/runner/scoreboard.sv(77) @ 3195: uvm_test_top.env.scb [SCB_PASS] Match! OP=SHR A=14 B=1 | RES=7 Flags=0000
# KERNEL: UVM_INFO /home/runner/driver.sv(51) @ 3195: uvm_test_top.env.agent.drv [DRV] A=10 B=8 OP=ADD
# KERNEL: UVM_INFO /home/runner/monitor.sv(42) @ 3215: uvm_test_top.env.agent.mon [MON] A=10 B=8 OP=ADD res= 2 C=1 Z=0 N=0 O=1
# KERNEL: UVM_INFO /home/runner/scoreboard.sv(28) @ 3215: uvm_test_top.env.scb [alu_scoreboard] Scoreboard received item
# KERNEL: UVM_INFO /home/runner/scoreboard.sv(77) @ 3215: uvm_test_top.env.scb [SCB_PASS] Match! OP=ADD A=10 B=8 | RES=2 Flags=1001
# KERNEL: UVM_INFO /home/runner/driver.sv(51) @ 3215: uvm_test_top.env.agent.drv [DRV] A=0 B=15 OP=AND
# KERNEL: Error: assertion.sv (42): Logical operation using flags which is wrong
# KERNEL: UVM_INFO /home/runner/monitor.sv(42) @ 3235: uvm_test_top.env.agent.mon [MON] A=0 B=15 OP=AND res= 0 C=0 Z=1 N=0 O=0
# KERNEL: UVM_INFO /home/runner/scoreboard.sv(28) @ 3235: uvm_test_top.env.scb [alu_scoreboard] Scoreboard received item
# KERNEL: UVM_INFO /home/runner/scoreboard.sv(77) @ 3235: uvm_test_top.env.scb [SCB_PASS] Match! OP=AND A=0 B=15 | RES=0 Flags=0100
# KERNEL: UVM_INFO /home/runner/driver.sv(51) @ 3235: uvm_test_top.env.agent.drv [DRV] A=2 B=3 OP=ADD
# KERNEL: UVM_INFO /home/runner/monitor.sv(42) @ 3255: uvm_test_top.env.agent.mon [MON] A=2 B=3 OP=ADD res= 5 C=0 Z=0 N=0 O=0
# KERNEL: UVM_INFO /home/runner/scoreboard.sv(28) @ 3255: uvm_test_top.env.scb [alu_scoreboard] Scoreboard received item
# KERNEL: UVM_INFO /home/runner/scoreboard.sv(77) @ 3255: uvm_test_top.env.scb [SCB_PASS] Match! OP=ADD A=2 B=3 | RES=5 Flags=0000
# KERNEL: UVM_INFO /home/runner/driver.sv(51) @ 3255: uvm_test_top.env.agent.drv [DRV] A=12 B=10 OP=ADD
# KERNEL: UVM_INFO /home/runner/sequence3.sv(29) @ 3255: uvm_test_top.env.agent.sqr@@s3 [alu_stress_seq] Sequence body finished
# KERNEL: UVM_INFO /home/runner/monitor.sv(42) @ 3275: uvm_test_top.env.agent.mon [MON] A=12 B=10 OP=ADD res= 6 C=1 Z=0 N=0 O=1
# KERNEL: UVM_INFO /home/runner/scoreboard.sv(28) @ 3275: uvm_test_top.env.scb [alu_scoreboard] Scoreboard received item
# KERNEL: UVM_INFO /home/runner/scoreboard.sv(77) @ 3275: uvm_test_top.env.scb [SCB_PASS] Match! OP=ADD A=12 B=10 | RES=6 Flags=1001
# KERNEL: UVM_INFO /home/runner/monitor.sv(42) @ 3295: uvm_test_top.env.agent.mon [MON] A=12 B=10 OP=ADD res= 6 C=1 Z=0 N=0 O=1
# KERNEL: UVM_INFO /home/runner/scoreboard.sv(28) @ 3295: uvm_test_top.env.scb [alu_scoreboard] Scoreboard received item
# KERNEL: UVM_INFO /home/runner/scoreboard.sv(77) @ 3295: uvm_test_top.env.scb [SCB_PASS] Match! OP=ADD A=12 B=10 | RES=6 Flags=1001
# KERNEL: UVM_INFO /home/runner/test.sv(26) @ 3305: uvm_test_top [alu_test] Test finished!
# KERNEL: UVM_INFO ./uvm-1.2/src/base/uvm_objection.svh(1271) @ 3305: reporter [TEST_DONE] 'run' phase is ready to proceed to the 'extract' phase
# KERNEL: UVM_INFO /home/runner/scoreboard.sv(89) @ 3305: uvm_test_top.env.scb [alu_scoreboard] Tests Passed: 162, Failed: 0
# KERNEL: UVM_INFO ./uvm-1.2/src/base/uvm_report_server.svh(869) @ 3305: reporter [UVM/REPORT/SERVER] 
# KERNEL: --- UVM Report Summary ---
# KERNEL: 
# KERNEL: ** Report counts by severity
# KERNEL: UVM_INFO :  668
# KERNEL: UVM_WARNING :    1
# KERNEL: UVM_ERROR :    0
# KERNEL: UVM_FATAL :    0
# KERNEL: ** Report counts by id
# KERNEL: [DRV]   162
# KERNEL: [MASTER_SEQ]     3
# KERNEL: [MON]   164
# KERNEL: [RNDFLD]     1
# KERNEL: [RNTST]     1
# KERNEL: [SCB_PASS]   162
# KERNEL: [TEST_DONE]     1
# KERNEL: [UVM/RELNOTES]     1
# KERNEL: [alu_base_sequence]     2
# KERNEL: [alu_directed_seq]     1
# KERNEL: [alu_scoreboard]   167
# KERNEL: [alu_stress_seq]     2
# KERNEL: [alu_test]     2
# KERNEL: 
# RUNTIME: Info: RUNTIME_0068 uvm_root.svh (521): $finish called.
# KERNEL: Time: 3305 ns,  Iteration: 57,  Instance: /tb_top,  Process: @INITIAL#38_2@.
# KERNEL: stopped at time: 3305 ns
# VSIM: Simulation has finished. There are no more test vectors to simulate.
acdb save;
acdb report -db fcover.acdb -txt -o cov.txt -verbose;
# ACDB: Coverage report "cov.txt" was generated successfully.
exec cat cov.txt;
# +++++++++++++++++++++++++++++++++++++++++++++
# ++++++++++       REPORT INFO       ++++++++++
# +++++++++++++++++++++++++++++++++++++++++++++
# 
# 
# SUMMARY
# ===============================================
# |     Property     |          Value           |
# ===============================================
# | User             | runner                   |
# | Host             | 3cd87674bc83             |
# | Tool             | Riviera-PRO 2025.04      |
# | Report file      | /home/runner/cov.txt     |
# | Report date      | 2026-04-03 07:17         |
# | Report arguments | -verbose                 |
# | Input file       | /home/runner/fcover.acdb |
# | Input file date  | 2026-04-03 07:17         |
# | Number of tests  | 1                        |
# ===============================================
# 
# 
# TEST DETAILS
# ==============================================
# | Property |              Value              |
# ==============================================
# | Test     | fcover.acdb:fcover              |
# | Status   | Error                           |
# | Args     | asim +access+r                  |
# | Simtime  | 3305 ns                         |
# | Cputime  | 2.472 s                         |
# | Seed     | 1                               |
# | Date     | 2026-04-03 07:17                |
# | User     | runner                          |
# | Host     | 3cd87674bc83                    |
# | Host os  | Linux64                         |
# | Tool     | Riviera-PRO 2025.04 (simulator) |
# ==============================================
# 
# 
# +++++++++++++++++++++++++++++++++++++++++++++
# ++++++++++     DESIGN HIERARCHY    ++++++++++
# +++++++++++++++++++++++++++++++++++++++++++++
# 
# 
# CUMULATIVE SUMMARY
# =============================================
# |    Coverage Type    | Weight | Hits/Total |
# =============================================
# | Covergroup Coverage |      1 |   100.000% |
# |---------------------|--------|------------|
# | Types               |        |      1 / 1 |
# =============================================
# CUMULATIVE INSTANCE-BASED COVERAGE: 100.000%
# COVERED INSTANCES: 1 / 1
# FILES: 1
# 
# 
# CLASS - /\package alu_pkg\/alu_coverage : work.alu_pkg/\alu_pkg alu_coverage \
# 
# 
#     SUMMARY
#     =============================================
#     |    Coverage Type    | Weight | Hits/Total |
#     =============================================
#     | Covergroup Coverage |      1 |   100.000% |
#     |---------------------|--------|------------|
#     | Types               |        |      1 / 1 |
#     =============================================
#     WEIGHTED AVERAGE LOCAL: 100.000%
# 
# 
#     COVERGROUP COVERAGE
#     ================================================================================
#     |                 Covergroup                  |   Hits   |  Goal /  |  Status  |
#     |                                             |          | At Least |          |
#     ================================================================================
#     | TYPE /\package alu_pkg\/alu_coverage/alu_cg | 100.000% | 100.000% | Covered  |
#     ================================================================================
#     | INSTANCE <UNNAMED1>                         | 100.000% | 100.000% | Covered  |
#     |---------------------------------------------|----------|----------|----------|
#     | COVERPOINT <UNNAMED1>::cp_rst               | 100.000% | 100.000% | Covered  |
#     |---------------------------------------------|----------|----------|----------|
#     | bin active                                  |        1 |        1 | Covered  |
#     | bin inactive                                |      163 |        1 | Covered  |
#     | bin deassertion                             |        1 |        1 | Covered  |
#     |---------------------------------------------|----------|----------|----------|
#     | COVERPOINT <UNNAMED1>::cp_a                 | 100.000% | 100.000% | Covered  |
#     |---------------------------------------------|----------|----------|----------|
#     | bin a_low                                   |       25 |        1 | Covered  |
#     | bin a_high                                  |       28 |        1 | Covered  |
#     | bin a_other                                 |      110 |        1 | Covered  |
#     |---------------------------------------------|----------|----------|----------|
#     | COVERPOINT <UNNAMED1>::cp_b                 | 100.000% | 100.000% | Covered  |
#     |---------------------------------------------|----------|----------|----------|
#     | bin b_low                                   |       35 |        1 | Covered  |
#     | bin b_high                                  |       32 |        1 | Covered  |
#     | bin b_other                                 |       96 |        1 | Covered  |
#     |---------------------------------------------|----------|----------|----------|
#     | COVERPOINT <UNNAMED1>::cp_res               | 100.000% | 100.000% | Covered  |
#     |---------------------------------------------|----------|----------|----------|
#     | bin res_values[0]                           |       30 |        1 | Covered  |
#     | bin res_values[1]                           |       11 |        1 | Covered  |
#     | bin res_values[2]                           |        6 |        1 | Covered  |
#     | bin res_values[3]                           |        6 |        1 | Covered  |
#     | bin res_values[4]                           |       11 |        1 | Covered  |
#     | bin res_values[5]                           |        7 |        1 | Covered  |
#     | bin res_values[6]                           |        9 |        1 | Covered  |
#     | bin res_values[7]                           |       14 |        1 | Covered  |
#     | bin res_values[8]                           |        8 |        1 | Covered  |
#     | bin res_values[9]                           |        6 |        1 | Covered  |
#     | bin res_values[10]                          |        7 |        1 | Covered  |
#     | bin res_values[11]                          |        4 |        1 | Covered  |
#     | bin res_values[12]                          |       11 |        1 | Covered  |
#     | bin res_values[13]                          |        4 |        1 | Covered  |
#     | bin res_values[14]                          |       13 |        1 | Covered  |
#     | bin res_values[15]                          |       17 |        1 | Covered  |
#     |---------------------------------------------|----------|----------|----------|
#     | COVERPOINT <UNNAMED1>::cp_op                | 100.000% | 100.000% | Covered  |
#     |---------------------------------------------|----------|----------|----------|
#     | bin op_values[ADD]                          |       30 |        1 | Covered  |
#     | bin op_values[SUB]                          |       16 |        1 | Covered  |
#     | bin op_values[AND]                          |       17 |        1 | Covered  |
#     | bin op_values[OR]                           |       21 |        1 | Covered  |
#     | bin op_values[XOR]                          |       17 |        1 | Covered  |
#     | bin op_values[NOT]                          |       17 |        1 | Covered  |
#     | bin op_values[SHL]                          |       23 |        1 | Covered  |
#     | bin op_values[SHR]                          |       22 |        1 | Covered  |
#     | illegal enum bin                            |        3 |    -     | Occurred |
#     | bin math_to_logic                           |       29 |        1 | Covered  |
#     |---------------------------------------------|----------|----------|----------|
#     | COVERPOINT <UNNAMED1>::cp_carry             | 100.000% | 100.000% | Covered  |
#     |---------------------------------------------|----------|----------|----------|
#     | bin carry_[0]                               |      140 |        1 | Covered  |
#     | bin carry_[1]                               |       24 |        1 | Covered  |
#     |---------------------------------------------|----------|----------|----------|
#     | COVERPOINT <UNNAMED1>::cp_zero              | 100.000% | 100.000% | Covered  |
#     |---------------------------------------------|----------|----------|----------|
#     | bin zero_[0]                                |      134 |        1 | Covered  |
#     | bin zero_[1]                                |       30 |        1 | Covered  |
#     |---------------------------------------------|----------|----------|----------|
#     | COVERPOINT <UNNAMED1>::cp_neg               | 100.000% | 100.000% | Covered  |
#     |---------------------------------------------|----------|----------|----------|
#     | bin neg_[0]                                 |       94 |        1 | Covered  |
#     | bin neg_[1]                                 |       70 |        1 | Covered  |
#     |---------------------------------------------|----------|----------|----------|
#     | COVERPOINT <UNNAMED1>::cp_ovfl              | 100.000% | 100.000% | Covered  |
#     |---------------------------------------------|----------|----------|----------|
#     | bin ovfl_[0]                                |      155 |        1 | Covered  |
#     | bin ovfl_[1]                                |        9 |        1 | Covered  |
#     |---------------------------------------------|----------|----------|----------|
#     | CROSS <UNNAMED1>::cross_math_ovfl           | 100.000% | 100.000% | Covered  |
#     |---------------------------------------------|----------|----------|----------|
#     | bin <op_values[ADD],ovfl_[0]>               |       23 |        1 | Covered  |
#     | bin <op_values[ADD],ovfl_[1]>               |        7 |        1 | Covered  |
#     | bin <op_values[SUB],ovfl_[0]>               |       14 |        1 | Covered  |
#     | bin <op_values[SUB],ovfl_[1]>               |        2 |        1 | Covered  |
#     | ignore bin logic_ops                        |      117 |    -     | Occurred |
#     |---------------------------------------------|----------|----------|----------|
#     | CROSS <UNNAMED1>::cross_sub_neg             | 100.000% | 100.000% | Covered  |
#     |---------------------------------------------|----------|----------|----------|
#     | bin <op_values[ADD],neg_[0]>                |       12 |        1 | Covered  |
#     | bin <op_values[ADD],neg_[1]>                |       18 |        1 | Covered  |
#     | bin <op_values[SUB],neg_[0]>                |        4 |        1 | Covered  |
#     | bin <op_values[AND],neg_[0]>                |       14 |        1 | Covered  |
#     | bin <op_values[AND],neg_[1]>                |        3 |        1 | Covered  |
#     | bin <op_values[OR],neg_[0]>                 |        7 |        1 | Covered  |
#     | bin <op_values[OR],neg_[1]>                 |       14 |        1 | Covered  |
#     | bin <op_values[XOR],neg_[0]>                |        9 |        1 | Covered  |
#     | bin <op_values[XOR],neg_[1]>                |        8 |        1 | Covered  |
#     | bin <op_values[NOT],neg_[0]>                |       10 |        1 | Covered  |
#     | bin <op_values[NOT],neg_[1]>                |        7 |        1 | Covered  |
#     | bin <op_values[SHL],neg_[0]>                |       15 |        1 | Covered  |
#     | bin <op_values[SHL],neg_[1]>                |        8 |        1 | Covered  |
#     | bin <op_values[SHR],neg_[0]>                |       22 |        1 | Covered  |
#     | bin <math_to_logic,neg_[0]>                 |       20 |        1 | Covered  |
#     | bin sub_negative                            |       12 |        1 | Covered  |
#     | ignore bin shr_neg                          |        9 |    -     | Occurred |
#     |---------------------------------------------|----------|----------|----------|
#     | CROSS <UNNAMED1>::cross_add_carry           | 100.000% | 100.000% | Covered  |
#     |---------------------------------------------|----------|----------|----------|
#     | bin <op_values[ADD],carry_[0]>              |       13 |        1 | Covered  |
#     | bin <op_values[SUB],carry_[0]>              |        9 |        1 | Covered  |
#     | bin <op_values[SUB],carry_[1]>              |        7 |        1 | Covered  |
#     | bin <op_values[AND],carry_[0]>              |       17 |        1 | Covered  |
#     | bin <op_values[OR],carry_[0]>               |       21 |        1 | Covered  |
#     | bin <op_values[XOR],carry_[0]>              |       17 |        1 | Covered  |
#     | bin <op_values[NOT],carry_[0]>              |       17 |        1 | Covered  |
#     | bin <op_values[SHL],carry_[0]>              |       23 |        1 | Covered  |
#     | bin <op_values[SHR],carry_[0]>              |       22 |        1 | Covered  |
#     | bin <math_to_logic,carry_[0]>               |       29 |        1 | Covered  |
#     | bin add_carry                               |       17 |        1 | Covered  |
#     ================================================================================
# 
# 
# +++++++++++++++++++++++++++++++++++++++++++++
# ++++++++++       DESIGN UNITS      ++++++++++
# +++++++++++++++++++++++++++++++++++++++++++++
# 
# 
# CUMULATIVE SUMMARY
# =============================================
# |    Coverage Type    | Weight | Hits/Total |
# =============================================
# | Covergroup Coverage |      1 |   100.000% |
# |---------------------|--------|------------|
# | Types               |        |      1 / 1 |
# =============================================
# CUMULATIVE DESIGN-BASED COVERAGE: 100.000%
# COVERED DESIGN UNITS: 1 / 1
# FILES: 1
# 
# 
# CLASS - work.alu_pkg/\alu_pkg alu_coverage \
# 
# 
#     SUMMARY
#     =============================================
#     |    Coverage Type    | Weight | Hits/Total |
#     =============================================
#     | Covergroup Coverage |      1 |   100.000% |
#     |---------------------|--------|------------|
#     | Types               |        |      1 / 1 |
#     =============================================
#     WEIGHTED AVERAGE: 100.000%
# 
# 
#     COVERGROUP COVERAGE
#     ================================================================================
#     |                 Covergroup                  |   Hits   |  Goal /  |  Status  |
#     |                                             |          | At Least |          |
#     ================================================================================
#     | TYPE /\package alu_pkg\/alu_coverage/alu_cg | 100.000% | 100.000% | Covered  |
#     ================================================================================
#     | INSTANCE <UNNAMED1>                         | 100.000% | 100.000% | Covered  |
#     |---------------------------------------------|----------|----------|----------|
#     | COVERPOINT <UNNAMED1>::cp_rst               | 100.000% | 100.000% | Covered  |
#     |---------------------------------------------|----------|----------|----------|
#     | bin active                                  |        1 |        1 | Covered  |
#     | bin inactive                                |      163 |        1 | Covered  |
#     | bin deassertion                             |        1 |        1 | Covered  |
#     |---------------------------------------------|----------|----------|----------|
#     | COVERPOINT <UNNAMED1>::cp_a                 | 100.000% | 100.000% | Covered  |
#     |---------------------------------------------|----------|----------|----------|
#     | bin a_low                                   |       25 |        1 | Covered  |
#     | bin a_high                                  |       28 |        1 | Covered  |
#     | bin a_other                                 |      110 |        1 | Covered  |
#     |---------------------------------------------|----------|----------|----------|
#     | COVERPOINT <UNNAMED1>::cp_b                 | 100.000% | 100.000% | Covered  |
#     |---------------------------------------------|----------|----------|----------|
#     | bin b_low                                   |       35 |        1 | Covered  |
#     | bin b_high                                  |       32 |        1 | Covered  |
#     | bin b_other                                 |       96 |        1 | Covered  |
#     |---------------------------------------------|----------|----------|----------|
#     | COVERPOINT <UNNAMED1>::cp_res               | 100.000% | 100.000% | Covered  |
#     |---------------------------------------------|----------|----------|----------|
#     | bin res_values[0]                           |       30 |        1 | Covered  |
#     | bin res_values[1]                           |       11 |        1 | Covered  |
#     | bin res_values[2]                           |        6 |        1 | Covered  |
#     | bin res_values[3]                           |        6 |        1 | Covered  |
#     | bin res_values[4]                           |       11 |        1 | Covered  |
#     | bin res_values[5]                           |        7 |        1 | Covered  |
#     | bin res_values[6]                           |        9 |        1 | Covered  |
#     | bin res_values[7]                           |       14 |        1 | Covered  |
#     | bin res_values[8]                           |        8 |        1 | Covered  |
#     | bin res_values[9]                           |        6 |        1 | Covered  |
#     | bin res_values[10]                          |        7 |        1 | Covered  |
#     | bin res_values[11]                          |        4 |        1 | Covered  |
#     | bin res_values[12]                          |       11 |        1 | Covered  |
#     | bin res_values[13]                          |        4 |        1 | Covered  |
#     | bin res_values[14]                          |       13 |        1 | Covered  |
#     | bin res_values[15]                          |       17 |        1 | Covered  |
#     |---------------------------------------------|----------|----------|----------|
#     | COVERPOINT <UNNAMED1>::cp_op                | 100.000% | 100.000% | Covered  |
#     |---------------------------------------------|----------|----------|----------|
#     | bin op_values[ADD]                          |       30 |        1 | Covered  |
#     | bin op_values[SUB]                          |       16 |        1 | Covered  |
#     | bin op_values[AND]                          |       17 |        1 | Covered  |
#     | bin op_values[OR]                           |       21 |        1 | Covered  |
#     | bin op_values[XOR]                          |       17 |        1 | Covered  |
#     | bin op_values[NOT]                          |       17 |        1 | Covered  |
#     | bin op_values[SHL]                          |       23 |        1 | Covered  |
#     | bin op_values[SHR]                          |       22 |        1 | Covered  |
#     | illegal enum bin                            |        3 |    -     | Occurred |
#     | bin math_to_logic                           |       29 |        1 | Covered  |
#     |---------------------------------------------|----------|----------|----------|
#     | COVERPOINT <UNNAMED1>::cp_carry             | 100.000% | 100.000% | Covered  |
#     |---------------------------------------------|----------|----------|----------|
#     | bin carry_[0]                               |      140 |        1 | Covered  |
#     | bin carry_[1]                               |       24 |        1 | Covered  |
#     |---------------------------------------------|----------|----------|----------|
#     | COVERPOINT <UNNAMED1>::cp_zero              | 100.000% | 100.000% | Covered  |
#     |---------------------------------------------|----------|----------|----------|
#     | bin zero_[0]                                |      134 |        1 | Covered  |
#     | bin zero_[1]                                |       30 |        1 | Covered  |
#     |---------------------------------------------|----------|----------|----------|
#     | COVERPOINT <UNNAMED1>::cp_neg               | 100.000% | 100.000% | Covered  |
#     |---------------------------------------------|----------|----------|----------|
#     | bin neg_[0]                                 |       94 |        1 | Covered  |
#     | bin neg_[1]                                 |       70 |        1 | Covered  |
#     |---------------------------------------------|----------|----------|----------|
#     | COVERPOINT <UNNAMED1>::cp_ovfl              | 100.000% | 100.000% | Covered  |
#     |---------------------------------------------|----------|----------|----------|
#     | bin ovfl_[0]                                |      155 |        1 | Covered  |
#     | bin ovfl_[1]                                |        9 |        1 | Covered  |
#     |---------------------------------------------|----------|----------|----------|
#     | CROSS <UNNAMED1>::cross_math_ovfl           | 100.000% | 100.000% | Covered  |
#     |---------------------------------------------|----------|----------|----------|
#     | bin <op_values[ADD],ovfl_[0]>               |       23 |        1 | Covered  |
#     | bin <op_values[ADD],ovfl_[1]>               |        7 |        1 | Covered  |
#     | bin <op_values[SUB],ovfl_[0]>               |       14 |        1 | Covered  |
#     | bin <op_values[SUB],ovfl_[1]>               |        2 |        1 | Covered  |
#     | ignore bin logic_ops                        |      117 |    -     | Occurred |
#     |---------------------------------------------|----------|----------|----------|
#     | CROSS <UNNAMED1>::cross_sub_neg             | 100.000% | 100.000% | Covered  |
#     |---------------------------------------------|----------|----------|----------|
#     | bin <op_values[ADD],neg_[0]>                |       12 |        1 | Covered  |
#     | bin <op_values[ADD],neg_[1]>                |       18 |        1 | Covered  |
#     | bin <op_values[SUB],neg_[0]>                |        4 |        1 | Covered  |
#     | bin <op_values[AND],neg_[0]>                |       14 |        1 | Covered  |
#     | bin <op_values[AND],neg_[1]>                |        3 |        1 | Covered  |
#     | bin <op_values[OR],neg_[0]>                 |        7 |        1 | Covered  |
#     | bin <op_values[OR],neg_[1]>                 |       14 |        1 | Covered  |
#     | bin <op_values[XOR],neg_[0]>                |        9 |        1 | Covered  |
#     | bin <op_values[XOR],neg_[1]>                |        8 |        1 | Covered  |
#     | bin <op_values[NOT],neg_[0]>                |       10 |        1 | Covered  |
#     | bin <op_values[NOT],neg_[1]>                |        7 |        1 | Covered  |
#     | bin <op_values[SHL],neg_[0]>                |       15 |        1 | Covered  |
#     | bin <op_values[SHL],neg_[1]>                |        8 |        1 | Covered  |
#     | bin <op_values[SHR],neg_[0]>                |       22 |        1 | Covered  |
#     | bin <math_to_logic,neg_[0]>                 |       20 |        1 | Covered  |
#     | bin sub_negative                            |       12 |        1 | Covered  |
#     | ignore bin shr_neg                          |        9 |    -     | Occurred |
#     |---------------------------------------------|----------|----------|----------|
#     | CROSS <UNNAMED1>::cross_add_carry           | 100.000% | 100.000% | Covered  |
#     |---------------------------------------------|----------|----------|----------|
#     | bin <op_values[ADD],carry_[0]>              |       13 |        1 | Covered  |
#     | bin <op_values[SUB],carry_[0]>              |        9 |        1 | Covered  |
#     | bin <op_values[SUB],carry_[1]>              |        7 |        1 | Covered  |
#     | bin <op_values[AND],carry_[0]>              |       17 |        1 | Covered  |
#     | bin <op_values[OR],carry_[0]>               |       21 |        1 | Covered  |
#     | bin <op_values[XOR],carry_[0]>              |       17 |        1 | Covered  |
#     | bin <op_values[NOT],carry_[0]>              |       17 |        1 | Covered  |
#     | bin <op_values[SHL],carry_[0]>              |       23 |        1 | Covered  |
#     | bin <op_values[SHR],carry_[0]>              |       22 |        1 | Covered  |
#     | bin <math_to_logic,carry_[0]>               |       29 |        1 | Covered  |
#     | bin add_carry                               |       17 |        1 | Covered  |
#     ================================================================================
# 
exec cat simulation.log;
# vsim +access+r;
# # ELBREAD: Elaboration process.
# # ELBREAD: Warning: ELBREAD_0049 The "uvm_pkg" design unit does not have a time unit/precision defined but other design units do.
# # ELBREAD: Elaboration time 0.9 [s].
# # KERNEL: Main thread initiated.
# # KERNEL: Kernel process initialization phase.
# # ELAB2: Elaboration final pass...
# # KERNEL: PLI/VHPI kernel's engine initialization done.
# # PLI: Loading library '/usr/share/Riviera-PRO/bin/libsystf.so'
# # ELAB2: Create instances ...
# # KERNEL: Info: Loading library:  /usr/share/Riviera-PRO/bin/uvm_1_2_dpi
# # KERNEL: Time resolution set to 1ns.
# # ELAB2: Create instances complete.
# # SLP: Started
# # SLP: Elaboration phase ...
# # SLP: Elaboration phase ... done : 0.0 [s]
# # SLP: Generation phase ...
# # SLP: Generation phase ... done : 0.1 [s]
# # SLP: Finished : 0.1 [s]
# # SLP: 0 primitives and 5 (20.00%) other processes in SLP
# # SLP: 28 (0.09%) signals in SLP and 114 (0.37%) interface signals
# # ELAB2: Elaboration final pass complete - time: 2.8 [s].
# # KERNEL: SLP loading done - time: 0.0 [s].
# # KERNEL: Warning: You are using the Riviera-PRO EDU Edition. The performance of simulation is reduced.
# # KERNEL: Warning: Contact Aldec for available upgrade options - sales@aldec.com.
# # KERNEL: SLP simulation initialization done - time: 0.0 [s].
# # KERNEL: Kernel process initialization done.
# # Allocation: Simulator allocated 30956 kB (elbread=2134 elab2=23934 kernel=4886 sdf=0)
# # KERNEL: UVM_INFO ./uvm-1.2/src/base/uvm_root.svh(392) @ 0: reporter [UVM/RELNOTES] 
# # KERNEL: ----------------------------------------------------------------
# # KERNEL: UVM-1.2
# # KERNEL: (C) 2007-2014 Mentor Graphics Corporation
# # KERNEL: (C) 2007-2014 Cadence Design Systems, Inc.
# # KERNEL: (C) 2006-2014 Synopsys, Inc.
# # KERNEL: (C) 2011-2013 Cypress Semiconductor Corp.
# # KERNEL: (C) 2013-2014 NVIDIA Corporation
# # KERNEL: ----------------------------------------------------------------
# # KERNEL: 
# # KERNEL:   ***********       IMPORTANT RELEASE NOTES         ************
# # KERNEL: 
# # KERNEL:   You are using a version of the UVM library that has been compiled
# # KERNEL:   with `UVM_NO_DEPRECATED undefined.
# # KERNEL:   See http://www.eda.org/svdb/view.php?id=3313 for more details.
# # KERNEL: 
# # KERNEL:   You are using a version of the UVM library that has been compiled
# # KERNEL:   with `UVM_OBJECT_DO_NOT_NEED_CONSTRUCTOR undefined.
# # KERNEL:   See http://www.eda.org/svdb/view.php?id=3770 for more details.
# # KERNEL: 
# # KERNEL:       (Specify +UVM_NO_RELNOTES to turn off this notice)
# # KERNEL: 
# # KERNEL: ASDB file was created in location /home/runner/dataset.asdb
# run -all;
# # KERNEL: UVM_INFO @ 0: reporter [RNTST] Running test alu_test...
# # KERNEL: UVM_INFO /home/runner/test.sv(21) @ 0: uvm_test_top [alu_test] Starting test...
# # KERNEL: UVM_INFO /home/runner/master_seq.sv(20) @ 0: uvm_test_top.env.agent.sqr@@seq [MASTER_SEQ] Starting Sequence 1...
# # KERNEL: UVM_INFO /home/runner/sequence1.sv(12) @ 0: uvm_test_top.env.agent.sqr@@s1 [alu_base_sequence] Starting sequence body
# # ACDB: Error: ACDB_0013 alu_coverage.sv (30): Illegal enum bin was hit with value 'xxx' at iteration #0 of covergroup sampling. It will have no impact on the coverage statistics. HDL instance: "/\package alu_pkg\/alu_coverage". Covergroup type: "alu_cg", covergroup instance: "<UNNAMED1>", coverpoint: "cp_op".
# # KERNEL: UVM_INFO /home/runner/scoreboard.sv(28) @ 5: uvm_test_top.env.scb [alu_scoreboard] Scoreboard received item
# # KERNEL: Error: assertion.sv (27): ZERO flag not asserted when result is =0
# # ACDB: Error: ACDB_0013 alu_coverage.sv (30): Illegal enum bin was hit with value 'xxx' at iteration #1 of covergroup sampling. It will have no impact on the coverage statistics. HDL instance: "/\package alu_pkg\/alu_coverage". Covergroup type: "alu_cg", covergroup instance: "<UNNAMED1>", coverpoint: "cp_op".
# # KERNEL: UVM_INFO /home/runner/scoreboard.sv(28) @ 15: uvm_test_top.env.scb [alu_scoreboard] Scoreboard received item
# # KERNEL: Error: assertion.sv (27): ZERO flag not asserted when result is =0
# # KERNEL: UVM_INFO /home/runner/monitor.sv(42) @ 35: uvm_test_top.env.agent.mon [MON] A=0 B=0 OP=ADD res= 0 C=0 Z=1 N=0 O=0
# # KERNEL: UVM_INFO /home/runner/scoreboard.sv(28) @ 35: uvm_test_top.env.scb [alu_scoreboard] Scoreboard received item
# # KERNEL: UVM_INFO /home/runner/driver.sv(51) @ 35: uvm_test_top.env.agent.drv [DRV] A=9 B=11 OP=SUB
# # KERNEL: UVM_INFO /home/runner/monitor.sv(42) @ 55: uvm_test_top.env.agent.mon [MON] A=9 B=11 OP=SUB res=14 C=1 Z=0 N=1 O=0
# # KERNEL: UVM_INFO /home/runner/scoreboard.sv(28) @ 55: uvm_test_top.env.scb [alu_scoreboard] Scoreboard received item
# # KERNEL: UVM_INFO /home/runner/scoreboard.sv(77) @ 55: uvm_test_top.env.scb [SCB_PASS] Match! OP=SUB A=9 B=11 | RES=14 Flags=1010
# # KERNEL: UVM_INFO /home/runner/driver.sv(51) @ 55: uvm_test_top.env.agent.drv [DRV] A=11 B=1 OP=AND
# # KERNEL: Error: assertion.sv (42): Logical operation using flags which is wrong
# # KERNEL: UVM_INFO /home/runner/monitor.sv(42) @ 75: uvm_test_top.env.agent.mon [MON] A=11 B=1 OP=AND res= 1 C=0 Z=0 N=0 O=0
# # KERNEL: UVM_INFO /home/runner/scoreboard.sv(28) @ 75: uvm_test_top.env.scb [alu_scoreboard] Scoreboard received item
# # KERNEL: UVM_INFO /home/runner/scoreboard.sv(77) @ 75: uvm_test_top.env.scb [SCB_PASS] Match! OP=AND A=11 B=1 | RES=1 Flags=0000
# # KERNEL: UVM_INFO /home/runner/driver.sv(51) @ 75: uvm_test_top.env.agent.drv [DRV] A=0 B=0 OP=SHL
# # KERNEL: UVM_INFO /home/runner/monitor.sv(42) @ 95: uvm_test_top.env.agent.mon [MON] A=0 B=0 OP=SHL res= 0 C=0 Z=1 N=0 O=0
# # KERNEL: UVM_INFO /home/runner/scoreboard.sv(28) @ 95: uvm_test_top.env.scb [alu_scoreboard] Scoreboard received item
# # KERNEL: UVM_INFO /home/runner/scoreboard.sv(77) @ 95: uvm_test_top.env.scb [SCB_PASS] Match! OP=SHL A=0 B=0 | RES=0 Flags=0100
# # KERNEL: UVM_INFO /home/runner/driver.sv(51) @ 95: uvm_test_top.env.agent.drv [DRV] A=8 B=1 OP=XOR
# # KERNEL: UVM_INFO /home/runner/monitor.sv(42) @ 115: uvm_test_top.env.agent.mon [MON] A=8 B=1 OP=XOR res= 9 C=0 Z=0 N=1 O=0
# # KERNEL: UVM_INFO /home/runner/scoreboard.sv(28) @ 115: uvm_test_top.env.scb [alu_scoreboard] Scoreboard received item
# # KERNEL: UVM_INFO /home/runner/scoreboard.sv(77) @ 115: uvm_test_top.env.scb [SCB_PASS] Match! OP=XOR A=8 B=1 | RES=9 Flags=0010
# # KERNEL: UVM_INFO /home/runner/driver.sv(51) @ 115: uvm_test_top.env.agent.drv [DRV] A=8 B=9 OP=SHL
# # KERNEL: UVM_INFO /home/runner/monitor.sv(42) @ 135: uvm_test_top.env.agent.mon [MON] A=8 B=9 OP=SHL res= 0 C=0 Z=1 N=0 O=0
# # KERNEL: UVM_INFO /home/runner/scoreboard.sv(28) @ 135: uvm_test_top.env.scb [alu_scoreboard] Scoreboard received item
# # KERNEL: UVM_INFO /home/runner/scoreboard.sv(77) @ 135: uvm_test_top.env.scb [SCB_PASS] Match! OP=SHL A=8 B=9 | RES=0 Flags=0100
# # KERNEL: UVM_INFO /home/runner/driver.sv(51) @ 135: uvm_test_top.env.agent.drv [DRV] A=14 B=2 OP=OR
# # KERNEL: UVM_INFO /home/runner/monitor.sv(42) @ 155: uvm_test_top.env.agent.mon [MON] A=14 B=2 OP=OR res=14 C=0 Z=0 N=1 O=0
# # KERNEL: UVM_INFO /home/runner/scoreboard.sv(28) @ 155: uvm_test_top.env.scb [alu_scoreboard] Scoreboard received item
# # KERNEL: UVM_INFO /home/runner/scoreboard.sv(77) @ 155: uvm_test_top.env.scb [SCB_PASS] Match! OP=OR A=14 B=2 | RES=14 Flags=0010
# # KERNEL: UVM_INFO /home/runner/driver.sv(51) @ 155: uvm_test_top.env.agent.drv [DRV] A=7 B=4 OP=XOR
# # KERNEL: UVM_INFO /home/runner/monitor.sv(42) @ 175: uvm_test_top.env.agent.mon [MON] A=7 B=4 OP=XOR res= 3 C=0 Z=0 N=0 O=0
# # KERNEL: UVM_INFO /home/runner/scoreboard.sv(28) @ 175: uvm_test_top.env.scb [alu_scoreboard] Scoreboard received item
# # KERNEL: UVM_INFO /home/runner/scoreboard.sv(77) @ 175: uvm_test_top.env.scb [SCB_PASS] Match! OP=XOR A=7 B=4 | RES=3 Flags=0000
# # KERNEL: UVM_INFO /home/runner/driver.sv(51) @ 175: uvm_test_top.env.agent.drv [DRV] A=3 B=15 OP=OR
# # KERNEL: UVM_INFO /home/runner/monitor.sv(42) @ 195: uvm_test_top.env.agent.mon [MON] A=3 B=15 OP=OR res=15 C=0 Z=0 N=1 O=0
# # KERNEL: UVM_INFO /home/runner/scoreboard.sv(28) @ 195: uvm_test_top.env.scb [alu_scoreboard] Scoreboard received item
# # KERNEL: UVM_INFO /home/runner/scoreboard.sv(77) @ 195: uvm_test_top.env.scb [SCB_PASS] Match! OP=OR A=3 B=15 | RES=15 Flags=0010
# # KERNEL: UVM_INFO /home/runner/driver.sv(51) @ 195: uvm_test_top.env.agent.drv [DRV] A=2 B=0 OP=SHL
# # KERNEL: UVM_INFO /home/runner/monitor.sv(42) @ 215: uvm_test_top.env.agent.mon [MON] A=2 B=0 OP=SHL res= 4 C=0 Z=0 N=0 O=0
# # KERNEL: UVM_INFO /home/runner/scoreboard.sv(28) @ 215: uvm_test_top.env.scb [alu_scoreboard] Scoreboard received item
# # KERNEL: UVM_INFO /home/runner/scoreboard.sv(77) @ 215: uvm_test_top.env.scb [SCB_PASS] Match! OP=SHL A=2 B=0 | RES=4 Flags=0000
# # KERNEL: UVM_INFO /home/runner/driver.sv(51) @ 215: uvm_test_top.env.agent.drv [DRV] A=11 B=15 OP=SHL
# # KERNEL: UVM_INFO /home/runner/monitor.sv(42) @ 235: uvm_test_top.env.agent.mon [MON] A=11 B=15 OP=SHL res= 6 C=0 Z=0 N=0 O=0
# # KERNEL: UVM_INFO /home/runner/scoreboard.sv(28) @ 235: uvm_test_top.env.scb [alu_scoreboard] Scoreboard received item
# # KERNEL: UVM_INFO /home/runner/scoreboard.sv(77) @ 235: uvm_test_top.env.scb [SCB_PASS] Match! OP=SHL A=11 B=15 | RES=6 Flags=0000
# # KERNEL: UVM_INFO /home/runner/driver.sv(51) @ 235: uvm_test_top.env.agent.drv [DRV] A=14 B=12 OP=NOT
# # KERNEL: UVM_INFO /home/runner/monitor.sv(42) @ 255: uvm_test_top.env.agent.mon [MON] A=14 B=12 OP=NOT res= 1 C=0 Z=0 N=0 O=0
# # KERNEL: UVM_INFO /home/runner/scoreboard.sv(28) @ 255: uvm_test_top.env.scb [alu_scoreboard] Scoreboard received item
# # KERNEL: UVM_INFO /home/runner/scoreboard.sv(77) @ 255: uvm_test_top.env.scb [SCB_PASS] Match! OP=NOT A=14 B=12 | RES=1 Flags=0000
# # KERNEL: UVM_INFO /home/runner/driver.sv(51) @ 255: uvm_test_top.env.agent.drv [DRV] A=15 B=12 OP=AND
# # KERNEL: UVM_INFO /home/runner/monitor.sv(42) @ 275: uvm_test_top.env.agent.mon [MON] A=15 B=12 OP=AND res=12 C=0 Z=0 N=1 O=0
# # KERNEL: UVM_INFO /home/runner/scoreboard.sv(28) @ 275: uvm_test_top.env.scb [alu_scoreboard] Scoreboard received item
# # KERNEL: UVM_INFO /home/runner/scoreboard.sv(77) @ 275: uvm_test_top.env.scb [SCB_PASS] Match! OP=AND A=15 B=12 | RES=12 Flags=0010
# # KERNEL: UVM_INFO /home/runner/driver.sv(51) @ 275: uvm_test_top.env.agent.drv [DRV] A=5 B=15 OP=OR
# # KERNEL: UVM_INFO /home/runner/monitor.sv(42) @ 295: uvm_test_top.env.agent.mon [MON] A=5 B=15 OP=OR res=15 C=0 Z=0 N=1 O=0
# # KERNEL: UVM_INFO /home/runner/scoreboard.sv(28) @ 295: uvm_test_top.env.scb [alu_scoreboard] Scoreboard received item
# # KERNEL: UVM_INFO /home/runner/scoreboard.sv(77) @ 295: uvm_test_top.env.scb [SCB_PASS] Match! OP=OR A=5 B=15 | RES=15 Flags=0010
# # KERNEL: UVM_INFO /home/runner/driver.sv(51) @ 295: uvm_test_top.env.agent.drv [DRV] A=5 B=15 OP=SHL
# # KERNEL: UVM_INFO /home/runner/monitor.sv(42) @ 315: uvm_test_top.env.agent.mon [MON] A=5 B=15 OP=SHL res=10 C=0 Z=0 N=1 O=0
# # KERNEL: UVM_INFO /home/runner/scoreboard.sv(28) @ 315: uvm_test_top.env.scb [alu_scoreboard] Scoreboard received item
# # KERNEL: UVM_INFO /home/runner/scoreboard.sv(77) @ 315: uvm_test_top.env.scb [SCB_PASS] Match! OP=SHL A=5 B=15 | RES=10 Flags=0010
# # KERNEL: UVM_INFO /home/runner/driver.sv(51) @ 315: uvm_test_top.env.agent.drv [DRV] A=15 B=1 OP=NOT
# # KERNEL: UVM_INFO /home/runner/monitor.sv(42) @ 335: uvm_test_top.env.agent.mon [MON] A=15 B=1 OP=NOT res= 0 C=0 Z=1 N=0 O=0
# # KERNEL: UVM_INFO /home/runner/scoreboard.sv(28) @ 335: uvm_test_top.env.scb [alu_scoreboard] Scoreboard received item
# # KERNEL: UVM_INFO /home/runner/scoreboard.sv(77) @ 335: uvm_test_top.env.scb [SCB_PASS] Match! OP=NOT A=15 B=1 | RES=0 Flags=0100
# # KERNEL: UVM_INFO /home/runner/driver.sv(51) @ 335: uvm_test_top.env.agent.drv [DRV] A=15 B=0 OP=SUB
# # KERNEL: UVM_INFO /home/runner/monitor.sv(42) @ 355: uvm_test_top.env.agent.mon [MON] A=15 B=0 OP=SUB res=15 C=0 Z=0 N=1 O=0
# # KERNEL: UVM_INFO /home/runner/scoreboard.sv(28) @ 355: uvm_test_top.env.scb [alu_scoreboard] Scoreboard received item
# # KERNEL: UVM_INFO /home/runner/scoreboard.sv(77) @ 355: uvm_test_top.env.scb [SCB_PASS] Match! OP=SUB A=15 B=0 | RES=15 Flags=0010
# # KERNEL: UVM_INFO /home/runner/driver.sv(51) @ 355: uvm_test_top.env.agent.drv [DRV] A=10 B=15 OP=ADD
# # KERNEL: UVM_INFO /home/runner/monitor.sv(42) @ 375: uvm_test_top.env.agent.mon [MON] A=10 B=15 OP=ADD res= 9 C=1 Z=0 N=1 O=0
# # KERNEL: UVM_INFO /home/runner/scoreboard.sv(28) @ 375: uvm_test_top.env.scb [alu_scoreboard] Scoreboard received item
# # KERNEL: UVM_INFO /home/runner/scoreboard.sv(77) @ 375: uvm_test_top.env.scb [SCB_PASS] Match! OP=ADD A=10 B=15 | RES=9 Flags=1010
# # KERNEL: UVM_INFO /home/runner/driver.sv(51) @ 375: uvm_test_top.env.agent.drv [DRV] A=0 B=1 OP=NOT
# # KERNEL: Error: assertion.sv (42): Logical operation using flags which is wrong
# # KERNEL: UVM_INFO /home/runner/monitor.sv(42) @ 395: uvm_test_top.env.agent.mon [MON] A=0 B=1 OP=NOT res=15 C=0 Z=0 N=1 O=0
# # KERNEL: UVM_INFO /home/runner/scoreboard.sv(28) @ 395: uvm_test_top.env.scb [alu_scoreboard] Scoreboard received item
# # KERNEL: UVM_INFO /home/runner/scoreboard.sv(77) @ 395: uvm_test_top.env.scb [SCB_PASS] Match! OP=NOT A=0 B=1 | RES=15 Flags=0010
# # KERNEL: UVM_INFO /home/runner/driver.sv(51) @ 395: uvm_test_top.env.agent.drv [DRV] A=3 B=7 OP=SHR
# # KERNEL: UVM_INFO /home/runner/monitor.sv(42) @ 415: uvm_test_top.env.agent.mon [MON] A=3 B=7 OP=SHR res= 1 C=0 Z=0 N=0 O=0
# # KERNEL: UVM_INFO /home/runner/scoreboard.sv(28) @ 415: uvm_test_top.env.scb [alu_scoreboard] Scoreboard received item
# # KERNEL: UVM_INFO /home/runner/scoreboard.sv(77) @ 415: uvm_test_top.env.scb [SCB_PASS] Match! OP=SHR A=3 B=7 | RES=1 Flags=0000
# # KERNEL: UVM_INFO /home/runner/driver.sv(51) @ 415: uvm_test_top.env.agent.drv [DRV] A=15 B=12 OP=ADD
# # KERNEL: UVM_INFO /home/runner/monitor.sv(42) @ 435: uvm_test_top.env.agent.mon [MON] A=15 B=12 OP=ADD res=11 C=1 Z=0 N=1 O=0
# # KERNEL: UVM_INFO /home/runner/scoreboard.sv(28) @ 435: uvm_test_top.env.scb [alu_scoreboard] Scoreboard received item
# # KERNEL: UVM_INFO /home/runner/scoreboard.sv(77) @ 435: uvm_test_top.env.scb [SCB_PASS] Match! OP=ADD A=15 B=12 | RES=11 Flags=1010
# # KERNEL: UVM_INFO /home/runner/driver.sv(51) @ 435: uvm_test_top.env.agent.drv [DRV] A=12 B=0 OP=NOT
# # KERNEL: Error: assertion.sv (42): Logical operation using flags which is wrong
# # KERNEL: UVM_INFO /home/runner/monitor.sv(42) @ 455: uvm_test_top.env.agent.mon [MON] A=12 B=0 OP=NOT res= 3 C=0 Z=0 N=0 O=0
# # KERNEL: UVM_INFO /home/runner/scoreboard.sv(28) @ 455: uvm_test_top.env.scb [alu_scoreboard] Scoreboard received item
# # KERNEL: UVM_INFO /home/runner/scoreboard.sv(77) @ 455: uvm_test_top.env.scb [SCB_PASS] Match! OP=NOT A=12 B=0 | RES=3 Flags=0000
# # KERNEL: UVM_INFO /home/runner/driver.sv(51) @ 455: uvm_test_top.env.agent.drv [DRV] A=14 B=2 OP=SHR
# # KERNEL: UVM_INFO /home/runner/monitor.sv(42) @ 475: uvm_test_top.env.agent.mon [MON] A=14 B=2 OP=SHR res= 7 C=0 Z=0 N=0 O=0
# # KERNEL: UVM_INFO /home/runner/scoreboard.sv(28) @ 475: uvm_test_top.env.scb [alu_scoreboard] Scoreboard received item
# # KERNEL: UVM_INFO /home/runner/scoreboard.sv(77) @ 475: uvm_test_top.env.scb [SCB_PASS] Match! OP=SHR A=14 B=2 | RES=7 Flags=0000
# # KERNEL: UVM_INFO /home/runner/driver.sv(51) @ 475: uvm_test_top.env.agent.drv [DRV] A=0 B=9 OP=SHR
# # KERNEL: UVM_INFO /home/runner/monitor.sv(42) @ 495: uvm_test_top.env.agent.mon [MON] A=0 B=9 OP=SHR res= 0 C=0 Z=1 N=0 O=0
# # KERNEL: UVM_INFO /home/runner/scoreboard.sv(28) @ 495: uvm_test_top.env.scb [alu_scoreboard] Scoreboard received item
# # KERNEL: UVM_INFO /home/runner/scoreboard.sv(77) @ 495: uvm_test_top.env.scb [SCB_PASS] Match! OP=SHR A=0 B=9 | RES=0 Flags=0100
# # KERNEL: UVM_INFO /home/runner/driver.sv(51) @ 495: uvm_test_top.env.agent.drv [DRV] A=2 B=10 OP=SHR
# # KERNEL: UVM_INFO /home/runner/monitor.sv(42) @ 515: uvm_test_top.env.agent.mon [MON] A=2 B=10 OP=SHR res= 1 C=0 Z=0 N=0 O=0
# # KERNEL: UVM_INFO /home/runner/scoreboard.sv(28) @ 515: uvm_test_top.env.scb [alu_scoreboard] Scoreboard received item
# # KERNEL: UVM_INFO /home/runner/scoreboard.sv(77) @ 515: uvm_test_top.env.scb [SCB_PASS] Match! OP=SHR A=2 B=10 | RES=1 Flags=0000
# # KERNEL: UVM_INFO /home/runner/driver.sv(51) @ 515: uvm_test_top.env.agent.drv [DRV] A=2 B=0 OP=AND
# # KERNEL: UVM_INFO /home/runner/monitor.sv(42) @ 535: uvm_test_top.env.agent.mon [MON] A=2 B=0 OP=AND res= 0 C=0 Z=1 N=0 O=0
# # KERNEL: UVM_INFO /home/runner/scoreboard.sv(28) @ 535: uvm_test_top.env.scb [alu_scoreboard] Scoreboard received item
# # KERNEL: UVM_INFO /home/runner/scoreboard.sv(77) @ 535: uvm_test_top.env.scb [SCB_PASS] Match! OP=AND A=2 B=0 | RES=0 Flags=0100
# # KERNEL: UVM_INFO /home/runner/driver.sv(51) @ 535: uvm_test_top.env.agent.drv [DRV] A=12 B=0 OP=OR
# # KERNEL: UVM_INFO /home/runner/monitor.sv(42) @ 555: uvm_test_top.env.agent.mon [MON] A=12 B=0 OP=OR res=12 C=0 Z=0 N=1 O=0
# # KERNEL: UVM_INFO /home/runner/scoreboard.sv(28) @ 555: uvm_test_top.env.scb [alu_scoreboard] Scoreboard received item
# # KERNEL: UVM_INFO /home/runner/scoreboard.sv(77) @ 555: uvm_test_top.env.scb [SCB_PASS] Match! OP=OR A=12 B=0 | RES=12 Flags=0010
# # KERNEL: UVM_INFO /home/runner/driver.sv(51) @ 555: uvm_test_top.env.agent.drv [DRV] A=15 B=13 OP=ADD
# # KERNEL: UVM_INFO /home/runner/monitor.sv(42) @ 575: uvm_test_top.env.agent.mon [MON] A=15 B=13 OP=ADD res=12 C=1 Z=0 N=1 O=0
# # KERNEL: UVM_INFO /home/runner/scoreboard.sv(28) @ 575: uvm_test_top.env.scb [alu_scoreboard] Scoreboard received item
# # KERNEL: UVM_INFO /home/runner/scoreboard.sv(77) @ 575: uvm_test_top.env.scb [SCB_PASS] Match! OP=ADD A=15 B=13 | RES=12 Flags=1010
# # KERNEL: UVM_INFO /home/runner/driver.sv(51) @ 575: uvm_test_top.env.agent.drv [DRV] A=14 B=0 OP=SUB
# # KERNEL: UVM_INFO /home/runner/monitor.sv(42) @ 595: uvm_test_top.env.agent.mon [MON] A=14 B=0 OP=SUB res=14 C=0 Z=0 N=1 O=0
# # KERNEL: UVM_INFO /home/runner/scoreboard.sv(28) @ 595: uvm_test_top.env.scb [alu_scoreboard] Scoreboard received item
# # KERNEL: UVM_INFO /home/runner/scoreboard.sv(77) @ 595: uvm_test_top.env.scb [SCB_PASS] Match! OP=SUB A=14 B=0 | RES=14 Flags=0010
# # KERNEL: UVM_INFO /home/runner/driver.sv(51) @ 595: uvm_test_top.env.agent.drv [DRV] A=15 B=2 OP=SHR
# # KERNEL: UVM_INFO /home/runner/monitor.sv(42) @ 615: uvm_test_top.env.agent.mon [MON] A=15 B=2 OP=SHR res= 7 C=0 Z=0 N=0 O=0
# # KERNEL: UVM_INFO /home/runner/scoreboard.sv(28) @ 615: uvm_test_top.env.scb [alu_scoreboard] Scoreboard received item
# # KERNEL: UVM_INFO /home/runner/scoreboard.sv(77) @ 615: uvm_test_top.env.scb [SCB_PASS] Match! OP=SHR A=15 B=2 | RES=7 Flags=0000
# # KERNEL: UVM_INFO /home/runner/driver.sv(51) @ 615: uvm_test_top.env.agent.drv [DRV] A=7 B=7 OP=OR
# # KERNEL: UVM_INFO /home/runner/monitor.sv(42) @ 635: uvm_test_top.env.agent.mon [MON] A=7 B=7 OP=OR res= 7 C=0 Z=0 N=0 O=0
# # KERNEL: UVM_INFO /home/runner/scoreboard.sv(28) @ 635: uvm_test_top.env.scb [alu_scoreboard] Scoreboard received item
# # KERNEL: UVM_INFO /home/runner/scoreboard.sv(77) @ 635: uvm_test_top.env.scb [SCB_PASS] Match! OP=OR A=7 B=7 | RES=7 Flags=0000
# # KERNEL: UVM_INFO /home/runner/driver.sv(51) @ 635: uvm_test_top.env.agent.drv [DRV] A=7 B=2 OP=AND
# # KERNEL: UVM_INFO /home/runner/monitor.sv(42) @ 655: uvm_test_top.env.agent.mon [MON] A=7 B=2 OP=AND res= 2 C=0 Z=0 N=0 O=0
# # KERNEL: UVM_INFO /home/runner/scoreboard.sv(28) @ 655: uvm_test_top.env.scb [alu_scoreboard] Scoreboard received item
# # KERNEL: UVM_INFO /home/runner/scoreboard.sv(77) @ 655: uvm_test_top.env.scb [SCB_PASS] Match! OP=AND A=7 B=2 | RES=2 Flags=0000
# # KERNEL: UVM_INFO /home/runner/driver.sv(51) @ 655: uvm_test_top.env.agent.drv [DRV] A=7 B=11 OP=SUB
# # KERNEL: UVM_INFO /home/runner/monitor.sv(42) @ 675: uvm_test_top.env.agent.mon [MON] A=7 B=11 OP=SUB res=12 C=1 Z=0 N=1 O=1
# # KERNEL: UVM_INFO /home/runner/scoreboard.sv(28) @ 675: uvm_test_top.env.scb [alu_scoreboard] Scoreboard received item
# # KERNEL: UVM_INFO /home/runner/scoreboard.sv(77) @ 675: uvm_test_top.env.scb [SCB_PASS] Match! OP=SUB A=7 B=11 | RES=12 Flags=1011
# # KERNEL: UVM_INFO /home/runner/driver.sv(51) @ 675: uvm_test_top.env.agent.drv [DRV] A=4 B=0 OP=XOR
# # KERNEL: Error: assertion.sv (42): Logical operation using flags which is wrong
# # KERNEL: UVM_INFO /home/runner/monitor.sv(42) @ 695: uvm_test_top.env.agent.mon [MON] A=4 B=0 OP=XOR res= 4 C=0 Z=0 N=0 O=0
# # KERNEL: UVM_INFO /home/runner/scoreboard.sv(28) @ 695: uvm_test_top.env.scb [alu_scoreboard] Scoreboard received item
# # KERNEL: UVM_INFO /home/runner/scoreboard.sv(77) @ 695: uvm_test_top.env.scb [SCB_PASS] Match! OP=XOR A=4 B=0 | RES=4 Flags=0000
# # KERNEL: UVM_INFO /home/runner/driver.sv(51) @ 695: uvm_test_top.env.agent.drv [DRV] A=15 B=11 OP=ADD
# # KERNEL: UVM_INFO /home/runner/monitor.sv(42) @ 715: uvm_test_top.env.agent.mon [MON] A=15 B=11 OP=ADD res=10 C=1 Z=0 N=1 O=0
# # KERNEL: UVM_INFO /home/runner/scoreboard.sv(28) @ 715: uvm_test_top.env.scb [alu_scoreboard] Scoreboard received item
# # KERNEL: UVM_INFO /home/runner/scoreboard.sv(77) @ 715: uvm_test_top.env.scb [SCB_PASS] Match! OP=ADD A=15 B=11 | RES=10 Flags=1010
# # KERNEL: UVM_INFO /home/runner/driver.sv(51) @ 715: uvm_test_top.env.agent.drv [DRV] A=4 B=15 OP=NOT
# # KERNEL: Error: assertion.sv (42): Logical operation using flags which is wrong
# # KERNEL: UVM_INFO /home/runner/monitor.sv(42) @ 735: uvm_test_top.env.agent.mon [MON] A=4 B=15 OP=NOT res=11 C=0 Z=0 N=1 O=0
# # KERNEL: UVM_INFO /home/runner/scoreboard.sv(28) @ 735: uvm_test_top.env.scb [alu_scoreboard] Scoreboard received item
# # KERNEL: UVM_INFO /home/runner/scoreboard.sv(77) @ 735: uvm_test_top.env.scb [SCB_PASS] Match! OP=NOT A=4 B=15 | RES=11 Flags=0010
# # KERNEL: UVM_INFO /home/runner/driver.sv(51) @ 735: uvm_test_top.env.agent.drv [DRV] A=15 B=11 OP=XOR
# # KERNEL: UVM_INFO /home/runner/monitor.sv(42) @ 755: uvm_test_top.env.agent.mon [MON] A=15 B=11 OP=XOR res= 4 C=0 Z=0 N=0 O=0
# # KERNEL: UVM_INFO /home/runner/scoreboard.sv(28) @ 755: uvm_test_top.env.scb [alu_scoreboard] Scoreboard received item
# # KERNEL: UVM_INFO /home/runner/scoreboard.sv(77) @ 755: uvm_test_top.env.scb [SCB_PASS] Match! OP=XOR A=15 B=11 | RES=4 Flags=0000
# # KERNEL: UVM_INFO /home/runner/driver.sv(51) @ 755: uvm_test_top.env.agent.drv [DRV] A=13 B=0 OP=SUB
# # KERNEL: UVM_INFO /home/runner/monitor.sv(42) @ 775: uvm_test_top.env.agent.mon [MON] A=13 B=0 OP=SUB res=13 C=0 Z=0 N=1 O=0
# # KERNEL: UVM_INFO /home/runner/scoreboard.sv(28) @ 775: uvm_test_top.env.scb [alu_scoreboard] Scoreboard received item
# # KERNEL: UVM_INFO /home/runner/scoreboard.sv(77) @ 775: uvm_test_top.env.scb [SCB_PASS] Match! OP=SUB A=13 B=0 | RES=13 Flags=0010
# # KERNEL: UVM_INFO /home/runner/driver.sv(51) @ 775: uvm_test_top.env.agent.drv [DRV] A=0 B=15 OP=SHR
# # KERNEL: UVM_INFO /home/runner/monitor.sv(42) @ 795: uvm_test_top.env.agent.mon [MON] A=0 B=15 OP=SHR res= 0 C=0 Z=1 N=0 O=0
# # KERNEL: UVM_INFO /home/runner/scoreboard.sv(28) @ 795: uvm_test_top.env.scb [alu_scoreboard] Scoreboard received item
# # KERNEL: UVM_INFO /home/runner/scoreboard.sv(77) @ 795: uvm_test_top.env.scb [SCB_PASS] Match! OP=SHR A=0 B=15 | RES=0 Flags=0100
# # KERNEL: UVM_INFO /home/runner/driver.sv(51) @ 795: uvm_test_top.env.agent.drv [DRV] A=9 B=14 OP=AND
# # KERNEL: UVM_INFO /home/runner/monitor.sv(42) @ 815: uvm_test_top.env.agent.mon [MON] A=9 B=14 OP=AND res= 8 C=0 Z=0 N=1 O=0
# # KERNEL: UVM_INFO /home/runner/scoreboard.sv(28) @ 815: uvm_test_top.env.scb [alu_scoreboard] Scoreboard received item
# # KERNEL: UVM_INFO /home/runner/scoreboard.sv(77) @ 815: uvm_test_top.env.scb [SCB_PASS] Match! OP=AND A=9 B=14 | RES=8 Flags=0010
# # KERNEL: UVM_INFO /home/runner/driver.sv(51) @ 815: uvm_test_top.env.agent.drv [DRV] A=7 B=0 OP=AND
# # KERNEL: UVM_INFO /home/runner/monitor.sv(42) @ 835: uvm_test_top.env.agent.mon [MON] A=7 B=0 OP=AND res= 0 C=0 Z=1 N=0 O=0
# # KERNEL: UVM_INFO /home/runner/scoreboard.sv(28) @ 835: uvm_test_top.env.scb [alu_scoreboard] Scoreboard received item
# # KERNEL: UVM_INFO /home/runner/scoreboard.sv(77) @ 835: uvm_test_top.env.scb [SCB_PASS] Match! OP=AND A=7 B=0 | RES=0 Flags=0100
# # KERNEL: UVM_INFO /home/runner/driver.sv(51) @ 835: uvm_test_top.env.agent.drv [DRV] A=2 B=9 OP=SHR
# # KERNEL: UVM_INFO /home/runner/monitor.sv(42) @ 855: uvm_test_top.env.agent.mon [MON] A=2 B=9 OP=SHR res= 1 C=0 Z=0 N=0 O=0
# # KERNEL: UVM_INFO /home/runner/scoreboard.sv(28) @ 855: uvm_test_top.env.scb [alu_scoreboard] Scoreboard received item
# # KERNEL: UVM_INFO /home/runner/scoreboard.sv(77) @ 855: uvm_test_top.env.scb [SCB_PASS] Match! OP=SHR A=2 B=9 | RES=1 Flags=0000
# # KERNEL: UVM_INFO /home/runner/driver.sv(51) @ 855: uvm_test_top.env.agent.drv [DRV] A=11 B=9 OP=ADD
# # KERNEL: UVM_INFO /home/runner/monitor.sv(42) @ 875: uvm_test_top.env.agent.mon [MON] A=11 B=9 OP=ADD res= 4 C=1 Z=0 N=0 O=1
# # KERNEL: UVM_INFO /home/runner/scoreboard.sv(28) @ 875: uvm_test_top.env.scb [alu_scoreboard] Scoreboard received item
# # KERNEL: UVM_INFO /home/runner/scoreboard.sv(77) @ 875: uvm_test_top.env.scb [SCB_PASS] Match! OP=ADD A=11 B=9 | RES=4 Flags=1001
# # KERNEL: UVM_INFO /home/runner/driver.sv(51) @ 875: uvm_test_top.env.agent.drv [DRV] A=0 B=7 OP=XOR
# # KERNEL: Error: assertion.sv (42): Logical operation using flags which is wrong
# # KERNEL: UVM_INFO /home/runner/monitor.sv(42) @ 895: uvm_test_top.env.agent.mon [MON] A=0 B=7 OP=XOR res= 7 C=0 Z=0 N=0 O=0
# # KERNEL: UVM_INFO /home/runner/scoreboard.sv(28) @ 895: uvm_test_top.env.scb [alu_scoreboard] Scoreboard received item
# # KERNEL: UVM_INFO /home/runner/scoreboard.sv(77) @ 895: uvm_test_top.env.scb [SCB_PASS] Match! OP=XOR A=0 B=7 | RES=7 Flags=0000
# # KERNEL: UVM_INFO /home/runner/driver.sv(51) @ 895: uvm_test_top.env.agent.drv [DRV] A=14 B=0 OP=NOT
# # KERNEL: UVM_INFO /home/runner/monitor.sv(42) @ 915: uvm_test_top.env.agent.mon [MON] A=14 B=0 OP=NOT res= 1 C=0 Z=0 N=0 O=0
# # KERNEL: UVM_INFO /home/runner/scoreboard.sv(28) @ 915: uvm_test_top.env.scb [alu_scoreboard] Scoreboard received item
# # KERNEL: UVM_INFO /home/runner/scoreboard.sv(77) @ 915: uvm_test_top.env.scb [SCB_PASS] Match! OP=NOT A=14 B=0 | RES=1 Flags=0000
# # KERNEL: UVM_INFO /home/runner/driver.sv(51) @ 915: uvm_test_top.env.agent.drv [DRV] A=6 B=8 OP=ADD
# # KERNEL: UVM_INFO /home/runner/monitor.sv(42) @ 935: uvm_test_top.env.agent.mon [MON] A=6 B=8 OP=ADD res=14 C=0 Z=0 N=1 O=0
# # KERNEL: UVM_INFO /home/runner/scoreboard.sv(28) @ 935: uvm_test_top.env.scb [alu_scoreboard] Scoreboard received item
# # KERNEL: UVM_INFO /home/runner/scoreboard.sv(77) @ 935: uvm_test_top.env.scb [SCB_PASS] Match! OP=ADD A=6 B=8 | RES=14 Flags=0010
# # KERNEL: UVM_INFO /home/runner/driver.sv(51) @ 935: uvm_test_top.env.agent.drv [DRV] A=5 B=0 OP=SHL
# # KERNEL: UVM_INFO /home/runner/monitor.sv(42) @ 955: uvm_test_top.env.agent.mon [MON] A=5 B=0 OP=SHL res=10 C=0 Z=0 N=1 O=0
# # KERNEL: UVM_INFO /home/runner/scoreboard.sv(28) @ 955: uvm_test_top.env.scb [alu_scoreboard] Scoreboard received item
# # KERNEL: UVM_INFO /home/runner/scoreboard.sv(77) @ 955: uvm_test_top.env.scb [SCB_PASS] Match! OP=SHL A=5 B=0 | RES=10 Flags=0010
# # KERNEL: UVM_INFO /home/runner/driver.sv(51) @ 955: uvm_test_top.env.agent.drv [DRV] A=11 B=3 OP=SHL
# # KERNEL: UVM_INFO /home/runner/monitor.sv(42) @ 975: uvm_test_top.env.agent.mon [MON] A=11 B=3 OP=SHL res= 6 C=0 Z=0 N=0 O=0
# # KERNEL: UVM_INFO /home/runner/scoreboard.sv(28) @ 975: uvm_test_top.env.scb [alu_scoreboard] Scoreboard received item
# # KERNEL: UVM_INFO /home/runner/scoreboard.sv(77) @ 975: uvm_test_top.env.scb [SCB_PASS] Match! OP=SHL A=11 B=3 | RES=6 Flags=0000
# # KERNEL: UVM_INFO /home/runner/driver.sv(51) @ 975: uvm_test_top.env.agent.drv [DRV] A=3 B=0 OP=ADD
# # KERNEL: UVM_INFO /home/runner/monitor.sv(42) @ 995: uvm_test_top.env.agent.mon [MON] A=3 B=0 OP=ADD res= 3 C=0 Z=0 N=0 O=0
# # KERNEL: UVM_INFO /home/runner/scoreboard.sv(28) @ 995: uvm_test_top.env.scb [alu_scoreboard] Scoreboard received item
# # KERNEL: UVM_INFO /home/runner/scoreboard.sv(77) @ 995: uvm_test_top.env.scb [SCB_PASS] Match! OP=ADD A=3 B=0 | RES=3 Flags=0000
# # KERNEL: UVM_INFO /home/runner/driver.sv(51) @ 995: uvm_test_top.env.agent.drv [DRV] A=3 B=5 OP=NOT
# # KERNEL: UVM_INFO /home/runner/monitor.sv(42) @ 1015: uvm_test_top.env.agent.mon [MON] A=3 B=5 OP=NOT res=12 C=0 Z=0 N=1 O=0
# # KERNEL: UVM_INFO /home/runner/scoreboard.sv(28) @ 1015: uvm_test_top.env.scb [alu_scoreboard] Scoreboard received item
# # KERNEL: UVM_INFO /home/runner/scoreboard.sv(77) @ 1015: uvm_test_top.env.scb [SCB_PASS] Match! OP=NOT A=3 B=5 | RES=12 Flags=0010
# # KERNEL: UVM_INFO /home/runner/driver.sv(51) @ 1015: uvm_test_top.env.agent.drv [DRV] A=0 B=15 OP=ADD
# # KERNEL: UVM_INFO /home/runner/monitor.sv(42) @ 1035: uvm_test_top.env.agent.mon [MON] A=0 B=15 OP=ADD res=15 C=0 Z=0 N=1 O=0
# # KERNEL: UVM_INFO /home/runner/scoreboard.sv(28) @ 1035: uvm_test_top.env.scb [alu_scoreboard] Scoreboard received item
# # KERNEL: UVM_INFO /home/runner/scoreboard.sv(77) @ 1035: uvm_test_top.env.scb [SCB_PASS] Match! OP=ADD A=0 B=15 | RES=15 Flags=0010
# # KERNEL: UVM_INFO /home/runner/driver.sv(51) @ 1035: uvm_test_top.env.agent.drv [DRV] A=0 B=8 OP=SHL
# # KERNEL: UVM_INFO /home/runner/monitor.sv(42) @ 1055: uvm_test_top.env.agent.mon [MON] A=0 B=8 OP=SHL res= 0 C=0 Z=1 N=0 O=0
# # KERNEL: UVM_INFO /home/runner/scoreboard.sv(28) @ 1055: uvm_test_top.env.scb [alu_scoreboard] Scoreboard received item
# # KERNEL: UVM_INFO /home/runner/scoreboard.sv(77) @ 1055: uvm_test_top.env.scb [SCB_PASS] Match! OP=SHL A=0 B=8 | RES=0 Flags=0100
# # KERNEL: UVM_INFO /home/runner/driver.sv(51) @ 1055: uvm_test_top.env.agent.drv [DRV] A=5 B=15 OP=OR
# # KERNEL: UVM_INFO /home/runner/monitor.sv(42) @ 1075: uvm_test_top.env.agent.mon [MON] A=5 B=15 OP=OR res=15 C=0 Z=0 N=1 O=0
# # KERNEL: UVM_INFO /home/runner/scoreboard.sv(28) @ 1075: uvm_test_top.env.scb [alu_scoreboard] Scoreboard received item
# # KERNEL: UVM_INFO /home/runner/scoreboard.sv(77) @ 1075: uvm_test_top.env.scb [SCB_PASS] Match! OP=OR A=5 B=15 | RES=15 Flags=0010
# # KERNEL: UVM_INFO /home/runner/driver.sv(51) @ 1075: uvm_test_top.env.agent.drv [DRV] A=13 B=5 OP=AND
# # KERNEL: UVM_INFO /home/runner/monitor.sv(42) @ 1095: uvm_test_top.env.agent.mon [MON] A=13 B=5 OP=AND res= 5 C=0 Z=0 N=0 O=0
# # KERNEL: UVM_INFO /home/runner/scoreboard.sv(28) @ 1095: uvm_test_top.env.scb [alu_scoreboard] Scoreboard received item
# # KERNEL: UVM_INFO /home/runner/scoreboard.sv(77) @ 1095: uvm_test_top.env.scb [SCB_PASS] Match! OP=AND A=13 B=5 | RES=5 Flags=0000
# # KERNEL: UVM_INFO /home/runner/driver.sv(51) @ 1095: uvm_test_top.env.agent.drv [DRV] A=8 B=13 OP=NOT
# # KERNEL: UVM_INFO /home/runner/monitor.sv(42) @ 1115: uvm_test_top.env.agent.mon [MON] A=8 B=13 OP=NOT res= 7 C=0 Z=0 N=0 O=0
# # KERNEL: UVM_INFO /home/runner/scoreboard.sv(28) @ 1115: uvm_test_top.env.scb [alu_scoreboard] Scoreboard received item
# # KERNEL: UVM_INFO /home/runner/scoreboard.sv(77) @ 1115: uvm_test_top.env.scb [SCB_PASS] Match! OP=NOT A=8 B=13 | RES=7 Flags=0000
# # KERNEL: UVM_INFO /home/runner/driver.sv(51) @ 1115: uvm_test_top.env.agent.drv [DRV] A=0 B=9 OP=SHR
# # KERNEL: UVM_INFO /home/runner/monitor.sv(42) @ 1135: uvm_test_top.env.agent.mon [MON] A=0 B=9 OP=SHR res= 0 C=0 Z=1 N=0 O=0
# # KERNEL: UVM_INFO /home/runner/scoreboard.sv(28) @ 1135: uvm_test_top.env.scb [alu_scoreboard] Scoreboard received item
# # KERNEL: UVM_INFO /home/runner/scoreboard.sv(77) @ 1135: uvm_test_top.env.scb [SCB_PASS] Match! OP=SHR A=0 B=9 | RES=0 Flags=0100
# # KERNEL: UVM_INFO /home/runner/driver.sv(51) @ 1135: uvm_test_top.env.agent.drv [DRV] A=4 B=11 OP=OR
# # KERNEL: UVM_INFO /home/runner/monitor.sv(42) @ 1155: uvm_test_top.env.agent.mon [MON] A=4 B=11 OP=OR res=15 C=0 Z=0 N=1 O=0
# # KERNEL: UVM_INFO /home/runner/scoreboard.sv(28) @ 1155: uvm_test_top.env.scb [alu_scoreboard] Scoreboard received item
# # KERNEL: UVM_INFO /home/runner/scoreboard.sv(77) @ 1155: uvm_test_top.env.scb [SCB_PASS] Match! OP=OR A=4 B=11 | RES=15 Flags=0010
# # KERNEL: UVM_INFO /home/runner/driver.sv(51) @ 1155: uvm_test_top.env.agent.drv [DRV] A=7 B=11 OP=SHR
# # KERNEL: UVM_INFO /home/runner/monitor.sv(42) @ 1175: uvm_test_top.env.agent.mon [MON] A=7 B=11 OP=SHR res= 3 C=0 Z=0 N=0 O=0
# # KERNEL: UVM_INFO /home/runner/scoreboard.sv(28) @ 1175: uvm_test_top.env.scb [alu_scoreboard] Scoreboard received item
# # KERNEL: UVM_INFO /home/runner/scoreboard.sv(77) @ 1175: uvm_test_top.env.scb [SCB_PASS] Match! OP=SHR A=7 B=11 | RES=3 Flags=0000
# # KERNEL: UVM_INFO /home/runner/driver.sv(51) @ 1175: uvm_test_top.env.agent.drv [DRV] A=15 B=8 OP=AND
# # KERNEL: UVM_INFO /home/runner/monitor.sv(42) @ 1195: uvm_test_top.env.agent.mon [MON] A=15 B=8 OP=AND res= 8 C=0 Z=0 N=1 O=0
# # KERNEL: UVM_INFO /home/runner/scoreboard.sv(28) @ 1195: uvm_test_top.env.scb [alu_scoreboard] Scoreboard received item
# # KERNEL: UVM_INFO /home/runner/scoreboard.sv(77) @ 1195: uvm_test_top.env.scb [SCB_PASS] Match! OP=AND A=15 B=8 | RES=8 Flags=0010
# # KERNEL: UVM_INFO /home/runner/driver.sv(51) @ 1195: uvm_test_top.env.agent.drv [DRV] A=14 B=0 OP=ADD
# # KERNEL: Error: assertion.sv (78): Carry flag not assserted when there is carry in addition
# # KERNEL: UVM_INFO /home/runner/monitor.sv(42) @ 1215: uvm_test_top.env.agent.mon [MON] A=14 B=0 OP=ADD res=14 C=0 Z=0 N=1 O=0
# # KERNEL: UVM_INFO /home/runner/scoreboard.sv(28) @ 1215: uvm_test_top.env.scb [alu_scoreboard] Scoreboard received item
# # KERNEL: UVM_INFO /home/runner/scoreboard.sv(77) @ 1215: uvm_test_top.env.scb [SCB_PASS] Match! OP=ADD A=14 B=0 | RES=14 Flags=0010
# # KERNEL: UVM_INFO /home/runner/driver.sv(51) @ 1215: uvm_test_top.env.agent.drv [DRV] A=13 B=0 OP=SUB
# # KERNEL: UVM_INFO /home/runner/monitor.sv(42) @ 1235: uvm_test_top.env.agent.mon [MON] A=13 B=0 OP=SUB res=13 C=0 Z=0 N=1 O=0
# # KERNEL: UVM_INFO /home/runner/scoreboard.sv(28) @ 1235: uvm_test_top.env.scb [alu_scoreboard] Scoreboard received item
# # KERNEL: UVM_INFO /home/runner/scoreboard.sv(77) @ 1235: uvm_test_top.env.scb [SCB_PASS] Match! OP=SUB A=13 B=0 | RES=13 Flags=0010
# # KERNEL: UVM_INFO /home/runner/driver.sv(51) @ 1235: uvm_test_top.env.agent.drv [DRV] A=15 B=2 OP=SHR
# # KERNEL: UVM_INFO /home/runner/monitor.sv(42) @ 1255: uvm_test_top.env.agent.mon [MON] A=15 B=2 OP=SHR res= 7 C=0 Z=0 N=0 O=0
# # KERNEL: UVM_INFO /home/runner/scoreboard.sv(28) @ 1255: uvm_test_top.env.scb [alu_scoreboard] Scoreboard received item
# # KERNEL: UVM_INFO /home/runner/scoreboard.sv(77) @ 1255: uvm_test_top.env.scb [SCB_PASS] Match! OP=SHR A=15 B=2 | RES=7 Flags=0000
# # KERNEL: UVM_INFO /home/runner/driver.sv(51) @ 1255: uvm_test_top.env.agent.drv [DRV] A=5 B=0 OP=AND
# # KERNEL: UVM_INFO /home/runner/monitor.sv(42) @ 1275: uvm_test_top.env.agent.mon [MON] A=5 B=0 OP=AND res= 0 C=0 Z=1 N=0 O=0
# # KERNEL: UVM_INFO /home/runner/scoreboard.sv(28) @ 1275: uvm_test_top.env.scb [alu_scoreboard] Scoreboard received item
# # KERNEL: UVM_INFO /home/runner/scoreboard.sv(77) @ 1275: uvm_test_top.env.scb [SCB_PASS] Match! OP=AND A=5 B=0 | RES=0 Flags=0100
# # KERNEL: UVM_INFO /home/runner/driver.sv(51) @ 1275: uvm_test_top.env.agent.drv [DRV] A=15 B=11 OP=ADD
# # KERNEL: UVM_INFO /home/runner/monitor.sv(42) @ 1295: uvm_test_top.env.agent.mon [MON] A=15 B=11 OP=ADD res=10 C=1 Z=0 N=1 O=0
# # KERNEL: UVM_INFO /home/runner/scoreboard.sv(28) @ 1295: uvm_test_top.env.scb [alu_scoreboard] Scoreboard received item
# # KERNEL: UVM_INFO /home/runner/scoreboard.sv(77) @ 1295: uvm_test_top.env.scb [SCB_PASS] Match! OP=ADD A=15 B=11 | RES=10 Flags=1010
# # KERNEL: UVM_INFO /home/runner/driver.sv(51) @ 1295: uvm_test_top.env.agent.drv [DRV] A=15 B=4 OP=NOT
# # KERNEL: Error: assertion.sv (42): Logical operation using flags which is wrong
# # KERNEL: UVM_INFO /home/runner/monitor.sv(42) @ 1315: uvm_test_top.env.agent.mon [MON] A=15 B=4 OP=NOT res= 0 C=0 Z=1 N=0 O=0
# # KERNEL: UVM_INFO /home/runner/scoreboard.sv(28) @ 1315: uvm_test_top.env.scb [alu_scoreboard] Scoreboard received item
# # KERNEL: UVM_INFO /home/runner/scoreboard.sv(77) @ 1315: uvm_test_top.env.scb [SCB_PASS] Match! OP=NOT A=15 B=4 | RES=0 Flags=0100
# # KERNEL: UVM_INFO /home/runner/driver.sv(51) @ 1315: uvm_test_top.env.agent.drv [DRV] A=10 B=15 OP=XOR
# # KERNEL: UVM_INFO /home/runner/monitor.sv(42) @ 1335: uvm_test_top.env.agent.mon [MON] A=10 B=15 OP=XOR res= 5 C=0 Z=0 N=0 O=0
# # KERNEL: UVM_INFO /home/runner/scoreboard.sv(28) @ 1335: uvm_test_top.env.scb [alu_scoreboard] Scoreboard received item
# # KERNEL: UVM_INFO /home/runner/scoreboard.sv(77) @ 1335: uvm_test_top.env.scb [SCB_PASS] Match! OP=XOR A=10 B=15 | RES=5 Flags=0000
# # KERNEL: UVM_INFO /home/runner/driver.sv(51) @ 1335: uvm_test_top.env.agent.drv [DRV] A=0 B=15 OP=XOR
# # KERNEL: UVM_INFO /home/runner/monitor.sv(42) @ 1355: uvm_test_top.env.agent.mon [MON] A=0 B=15 OP=XOR res=15 C=0 Z=0 N=1 O=0
# # KERNEL: UVM_INFO /home/runner/scoreboard.sv(28) @ 1355: uvm_test_top.env.scb [alu_scoreboard] Scoreboard received item
# # KERNEL: UVM_INFO /home/runner/scoreboard.sv(77) @ 1355: uvm_test_top.env.scb [SCB_PASS] Match! OP=XOR A=0 B=15 | RES=15 Flags=0010
# # KERNEL: UVM_INFO /home/runner/driver.sv(51) @ 1355: uvm_test_top.env.agent.drv [DRV] A=5 B=15 OP=AND
# # KERNEL: UVM_INFO /home/runner/monitor.sv(42) @ 1375: uvm_test_top.env.agent.mon [MON] A=5 B=15 OP=AND res= 5 C=0 Z=0 N=0 O=0
# # KERNEL: UVM_INFO /home/runner/scoreboard.sv(28) @ 1375: uvm_test_top.env.scb [alu_scoreboard] Scoreboard received item
# # KERNEL: UVM_INFO /home/runner/scoreboard.sv(77) @ 1375: uvm_test_top.env.scb [SCB_PASS] Match! OP=AND A=5 B=15 | RES=5 Flags=0000
# # KERNEL: UVM_INFO /home/runner/driver.sv(51) @ 1375: uvm_test_top.env.agent.drv [DRV] A=8 B=1 OP=XOR
# # KERNEL: UVM_INFO /home/runner/monitor.sv(42) @ 1395: uvm_test_top.env.agent.mon [MON] A=8 B=1 OP=XOR res= 9 C=0 Z=0 N=1 O=0
# # KERNEL: UVM_INFO /home/runner/scoreboard.sv(28) @ 1395: uvm_test_top.env.scb [alu_scoreboard] Scoreboard received item
# # KERNEL: UVM_INFO /home/runner/scoreboard.sv(77) @ 1395: uvm_test_top.env.scb [SCB_PASS] Match! OP=XOR A=8 B=1 | RES=9 Flags=0010
# # KERNEL: UVM_INFO /home/runner/driver.sv(51) @ 1395: uvm_test_top.env.agent.drv [DRV] A=0 B=10 OP=SUB
# # KERNEL: UVM_INFO /home/runner/monitor.sv(42) @ 1415: uvm_test_top.env.agent.mon [MON] A=0 B=10 OP=SUB res= 6 C=1 Z=0 N=0 O=0
# # KERNEL: UVM_INFO /home/runner/scoreboard.sv(28) @ 1415: uvm_test_top.env.scb [alu_scoreboard] Scoreboard received item
# # KERNEL: UVM_INFO /home/runner/scoreboard.sv(77) @ 1415: uvm_test_top.env.scb [SCB_PASS] Match! OP=SUB A=0 B=10 | RES=6 Flags=1000
# # KERNEL: UVM_INFO /home/runner/driver.sv(51) @ 1415: uvm_test_top.env.agent.drv [DRV] A=0 B=12 OP=ADD
# # KERNEL: UVM_INFO /home/runner/monitor.sv(42) @ 1435: uvm_test_top.env.agent.mon [MON] A=0 B=12 OP=ADD res=12 C=0 Z=0 N=1 O=0
# # KERNEL: UVM_INFO /home/runner/scoreboard.sv(28) @ 1435: uvm_test_top.env.scb [alu_scoreboard] Scoreboard received item
# # KERNEL: UVM_INFO /home/runner/scoreboard.sv(77) @ 1435: uvm_test_top.env.scb [SCB_PASS] Match! OP=ADD A=0 B=12 | RES=12 Flags=0010
# # KERNEL: UVM_INFO /home/runner/driver.sv(51) @ 1435: uvm_test_top.env.agent.drv [DRV] A=0 B=9 OP=OR
# # KERNEL: UVM_INFO /home/runner/monitor.sv(42) @ 1455: uvm_test_top.env.agent.mon [MON] A=0 B=9 OP=OR res= 9 C=0 Z=0 N=1 O=0
# # KERNEL: UVM_INFO /home/runner/scoreboard.sv(28) @ 1455: uvm_test_top.env.scb [alu_scoreboard] Scoreboard received item
# # KERNEL: UVM_INFO /home/runner/scoreboard.sv(77) @ 1455: uvm_test_top.env.scb [SCB_PASS] Match! OP=OR A=0 B=9 | RES=9 Flags=0010
# # KERNEL: UVM_INFO /home/runner/driver.sv(51) @ 1455: uvm_test_top.env.agent.drv [DRV] A=0 B=14 OP=AND
# # KERNEL: UVM_INFO /home/runner/monitor.sv(42) @ 1475: uvm_test_top.env.agent.mon [MON] A=0 B=14 OP=AND res= 0 C=0 Z=1 N=0 O=0
# # KERNEL: UVM_INFO /home/runner/scoreboard.sv(28) @ 1475: uvm_test_top.env.scb [alu_scoreboard] Scoreboard received item
# # KERNEL: UVM_INFO /home/runner/scoreboard.sv(77) @ 1475: uvm_test_top.env.scb [SCB_PASS] Match! OP=AND A=0 B=14 | RES=0 Flags=0100
# # KERNEL: UVM_INFO /home/runner/driver.sv(51) @ 1475: uvm_test_top.env.agent.drv [DRV] A=15 B=0 OP=SHR
# # KERNEL: UVM_INFO /home/runner/monitor.sv(42) @ 1495: uvm_test_top.env.agent.mon [MON] A=15 B=0 OP=SHR res= 7 C=0 Z=0 N=0 O=0
# # KERNEL: UVM_INFO /home/runner/scoreboard.sv(28) @ 1495: uvm_test_top.env.scb [alu_scoreboard] Scoreboard received item
# # KERNEL: UVM_INFO /home/runner/scoreboard.sv(77) @ 1495: uvm_test_top.env.scb [SCB_PASS] Match! OP=SHR A=15 B=0 | RES=7 Flags=0000
# # KERNEL: UVM_INFO /home/runner/driver.sv(51) @ 1495: uvm_test_top.env.agent.drv [DRV] A=9 B=15 OP=SHR
# # KERNEL: UVM_INFO /home/runner/monitor.sv(42) @ 1515: uvm_test_top.env.agent.mon [MON] A=9 B=15 OP=SHR res= 4 C=0 Z=0 N=0 O=0
# # KERNEL: UVM_INFO /home/runner/scoreboard.sv(28) @ 1515: uvm_test_top.env.scb [alu_scoreboard] Scoreboard received item
# # KERNEL: UVM_INFO /home/runner/scoreboard.sv(77) @ 1515: uvm_test_top.env.scb [SCB_PASS] Match! OP=SHR A=9 B=15 | RES=4 Flags=0000
# # KERNEL: UVM_INFO /home/runner/driver.sv(51) @ 1515: uvm_test_top.env.agent.drv [DRV] A=0 B=15 OP=OR
# # KERNEL: UVM_INFO /home/runner/monitor.sv(42) @ 1535: uvm_test_top.env.agent.mon [MON] A=0 B=15 OP=OR res=15 C=0 Z=0 N=1 O=0
# # KERNEL: UVM_INFO /home/runner/scoreboard.sv(28) @ 1535: uvm_test_top.env.scb [alu_scoreboard] Scoreboard received item
# # KERNEL: UVM_INFO /home/runner/scoreboard.sv(77) @ 1535: uvm_test_top.env.scb [SCB_PASS] Match! OP=OR A=0 B=15 | RES=15 Flags=0010
# # KERNEL: UVM_INFO /home/runner/driver.sv(51) @ 1535: uvm_test_top.env.agent.drv [DRV] A=13 B=0 OP=NOT
# # KERNEL: UVM_INFO /home/runner/monitor.sv(42) @ 1555: uvm_test_top.env.agent.mon [MON] A=13 B=0 OP=NOT res= 2 C=0 Z=0 N=0 O=0
# # KERNEL: UVM_INFO /home/runner/scoreboard.sv(28) @ 1555: uvm_test_top.env.scb [alu_scoreboard] Scoreboard received item
# # KERNEL: UVM_INFO /home/runner/scoreboard.sv(77) @ 1555: uvm_test_top.env.scb [SCB_PASS] Match! OP=NOT A=13 B=0 | RES=2 Flags=0000
# # KERNEL: UVM_INFO /home/runner/driver.sv(51) @ 1555: uvm_test_top.env.agent.drv [DRV] A=0 B=15 OP=ADD
# # KERNEL: UVM_INFO /home/runner/monitor.sv(42) @ 1575: uvm_test_top.env.agent.mon [MON] A=0 B=15 OP=ADD res=15 C=0 Z=0 N=1 O=0
# # KERNEL: UVM_INFO /home/runner/scoreboard.sv(28) @ 1575: uvm_test_top.env.scb [alu_scoreboard] Scoreboard received item
# # KERNEL: UVM_INFO /home/runner/scoreboard.sv(77) @ 1575: uvm_test_top.env.scb [SCB_PASS] Match! OP=ADD A=0 B=15 | RES=15 Flags=0010
# # KERNEL: UVM_INFO /home/runner/driver.sv(51) @ 1575: uvm_test_top.env.agent.drv [DRV] A=5 B=12 OP=SHR
# # KERNEL: UVM_INFO /home/runner/monitor.sv(42) @ 1595: uvm_test_top.env.agent.mon [MON] A=5 B=12 OP=SHR res= 2 C=0 Z=0 N=0 O=0
# # KERNEL: UVM_INFO /home/runner/scoreboard.sv(28) @ 1595: uvm_test_top.env.scb [alu_scoreboard] Scoreboard received item
# # KERNEL: UVM_INFO /home/runner/scoreboard.sv(77) @ 1595: uvm_test_top.env.scb [SCB_PASS] Match! OP=SHR A=5 B=12 | RES=2 Flags=0000
# # KERNEL: UVM_INFO /home/runner/driver.sv(51) @ 1595: uvm_test_top.env.agent.drv [DRV] A=8 B=4 OP=SHL
# # KERNEL: UVM_INFO /home/runner/monitor.sv(42) @ 1615: uvm_test_top.env.agent.mon [MON] A=8 B=4 OP=SHL res= 0 C=0 Z=1 N=0 O=0
# # KERNEL: UVM_INFO /home/runner/scoreboard.sv(28) @ 1615: uvm_test_top.env.scb [alu_scoreboard] Scoreboard received item
# # KERNEL: UVM_INFO /home/runner/scoreboard.sv(77) @ 1615: uvm_test_top.env.scb [SCB_PASS] Match! OP=SHL A=8 B=4 | RES=0 Flags=0100
# # KERNEL: UVM_INFO /home/runner/driver.sv(51) @ 1615: uvm_test_top.env.agent.drv [DRV] A=10 B=1 OP=SUB
# # KERNEL: UVM_INFO /home/runner/monitor.sv(42) @ 1635: uvm_test_top.env.agent.mon [MON] A=10 B=1 OP=SUB res= 9 C=0 Z=0 N=1 O=0
# # KERNEL: UVM_INFO /home/runner/scoreboard.sv(28) @ 1635: uvm_test_top.env.scb [alu_scoreboard] Scoreboard received item
# # KERNEL: UVM_INFO /home/runner/scoreboard.sv(77) @ 1635: uvm_test_top.env.scb [SCB_PASS] Match! OP=SUB A=10 B=1 | RES=9 Flags=0010
# # KERNEL: UVM_INFO /home/runner/driver.sv(51) @ 1635: uvm_test_top.env.agent.drv [DRV] A=9 B=15 OP=ADD
# # KERNEL: UVM_INFO /home/runner/monitor.sv(42) @ 1655: uvm_test_top.env.agent.mon [MON] A=9 B=15 OP=ADD res= 8 C=1 Z=0 N=1 O=0
# # KERNEL: UVM_INFO /home/runner/scoreboard.sv(28) @ 1655: uvm_test_top.env.scb [alu_scoreboard] Scoreboard received item
# # KERNEL: UVM_INFO /home/runner/scoreboard.sv(77) @ 1655: uvm_test_top.env.scb [SCB_PASS] Match! OP=ADD A=9 B=15 | RES=8 Flags=1010
# # KERNEL: UVM_INFO /home/runner/driver.sv(51) @ 1655: uvm_test_top.env.agent.drv [DRV] A=1 B=0 OP=NOT
# # KERNEL: Error: assertion.sv (42): Logical operation using flags which is wrong
# # KERNEL: UVM_INFO /home/runner/monitor.sv(42) @ 1675: uvm_test_top.env.agent.mon [MON] A=1 B=0 OP=NOT res=14 C=0 Z=0 N=1 O=0
# # KERNEL: UVM_INFO /home/runner/scoreboard.sv(28) @ 1675: uvm_test_top.env.scb [alu_scoreboard] Scoreboard received item
# # KERNEL: UVM_INFO /home/runner/scoreboard.sv(77) @ 1675: uvm_test_top.env.scb [SCB_PASS] Match! OP=NOT A=1 B=0 | RES=14 Flags=0010
# # KERNEL: UVM_INFO /home/runner/driver.sv(51) @ 1675: uvm_test_top.env.agent.drv [DRV] A=6 B=15 OP=SHL
# # KERNEL: UVM_INFO /home/runner/monitor.sv(42) @ 1695: uvm_test_top.env.agent.mon [MON] A=6 B=15 OP=SHL res=12 C=0 Z=0 N=1 O=0
# # KERNEL: UVM_INFO /home/runner/scoreboard.sv(28) @ 1695: uvm_test_top.env.scb [alu_scoreboard] Scoreboard received item
# # KERNEL: UVM_INFO /home/runner/scoreboard.sv(77) @ 1695: uvm_test_top.env.scb [SCB_PASS] Match! OP=SHL A=6 B=15 | RES=12 Flags=0010
# # KERNEL: UVM_INFO /home/runner/driver.sv(51) @ 1695: uvm_test_top.env.agent.drv [DRV] A=0 B=0 OP=OR
# # KERNEL: UVM_INFO /home/runner/monitor.sv(42) @ 1715: uvm_test_top.env.agent.mon [MON] A=0 B=0 OP=OR res= 0 C=0 Z=1 N=0 O=0
# # KERNEL: UVM_INFO /home/runner/scoreboard.sv(28) @ 1715: uvm_test_top.env.scb [alu_scoreboard] Scoreboard received item
# # KERNEL: UVM_INFO /home/runner/scoreboard.sv(77) @ 1715: uvm_test_top.env.scb [SCB_PASS] Match! OP=OR A=0 B=0 | RES=0 Flags=0100
# # KERNEL: UVM_INFO /home/runner/driver.sv(51) @ 1715: uvm_test_top.env.agent.drv [DRV] A=13 B=5 OP=AND
# # KERNEL: UVM_INFO /home/runner/monitor.sv(42) @ 1735: uvm_test_top.env.agent.mon [MON] A=13 B=5 OP=AND res= 5 C=0 Z=0 N=0 O=0
# # KERNEL: UVM_INFO /home/runner/scoreboard.sv(28) @ 1735: uvm_test_top.env.scb [alu_scoreboard] Scoreboard received item
# # KERNEL: UVM_INFO /home/runner/scoreboard.sv(77) @ 1735: uvm_test_top.env.scb [SCB_PASS] Match! OP=AND A=13 B=5 | RES=5 Flags=0000
# # KERNEL: UVM_INFO /home/runner/driver.sv(51) @ 1735: uvm_test_top.env.agent.drv [DRV] A=14 B=0 OP=XOR
# # KERNEL: UVM_INFO /home/runner/monitor.sv(42) @ 1755: uvm_test_top.env.agent.mon [MON] A=14 B=0 OP=XOR res=14 C=0 Z=0 N=1 O=0
# # KERNEL: UVM_INFO /home/runner/scoreboard.sv(28) @ 1755: uvm_test_top.env.scb [alu_scoreboard] Scoreboard received item
# # KERNEL: UVM_INFO /home/runner/scoreboard.sv(77) @ 1755: uvm_test_top.env.scb [SCB_PASS] Match! OP=XOR A=14 B=0 | RES=14 Flags=0010
# # KERNEL: UVM_INFO /home/runner/driver.sv(51) @ 1755: uvm_test_top.env.agent.drv [DRV] A=15 B=9 OP=SHR
# # KERNEL: UVM_INFO /home/runner/monitor.sv(42) @ 1775: uvm_test_top.env.agent.mon [MON] A=15 B=9 OP=SHR res= 7 C=0 Z=0 N=0 O=0
# # KERNEL: UVM_INFO /home/runner/scoreboard.sv(28) @ 1775: uvm_test_top.env.scb [alu_scoreboard] Scoreboard received item
# # KERNEL: UVM_INFO /home/runner/scoreboard.sv(77) @ 1775: uvm_test_top.env.scb [SCB_PASS] Match! OP=SHR A=15 B=9 | RES=7 Flags=0000
# # KERNEL: UVM_INFO /home/runner/driver.sv(51) @ 1775: uvm_test_top.env.agent.drv [DRV] A=8 B=13 OP=OR
# # KERNEL: UVM_INFO /home/runner/monitor.sv(42) @ 1795: uvm_test_top.env.agent.mon [MON] A=8 B=13 OP=OR res=13 C=0 Z=0 N=1 O=0
# # KERNEL: UVM_INFO /home/runner/scoreboard.sv(28) @ 1795: uvm_test_top.env.scb [alu_scoreboard] Scoreboard received item
# # KERNEL: UVM_INFO /home/runner/scoreboard.sv(77) @ 1795: uvm_test_top.env.scb [SCB_PASS] Match! OP=OR A=8 B=13 | RES=13 Flags=0010
# # KERNEL: UVM_INFO /home/runner/driver.sv(51) @ 1795: uvm_test_top.env.agent.drv [DRV] A=0 B=11 OP=AND
# # KERNEL: UVM_INFO /home/runner/monitor.sv(42) @ 1815: uvm_test_top.env.agent.mon [MON] A=0 B=11 OP=AND res= 0 C=0 Z=1 N=0 O=0
# # KERNEL: UVM_INFO /home/runner/scoreboard.sv(28) @ 1815: uvm_test_top.env.scb [alu_scoreboard] Scoreboard received item
# # KERNEL: UVM_INFO /home/runner/scoreboard.sv(77) @ 1815: uvm_test_top.env.scb [SCB_PASS] Match! OP=AND A=0 B=11 | RES=0 Flags=0100
# # KERNEL: UVM_INFO /home/runner/driver.sv(51) @ 1815: uvm_test_top.env.agent.drv [DRV] A=15 B=9 OP=OR
# # KERNEL: UVM_INFO /home/runner/monitor.sv(42) @ 1835: uvm_test_top.env.agent.mon [MON] A=15 B=9 OP=OR res=15 C=0 Z=0 N=1 O=0
# # KERNEL: UVM_INFO /home/runner/scoreboard.sv(28) @ 1835: uvm_test_top.env.scb [alu_scoreboard] Scoreboard received item
# # KERNEL: UVM_INFO /home/runner/scoreboard.sv(77) @ 1835: uvm_test_top.env.scb [SCB_PASS] Match! OP=OR A=15 B=9 | RES=15 Flags=0010
# # KERNEL: UVM_INFO /home/runner/driver.sv(51) @ 1835: uvm_test_top.env.agent.drv [DRV] A=14 B=15 OP=ADD
# # KERNEL: UVM_INFO /home/runner/monitor.sv(42) @ 1855: uvm_test_top.env.agent.mon [MON] A=14 B=15 OP=ADD res=13 C=1 Z=0 N=1 O=0
# # KERNEL: UVM_INFO /home/runner/scoreboard.sv(28) @ 1855: uvm_test_top.env.scb [alu_scoreboard] Scoreboard received item
# # KERNEL: UVM_INFO /home/runner/scoreboard.sv(77) @ 1855: uvm_test_top.env.scb [SCB_PASS] Match! OP=ADD A=14 B=15 | RES=13 Flags=1010
# # KERNEL: UVM_INFO /home/runner/driver.sv(51) @ 1855: uvm_test_top.env.agent.drv [DRV] A=14 B=8 OP=SHL
# # KERNEL: Error: assertion.sv (42): Logical operation using flags which is wrong
# # KERNEL: UVM_INFO /home/runner/monitor.sv(42) @ 1875: uvm_test_top.env.agent.mon [MON] A=14 B=8 OP=SHL res=12 C=0 Z=0 N=1 O=0
# # KERNEL: UVM_INFO /home/runner/scoreboard.sv(28) @ 1875: uvm_test_top.env.scb [alu_scoreboard] Scoreboard received item
# # KERNEL: UVM_INFO /home/runner/scoreboard.sv(77) @ 1875: uvm_test_top.env.scb [SCB_PASS] Match! OP=SHL A=14 B=8 | RES=12 Flags=0010
# # KERNEL: UVM_INFO /home/runner/driver.sv(51) @ 1875: uvm_test_top.env.agent.drv [DRV] A=0 B=15 OP=XOR
# # KERNEL: UVM_INFO /home/runner/monitor.sv(42) @ 1895: uvm_test_top.env.agent.mon [MON] A=0 B=15 OP=XOR res=15 C=0 Z=0 N=1 O=0
# # KERNEL: UVM_INFO /home/runner/scoreboard.sv(28) @ 1895: uvm_test_top.env.scb [alu_scoreboard] Scoreboard received item
# # KERNEL: UVM_INFO /home/runner/scoreboard.sv(77) @ 1895: uvm_test_top.env.scb [SCB_PASS] Match! OP=XOR A=0 B=15 | RES=15 Flags=0010
# # KERNEL: UVM_INFO /home/runner/driver.sv(51) @ 1895: uvm_test_top.env.agent.drv [DRV] A=3 B=6 OP=OR
# # KERNEL: UVM_INFO /home/runner/monitor.sv(42) @ 1915: uvm_test_top.env.agent.mon [MON] A=3 B=6 OP=OR res= 7 C=0 Z=0 N=0 O=0
# # KERNEL: UVM_INFO /home/runner/scoreboard.sv(28) @ 1915: uvm_test_top.env.scb [alu_scoreboard] Scoreboard received item
# # KERNEL: UVM_INFO /home/runner/scoreboard.sv(77) @ 1915: uvm_test_top.env.scb [SCB_PASS] Match! OP=OR A=3 B=6 | RES=7 Flags=0000
# # KERNEL: UVM_INFO /home/runner/driver.sv(51) @ 1915: uvm_test_top.env.agent.drv [DRV] A=12 B=15 OP=ADD
# # KERNEL: UVM_INFO /home/runner/monitor.sv(42) @ 1935: uvm_test_top.env.agent.mon [MON] A=12 B=15 OP=ADD res=11 C=1 Z=0 N=1 O=0
# # KERNEL: UVM_INFO /home/runner/scoreboard.sv(28) @ 1935: uvm_test_top.env.scb [alu_scoreboard] Scoreboard received item
# # KERNEL: UVM_INFO /home/runner/scoreboard.sv(77) @ 1935: uvm_test_top.env.scb [SCB_PASS] Match! OP=ADD A=12 B=15 | RES=11 Flags=1010
# # KERNEL: UVM_INFO /home/runner/driver.sv(51) @ 1935: uvm_test_top.env.agent.drv [DRV] A=4 B=5 OP=SUB
# # KERNEL: UVM_INFO /home/runner/monitor.sv(42) @ 1955: uvm_test_top.env.agent.mon [MON] A=4 B=5 OP=SUB res=15 C=1 Z=0 N=1 O=0
# # KERNEL: UVM_INFO /home/runner/scoreboard.sv(28) @ 1955: uvm_test_top.env.scb [alu_scoreboard] Scoreboard received item
# # KERNEL: UVM_INFO /home/runner/scoreboard.sv(77) @ 1955: uvm_test_top.env.scb [SCB_PASS] Match! OP=SUB A=4 B=5 | RES=15 Flags=1010
# # KERNEL: UVM_INFO /home/runner/driver.sv(51) @ 1955: uvm_test_top.env.agent.drv [DRV] A=15 B=5 OP=XOR
# # KERNEL: Error: assertion.sv (42): Logical operation using flags which is wrong
# # KERNEL: UVM_INFO /home/runner/monitor.sv(42) @ 1975: uvm_test_top.env.agent.mon [MON] A=15 B=5 OP=XOR res=10 C=0 Z=0 N=1 O=0
# # KERNEL: UVM_INFO /home/runner/scoreboard.sv(28) @ 1975: uvm_test_top.env.scb [alu_scoreboard] Scoreboard received item
# # KERNEL: UVM_INFO /home/runner/scoreboard.sv(77) @ 1975: uvm_test_top.env.scb [SCB_PASS] Match! OP=XOR A=15 B=5 | RES=10 Flags=0010
# # KERNEL: UVM_INFO /home/runner/driver.sv(51) @ 1975: uvm_test_top.env.agent.drv [DRV] A=12 B=1 OP=AND
# # KERNEL: UVM_INFO /home/runner/monitor.sv(42) @ 1995: uvm_test_top.env.agent.mon [MON] A=12 B=1 OP=AND res= 0 C=0 Z=1 N=0 O=0
# # KERNEL: UVM_INFO /home/runner/scoreboard.sv(28) @ 1995: uvm_test_top.env.scb [alu_scoreboard] Scoreboard received item
# # KERNEL: UVM_INFO /home/runner/scoreboard.sv(77) @ 1995: uvm_test_top.env.scb [SCB_PASS] Match! OP=AND A=12 B=1 | RES=0 Flags=0100
# # KERNEL: UVM_INFO /home/runner/driver.sv(51) @ 1995: uvm_test_top.env.agent.drv [DRV] A=8 B=12 OP=OR
# # KERNEL: UVM_INFO /home/runner/monitor.sv(42) @ 2015: uvm_test_top.env.agent.mon [MON] A=8 B=12 OP=OR res=12 C=0 Z=0 N=1 O=0
# # KERNEL: UVM_INFO /home/runner/scoreboard.sv(28) @ 2015: uvm_test_top.env.scb [alu_scoreboard] Scoreboard received item
# # KERNEL: UVM_INFO /home/runner/scoreboard.sv(77) @ 2015: uvm_test_top.env.scb [SCB_PASS] Match! OP=OR A=8 B=12 | RES=12 Flags=0010
# # KERNEL: UVM_INFO /home/runner/driver.sv(51) @ 2015: uvm_test_top.env.agent.drv [DRV] A=15 B=11 OP=XOR
# # KERNEL: UVM_INFO /home/runner/sequence1.sv(29) @ 2015: uvm_test_top.env.agent.sqr@@s1 [alu_base_sequence] Sequence body finished
# # KERNEL: UVM_INFO /home/runner/master_seq.sv(23) @ 2015: uvm_test_top.env.agent.sqr@@seq [MASTER_SEQ] Starting Sequence 2...
# # KERNEL: UVM_INFO /home/runner/sequence2.sv(11) @ 2015: uvm_test_top.env.agent.sqr@@s2 [alu_directed_seq] Starting directed Stimulus for all ports...
# # KERNEL: UVM_INFO /home/runner/monitor.sv(42) @ 2035: uvm_test_top.env.agent.mon [MON] A=15 B=11 OP=XOR res= 4 C=0 Z=0 N=0 O=0
# # KERNEL: UVM_INFO /home/runner/scoreboard.sv(28) @ 2035: uvm_test_top.env.scb [alu_scoreboard] Scoreboard received item
# # KERNEL: UVM_INFO /home/runner/scoreboard.sv(77) @ 2035: uvm_test_top.env.scb [SCB_PASS] Match! OP=XOR A=15 B=11 | RES=4 Flags=0000
# # KERNEL: UVM_INFO /home/runner/driver.sv(51) @ 2035: uvm_test_top.env.agent.drv [DRV] A=7 B=1 OP=ADD
# # KERNEL: Error: assertion.sv (78): Carry flag not assserted when there is carry in addition
# # KERNEL: Error: assertion.sv (85): Overflow happend but didnt triggered the flag
# # KERNEL: UVM_INFO /home/runner/monitor.sv(42) @ 2055: uvm_test_top.env.agent.mon [MON] A=7 B=1 OP=ADD res= 8 C=0 Z=0 N=1 O=1
# # KERNEL: UVM_INFO /home/runner/scoreboard.sv(28) @ 2055: uvm_test_top.env.scb [alu_scoreboard] Scoreboard received item
# # KERNEL: UVM_INFO /home/runner/scoreboard.sv(77) @ 2055: uvm_test_top.env.scb [SCB_PASS] Match! OP=ADD A=7 B=1 | RES=8 Flags=0011
# # KERNEL: UVM_INFO /home/runner/driver.sv(51) @ 2055: uvm_test_top.env.agent.drv [DRV] A=15 B=1 OP=ADD
# # KERNEL: UVM_INFO /home/runner/monitor.sv(42) @ 2075: uvm_test_top.env.agent.mon [MON] A=15 B=1 OP=ADD res= 0 C=1 Z=1 N=0 O=0
# # KERNEL: UVM_INFO /home/runner/scoreboard.sv(28) @ 2075: uvm_test_top.env.scb [alu_scoreboard] Scoreboard received item
# # KERNEL: UVM_INFO /home/runner/scoreboard.sv(77) @ 2075: uvm_test_top.env.scb [SCB_PASS] Match! OP=ADD A=15 B=1 | RES=0 Flags=1100
# # KERNEL: UVM_INFO /home/runner/driver.sv(51) @ 2075: uvm_test_top.env.agent.drv [DRV] A=10 B=10 OP=SUB
# # KERNEL: Error: assertion.sv (99):  overfloe flag not triggered in SUB op code
# # KERNEL: UVM_INFO /home/runner/monitor.sv(42) @ 2095: uvm_test_top.env.agent.mon [MON] A=10 B=10 OP=SUB res= 0 C=0 Z=1 N=0 O=0
# # KERNEL: UVM_INFO /home/runner/scoreboard.sv(28) @ 2095: uvm_test_top.env.scb [alu_scoreboard] Scoreboard received item
# # KERNEL: UVM_INFO /home/runner/scoreboard.sv(77) @ 2095: uvm_test_top.env.scb [SCB_PASS] Match! OP=SUB A=10 B=10 | RES=0 Flags=0100
# # KERNEL: UVM_INFO /home/runner/driver.sv(51) @ 2095: uvm_test_top.env.agent.drv [DRV] A=8 B=8 OP=ADD
# # KERNEL: UVM_INFO /home/runner/monitor.sv(42) @ 2115: uvm_test_top.env.agent.mon [MON] A=8 B=8 OP=ADD res= 0 C=1 Z=1 N=0 O=1
# # KERNEL: UVM_INFO /home/runner/scoreboard.sv(28) @ 2115: uvm_test_top.env.scb [alu_scoreboard] Scoreboard received item
# # KERNEL: UVM_INFO /home/runner/scoreboard.sv(77) @ 2115: uvm_test_top.env.scb [SCB_PASS] Match! OP=ADD A=8 B=8 | RES=0 Flags=1101
# # KERNEL: UVM_INFO /home/runner/driver.sv(51) @ 2115: uvm_test_top.env.agent.drv [DRV] A=0 B=1 OP=ADD
# # KERNEL: Error: assertion.sv (78): Carry flag not assserted when there is carry in addition
# # KERNEL: UVM_INFO /home/runner/monitor.sv(42) @ 2135: uvm_test_top.env.agent.mon [MON] A=0 B=1 OP=ADD res= 1 C=0 Z=0 N=0 O=0
# # KERNEL: UVM_INFO /home/runner/scoreboard.sv(28) @ 2135: uvm_test_top.env.scb [alu_scoreboard] Scoreboard received item
# # KERNEL: UVM_INFO /home/runner/scoreboard.sv(77) @ 2135: uvm_test_top.env.scb [SCB_PASS] Match! OP=ADD A=0 B=1 | RES=1 Flags=0000
# # KERNEL: UVM_INFO /home/runner/driver.sv(51) @ 2135: uvm_test_top.env.agent.drv [DRV] A=1 B=0 OP=OR
# # KERNEL: UVM_INFO /home/runner/monitor.sv(42) @ 2155: uvm_test_top.env.agent.mon [MON] A=1 B=0 OP=OR res= 1 C=0 Z=0 N=0 O=0
# # KERNEL: UVM_INFO /home/runner/scoreboard.sv(28) @ 2155: uvm_test_top.env.scb [alu_scoreboard] Scoreboard received item
# # KERNEL: UVM_INFO /home/runner/scoreboard.sv(77) @ 2155: uvm_test_top.env.scb [SCB_PASS] Match! OP=OR A=1 B=0 | RES=1 Flags=0000
# # KERNEL: UVM_INFO /home/runner/driver.sv(51) @ 2155: uvm_test_top.env.agent.drv [DRV] A=2 B=0 OP=OR
# # KERNEL: UVM_INFO /home/runner/monitor.sv(42) @ 2175: uvm_test_top.env.agent.mon [MON] A=2 B=0 OP=OR res= 2 C=0 Z=0 N=0 O=0
# # KERNEL: UVM_INFO /home/runner/scoreboard.sv(28) @ 2175: uvm_test_top.env.scb [alu_scoreboard] Scoreboard received item
# # KERNEL: UVM_INFO /home/runner/scoreboard.sv(77) @ 2175: uvm_test_top.env.scb [SCB_PASS] Match! OP=OR A=2 B=0 | RES=2 Flags=0000
# # KERNEL: UVM_INFO /home/runner/driver.sv(51) @ 2175: uvm_test_top.env.agent.drv [DRV] A=4 B=0 OP=OR
# # KERNEL: UVM_INFO /home/runner/monitor.sv(42) @ 2195: uvm_test_top.env.agent.mon [MON] A=4 B=0 OP=OR res= 4 C=0 Z=0 N=0 O=0
# # KERNEL: UVM_INFO /home/runner/scoreboard.sv(28) @ 2195: uvm_test_top.env.scb [alu_scoreboard] Scoreboard received item
# # KERNEL: UVM_INFO /home/runner/scoreboard.sv(77) @ 2195: uvm_test_top.env.scb [SCB_PASS] Match! OP=OR A=4 B=0 | RES=4 Flags=0000
# # KERNEL: UVM_INFO /home/runner/driver.sv(51) @ 2195: uvm_test_top.env.agent.drv [DRV] A=8 B=0 OP=OR
# # KERNEL: UVM_INFO /home/runner/monitor.sv(42) @ 2215: uvm_test_top.env.agent.mon [MON] A=8 B=0 OP=OR res= 8 C=0 Z=0 N=1 O=0
# # KERNEL: UVM_INFO /home/runner/scoreboard.sv(28) @ 2215: uvm_test_top.env.scb [alu_scoreboard] Scoreboard received item
# # KERNEL: UVM_INFO /home/runner/scoreboard.sv(77) @ 2215: uvm_test_top.env.scb [SCB_PASS] Match! OP=OR A=8 B=0 | RES=8 Flags=0010
# # KERNEL: UVM_INFO /home/runner/driver.sv(51) @ 2215: uvm_test_top.env.agent.drv [DRV] A=8 B=0 OP=SHL
# # KERNEL: UVM_INFO /home/runner/monitor.sv(42) @ 2235: uvm_test_top.env.agent.mon [MON] A=8 B=0 OP=SHL res= 0 C=0 Z=1 N=0 O=0
# # KERNEL: UVM_INFO /home/runner/scoreboard.sv(28) @ 2235: uvm_test_top.env.scb [alu_scoreboard] Scoreboard received item
# # KERNEL: UVM_INFO /home/runner/scoreboard.sv(77) @ 2235: uvm_test_top.env.scb [SCB_PASS] Match! OP=SHL A=8 B=0 | RES=0 Flags=0100
# # KERNEL: UVM_INFO /home/runner/driver.sv(51) @ 2235: uvm_test_top.env.agent.drv [DRV] A=1 B=0 OP=SHR
# # RCKERNEL: Warning: RC_0024 sequence2.sv(39): Randomization failed. The condition of randomize call cannot be satisfied.
# # RCKERNEL: Info: RC_0103 sequence2.sv(39): ... the following condition cannot be met: (this.tr.a==1010)
# # RCKERNEL: Info: RC_1007 seq_item.sv(12): ... see class 'alu_item' declaration.
# # KERNEL: UVM_WARNING /home/runner/sequence2.sv(39) @ 2235: uvm_test_top.env.agent.sqr@@s2 [RNDFLD] Randomization failed in uvm_do_with action
# # KERNEL: UVM_INFO /home/runner/monitor.sv(42) @ 2255: uvm_test_top.env.agent.mon [MON] A=1 B=0 OP=SHR res= 0 C=0 Z=1 N=0 O=0
# # KERNEL: UVM_INFO /home/runner/scoreboard.sv(28) @ 2255: uvm_test_top.env.scb [alu_scoreboard] Scoreboard received item
# # KERNEL: UVM_INFO /home/runner/scoreboard.sv(77) @ 2255: uvm_test_top.env.scb [SCB_PASS] Match! OP=SHR A=1 B=0 | RES=0 Flags=0100
# # KERNEL: UVM_INFO /home/runner/driver.sv(51) @ 2255: uvm_test_top.env.agent.drv [DRV] A=x B=x OP=
# # KERNEL: UVM_INFO /home/runner/master_seq.sv(26) @ 2255: uvm_test_top.env.agent.sqr@@seq [MASTER_SEQ] Starting Sequence 3...
# # KERNEL: UVM_INFO /home/runner/sequence3.sv(11) @ 2255: uvm_test_top.env.agent.sqr@@s3 [alu_stress_seq] Starting stress seq  Stimulus for all ports...
# # KERNEL: UVM_INFO /home/runner/monitor.sv(42) @ 2275: uvm_test_top.env.agent.mon [MON] A=x B=x OP= res= 0 C=0 Z=1 N=0 O=0
# # ACDB: Error: ACDB_0013 alu_coverage.sv (30): Illegal enum bin was hit with value 'xxx' at iteration #114 of covergroup sampling. It will have no impact on the coverage statistics. HDL instance: "/\package alu_pkg\/alu_coverage". Covergroup type: "alu_cg", covergroup instance: "<UNNAMED1>", coverpoint: "cp_op".
# # KERNEL: UVM_INFO /home/runner/scoreboard.sv(28) @ 2275: uvm_test_top.env.scb [alu_scoreboard] Scoreboard received item
# # KERNEL: UVM_INFO /home/runner/driver.sv(51) @ 2275: uvm_test_top.env.agent.drv [DRV] A=8 B=7 OP=XOR
# # KERNEL: UVM_INFO /home/runner/monitor.sv(42) @ 2295: uvm_test_top.env.agent.mon [MON] A=8 B=7 OP=XOR res=15 C=0 Z=0 N=1 O=0
# # KERNEL: UVM_INFO /home/runner/scoreboard.sv(28) @ 2295: uvm_test_top.env.scb [alu_scoreboard] Scoreboard received item
# # KERNEL: UVM_INFO /home/runner/scoreboard.sv(77) @ 2295: uvm_test_top.env.scb [SCB_PASS] Match! OP=XOR A=8 B=7 | RES=15 Flags=0010
# # KERNEL: UVM_INFO /home/runner/driver.sv(51) @ 2295: uvm_test_top.env.agent.drv [DRV] A=10 B=14 OP=SHL
# # KERNEL: UVM_INFO /home/runner/monitor.sv(42) @ 2315: uvm_test_top.env.agent.mon [MON] A=10 B=14 OP=SHL res= 4 C=0 Z=0 N=0 O=0
# # KERNEL: UVM_INFO /home/runner/scoreboard.sv(28) @ 2315: uvm_test_top.env.scb [alu_scoreboard] Scoreboard received item
# # KERNEL: UVM_INFO /home/runner/scoreboard.sv(77) @ 2315: uvm_test_top.env.scb [SCB_PASS] Match! OP=SHL A=10 B=14 | RES=4 Flags=0000
# # KERNEL: UVM_INFO /home/runner/driver.sv(51) @ 2315: uvm_test_top.env.agent.drv [DRV] A=15 B=15 OP=SUB
# # KERNEL: Error: assertion.sv (106): Borrow/Carry not set in SUB
# # KERNEL: UVM_INFO /home/runner/monitor.sv(42) @ 2335: uvm_test_top.env.agent.mon [MON] A=15 B=15 OP=SUB res= 0 C=0 Z=1 N=0 O=0
# # KERNEL: UVM_INFO /home/runner/scoreboard.sv(28) @ 2335: uvm_test_top.env.scb [alu_scoreboard] Scoreboard received item
# # KERNEL: UVM_INFO /home/runner/scoreboard.sv(77) @ 2335: uvm_test_top.env.scb [SCB_PASS] Match! OP=SUB A=15 B=15 | RES=0 Flags=0100
# # KERNEL: UVM_INFO /home/runner/driver.sv(51) @ 2335: uvm_test_top.env.agent.drv [DRV] A=14 B=15 OP=NOT
# # KERNEL: UVM_INFO /home/runner/monitor.sv(42) @ 2355: uvm_test_top.env.agent.mon [MON] A=14 B=15 OP=NOT res= 1 C=0 Z=0 N=0 O=0
# # KERNEL: UVM_INFO /home/runner/scoreboard.sv(28) @ 2355: uvm_test_top.env.scb [alu_scoreboard] Scoreboard received item
# # KERNEL: UVM_INFO /home/runner/scoreboard.sv(77) @ 2355: uvm_test_top.env.scb [SCB_PASS] Match! OP=NOT A=14 B=15 | RES=1 Flags=0000
# # KERNEL: UVM_INFO /home/runner/driver.sv(51) @ 2355: uvm_test_top.env.agent.drv [DRV] A=5 B=15 OP=SHR
# # KERNEL: UVM_INFO /home/runner/monitor.sv(42) @ 2375: uvm_test_top.env.agent.mon [MON] A=5 B=15 OP=SHR res= 2 C=0 Z=0 N=0 O=0
# # KERNEL: UVM_INFO /home/runner/scoreboard.sv(28) @ 2375: uvm_test_top.env.scb [alu_scoreboard] Scoreboard received item
# # KERNEL: UVM_INFO /home/runner/scoreboard.sv(77) @ 2375: uvm_test_top.env.scb [SCB_PASS] Match! OP=SHR A=5 B=15 | RES=2 Flags=0000
# # KERNEL: UVM_INFO /home/runner/driver.sv(51) @ 2375: uvm_test_top.env.agent.drv [DRV] A=3 B=0 OP=SHL
# # KERNEL: UVM_INFO /home/runner/monitor.sv(42) @ 2395: uvm_test_top.env.agent.mon [MON] A=3 B=0 OP=SHL res= 6 C=0 Z=0 N=0 O=0
# # KERNEL: UVM_INFO /home/runner/scoreboard.sv(28) @ 2395: uvm_test_top.env.scb [alu_scoreboard] Scoreboard received item
# # KERNEL: UVM_INFO /home/runner/scoreboard.sv(77) @ 2395: uvm_test_top.env.scb [SCB_PASS] Match! OP=SHL A=3 B=0 | RES=6 Flags=0000
# # KERNEL: UVM_INFO /home/runner/driver.sv(51) @ 2395: uvm_test_top.env.agent.drv [DRV] A=8 B=3 OP=SHL
# # KERNEL: UVM_INFO /home/runner/monitor.sv(42) @ 2415: uvm_test_top.env.agent.mon [MON] A=8 B=3 OP=SHL res= 0 C=0 Z=1 N=0 O=0
# # KERNEL: UVM_INFO /home/runner/scoreboard.sv(28) @ 2415: uvm_test_top.env.scb [alu_scoreboard] Scoreboard received item
# # KERNEL: UVM_INFO /home/runner/scoreboard.sv(77) @ 2415: uvm_test_top.env.scb [SCB_PASS] Match! OP=SHL A=8 B=3 | RES=0 Flags=0100
# # KERNEL: UVM_INFO /home/runner/driver.sv(51) @ 2415: uvm_test_top.env.agent.drv [DRV] A=0 B=8 OP=ADD
# # KERNEL: UVM_INFO /home/runner/monitor.sv(42) @ 2435: uvm_test_top.env.agent.mon [MON] A=0 B=8 OP=ADD res= 8 C=0 Z=0 N=1 O=0
# # KERNEL: UVM_INFO /home/runner/scoreboard.sv(28) @ 2435: uvm_test_top.env.scb [alu_scoreboard] Scoreboard received item
# # KERNEL: UVM_INFO /home/runner/scoreboard.sv(77) @ 2435: uvm_test_top.env.scb [SCB_PASS] Match! OP=ADD A=0 B=8 | RES=8 Flags=0010
# # KERNEL: UVM_INFO /home/runner/driver.sv(51) @ 2435: uvm_test_top.env.agent.drv [DRV] A=7 B=15 OP=SHL
# # KERNEL: UVM_INFO /home/runner/monitor.sv(42) @ 2455: uvm_test_top.env.agent.mon [MON] A=7 B=15 OP=SHL res=14 C=0 Z=0 N=1 O=0
# # KERNEL: UVM_INFO /home/runner/scoreboard.sv(28) @ 2455: uvm_test_top.env.scb [alu_scoreboard] Scoreboard received item
# # KERNEL: UVM_INFO /home/runner/scoreboard.sv(77) @ 2455: uvm_test_top.env.scb [SCB_PASS] Match! OP=SHL A=7 B=15 | RES=14 Flags=0010
# # KERNEL: UVM_INFO /home/runner/driver.sv(51) @ 2455: uvm_test_top.env.agent.drv [DRV] A=2 B=5 OP=XOR
# # KERNEL: UVM_INFO /home/runner/monitor.sv(42) @ 2475: uvm_test_top.env.agent.mon [MON] A=2 B=5 OP=XOR res= 7 C=0 Z=0 N=0 O=0
# # KERNEL: UVM_INFO /home/runner/scoreboard.sv(28) @ 2475: uvm_test_top.env.scb [alu_scoreboard] Scoreboard received item
# # KERNEL: UVM_INFO /home/runner/scoreboard.sv(77) @ 2475: uvm_test_top.env.scb [SCB_PASS] Match! OP=XOR A=2 B=5 | RES=7 Flags=0000
# # KERNEL: UVM_INFO /home/runner/driver.sv(51) @ 2475: uvm_test_top.env.agent.drv [DRV] A=6 B=15 OP=AND
# # KERNEL: UVM_INFO /home/runner/monitor.sv(42) @ 2495: uvm_test_top.env.agent.mon [MON] A=6 B=15 OP=AND res= 6 C=0 Z=0 N=0 O=0
# # KERNEL: UVM_INFO /home/runner/scoreboard.sv(28) @ 2495: uvm_test_top.env.scb [alu_scoreboard] Scoreboard received item
# # KERNEL: UVM_INFO /home/runner/scoreboard.sv(77) @ 2495: uvm_test_top.env.scb [SCB_PASS] Match! OP=AND A=6 B=15 | RES=6 Flags=0000
# # KERNEL: UVM_INFO /home/runner/driver.sv(51) @ 2495: uvm_test_top.env.agent.drv [DRV] A=15 B=14 OP=OR
# # KERNEL: UVM_INFO /home/runner/monitor.sv(42) @ 2515: uvm_test_top.env.agent.mon [MON] A=15 B=14 OP=OR res=15 C=0 Z=0 N=1 O=0
# # KERNEL: UVM_INFO /home/runner/scoreboard.sv(28) @ 2515: uvm_test_top.env.scb [alu_scoreboard] Scoreboard received item
# # KERNEL: UVM_INFO /home/runner/scoreboard.sv(77) @ 2515: uvm_test_top.env.scb [SCB_PASS] Match! OP=OR A=15 B=14 | RES=15 Flags=0010
# # KERNEL: UVM_INFO /home/runner/driver.sv(51) @ 2515: uvm_test_top.env.agent.drv [DRV] A=0 B=6 OP=SUB
# # KERNEL: UVM_INFO /home/runner/monitor.sv(42) @ 2535: uvm_test_top.env.agent.mon [MON] A=0 B=6 OP=SUB res=10 C=1 Z=0 N=1 O=0
# # KERNEL: UVM_INFO /home/runner/scoreboard.sv(28) @ 2535: uvm_test_top.env.scb [alu_scoreboard] Scoreboard received item
# # KERNEL: UVM_INFO /home/runner/scoreboard.sv(77) @ 2535: uvm_test_top.env.scb [SCB_PASS] Match! OP=SUB A=0 B=6 | RES=10 Flags=1010
# # KERNEL: UVM_INFO /home/runner/driver.sv(51) @ 2535: uvm_test_top.env.agent.drv [DRV] A=13 B=2 OP=SHR
# # KERNEL: Error: assertion.sv (42): Logical operation using flags which is wrong
# # KERNEL: UVM_INFO /home/runner/monitor.sv(42) @ 2555: uvm_test_top.env.agent.mon [MON] A=13 B=2 OP=SHR res= 6 C=0 Z=0 N=0 O=0
# # KERNEL: UVM_INFO /home/runner/scoreboard.sv(28) @ 2555: uvm_test_top.env.scb [alu_scoreboard] Scoreboard received item
# # KERNEL: UVM_INFO /home/runner/scoreboard.sv(77) @ 2555: uvm_test_top.env.scb [SCB_PASS] Match! OP=SHR A=13 B=2 | RES=6 Flags=0000
# # KERNEL: UVM_INFO /home/runner/driver.sv(51) @ 2555: uvm_test_top.env.agent.drv [DRV] A=15 B=1 OP=OR
# # KERNEL: UVM_INFO /home/runner/monitor.sv(42) @ 2575: uvm_test_top.env.agent.mon [MON] A=15 B=1 OP=OR res=15 C=0 Z=0 N=1 O=0
# # KERNEL: UVM_INFO /home/runner/scoreboard.sv(28) @ 2575: uvm_test_top.env.scb [alu_scoreboard] Scoreboard received item
# # KERNEL: UVM_INFO /home/runner/scoreboard.sv(77) @ 2575: uvm_test_top.env.scb [SCB_PASS] Match! OP=OR A=15 B=1 | RES=15 Flags=0010
# # KERNEL: UVM_INFO /home/runner/driver.sv(51) @ 2575: uvm_test_top.env.agent.drv [DRV] A=15 B=9 OP=SHL
# # KERNEL: UVM_INFO /home/runner/monitor.sv(42) @ 2595: uvm_test_top.env.agent.mon [MON] A=15 B=9 OP=SHL res=14 C=0 Z=0 N=1 O=0
# # KERNEL: UVM_INFO /home/runner/scoreboard.sv(28) @ 2595: uvm_test_top.env.scb [alu_scoreboard] Scoreboard received item
# # KERNEL: UVM_INFO /home/runner/scoreboard.sv(77) @ 2595: uvm_test_top.env.scb [SCB_PASS] Match! OP=SHL A=15 B=9 | RES=14 Flags=0010
# # KERNEL: UVM_INFO /home/runner/driver.sv(51) @ 2595: uvm_test_top.env.agent.drv [DRV] A=15 B=10 OP=SHL
# # KERNEL: UVM_INFO /home/runner/monitor.sv(42) @ 2615: uvm_test_top.env.agent.mon [MON] A=15 B=10 OP=SHL res=14 C=0 Z=0 N=1 O=0
# # KERNEL: UVM_INFO /home/runner/scoreboard.sv(28) @ 2615: uvm_test_top.env.scb [alu_scoreboard] Scoreboard received item
# # KERNEL: UVM_INFO /home/runner/scoreboard.sv(77) @ 2615: uvm_test_top.env.scb [SCB_PASS] Match! OP=SHL A=15 B=10 | RES=14 Flags=0010
# # KERNEL: UVM_INFO /home/runner/driver.sv(51) @ 2615: uvm_test_top.env.agent.drv [DRV] A=12 B=9 OP=ADD
# # KERNEL: UVM_INFO /home/runner/monitor.sv(42) @ 2635: uvm_test_top.env.agent.mon [MON] A=12 B=9 OP=ADD res= 5 C=1 Z=0 N=0 O=1
# # KERNEL: UVM_INFO /home/runner/scoreboard.sv(28) @ 2635: uvm_test_top.env.scb [alu_scoreboard] Scoreboard received item
# # KERNEL: UVM_INFO /home/runner/scoreboard.sv(77) @ 2635: uvm_test_top.env.scb [SCB_PASS] Match! OP=ADD A=12 B=9 | RES=5 Flags=1001
# # KERNEL: UVM_INFO /home/runner/driver.sv(51) @ 2635: uvm_test_top.env.agent.drv [DRV] A=14 B=15 OP=XOR
# # KERNEL: Error: assertion.sv (42): Logical operation using flags which is wrong
# # KERNEL: UVM_INFO /home/runner/monitor.sv(42) @ 2655: uvm_test_top.env.agent.mon [MON] A=14 B=15 OP=XOR res= 1 C=0 Z=0 N=0 O=0
# # KERNEL: UVM_INFO /home/runner/scoreboard.sv(28) @ 2655: uvm_test_top.env.scb [alu_scoreboard] Scoreboard received item
# # KERNEL: UVM_INFO /home/runner/scoreboard.sv(77) @ 2655: uvm_test_top.env.scb [SCB_PASS] Match! OP=XOR A=14 B=15 | RES=1 Flags=0000
# # KERNEL: UVM_INFO /home/runner/driver.sv(51) @ 2655: uvm_test_top.env.agent.drv [DRV] A=15 B=11 OP=SHR
# # KERNEL: UVM_INFO /home/runner/monitor.sv(42) @ 2675: uvm_test_top.env.agent.mon [MON] A=15 B=11 OP=SHR res= 7 C=0 Z=0 N=0 O=0
# # KERNEL: UVM_INFO /home/runner/scoreboard.sv(28) @ 2675: uvm_test_top.env.scb [alu_scoreboard] Scoreboard received item
# # KERNEL: UVM_INFO /home/runner/scoreboard.sv(77) @ 2675: uvm_test_top.env.scb [SCB_PASS] Match! OP=SHR A=15 B=11 | RES=7 Flags=0000
# # KERNEL: UVM_INFO /home/runner/driver.sv(51) @ 2675: uvm_test_top.env.agent.drv [DRV] A=5 B=0 OP=OR
# # KERNEL: UVM_INFO /home/runner/monitor.sv(42) @ 2695: uvm_test_top.env.agent.mon [MON] A=5 B=0 OP=OR res= 5 C=0 Z=0 N=0 O=0
# # KERNEL: UVM_INFO /home/runner/scoreboard.sv(28) @ 2695: uvm_test_top.env.scb [alu_scoreboard] Scoreboard received item
# # KERNEL: UVM_INFO /home/runner/scoreboard.sv(77) @ 2695: uvm_test_top.env.scb [SCB_PASS] Match! OP=OR A=5 B=0 | RES=5 Flags=0000
# # KERNEL: UVM_INFO /home/runner/driver.sv(51) @ 2695: uvm_test_top.env.agent.drv [DRV] A=3 B=6 OP=SHR
# # KERNEL: UVM_INFO /home/runner/monitor.sv(42) @ 2715: uvm_test_top.env.agent.mon [MON] A=3 B=6 OP=SHR res= 1 C=0 Z=0 N=0 O=0
# # KERNEL: UVM_INFO /home/runner/scoreboard.sv(28) @ 2715: uvm_test_top.env.scb [alu_scoreboard] Scoreboard received item
# # KERNEL: UVM_INFO /home/runner/scoreboard.sv(77) @ 2715: uvm_test_top.env.scb [SCB_PASS] Match! OP=SHR A=3 B=6 | RES=1 Flags=0000
# # KERNEL: UVM_INFO /home/runner/driver.sv(51) @ 2715: uvm_test_top.env.agent.drv [DRV] A=1 B=0 OP=NOT
# # KERNEL: UVM_INFO /home/runner/monitor.sv(42) @ 2735: uvm_test_top.env.agent.mon [MON] A=1 B=0 OP=NOT res=14 C=0 Z=0 N=1 O=0
# # KERNEL: UVM_INFO /home/runner/scoreboard.sv(28) @ 2735: uvm_test_top.env.scb [alu_scoreboard] Scoreboard received item
# # KERNEL: UVM_INFO /home/runner/scoreboard.sv(77) @ 2735: uvm_test_top.env.scb [SCB_PASS] Match! OP=NOT A=1 B=0 | RES=14 Flags=0010
# # KERNEL: UVM_INFO /home/runner/driver.sv(51) @ 2735: uvm_test_top.env.agent.drv [DRV] A=10 B=1 OP=SHL
# # KERNEL: UVM_INFO /home/runner/monitor.sv(42) @ 2755: uvm_test_top.env.agent.mon [MON] A=10 B=1 OP=SHL res= 4 C=0 Z=0 N=0 O=0
# # KERNEL: UVM_INFO /home/runner/scoreboard.sv(28) @ 2755: uvm_test_top.env.scb [alu_scoreboard] Scoreboard received item
# # KERNEL: UVM_INFO /home/runner/scoreboard.sv(77) @ 2755: uvm_test_top.env.scb [SCB_PASS] Match! OP=SHL A=10 B=1 | RES=4 Flags=0000
# # KERNEL: UVM_INFO /home/runner/driver.sv(51) @ 2755: uvm_test_top.env.agent.drv [DRV] A=10 B=15 OP=ADD
# # KERNEL: UVM_INFO /home/runner/monitor.sv(42) @ 2775: uvm_test_top.env.agent.mon [MON] A=10 B=15 OP=ADD res= 9 C=1 Z=0 N=1 O=0
# # KERNEL: UVM_INFO /home/runner/scoreboard.sv(28) @ 2775: uvm_test_top.env.scb [alu_scoreboard] Scoreboard received item
# # KERNEL: UVM_INFO /home/runner/scoreboard.sv(77) @ 2775: uvm_test_top.env.scb [SCB_PASS] Match! OP=ADD A=10 B=15 | RES=9 Flags=1010
# # KERNEL: UVM_INFO /home/runner/driver.sv(51) @ 2775: uvm_test_top.env.agent.drv [DRV] A=12 B=15 OP=ADD
# # KERNEL: UVM_INFO /home/runner/monitor.sv(42) @ 2795: uvm_test_top.env.agent.mon [MON] A=12 B=15 OP=ADD res=11 C=1 Z=0 N=1 O=0
# # KERNEL: UVM_INFO /home/runner/scoreboard.sv(28) @ 2795: uvm_test_top.env.scb [alu_scoreboard] Scoreboard received item
# # KERNEL: UVM_INFO /home/runner/scoreboard.sv(77) @ 2795: uvm_test_top.env.scb [SCB_PASS] Match! OP=ADD A=12 B=15 | RES=11 Flags=1010
# # KERNEL: UVM_INFO /home/runner/driver.sv(51) @ 2795: uvm_test_top.env.agent.drv [DRV] A=15 B=15 OP=SHR
# # KERNEL: Error: assertion.sv (42): Logical operation using flags which is wrong
# # KERNEL: UVM_INFO /home/runner/monitor.sv(42) @ 2815: uvm_test_top.env.agent.mon [MON] A=15 B=15 OP=SHR res= 7 C=0 Z=0 N=0 O=0
# # KERNEL: UVM_INFO /home/runner/scoreboard.sv(28) @ 2815: uvm_test_top.env.scb [alu_scoreboard] Scoreboard received item
# # KERNEL: UVM_INFO /home/runner/scoreboard.sv(77) @ 2815: uvm_test_top.env.scb [SCB_PASS] Match! OP=SHR A=15 B=15 | RES=7 Flags=0000
# # KERNEL: UVM_INFO /home/runner/driver.sv(51) @ 2815: uvm_test_top.env.agent.drv [DRV] A=0 B=13 OP=SHR
# # KERNEL: UVM_INFO /home/runner/monitor.sv(42) @ 2835: uvm_test_top.env.agent.mon [MON] A=0 B=13 OP=SHR res= 0 C=0 Z=1 N=0 O=0
# # KERNEL: UVM_INFO /home/runner/scoreboard.sv(28) @ 2835: uvm_test_top.env.scb [alu_scoreboard] Scoreboard received item
# # KERNEL: UVM_INFO /home/runner/scoreboard.sv(77) @ 2835: uvm_test_top.env.scb [SCB_PASS] Match! OP=SHR A=0 B=13 | RES=0 Flags=0100
# # KERNEL: UVM_INFO /home/runner/driver.sv(51) @ 2835: uvm_test_top.env.agent.drv [DRV] A=15 B=5 OP=NOT
# # KERNEL: UVM_INFO /home/runner/monitor.sv(42) @ 2855: uvm_test_top.env.agent.mon [MON] A=15 B=5 OP=NOT res= 0 C=0 Z=1 N=0 O=0
# # KERNEL: UVM_INFO /home/runner/scoreboard.sv(28) @ 2855: uvm_test_top.env.scb [alu_scoreboard] Scoreboard received item
# # KERNEL: UVM_INFO /home/runner/scoreboard.sv(77) @ 2855: uvm_test_top.env.scb [SCB_PASS] Match! OP=NOT A=15 B=5 | RES=0 Flags=0100
# # KERNEL: UVM_INFO /home/runner/driver.sv(51) @ 2855: uvm_test_top.env.agent.drv [DRV] A=3 B=0 OP=ADD
# # KERNEL: Error: assertion.sv (78): Carry flag not assserted when there is carry in addition
# # KERNEL: UVM_INFO /home/runner/monitor.sv(42) @ 2875: uvm_test_top.env.agent.mon [MON] A=3 B=0 OP=ADD res= 3 C=0 Z=0 N=0 O=0
# # KERNEL: UVM_INFO /home/runner/scoreboard.sv(28) @ 2875: uvm_test_top.env.scb [alu_scoreboard] Scoreboard received item
# # KERNEL: UVM_INFO /home/runner/scoreboard.sv(77) @ 2875: uvm_test_top.env.scb [SCB_PASS] Match! OP=ADD A=3 B=0 | RES=3 Flags=0000
# # KERNEL: UVM_INFO /home/runner/driver.sv(51) @ 2875: uvm_test_top.env.agent.drv [DRV] A=10 B=13 OP=SHL
# # KERNEL: UVM_INFO /home/runner/monitor.sv(42) @ 2895: uvm_test_top.env.agent.mon [MON] A=10 B=13 OP=SHL res= 4 C=0 Z=0 N=0 O=0
# # KERNEL: UVM_INFO /home/runner/scoreboard.sv(28) @ 2895: uvm_test_top.env.scb [alu_scoreboard] Scoreboard received item
# # KERNEL: UVM_INFO /home/runner/scoreboard.sv(77) @ 2895: uvm_test_top.env.scb [SCB_PASS] Match! OP=SHL A=10 B=13 | RES=4 Flags=0000
# # KERNEL: UVM_INFO /home/runner/driver.sv(51) @ 2895: uvm_test_top.env.agent.drv [DRV] A=2 B=10 OP=XOR
# # KERNEL: UVM_INFO /home/runner/monitor.sv(42) @ 2915: uvm_test_top.env.agent.mon [MON] A=2 B=10 OP=XOR res= 8 C=0 Z=0 N=1 O=0
# # KERNEL: UVM_INFO /home/runner/scoreboard.sv(28) @ 2915: uvm_test_top.env.scb [alu_scoreboard] Scoreboard received item
# # KERNEL: UVM_INFO /home/runner/scoreboard.sv(77) @ 2915: uvm_test_top.env.scb [SCB_PASS] Match! OP=XOR A=2 B=10 | RES=8 Flags=0010
# # KERNEL: UVM_INFO /home/runner/driver.sv(51) @ 2915: uvm_test_top.env.agent.drv [DRV] A=0 B=15 OP=SHL
# # KERNEL: UVM_INFO /home/runner/monitor.sv(42) @ 2935: uvm_test_top.env.agent.mon [MON] A=0 B=15 OP=SHL res= 0 C=0 Z=1 N=0 O=0
# # KERNEL: UVM_INFO /home/runner/scoreboard.sv(28) @ 2935: uvm_test_top.env.scb [alu_scoreboard] Scoreboard received item
# # KERNEL: UVM_INFO /home/runner/scoreboard.sv(77) @ 2935: uvm_test_top.env.scb [SCB_PASS] Match! OP=SHL A=0 B=15 | RES=0 Flags=0100
# # KERNEL: UVM_INFO /home/runner/driver.sv(51) @ 2935: uvm_test_top.env.agent.drv [DRV] A=15 B=8 OP=SHL
# # KERNEL: UVM_INFO /home/runner/monitor.sv(42) @ 2955: uvm_test_top.env.agent.mon [MON] A=15 B=8 OP=SHL res=14 C=0 Z=0 N=1 O=0
# # KERNEL: UVM_INFO /home/runner/scoreboard.sv(28) @ 2955: uvm_test_top.env.scb [alu_scoreboard] Scoreboard received item
# # KERNEL: UVM_INFO /home/runner/scoreboard.sv(77) @ 2955: uvm_test_top.env.scb [SCB_PASS] Match! OP=SHL A=15 B=8 | RES=14 Flags=0010
# # KERNEL: UVM_INFO /home/runner/driver.sv(51) @ 2955: uvm_test_top.env.agent.drv [DRV] A=14 B=0 OP=ADD
# # KERNEL: Error: assertion.sv (78): Carry flag not assserted when there is carry in addition
# # KERNEL: UVM_INFO /home/runner/monitor.sv(42) @ 2975: uvm_test_top.env.agent.mon [MON] A=14 B=0 OP=ADD res=14 C=0 Z=0 N=1 O=0
# # KERNEL: UVM_INFO /home/runner/scoreboard.sv(28) @ 2975: uvm_test_top.env.scb [alu_scoreboard] Scoreboard received item
# # KERNEL: UVM_INFO /home/runner/scoreboard.sv(77) @ 2975: uvm_test_top.env.scb [SCB_PASS] Match! OP=ADD A=14 B=0 | RES=14 Flags=0010
# # KERNEL: UVM_INFO /home/runner/driver.sv(51) @ 2975: uvm_test_top.env.agent.drv [DRV] A=15 B=15 OP=NOT
# # KERNEL: UVM_INFO /home/runner/monitor.sv(42) @ 2995: uvm_test_top.env.agent.mon [MON] A=15 B=15 OP=NOT res= 0 C=0 Z=1 N=0 O=0
# # KERNEL: UVM_INFO /home/runner/scoreboard.sv(28) @ 2995: uvm_test_top.env.scb [alu_scoreboard] Scoreboard received item
# # KERNEL: UVM_INFO /home/runner/scoreboard.sv(77) @ 2995: uvm_test_top.env.scb [SCB_PASS] Match! OP=NOT A=15 B=15 | RES=0 Flags=0100
# # KERNEL: UVM_INFO /home/runner/driver.sv(51) @ 2995: uvm_test_top.env.agent.drv [DRV] A=6 B=7 OP=SUB
# # KERNEL: UVM_INFO /home/runner/monitor.sv(42) @ 3015: uvm_test_top.env.agent.mon [MON] A=6 B=7 OP=SUB res=15 C=1 Z=0 N=1 O=0
# # KERNEL: UVM_INFO /home/runner/scoreboard.sv(28) @ 3015: uvm_test_top.env.scb [alu_scoreboard] Scoreboard received item
# # KERNEL: UVM_INFO /home/runner/scoreboard.sv(77) @ 3015: uvm_test_top.env.scb [SCB_PASS] Match! OP=SUB A=6 B=7 | RES=15 Flags=1010
# # KERNEL: UVM_INFO /home/runner/driver.sv(51) @ 3015: uvm_test_top.env.agent.drv [DRV] A=5 B=9 OP=SUB
# # KERNEL: UVM_INFO /home/runner/monitor.sv(42) @ 3035: uvm_test_top.env.agent.mon [MON] A=5 B=9 OP=SUB res=12 C=1 Z=0 N=1 O=1
# # KERNEL: UVM_INFO /home/runner/scoreboard.sv(28) @ 3035: uvm_test_top.env.scb [alu_scoreboard] Scoreboard received item
# # KERNEL: UVM_INFO /home/runner/scoreboard.sv(77) @ 3035: uvm_test_top.env.scb [SCB_PASS] Match! OP=SUB A=5 B=9 | RES=12 Flags=1011
# # KERNEL: UVM_INFO /home/runner/driver.sv(51) @ 3035: uvm_test_top.env.agent.drv [DRV] A=12 B=0 OP=SUB
# # KERNEL: Error: assertion.sv (106): Borrow/Carry not set in SUB
# # KERNEL: UVM_INFO /home/runner/monitor.sv(42) @ 3055: uvm_test_top.env.agent.mon [MON] A=12 B=0 OP=SUB res=12 C=0 Z=0 N=1 O=0
# # KERNEL: UVM_INFO /home/runner/scoreboard.sv(28) @ 3055: uvm_test_top.env.scb [alu_scoreboard] Scoreboard received item
# # KERNEL: UVM_INFO /home/runner/scoreboard.sv(77) @ 3055: uvm_test_top.env.scb [SCB_PASS] Match! OP=SUB A=12 B=0 | RES=12 Flags=0010
# # KERNEL: UVM_INFO /home/runner/driver.sv(51) @ 3055: uvm_test_top.env.agent.drv [DRV] A=11 B=3 OP=AND
# # KERNEL: UVM_INFO /home/runner/monitor.sv(42) @ 3075: uvm_test_top.env.agent.mon [MON] A=11 B=3 OP=AND res= 3 C=0 Z=0 N=0 O=0
# # KERNEL: UVM_INFO /home/runner/scoreboard.sv(28) @ 3075: uvm_test_top.env.scb [alu_scoreboard] Scoreboard received item
# # KERNEL: UVM_INFO /home/runner/scoreboard.sv(77) @ 3075: uvm_test_top.env.scb [SCB_PASS] Match! OP=AND A=11 B=3 | RES=3 Flags=0000
# # KERNEL: UVM_INFO /home/runner/driver.sv(51) @ 3075: uvm_test_top.env.agent.drv [DRV] A=11 B=10 OP=SHL
# # KERNEL: UVM_INFO /home/runner/monitor.sv(42) @ 3095: uvm_test_top.env.agent.mon [MON] A=11 B=10 OP=SHL res= 6 C=0 Z=0 N=0 O=0
# # KERNEL: UVM_INFO /home/runner/scoreboard.sv(28) @ 3095: uvm_test_top.env.scb [alu_scoreboard] Scoreboard received item
# # KERNEL: UVM_INFO /home/runner/scoreboard.sv(77) @ 3095: uvm_test_top.env.scb [SCB_PASS] Match! OP=SHL A=11 B=10 | RES=6 Flags=0000
# # KERNEL: UVM_INFO /home/runner/driver.sv(51) @ 3095: uvm_test_top.env.agent.drv [DRV] A=2 B=6 OP=XOR
# # KERNEL: UVM_INFO /home/runner/monitor.sv(42) @ 3115: uvm_test_top.env.agent.mon [MON] A=2 B=6 OP=XOR res= 4 C=0 Z=0 N=0 O=0
# # KERNEL: UVM_INFO /home/runner/scoreboard.sv(28) @ 3115: uvm_test_top.env.scb [alu_scoreboard] Scoreboard received item
# # KERNEL: UVM_INFO /home/runner/scoreboard.sv(77) @ 3115: uvm_test_top.env.scb [SCB_PASS] Match! OP=XOR A=2 B=6 | RES=4 Flags=0000
# # KERNEL: UVM_INFO /home/runner/driver.sv(51) @ 3115: uvm_test_top.env.agent.drv [DRV] A=5 B=9 OP=NOT
# # KERNEL: UVM_INFO /home/runner/monitor.sv(42) @ 3135: uvm_test_top.env.agent.mon [MON] A=5 B=9 OP=NOT res=10 C=0 Z=0 N=1 O=0
# # KERNEL: UVM_INFO /home/runner/scoreboard.sv(28) @ 3135: uvm_test_top.env.scb [alu_scoreboard] Scoreboard received item
# # KERNEL: UVM_INFO /home/runner/scoreboard.sv(77) @ 3135: uvm_test_top.env.scb [SCB_PASS] Match! OP=NOT A=5 B=9 | RES=10 Flags=0010
# # KERNEL: UVM_INFO /home/runner/driver.sv(51) @ 3135: uvm_test_top.env.agent.drv [DRV] A=7 B=11 OP=NOT
# # KERNEL: UVM_INFO /home/runner/monitor.sv(42) @ 3155: uvm_test_top.env.agent.mon [MON] A=7 B=11 OP=NOT res= 8 C=0 Z=0 N=1 O=0
# # KERNEL: UVM_INFO /home/runner/scoreboard.sv(28) @ 3155: uvm_test_top.env.scb [alu_scoreboard] Scoreboard received item
# # KERNEL: UVM_INFO /home/runner/scoreboard.sv(77) @ 3155: uvm_test_top.env.scb [SCB_PASS] Match! OP=NOT A=7 B=11 | RES=8 Flags=0010
# # KERNEL: UVM_INFO /home/runner/driver.sv(51) @ 3155: uvm_test_top.env.agent.drv [DRV] A=7 B=0 OP=SUB
# # KERNEL: Error: assertion.sv (106): Borrow/Carry not set in SUB
# # KERNEL: UVM_INFO /home/runner/monitor.sv(42) @ 3175: uvm_test_top.env.agent.mon [MON] A=7 B=0 OP=SUB res= 7 C=0 Z=0 N=0 O=0
# # KERNEL: UVM_INFO /home/runner/scoreboard.sv(28) @ 3175: uvm_test_top.env.scb [alu_scoreboard] Scoreboard received item
# # KERNEL: UVM_INFO /home/runner/scoreboard.sv(77) @ 3175: uvm_test_top.env.scb [SCB_PASS] Match! OP=SUB A=7 B=0 | RES=7 Flags=0000
# # KERNEL: UVM_INFO /home/runner/driver.sv(51) @ 3175: uvm_test_top.env.agent.drv [DRV] A=14 B=1 OP=SHR
# # KERNEL: UVM_INFO /home/runner/monitor.sv(42) @ 3195: uvm_test_top.env.agent.mon [MON] A=14 B=1 OP=SHR res= 7 C=0 Z=0 N=0 O=0
# # KERNEL: UVM_INFO /home/runner/scoreboard.sv(28) @ 3195: uvm_test_top.env.scb [alu_scoreboard] Scoreboard received item
# # KERNEL: UVM_INFO /home/runner/scoreboard.sv(77) @ 3195: uvm_test_top.env.scb [SCB_PASS] Match! OP=SHR A=14 B=1 | RES=7 Flags=0000
# # KERNEL: UVM_INFO /home/runner/driver.sv(51) @ 3195: uvm_test_top.env.agent.drv [DRV] A=10 B=8 OP=ADD
# # KERNEL: UVM_INFO /home/runner/monitor.sv(42) @ 3215: uvm_test_top.env.agent.mon [MON] A=10 B=8 OP=ADD res= 2 C=1 Z=0 N=0 O=1
# # KERNEL: UVM_INFO /home/runner/scoreboard.sv(28) @ 3215: uvm_test_top.env.scb [alu_scoreboard] Scoreboard received item
# # KERNEL: UVM_INFO /home/runner/scoreboard.sv(77) @ 3215: uvm_test_top.env.scb [SCB_PASS] Match! OP=ADD A=10 B=8 | RES=2 Flags=1001
# # KERNEL: UVM_INFO /home/runner/driver.sv(51) @ 3215: uvm_test_top.env.agent.drv [DRV] A=0 B=15 OP=AND
# # KERNEL: Error: assertion.sv (42): Logical operation using flags which is wrong
# # KERNEL: UVM_INFO /home/runner/monitor.sv(42) @ 3235: uvm_test_top.env.agent.mon [MON] A=0 B=15 OP=AND res= 0 C=0 Z=1 N=0 O=0
# # KERNEL: UVM_INFO /home/runner/scoreboard.sv(28) @ 3235: uvm_test_top.env.scb [alu_scoreboard] Scoreboard received item
# # KERNEL: UVM_INFO /home/runner/scoreboard.sv(77) @ 3235: uvm_test_top.env.scb [SCB_PASS] Match! OP=AND A=0 B=15 | RES=0 Flags=0100
# # KERNEL: UVM_INFO /home/runner/driver.sv(51) @ 3235: uvm_test_top.env.agent.drv [DRV] A=2 B=3 OP=ADD
# # KERNEL: UVM_INFO /home/runner/monitor.sv(42) @ 3255: uvm_test_top.env.agent.mon [MON] A=2 B=3 OP=ADD res= 5 C=0 Z=0 N=0 O=0
# # KERNEL: UVM_INFO /home/runner/scoreboard.sv(28) @ 3255: uvm_test_top.env.scb [alu_scoreboard] Scoreboard received item
# # KERNEL: UVM_INFO /home/runner/scoreboard.sv(77) @ 3255: uvm_test_top.env.scb [SCB_PASS] Match! OP=ADD A=2 B=3 | RES=5 Flags=0000
# # KERNEL: UVM_INFO /home/runner/driver.sv(51) @ 3255: uvm_test_top.env.agent.drv [DRV] A=12 B=10 OP=ADD
# # KERNEL: UVM_INFO /home/runner/sequence3.sv(29) @ 3255: uvm_test_top.env.agent.sqr@@s3 [alu_stress_seq] Sequence body finished
# # KERNEL: UVM_INFO /home/runner/monitor.sv(42) @ 3275: uvm_test_top.env.agent.mon [MON] A=12 B=10 OP=ADD res= 6 C=1 Z=0 N=0 O=1
# # KERNEL: UVM_INFO /home/runner/scoreboard.sv(28) @ 3275: uvm_test_top.env.scb [alu_scoreboard] Scoreboard received item
# # KERNEL: UVM_INFO /home/runner/scoreboard.sv(77) @ 3275: uvm_test_top.env.scb [SCB_PASS] Match! OP=ADD A=12 B=10 | RES=6 Flags=1001
# # KERNEL: UVM_INFO /home/runner/monitor.sv(42) @ 3295: uvm_test_top.env.agent.mon [MON] A=12 B=10 OP=ADD res= 6 C=1 Z=0 N=0 O=1
# # KERNEL: UVM_INFO /home/runner/scoreboard.sv(28) @ 3295: uvm_test_top.env.scb [alu_scoreboard] Scoreboard received item
# # KERNEL: UVM_INFO /home/runner/scoreboard.sv(77) @ 3295: uvm_test_top.env.scb [SCB_PASS] Match! OP=ADD A=12 B=10 | RES=6 Flags=1001
# # KERNEL: UVM_INFO /home/runner/test.sv(26) @ 3305: uvm_test_top [alu_test] Test finished!
# # KERNEL: UVM_INFO ./uvm-1.2/src/base/uvm_objection.svh(1271) @ 3305: reporter [TEST_DONE] 'run' phase is ready to proceed to the 'extract' phase
# # KERNEL: UVM_INFO /home/runner/scoreboard.sv(89) @ 3305: uvm_test_top.env.scb [alu_scoreboard] Tests Passed: 162, Failed: 0
# # KERNEL: UVM_INFO ./uvm-1.2/src/base/uvm_report_server.svh(869) @ 3305: reporter [UVM/REPORT/SERVER] 
# # KERNEL: --- UVM Report Summary ---
# # KERNEL: 
# # KERNEL: ** Report counts by severity
# # KERNEL: UVM_INFO :  668
# # KERNEL: UVM_WARNING :    1
# # KERNEL: UVM_ERROR :    0
# # KERNEL: UVM_FATAL :    0
# # KERNEL: ** Report counts by id
# # KERNEL: [DRV]   162
# # KERNEL: [MASTER_SEQ]     3
# # KERNEL: [MON]   164
# # KERNEL: [RNDFLD]     1
# # KERNEL: [RNTST]     1
# # KERNEL: [SCB_PASS]   162
# # KERNEL: [TEST_DONE]     1
# # KERNEL: [UVM/RELNOTES]     1
# # KERNEL: [alu_base_sequence]     2
# # KERNEL: [alu_directed_seq]     1
# # KERNEL: [alu_scoreboard]   167
# # KERNEL: [alu_stress_seq]     2
# # KERNEL: [alu_test]     2
# # KERNEL: 
# # RUNTIME: Info: RUNTIME_0068 uvm_root.svh (521): $finish called.
# # KERNEL: Time: 3305 ns,  Iteration: 57,  Instance: /tb_top,  Process: @INITIAL#38_2@.
# # KERNEL: stopped at time: 3305 ns
# # VSIM: Simulation has finished. There are no more test vectors to simulate.