vsim +access+r;
# ELBREAD: Elaboration process.
# ELBREAD: Warning: ELBREAD_0049 The "uvm_pkg" design unit does not have a time unit/precision defined but other design units do.
# ELBREAD: Elaboration time 0.8 [s].
# KERNEL: Main thread initiated.
# KERNEL: Kernel process initialization phase.
# ELAB2: Elaboration final pass...
# KERNEL: PLI/VHPI kernel's engine initialization done.
# PLI: Loading library '/usr/share/Riviera-PRO/bin/libsystf.so'
# ELAB2: Warning: ELAB2_0113 Task or function "$log" not defined in module "top" from library "work".
# ELAB2: Create instances ...
# KERNEL: Info: Loading library:  /usr/share/Riviera-PRO/bin/uvm_1_2_dpi
# KERNEL: Time resolution set to 1ns.
# ELAB2: Create instances complete.
# SLP: Started
# SLP: Elaboration phase ...
# ELAB2: Warning: ELAB2_0044 testbench.sv (41): Task or function "$log" not defined.
# SLP: Elaboration phase ... done : 0.0 [s]
# SLP: Generation phase ...
# SLP: Generation phase ... done : 0.1 [s]
# SLP: Finished : 0.1 [s]
# SLP: 0 primitives and 3 (27.27%) other processes in SLP
# SLP: 20 (0.06%) signals in SLP and 27 (0.09%) interface signals
# ELAB2: Elaboration final pass complete - time: 2.3 [s].
# KERNEL: SLP loading done - time: 0.0 [s].
# KERNEL: Warning: You are using the Riviera-PRO EDU Edition. The performance of simulation is reduced.
# KERNEL: Warning: Contact Aldec for available upgrade options - sales@aldec.com.
# KERNEL: SLP simulation initialization done - time: 0.0 [s].
# KERNEL: Kernel process initialization done.
# Allocation: Simulator allocated 31130 kB (elbread=2179 elab2=23998 kernel=4952 sdf=0)
# KERNEL: UVM_INFO ./uvm-1.2/src/base/uvm_root.svh(392) @ 0: reporter [UVM/RELNOTES] 
# KERNEL: ----------------------------------------------------------------
# KERNEL: UVM-1.2
# KERNEL: (C) 2007-2014 Mentor Graphics Corporation
# KERNEL: (C) 2007-2014 Cadence Design Systems, Inc.
# KERNEL: (C) 2006-2014 Synopsys, Inc.
# KERNEL: (C) 2011-2013 Cypress Semiconductor Corp.
# KERNEL: (C) 2013-2014 NVIDIA Corporation
# KERNEL: ----------------------------------------------------------------
# KERNEL: 
# KERNEL:   ***********       IMPORTANT RELEASE NOTES         ************
# KERNEL: 
# KERNEL:   You are using a version of the UVM library that has been compiled
# KERNEL:   with `UVM_NO_DEPRECATED undefined.
# KERNEL:   See http://www.eda.org/svdb/view.php?id=3313 for more details.
# KERNEL: 
# KERNEL:   You are using a version of the UVM library that has been compiled
# KERNEL:   with `UVM_OBJECT_DO_NOT_NEED_CONSTRUCTOR undefined.
# KERNEL:   See http://www.eda.org/svdb/view.php?id=3770 for more details.
# KERNEL: 
# KERNEL:       (Specify +UVM_NO_RELNOTES to turn off this notice)
# KERNEL: 
# KERNEL: ASDB file was created in location /home/runner/dataset.asdb
run -all;
# KERNEL: UVM_INFO @ 0: reporter [RNTST] Running test mux_test...
# ACDB: Warning: ACDB_0022 mux_coverage.sv (11): An interval '[4:$]' is completely out of coverpoint 'cp_sel' range and will be ignored. HDL instance: "/\package mux_pkg\/mux_coverage". Covergroup type: "mux_cg", covergroup instance: "<UNNAMED1>", coverpoint: "cp_sel".
# ACDB: Warning: ACDB_0030 mux_coverage.sv (11): Bin(s) 'out_of_range' are empty and will be excluded from the coverage report. HDL instance: "/\package mux_pkg\/mux_coverage". Covergroup type: "mux_cg", covergroup instance: "<UNNAMED1>", coverpoint: "cp_sel".
# KERNEL: UVM_INFO /home/runner/master_seq.sv(24) @ 0: uvm_test_top.env.agent.sqr@@seq [MASTER_SEQ] Starting Sequence 1...
# KERNEL: UVM_INFO /home/runner/scoreboard.sv(22) @ 5: uvm_test_top.env.sb [SCB] PASS: Sel 2, exp= 8c1ed0ac, y=8c1ed0ac
# KERNEL: Error: assertion.sv (14): SVA ERROR: Output y (8c1ed0ac) != d[2] (8c1ed0ac)
# KERNEL: Error: assertion.sv (22): SVA ERROR: Unknown value detected on output y!
# KERNEL: Error: assertion.sv (30): SVASELECT LINE IS X/Z!
# KERNEL: UVM_INFO /home/runner/scoreboard.sv(22) @ 15: uvm_test_top.env.sb [SCB] PASS: Sel 2, exp= 8c1ed0ac, y=8c1ed0ac
# KERNEL: UVM_INFO /home/runner/scoreboard.sv(22) @ 25: uvm_test_top.env.sb [SCB] PASS: Sel 0, exp= a035b97a, y=a035b97a
# KERNEL: UVM_INFO /home/runner/scoreboard.sv(22) @ 35: uvm_test_top.env.sb [SCB] PASS: Sel 1, exp= ed73f3e3, y=ed73f3e3
# KERNEL: UVM_INFO /home/runner/scoreboard.sv(22) @ 45: uvm_test_top.env.sb [SCB] PASS: Sel 1, exp= ed73f3e3, y=ed73f3e3
# KERNEL: UVM_INFO /home/runner/scoreboard.sv(22) @ 55: uvm_test_top.env.sb [SCB] PASS: Sel 1, exp= ad245f3b, y=ad245f3b
# KERNEL: UVM_INFO /home/runner/scoreboard.sv(22) @ 65: uvm_test_top.env.sb [SCB] PASS: Sel 3, exp= d4ce5747, y=d4ce5747
# KERNEL: UVM_INFO /home/runner/scoreboard.sv(22) @ 75: uvm_test_top.env.sb [SCB] PASS: Sel 3, exp= d4ce5747, y=d4ce5747
# KERNEL: UVM_INFO /home/runner/scoreboard.sv(22) @ 85: uvm_test_top.env.sb [SCB] PASS: Sel 3, exp= fb2d79d5, y=fb2d79d5
# KERNEL: UVM_INFO /home/runner/scoreboard.sv(22) @ 95: uvm_test_top.env.sb [SCB] PASS: Sel 2, exp= b0457b28, y=b0457b28
# KERNEL: UVM_INFO /home/runner/scoreboard.sv(22) @ 105: uvm_test_top.env.sb [SCB] PASS: Sel 2, exp= b0457b28, y=b0457b28
# KERNEL: UVM_INFO /home/runner/scoreboard.sv(22) @ 115: uvm_test_top.env.sb [SCB] PASS: Sel 0, exp= a972d15f, y=a972d15f
# KERNEL: UVM_INFO /home/runner/scoreboard.sv(22) @ 125: uvm_test_top.env.sb [SCB] PASS: Sel 0, exp= 6d3a5e97, y=6d3a5e97
# KERNEL: UVM_INFO /home/runner/scoreboard.sv(22) @ 135: uvm_test_top.env.sb [SCB] PASS: Sel 0, exp= 6d3a5e97, y=6d3a5e97
# KERNEL: UVM_INFO /home/runner/scoreboard.sv(22) @ 145: uvm_test_top.env.sb [SCB] PASS: Sel 2, exp= 863e69f4, y=863e69f4
# KERNEL: UVM_INFO /home/runner/scoreboard.sv(22) @ 155: uvm_test_top.env.sb [SCB] PASS: Sel 3, exp= 9404ad07, y=9404ad07
# KERNEL: UVM_INFO /home/runner/scoreboard.sv(22) @ 165: uvm_test_top.env.sb [SCB] PASS: Sel 3, exp= 9404ad07, y=9404ad07
# KERNEL: UVM_INFO /home/runner/scoreboard.sv(22) @ 175: uvm_test_top.env.sb [SCB] PASS: Sel 3, exp= 76db5a9e, y=76db5a9e
# KERNEL: UVM_INFO /home/runner/scoreboard.sv(22) @ 185: uvm_test_top.env.sb [SCB] PASS: Sel 1, exp= 79fc5f7c, y=79fc5f7c
# KERNEL: UVM_INFO /home/runner/scoreboard.sv(22) @ 195: uvm_test_top.env.sb [SCB] PASS: Sel 1, exp= 79fc5f7c, y=79fc5f7c
# KERNEL: UVM_INFO /home/runner/scoreboard.sv(22) @ 205: uvm_test_top.env.sb [SCB] PASS: Sel 1, exp= 9f6ded04, y=9f6ded04
# KERNEL: UVM_INFO /home/runner/scoreboard.sv(22) @ 215: uvm_test_top.env.sb [SCB] PASS: Sel 0, exp= 6e44ce2e, y=6e44ce2e
# KERNEL: UVM_INFO /home/runner/scoreboard.sv(22) @ 225: uvm_test_top.env.sb [SCB] PASS: Sel 0, exp= 6e44ce2e, y=6e44ce2e
# KERNEL: UVM_INFO /home/runner/scoreboard.sv(22) @ 235: uvm_test_top.env.sb [SCB] PASS: Sel 2, exp= 67f00486, y=67f00486
# KERNEL: UVM_INFO /home/runner/scoreboard.sv(22) @ 245: uvm_test_top.env.sb [SCB] PASS: Sel 2, exp= e5c07210, y=e5c07210
# KERNEL: UVM_INFO /home/runner/scoreboard.sv(22) @ 255: uvm_test_top.env.sb [SCB] PASS: Sel 2, exp= e5c07210, y=e5c07210
# KERNEL: UVM_INFO /home/runner/scoreboard.sv(22) @ 265: uvm_test_top.env.sb [SCB] PASS: Sel 0, exp= b5fd2050, y=b5fd2050
# KERNEL: UVM_INFO /home/runner/scoreboard.sv(22) @ 275: uvm_test_top.env.sb [SCB] PASS: Sel 1, exp= cfce8ec6, y=cfce8ec6
# KERNEL: UVM_INFO /home/runner/scoreboard.sv(22) @ 285: uvm_test_top.env.sb [SCB] PASS: Sel 1, exp= cfce8ec6, y=cfce8ec6
# KERNEL: UVM_INFO /home/runner/scoreboard.sv(22) @ 295: uvm_test_top.env.sb [SCB] PASS: Sel 1, exp= a83d760e, y=a83d760e
# KERNEL: UVM_INFO /home/runner/scoreboard.sv(22) @ 305: uvm_test_top.env.sb [SCB] PASS: Sel 3, exp= 88c64dbd, y=88c64dbd
# KERNEL: UVM_INFO /home/runner/scoreboard.sv(22) @ 315: uvm_test_top.env.sb [SCB] PASS: Sel 3, exp= 88c64dbd, y=88c64dbd
# KERNEL: UVM_INFO /home/runner/scoreboard.sv(22) @ 325: uvm_test_top.env.sb [SCB] PASS: Sel 3, exp= f1a5fc87, y=f1a5fc87
# KERNEL: UVM_INFO /home/runner/scoreboard.sv(22) @ 335: uvm_test_top.env.sb [SCB] PASS: Sel 2, exp= 6041ca9a, y=6041ca9a
# KERNEL: UVM_INFO /home/runner/scoreboard.sv(22) @ 345: uvm_test_top.env.sb [SCB] PASS: Sel 2, exp= 6041ca9a, y=6041ca9a
# KERNEL: UVM_INFO /home/runner/scoreboard.sv(22) @ 355: uvm_test_top.env.sb [SCB] PASS: Sel 0, exp= 1637893f, y=1637893f
# KERNEL: UVM_INFO /home/runner/scoreboard.sv(22) @ 365: uvm_test_top.env.sb [SCB] PASS: Sel 0, exp= be007a6c, y=be007a6c
# KERNEL: UVM_INFO /home/runner/scoreboard.sv(22) @ 375: uvm_test_top.env.sb [SCB] PASS: Sel 0, exp= be007a6c, y=be007a6c
# KERNEL: UVM_INFO /home/runner/scoreboard.sv(22) @ 385: uvm_test_top.env.sb [SCB] PASS: Sel 2, exp= e56b4d29, y=e56b4d29
# KERNEL: UVM_INFO /home/runner/scoreboard.sv(22) @ 395: uvm_test_top.env.sb [SCB] PASS: Sel 3, exp= 4d1b70a4, y=4d1b70a4
# KERNEL: UVM_INFO /home/runner/scoreboard.sv(22) @ 405: uvm_test_top.env.sb [SCB] PASS: Sel 3, exp= 4d1b70a4, y=4d1b70a4
# KERNEL: UVM_INFO /home/runner/scoreboard.sv(22) @ 415: uvm_test_top.env.sb [SCB] PASS: Sel 3, exp= f303140d, y=f303140d
# KERNEL: UVM_INFO /home/runner/scoreboard.sv(22) @ 425: uvm_test_top.env.sb [SCB] PASS: Sel 1, exp= b078b756, y=b078b756
# KERNEL: UVM_INFO /home/runner/scoreboard.sv(22) @ 435: uvm_test_top.env.sb [SCB] PASS: Sel 1, exp= b078b756, y=b078b756
# KERNEL: UVM_INFO /home/runner/scoreboard.sv(22) @ 445: uvm_test_top.env.sb [SCB] PASS: Sel 1, exp= c4fbf3d6, y=c4fbf3d6
# KERNEL: UVM_INFO /home/runner/scoreboard.sv(22) @ 455: uvm_test_top.env.sb [SCB] PASS: Sel 0, exp= f75e3373, y=f75e3373
# KERNEL: UVM_INFO /home/runner/scoreboard.sv(22) @ 465: uvm_test_top.env.sb [SCB] PASS: Sel 0, exp= f75e3373, y=f75e3373
# KERNEL: UVM_INFO /home/runner/scoreboard.sv(22) @ 475: uvm_test_top.env.sb [SCB] PASS: Sel 2, exp= b53d756b, y=b53d756b
# KERNEL: UVM_INFO /home/runner/scoreboard.sv(22) @ 485: uvm_test_top.env.sb [SCB] PASS: Sel 2, exp= e970fbeb, y=e970fbeb
# KERNEL: UVM_INFO /home/runner/scoreboard.sv(22) @ 495: uvm_test_top.env.sb [SCB] PASS: Sel 2, exp= e970fbeb, y=e970fbeb
# KERNEL: UVM_INFO /home/runner/scoreboard.sv(22) @ 505: uvm_test_top.env.sb [SCB] PASS: Sel 0, exp= b7b09673, y=b7b09673
# KERNEL: UVM_INFO /home/runner/scoreboard.sv(22) @ 515: uvm_test_top.env.sb [SCB] PASS: Sel 1, exp= bbdd461b, y=bbdd461b
# KERNEL: UVM_INFO /home/runner/scoreboard.sv(22) @ 525: uvm_test_top.env.sb [SCB] PASS: Sel 1, exp= bbdd461b, y=bbdd461b
# KERNEL: UVM_INFO /home/runner/scoreboard.sv(22) @ 535: uvm_test_top.env.sb [SCB] PASS: Sel 1, exp= daa74f27, y=daa74f27
# KERNEL: UVM_INFO /home/runner/scoreboard.sv(22) @ 545: uvm_test_top.env.sb [SCB] PASS: Sel 3, exp= 16d8fa4e, y=16d8fa4e
# KERNEL: UVM_INFO /home/runner/scoreboard.sv(22) @ 555: uvm_test_top.env.sb [SCB] PASS: Sel 3, exp= 16d8fa4e, y=16d8fa4e
# KERNEL: UVM_INFO /home/runner/scoreboard.sv(22) @ 565: uvm_test_top.env.sb [SCB] PASS: Sel 3, exp= 55798048, y=55798048
# KERNEL: UVM_INFO /home/runner/scoreboard.sv(22) @ 575: uvm_test_top.env.sb [SCB] PASS: Sel 2, exp= 3f60f0d3, y=3f60f0d3
# KERNEL: UVM_INFO /home/runner/scoreboard.sv(22) @ 585: uvm_test_top.env.sb [SCB] PASS: Sel 2, exp= 3f60f0d3, y=3f60f0d3
# KERNEL: UVM_INFO /home/runner/scoreboard.sv(22) @ 595: uvm_test_top.env.sb [SCB] PASS: Sel 0, exp= a1ccc989, y=a1ccc989
# KERNEL: UVM_INFO /home/runner/scoreboard.sv(22) @ 605: uvm_test_top.env.sb [SCB] PASS: Sel 0, exp= 2825dd19, y=2825dd19
# KERNEL: UVM_INFO /home/runner/scoreboard.sv(22) @ 615: uvm_test_top.env.sb [SCB] PASS: Sel 0, exp= 2825dd19, y=2825dd19
# KERNEL: UVM_INFO /home/runner/scoreboard.sv(22) @ 625: uvm_test_top.env.sb [SCB] PASS: Sel 2, exp= 11525727, y=11525727
# KERNEL: UVM_INFO /home/runner/scoreboard.sv(22) @ 635: uvm_test_top.env.sb [SCB] PASS: Sel 3, exp= bf00ffc6, y=bf00ffc6
# KERNEL: UVM_INFO /home/runner/scoreboard.sv(22) @ 645: uvm_test_top.env.sb [SCB] PASS: Sel 3, exp= bf00ffc6, y=bf00ffc6
# KERNEL: UVM_INFO /home/runner/scoreboard.sv(22) @ 655: uvm_test_top.env.sb [SCB] PASS: Sel 3, exp= c7e8ef7e, y=c7e8ef7e
# KERNEL: UVM_INFO /home/runner/scoreboard.sv(22) @ 665: uvm_test_top.env.sb [SCB] PASS: Sel 1, exp= 83069abb, y=83069abb
# KERNEL: UVM_INFO /home/runner/scoreboard.sv(22) @ 675: uvm_test_top.env.sb [SCB] PASS: Sel 1, exp= 83069abb, y=83069abb
# KERNEL: UVM_INFO /home/runner/scoreboard.sv(22) @ 685: uvm_test_top.env.sb [SCB] PASS: Sel 1, exp= b8790741, y=b8790741
# KERNEL: UVM_INFO /home/runner/scoreboard.sv(22) @ 695: uvm_test_top.env.sb [SCB] PASS: Sel 0, exp= b357622a, y=b357622a
# KERNEL: UVM_INFO /home/runner/scoreboard.sv(22) @ 705: uvm_test_top.env.sb [SCB] PASS: Sel 0, exp= b357622a, y=b357622a
# KERNEL: UVM_INFO /home/runner/scoreboard.sv(22) @ 715: uvm_test_top.env.sb [SCB] PASS: Sel 2, exp= bc3715cc, y=bc3715cc
# KERNEL: UVM_INFO /home/runner/scoreboard.sv(22) @ 725: uvm_test_top.env.sb [SCB] PASS: Sel 2, exp= 37989de7, y=37989de7
# KERNEL: UVM_INFO /home/runner/scoreboard.sv(22) @ 735: uvm_test_top.env.sb [SCB] PASS: Sel 2, exp= 37989de7, y=37989de7
# KERNEL: UVM_INFO /home/runner/scoreboard.sv(22) @ 745: uvm_test_top.env.sb [SCB] PASS: Sel 0, exp= a84edbfe, y=a84edbfe
# KERNEL: UVM_INFO /home/runner/scoreboard.sv(22) @ 755: uvm_test_top.env.sb [SCB] PASS: Sel 1, exp= 2d8dcf00, y=2d8dcf00
# KERNEL: UVM_INFO /home/runner/scoreboard.sv(22) @ 765: uvm_test_top.env.sb [SCB] PASS: Sel 1, exp= 2d8dcf00, y=2d8dcf00
# KERNEL: UVM_INFO /home/runner/scoreboard.sv(22) @ 775: uvm_test_top.env.sb [SCB] PASS: Sel 1, exp= 40ea51db, y=40ea51db
# KERNEL: UVM_INFO /home/runner/scoreboard.sv(22) @ 785: uvm_test_top.env.sb [SCB] PASS: Sel 3, exp= fda9c8de, y=fda9c8de
# KERNEL: UVM_INFO /home/runner/scoreboard.sv(22) @ 795: uvm_test_top.env.sb [SCB] PASS: Sel 3, exp= fda9c8de, y=fda9c8de
# KERNEL: UVM_INFO /home/runner/scoreboard.sv(22) @ 805: uvm_test_top.env.sb [SCB] PASS: Sel 3, exp= c84d793f, y=c84d793f
# KERNEL: UVM_INFO /home/runner/scoreboard.sv(22) @ 815: uvm_test_top.env.sb [SCB] PASS: Sel 2, exp= def351e5, y=def351e5
# KERNEL: UVM_INFO /home/runner/scoreboard.sv(22) @ 825: uvm_test_top.env.sb [SCB] PASS: Sel 2, exp= def351e5, y=def351e5
# KERNEL: UVM_INFO /home/runner/scoreboard.sv(22) @ 835: uvm_test_top.env.sb [SCB] PASS: Sel 0, exp= 88036598, y=88036598
# KERNEL: UVM_INFO /home/runner/scoreboard.sv(22) @ 845: uvm_test_top.env.sb [SCB] PASS: Sel 0, exp= f0192569, y=f0192569
# KERNEL: UVM_INFO /home/runner/scoreboard.sv(22) @ 855: uvm_test_top.env.sb [SCB] PASS: Sel 0, exp= f0192569, y=f0192569
# KERNEL: UVM_INFO /home/runner/scoreboard.sv(22) @ 865: uvm_test_top.env.sb [SCB] PASS: Sel 2, exp= 2948d8e8, y=2948d8e8
# KERNEL: UVM_INFO /home/runner/scoreboard.sv(22) @ 875: uvm_test_top.env.sb [SCB] PASS: Sel 3, exp= cf191b16, y=cf191b16
# KERNEL: UVM_INFO /home/runner/scoreboard.sv(22) @ 885: uvm_test_top.env.sb [SCB] PASS: Sel 3, exp= cf191b16, y=cf191b16
# KERNEL: UVM_INFO /home/runner/scoreboard.sv(22) @ 895: uvm_test_top.env.sb [SCB] PASS: Sel 3, exp= 565cbb60, y=565cbb60
# KERNEL: UVM_INFO /home/runner/scoreboard.sv(22) @ 905: uvm_test_top.env.sb [SCB] PASS: Sel 1, exp= b8636cb8, y=b8636cb8
# KERNEL: UVM_INFO /home/runner/scoreboard.sv(22) @ 915: uvm_test_top.env.sb [SCB] PASS: Sel 1, exp= b8636cb8, y=b8636cb8
# KERNEL: UVM_INFO /home/runner/scoreboard.sv(22) @ 925: uvm_test_top.env.sb [SCB] PASS: Sel 1, exp= c1b0a0ad, y=c1b0a0ad
# KERNEL: UVM_INFO /home/runner/scoreboard.sv(22) @ 935: uvm_test_top.env.sb [SCB] PASS: Sel 0, exp= 496a3667, y=496a3667
# KERNEL: UVM_INFO /home/runner/scoreboard.sv(22) @ 945: uvm_test_top.env.sb [SCB] PASS: Sel 0, exp= 496a3667, y=496a3667
# KERNEL: UVM_INFO /home/runner/scoreboard.sv(22) @ 955: uvm_test_top.env.sb [SCB] PASS: Sel 2, exp= 81be2c88, y=81be2c88
# KERNEL: UVM_INFO /home/runner/scoreboard.sv(22) @ 965: uvm_test_top.env.sb [SCB] PASS: Sel 2, exp= 6431ab22, y=6431ab22
# KERNEL: UVM_INFO /home/runner/scoreboard.sv(22) @ 975: uvm_test_top.env.sb [SCB] PASS: Sel 2, exp= 6431ab22, y=6431ab22
# KERNEL: UVM_INFO /home/runner/scoreboard.sv(22) @ 985: uvm_test_top.env.sb [SCB] PASS: Sel 0, exp= 2286f900, y=2286f900
# KERNEL: UVM_INFO /home/runner/scoreboard.sv(22) @ 995: uvm_test_top.env.sb [SCB] PASS: Sel 1, exp= aa173432, y=aa173432
# KERNEL: UVM_INFO /home/runner/scoreboard.sv(22) @ 1005: uvm_test_top.env.sb [SCB] PASS: Sel 1, exp= aa173432, y=aa173432
# KERNEL: UVM_INFO /home/runner/scoreboard.sv(22) @ 1015: uvm_test_top.env.sb [SCB] PASS: Sel 1, exp= d33c12b7, y=d33c12b7
# KERNEL: UVM_INFO /home/runner/scoreboard.sv(22) @ 1025: uvm_test_top.env.sb [SCB] PASS: Sel 3, exp= 64fde23, y=64fde23
# KERNEL: UVM_INFO /home/runner/scoreboard.sv(22) @ 1035: uvm_test_top.env.sb [SCB] PASS: Sel 3, exp= 64fde23, y=64fde23
# KERNEL: UVM_INFO /home/runner/scoreboard.sv(22) @ 1045: uvm_test_top.env.sb [SCB] PASS: Sel 3, exp= cd04473f, y=cd04473f
# KERNEL: UVM_INFO /home/runner/scoreboard.sv(22) @ 1055: uvm_test_top.env.sb [SCB] PASS: Sel 2, exp= f00aba0, y=f00aba0
# KERNEL: UVM_INFO /home/runner/scoreboard.sv(22) @ 1065: uvm_test_top.env.sb [SCB] PASS: Sel 2, exp= f00aba0, y=f00aba0
# KERNEL: UVM_INFO /home/runner/scoreboard.sv(22) @ 1075: uvm_test_top.env.sb [SCB] PASS: Sel 0, exp= 19856bb3, y=19856bb3
# KERNEL: UVM_INFO /home/runner/scoreboard.sv(22) @ 1085: uvm_test_top.env.sb [SCB] PASS: Sel 0, exp= 6f32394f, y=6f32394f
# KERNEL: UVM_INFO /home/runner/scoreboard.sv(22) @ 1095: uvm_test_top.env.sb [SCB] PASS: Sel 0, exp= 6f32394f, y=6f32394f
# KERNEL: UVM_INFO /home/runner/scoreboard.sv(22) @ 1105: uvm_test_top.env.sb [SCB] PASS: Sel 2, exp= 4fc521b9, y=4fc521b9
# KERNEL: UVM_INFO /home/runner/scoreboard.sv(22) @ 1115: uvm_test_top.env.sb [SCB] PASS: Sel 3, exp= a7ef5865, y=a7ef5865
# KERNEL: UVM_INFO /home/runner/scoreboard.sv(22) @ 1125: uvm_test_top.env.sb [SCB] PASS: Sel 3, exp= a7ef5865, y=a7ef5865
# KERNEL: UVM_INFO /home/runner/scoreboard.sv(22) @ 1135: uvm_test_top.env.sb [SCB] PASS: Sel 3, exp= 7bef0c5e, y=7bef0c5e
# KERNEL: UVM_INFO /home/runner/scoreboard.sv(22) @ 1145: uvm_test_top.env.sb [SCB] PASS: Sel 1, exp= ad32b439, y=ad32b439
# KERNEL: UVM_INFO /home/runner/scoreboard.sv(22) @ 1155: uvm_test_top.env.sb [SCB] PASS: Sel 1, exp= ad32b439, y=ad32b439
# KERNEL: UVM_INFO /home/runner/scoreboard.sv(22) @ 1165: uvm_test_top.env.sb [SCB] PASS: Sel 1, exp= e2c4c444, y=e2c4c444
# KERNEL: UVM_INFO /home/runner/scoreboard.sv(22) @ 1175: uvm_test_top.env.sb [SCB] PASS: Sel 0, exp= 522aedff, y=522aedff
# KERNEL: UVM_INFO /home/runner/scoreboard.sv(22) @ 1185: uvm_test_top.env.sb [SCB] PASS: Sel 0, exp= 522aedff, y=522aedff
# KERNEL: UVM_INFO /home/runner/scoreboard.sv(22) @ 1195: uvm_test_top.env.sb [SCB] PASS: Sel 2, exp= 7203a551, y=7203a551
# KERNEL: UVM_INFO /home/runner/scoreboard.sv(22) @ 1205: uvm_test_top.env.sb [SCB] PASS: Sel 2, exp= e2ff8598, y=e2ff8598
# KERNEL: UVM_INFO /home/runner/scoreboard.sv(22) @ 1215: uvm_test_top.env.sb [SCB] PASS: Sel 2, exp= e2ff8598, y=e2ff8598
# KERNEL: UVM_INFO /home/runner/scoreboard.sv(22) @ 1225: uvm_test_top.env.sb [SCB] PASS: Sel 0, exp= 43f5bd37, y=43f5bd37
# KERNEL: UVM_INFO /home/runner/scoreboard.sv(22) @ 1235: uvm_test_top.env.sb [SCB] PASS: Sel 1, exp= b09799f0, y=b09799f0
# KERNEL: UVM_INFO /home/runner/scoreboard.sv(22) @ 1245: uvm_test_top.env.sb [SCB] PASS: Sel 1, exp= b09799f0, y=b09799f0
# KERNEL: UVM_INFO /home/runner/scoreboard.sv(22) @ 1255: uvm_test_top.env.sb [SCB] PASS: Sel 1, exp= 77c6fa38, y=77c6fa38
# KERNEL: UVM_INFO /home/runner/scoreboard.sv(22) @ 1265: uvm_test_top.env.sb [SCB] PASS: Sel 3, exp= 2ecc6cc4, y=2ecc6cc4
# KERNEL: UVM_INFO /home/runner/scoreboard.sv(22) @ 1275: uvm_test_top.env.sb [SCB] PASS: Sel 3, exp= 2ecc6cc4, y=2ecc6cc4
# KERNEL: UVM_INFO /home/runner/scoreboard.sv(22) @ 1285: uvm_test_top.env.sb [SCB] PASS: Sel 3, exp= f8fced45, y=f8fced45
# KERNEL: UVM_INFO /home/runner/scoreboard.sv(22) @ 1295: uvm_test_top.env.sb [SCB] PASS: Sel 2, exp= c58ce927, y=c58ce927
# KERNEL: UVM_INFO /home/runner/scoreboard.sv(22) @ 1305: uvm_test_top.env.sb [SCB] PASS: Sel 2, exp= c58ce927, y=c58ce927
# KERNEL: UVM_INFO /home/runner/scoreboard.sv(22) @ 1315: uvm_test_top.env.sb [SCB] PASS: Sel 0, exp= dc7e5cc6, y=dc7e5cc6
# KERNEL: UVM_INFO /home/runner/scoreboard.sv(22) @ 1325: uvm_test_top.env.sb [SCB] PASS: Sel 0, exp= b65bd3af, y=b65bd3af
# KERNEL: UVM_INFO /home/runner/scoreboard.sv(22) @ 1335: uvm_test_top.env.sb [SCB] PASS: Sel 0, exp= b65bd3af, y=b65bd3af
# KERNEL: UVM_INFO /home/runner/scoreboard.sv(22) @ 1345: uvm_test_top.env.sb [SCB] PASS: Sel 2, exp= be1483d3, y=be1483d3
# KERNEL: UVM_INFO /home/runner/scoreboard.sv(22) @ 1355: uvm_test_top.env.sb [SCB] PASS: Sel 3, exp= a183b7b5, y=a183b7b5
# KERNEL: UVM_INFO /home/runner/scoreboard.sv(22) @ 1365: uvm_test_top.env.sb [SCB] PASS: Sel 3, exp= a183b7b5, y=a183b7b5
# KERNEL: UVM_INFO /home/runner/scoreboard.sv(22) @ 1375: uvm_test_top.env.sb [SCB] PASS: Sel 3, exp= 5b0f4dcd, y=5b0f4dcd
# KERNEL: UVM_INFO /home/runner/scoreboard.sv(22) @ 1385: uvm_test_top.env.sb [SCB] PASS: Sel 1, exp= beb692fd, y=beb692fd
# KERNEL: UVM_INFO /home/runner/scoreboard.sv(22) @ 1395: uvm_test_top.env.sb [SCB] PASS: Sel 1, exp= beb692fd, y=beb692fd
# KERNEL: UVM_INFO /home/runner/scoreboard.sv(22) @ 1405: uvm_test_top.env.sb [SCB] PASS: Sel 1, exp= b67c6a38, y=b67c6a38
# KERNEL: UVM_INFO /home/runner/scoreboard.sv(22) @ 1415: uvm_test_top.env.sb [SCB] PASS: Sel 0, exp= ddd1943d, y=ddd1943d
# KERNEL: UVM_INFO /home/runner/scoreboard.sv(22) @ 1425: uvm_test_top.env.sb [SCB] PASS: Sel 0, exp= ddd1943d, y=ddd1943d
# KERNEL: UVM_INFO /home/runner/scoreboard.sv(22) @ 1435: uvm_test_top.env.sb [SCB] PASS: Sel 2, exp= 6c2a3b02, y=6c2a3b02
# KERNEL: UVM_INFO /home/runner/scoreboard.sv(22) @ 1445: uvm_test_top.env.sb [SCB] PASS: Sel 2, exp= ab156fc1, y=ab156fc1
# KERNEL: UVM_INFO /home/runner/scoreboard.sv(22) @ 1455: uvm_test_top.env.sb [SCB] PASS: Sel 2, exp= ab156fc1, y=ab156fc1
# KERNEL: UVM_INFO /home/runner/scoreboard.sv(22) @ 1465: uvm_test_top.env.sb [SCB] PASS: Sel 0, exp= eb5e6f9, y=eb5e6f9
# KERNEL: UVM_INFO /home/runner/scoreboard.sv(22) @ 1475: uvm_test_top.env.sb [SCB] PASS: Sel 1, exp= b42a3958, y=b42a3958
# KERNEL: UVM_INFO /home/runner/scoreboard.sv(22) @ 1485: uvm_test_top.env.sb [SCB] PASS: Sel 1, exp= b42a3958, y=b42a3958
# KERNEL: UVM_INFO /home/runner/scoreboard.sv(22) @ 1495: uvm_test_top.env.sb [SCB] PASS: Sel 1, exp= 97eccc38, y=97eccc38
# KERNEL: UVM_INFO /home/runner/scoreboard.sv(22) @ 1505: uvm_test_top.env.sb [SCB] PASS: Sel 3, exp= c691008d, y=c691008d
# KERNEL: UVM_INFO /home/runner/scoreboard.sv(22) @ 1515: uvm_test_top.env.sb [SCB] PASS: Sel 3, exp= c691008d, y=c691008d
# KERNEL: UVM_INFO /home/runner/scoreboard.sv(22) @ 1525: uvm_test_top.env.sb [SCB] PASS: Sel 3, exp= cf9403f6, y=cf9403f6
# KERNEL: UVM_INFO /home/runner/scoreboard.sv(22) @ 1535: uvm_test_top.env.sb [SCB] PASS: Sel 2, exp= 37670ea8, y=37670ea8
# KERNEL: UVM_INFO /home/runner/scoreboard.sv(22) @ 1545: uvm_test_top.env.sb [SCB] PASS: Sel 2, exp= 37670ea8, y=37670ea8
# KERNEL: UVM_INFO /home/runner/scoreboard.sv(22) @ 1555: uvm_test_top.env.sb [SCB] PASS: Sel 0, exp= 156512d7, y=156512d7
# KERNEL: UVM_INFO /home/runner/scoreboard.sv(22) @ 1565: uvm_test_top.env.sb [SCB] PASS: Sel 0, exp= 2882ba5a, y=2882ba5a
# KERNEL: UVM_INFO /home/runner/scoreboard.sv(22) @ 1575: uvm_test_top.env.sb [SCB] PASS: Sel 0, exp= 2882ba5a, y=2882ba5a
# KERNEL: UVM_INFO /home/runner/scoreboard.sv(22) @ 1585: uvm_test_top.env.sb [SCB] PASS: Sel 2, exp= 823f6714, y=823f6714
# KERNEL: UVM_INFO /home/runner/scoreboard.sv(22) @ 1595: uvm_test_top.env.sb [SCB] PASS: Sel 3, exp= e5a73f43, y=e5a73f43
# KERNEL: UVM_INFO /home/runner/scoreboard.sv(22) @ 1605: uvm_test_top.env.sb [SCB] PASS: Sel 3, exp= e5a73f43, y=e5a73f43
# KERNEL: UVM_INFO /home/runner/scoreboard.sv(22) @ 1615: uvm_test_top.env.sb [SCB] PASS: Sel 3, exp= 92edb13e, y=92edb13e
# KERNEL: UVM_INFO /home/runner/scoreboard.sv(22) @ 1625: uvm_test_top.env.sb [SCB] PASS: Sel 1, exp= 686dfa8e, y=686dfa8e
# KERNEL: UVM_INFO /home/runner/scoreboard.sv(22) @ 1635: uvm_test_top.env.sb [SCB] PASS: Sel 1, exp= 686dfa8e, y=686dfa8e
# KERNEL: UVM_INFO /home/runner/scoreboard.sv(22) @ 1645: uvm_test_top.env.sb [SCB] PASS: Sel 1, exp= 7b2ddcfc, y=7b2ddcfc
# KERNEL: UVM_INFO /home/runner/scoreboard.sv(22) @ 1655: uvm_test_top.env.sb [SCB] PASS: Sel 0, exp= 54e69089, y=54e69089
# KERNEL: UVM_INFO /home/runner/scoreboard.sv(22) @ 1665: uvm_test_top.env.sb [SCB] PASS: Sel 0, exp= 54e69089, y=54e69089
# KERNEL: UVM_INFO /home/runner/scoreboard.sv(22) @ 1675: uvm_test_top.env.sb [SCB] PASS: Sel 2, exp= e2e4f5f2, y=e2e4f5f2
# KERNEL: UVM_INFO /home/runner/scoreboard.sv(22) @ 1685: uvm_test_top.env.sb [SCB] PASS: Sel 2, exp= 45386111, y=45386111
# KERNEL: UVM_INFO /home/runner/scoreboard.sv(22) @ 1695: uvm_test_top.env.sb [SCB] PASS: Sel 2, exp= 45386111, y=45386111
# KERNEL: UVM_INFO /home/runner/scoreboard.sv(22) @ 1705: uvm_test_top.env.sb [SCB] PASS: Sel 0, exp= e98d7307, y=e98d7307
# KERNEL: UVM_INFO /home/runner/scoreboard.sv(22) @ 1715: uvm_test_top.env.sb [SCB] PASS: Sel 1, exp= f169f8b2, y=f169f8b2
# KERNEL: UVM_INFO /home/runner/scoreboard.sv(22) @ 1725: uvm_test_top.env.sb [SCB] PASS: Sel 1, exp= f169f8b2, y=f169f8b2
# KERNEL: UVM_INFO /home/runner/scoreboard.sv(22) @ 1735: uvm_test_top.env.sb [SCB] PASS: Sel 1, exp= d1c8927b, y=d1c8927b
# KERNEL: UVM_INFO /home/runner/scoreboard.sv(22) @ 1745: uvm_test_top.env.sb [SCB] PASS: Sel 3, exp= 105a571d, y=105a571d
# KERNEL: UVM_INFO /home/runner/scoreboard.sv(22) @ 1755: uvm_test_top.env.sb [SCB] PASS: Sel 3, exp= 105a571d, y=105a571d
# KERNEL: UVM_INFO /home/runner/scoreboard.sv(22) @ 1765: uvm_test_top.env.sb [SCB] PASS: Sel 3, exp= fee93ca6, y=fee93ca6
# KERNEL: UVM_INFO /home/runner/scoreboard.sv(22) @ 1775: uvm_test_top.env.sb [SCB] PASS: Sel 2, exp= e36bea26, y=e36bea26
# KERNEL: UVM_INFO /home/runner/scoreboard.sv(22) @ 1785: uvm_test_top.env.sb [SCB] PASS: Sel 2, exp= e36bea26, y=e36bea26
# KERNEL: UVM_INFO /home/runner/scoreboard.sv(22) @ 1795: uvm_test_top.env.sb [SCB] PASS: Sel 0, exp= 531feff9, y=531feff9
# KERNEL: UVM_INFO /home/runner/scoreboard.sv(22) @ 1805: uvm_test_top.env.sb [SCB] PASS: Sel 0, exp= b95e5ccf, y=b95e5ccf
# KERNEL: UVM_INFO /home/runner/scoreboard.sv(22) @ 1815: uvm_test_top.env.sb [SCB] PASS: Sel 0, exp= b95e5ccf, y=b95e5ccf
# KERNEL: UVM_INFO /home/runner/scoreboard.sv(22) @ 1825: uvm_test_top.env.sb [SCB] PASS: Sel 2, exp= 52addfcf, y=52addfcf
# KERNEL: UVM_INFO /home/runner/scoreboard.sv(22) @ 1835: uvm_test_top.env.sb [SCB] PASS: Sel 3, exp= 52c61163, y=52c61163
# KERNEL: UVM_INFO /home/runner/scoreboard.sv(22) @ 1845: uvm_test_top.env.sb [SCB] PASS: Sel 3, exp= 52c61163, y=52c61163
# KERNEL: UVM_INFO /home/runner/scoreboard.sv(22) @ 1855: uvm_test_top.env.sb [SCB] PASS: Sel 3, exp= 238a36ae, y=238a36ae
# KERNEL: UVM_INFO /home/runner/scoreboard.sv(22) @ 1865: uvm_test_top.env.sb [SCB] PASS: Sel 1, exp= c3c5c41e, y=c3c5c41e
# KERNEL: UVM_INFO /home/runner/scoreboard.sv(22) @ 1875: uvm_test_top.env.sb [SCB] PASS: Sel 1, exp= c3c5c41e, y=c3c5c41e
# KERNEL: UVM_INFO /home/runner/scoreboard.sv(22) @ 1885: uvm_test_top.env.sb [SCB] PASS: Sel 1, exp= da5f6572, y=da5f6572
# KERNEL: UVM_INFO /home/runner/scoreboard.sv(22) @ 1895: uvm_test_top.env.sb [SCB] PASS: Sel 0, exp= e5c90634, y=e5c90634
# KERNEL: UVM_INFO /home/runner/scoreboard.sv(22) @ 1905: uvm_test_top.env.sb [SCB] PASS: Sel 0, exp= e5c90634, y=e5c90634
# KERNEL: UVM_INFO /home/runner/scoreboard.sv(22) @ 1915: uvm_test_top.env.sb [SCB] PASS: Sel 2, exp= b1965761, y=b1965761
# KERNEL: UVM_INFO /home/runner/scoreboard.sv(22) @ 1925: uvm_test_top.env.sb [SCB] PASS: Sel 2, exp= 29f44f87, y=29f44f87
# KERNEL: UVM_INFO /home/runner/scoreboard.sv(22) @ 1935: uvm_test_top.env.sb [SCB] PASS: Sel 2, exp= 29f44f87, y=29f44f87
# KERNEL: UVM_INFO /home/runner/scoreboard.sv(22) @ 1945: uvm_test_top.env.sb [SCB] PASS: Sel 0, exp= 45a386cf, y=45a386cf
# KERNEL: UVM_INFO /home/runner/scoreboard.sv(22) @ 1955: uvm_test_top.env.sb [SCB] PASS: Sel 1, exp= abeb0f48, y=abeb0f48
# KERNEL: UVM_INFO /home/runner/scoreboard.sv(22) @ 1965: uvm_test_top.env.sb [SCB] PASS: Sel 1, exp= abeb0f48, y=abeb0f48
# KERNEL: UVM_INFO /home/runner/scoreboard.sv(22) @ 1975: uvm_test_top.env.sb [SCB] PASS: Sel 1, exp= dd5a096e, y=dd5a096e
# KERNEL: UVM_INFO /home/runner/scoreboard.sv(22) @ 1985: uvm_test_top.env.sb [SCB] PASS: Sel 3, exp= 1247d0a4, y=1247d0a4
# KERNEL: UVM_INFO /home/runner/scoreboard.sv(22) @ 1995: uvm_test_top.env.sb [SCB] PASS: Sel 3, exp= 1247d0a4, y=1247d0a4
# KERNEL: UVM_INFO /home/runner/scoreboard.sv(22) @ 2005: uvm_test_top.env.sb [SCB] PASS: Sel 3, exp= 92969ec8, y=92969ec8
# KERNEL: UVM_INFO /home/runner/scoreboard.sv(22) @ 2015: uvm_test_top.env.sb [SCB] PASS: Sel 2, exp= 7aa2332f, y=7aa2332f
# KERNEL: UVM_INFO /home/runner/scoreboard.sv(22) @ 2025: uvm_test_top.env.sb [SCB] PASS: Sel 2, exp= 7aa2332f, y=7aa2332f
# KERNEL: UVM_INFO /home/runner/scoreboard.sv(22) @ 2035: uvm_test_top.env.sb [SCB] PASS: Sel 0, exp= ac5774d0, y=ac5774d0
# KERNEL: UVM_INFO /home/runner/scoreboard.sv(22) @ 2045: uvm_test_top.env.sb [SCB] PASS: Sel 0, exp= 41acdae0, y=41acdae0
# KERNEL: UVM_INFO /home/runner/scoreboard.sv(22) @ 2055: uvm_test_top.env.sb [SCB] PASS: Sel 0, exp= 41acdae0, y=41acdae0
# KERNEL: UVM_INFO /home/runner/scoreboard.sv(22) @ 2065: uvm_test_top.env.sb [SCB] PASS: Sel 2, exp= 104f2e79, y=104f2e79
# KERNEL: UVM_INFO /home/runner/scoreboard.sv(22) @ 2075: uvm_test_top.env.sb [SCB] PASS: Sel 3, exp= 4dcbaf07, y=4dcbaf07
# KERNEL: UVM_INFO /home/runner/scoreboard.sv(22) @ 2085: uvm_test_top.env.sb [SCB] PASS: Sel 3, exp= 4dcbaf07, y=4dcbaf07
# KERNEL: UVM_INFO /home/runner/scoreboard.sv(22) @ 2095: uvm_test_top.env.sb [SCB] PASS: Sel 3, exp= ce4de1d, y=ce4de1d
# KERNEL: UVM_INFO /home/runner/scoreboard.sv(22) @ 2105: uvm_test_top.env.sb [SCB] PASS: Sel 1, exp= 78c0f9f, y=78c0f9f
# KERNEL: UVM_INFO /home/runner/scoreboard.sv(22) @ 2115: uvm_test_top.env.sb [SCB] PASS: Sel 1, exp= 78c0f9f, y=78c0f9f
# KERNEL: UVM_INFO /home/runner/scoreboard.sv(22) @ 2125: uvm_test_top.env.sb [SCB] PASS: Sel 1, exp= 8edc400f, y=8edc400f
# KERNEL: UVM_INFO /home/runner/scoreboard.sv(22) @ 2135: uvm_test_top.env.sb [SCB] PASS: Sel 0, exp= d5f6141f, y=d5f6141f
# KERNEL: UVM_INFO /home/runner/scoreboard.sv(22) @ 2145: uvm_test_top.env.sb [SCB] PASS: Sel 0, exp= d5f6141f, y=d5f6141f
# KERNEL: UVM_INFO /home/runner/scoreboard.sv(22) @ 2155: uvm_test_top.env.sb [SCB] PASS: Sel 2, exp= 642a63a4, y=642a63a4
# KERNEL: UVM_INFO /home/runner/scoreboard.sv(22) @ 2165: uvm_test_top.env.sb [SCB] PASS: Sel 2, exp= 66e061b1, y=66e061b1
# KERNEL: UVM_INFO /home/runner/scoreboard.sv(22) @ 2175: uvm_test_top.env.sb [SCB] PASS: Sel 2, exp= 66e061b1, y=66e061b1
# KERNEL: UVM_INFO /home/runner/scoreboard.sv(22) @ 2185: uvm_test_top.env.sb [SCB] PASS: Sel 0, exp= 21f56037, y=21f56037
# KERNEL: UVM_INFO /home/runner/scoreboard.sv(22) @ 2195: uvm_test_top.env.sb [SCB] PASS: Sel 1, exp= cfea3200, y=cfea3200
# KERNEL: UVM_INFO /home/runner/scoreboard.sv(22) @ 2205: uvm_test_top.env.sb [SCB] PASS: Sel 1, exp= cfea3200, y=cfea3200
# KERNEL: UVM_INFO /home/runner/scoreboard.sv(22) @ 2215: uvm_test_top.env.sb [SCB] PASS: Sel 1, exp= fa7d194e, y=fa7d194e
# KERNEL: UVM_INFO /home/runner/scoreboard.sv(22) @ 2225: uvm_test_top.env.sb [SCB] PASS: Sel 3, exp= ae276a3d, y=ae276a3d
# KERNEL: UVM_INFO /home/runner/scoreboard.sv(22) @ 2235: uvm_test_top.env.sb [SCB] PASS: Sel 3, exp= ae276a3d, y=ae276a3d
# KERNEL: UVM_INFO /home/runner/scoreboard.sv(22) @ 2245: uvm_test_top.env.sb [SCB] PASS: Sel 3, exp= 98777a88, y=98777a88
# KERNEL: UVM_INFO /home/runner/scoreboard.sv(22) @ 2255: uvm_test_top.env.sb [SCB] PASS: Sel 2, exp= 2d0ce234, y=2d0ce234
# KERNEL: UVM_INFO /home/runner/scoreboard.sv(22) @ 2265: uvm_test_top.env.sb [SCB] PASS: Sel 2, exp= 2d0ce234, y=2d0ce234
# KERNEL: UVM_INFO /home/runner/scoreboard.sv(22) @ 2275: uvm_test_top.env.sb [SCB] PASS: Sel 0, exp= a0a940df, y=a0a940df
# KERNEL: UVM_INFO /home/runner/scoreboard.sv(22) @ 2285: uvm_test_top.env.sb [SCB] PASS: Sel 0, exp= ce3dadb0, y=ce3dadb0
# KERNEL: UVM_INFO /home/runner/scoreboard.sv(22) @ 2295: uvm_test_top.env.sb [SCB] PASS: Sel 0, exp= ce3dadb0, y=ce3dadb0
# KERNEL: UVM_INFO /home/runner/scoreboard.sv(22) @ 2305: uvm_test_top.env.sb [SCB] PASS: Sel 2, exp= 8c8d56a9, y=8c8d56a9
# KERNEL: UVM_INFO /home/runner/scoreboard.sv(22) @ 2315: uvm_test_top.env.sb [SCB] PASS: Sel 3, exp= ff4288f6, y=ff4288f6
# KERNEL: UVM_INFO /home/runner/scoreboard.sv(22) @ 2325: uvm_test_top.env.sb [SCB] PASS: Sel 3, exp= ff4288f6, y=ff4288f6
# KERNEL: UVM_INFO /home/runner/scoreboard.sv(22) @ 2335: uvm_test_top.env.sb [SCB] PASS: Sel 3, exp= 4efda78e, y=4efda78e
# KERNEL: UVM_INFO /home/runner/scoreboard.sv(22) @ 2345: uvm_test_top.env.sb [SCB] PASS: Sel 1, exp= f27937d6, y=f27937d6
# KERNEL: UVM_INFO /home/runner/scoreboard.sv(22) @ 2355: uvm_test_top.env.sb [SCB] PASS: Sel 1, exp= f27937d6, y=f27937d6
# KERNEL: UVM_INFO /home/runner/scoreboard.sv(22) @ 2365: uvm_test_top.env.sb [SCB] PASS: Sel 1, exp= b1d9148, y=b1d9148
# KERNEL: UVM_INFO /home/runner/scoreboard.sv(22) @ 2375: uvm_test_top.env.sb [SCB] PASS: Sel 0, exp= cc3b37fa, y=cc3b37fa
# KERNEL: UVM_INFO /home/runner/scoreboard.sv(22) @ 2385: uvm_test_top.env.sb [SCB] PASS: Sel 0, exp= cc3b37fa, y=cc3b37fa
# KERNEL: UVM_INFO /home/runner/scoreboard.sv(22) @ 2395: uvm_test_top.env.sb [SCB] PASS: Sel 2, exp= 344050d7, y=344050d7
# KERNEL: UVM_INFO /home/runner/scoreboard.sv(22) @ 2405: uvm_test_top.env.sb [SCB] PASS: Sel 2, exp= d9ff3669, y=d9ff3669
# KERNEL: UVM_INFO /home/runner/scoreboard.sv(22) @ 2415: uvm_test_top.env.sb [SCB] PASS: Sel 2, exp= d9ff3669, y=d9ff3669
# KERNEL: UVM_INFO /home/runner/scoreboard.sv(22) @ 2425: uvm_test_top.env.sb [SCB] PASS: Sel 0, exp= 29e3efa0, y=29e3efa0
# KERNEL: UVM_INFO /home/runner/scoreboard.sv(22) @ 2435: uvm_test_top.env.sb [SCB] PASS: Sel 1, exp= 2204e422, y=2204e422
# KERNEL: UVM_INFO /home/runner/scoreboard.sv(22) @ 2445: uvm_test_top.env.sb [SCB] PASS: Sel 1, exp= 2204e422, y=2204e422
# KERNEL: UVM_INFO /home/runner/scoreboard.sv(22) @ 2455: uvm_test_top.env.sb [SCB] PASS: Sel 1, exp= 6bae1f38, y=6bae1f38
# KERNEL: UVM_INFO /home/runner/scoreboard.sv(22) @ 2465: uvm_test_top.env.sb [SCB] PASS: Sel 3, exp= e22b26cd, y=e22b26cd
# KERNEL: UVM_INFO /home/runner/scoreboard.sv(22) @ 2475: uvm_test_top.env.sb [SCB] PASS: Sel 3, exp= e22b26cd, y=e22b26cd
# KERNEL: UVM_INFO /home/runner/scoreboard.sv(22) @ 2485: uvm_test_top.env.sb [SCB] PASS: Sel 3, exp= b62d1f24, y=b62d1f24
# KERNEL: UVM_INFO /home/runner/scoreboard.sv(22) @ 2495: uvm_test_top.env.sb [SCB] PASS: Sel 2, exp= afe72eea, y=afe72eea
# KERNEL: UVM_INFO /home/runner/scoreboard.sv(22) @ 2505: uvm_test_top.env.sb [SCB] PASS: Sel 2, exp= afe72eea, y=afe72eea
# KERNEL: UVM_INFO /home/runner/scoreboard.sv(22) @ 2515: uvm_test_top.env.sb [SCB] PASS: Sel 0, exp= 75ac7495, y=75ac7495
# KERNEL: UVM_INFO /home/runner/scoreboard.sv(22) @ 2525: uvm_test_top.env.sb [SCB] PASS: Sel 0, exp= 9134edc5, y=9134edc5
# KERNEL: UVM_INFO /home/runner/scoreboard.sv(22) @ 2535: uvm_test_top.env.sb [SCB] PASS: Sel 0, exp= 9134edc5, y=9134edc5
# KERNEL: UVM_INFO /home/runner/scoreboard.sv(22) @ 2545: uvm_test_top.env.sb [SCB] PASS: Sel 2, exp= 50270368, y=50270368
# KERNEL: UVM_INFO /home/runner/scoreboard.sv(22) @ 2555: uvm_test_top.env.sb [SCB] PASS: Sel 3, exp= b48d9245, y=b48d9245
# KERNEL: UVM_INFO /home/runner/scoreboard.sv(22) @ 2565: uvm_test_top.env.sb [SCB] PASS: Sel 3, exp= b48d9245, y=b48d9245
# KERNEL: UVM_INFO /home/runner/scoreboard.sv(22) @ 2575: uvm_test_top.env.sb [SCB] PASS: Sel 3, exp= e9d492fe, y=e9d492fe
# KERNEL: UVM_INFO /home/runner/scoreboard.sv(22) @ 2585: uvm_test_top.env.sb [SCB] PASS: Sel 1, exp= 5624e38, y=5624e38
# KERNEL: UVM_INFO /home/runner/scoreboard.sv(22) @ 2595: uvm_test_top.env.sb [SCB] PASS: Sel 1, exp= 5624e38, y=5624e38
# KERNEL: UVM_INFO /home/runner/scoreboard.sv(22) @ 2605: uvm_test_top.env.sb [SCB] PASS: Sel 1, exp= 9c58cf06, y=9c58cf06
# KERNEL: UVM_INFO /home/runner/scoreboard.sv(22) @ 2615: uvm_test_top.env.sb [SCB] PASS: Sel 0, exp= 4c690413, y=4c690413
# KERNEL: UVM_INFO /home/runner/scoreboard.sv(22) @ 2625: uvm_test_top.env.sb [SCB] PASS: Sel 0, exp= 4c690413, y=4c690413
# KERNEL: UVM_INFO /home/runner/scoreboard.sv(22) @ 2635: uvm_test_top.env.sb [SCB] PASS: Sel 2, exp= 2e3e75b1, y=2e3e75b1
# KERNEL: UVM_INFO /home/runner/scoreboard.sv(22) @ 2645: uvm_test_top.env.sb [SCB] PASS: Sel 2, exp= 8ff28623, y=8ff28623
# KERNEL: UVM_INFO /home/runner/scoreboard.sv(22) @ 2655: uvm_test_top.env.sb [SCB] PASS: Sel 2, exp= 8ff28623, y=8ff28623
# KERNEL: UVM_INFO /home/runner/scoreboard.sv(22) @ 2665: uvm_test_top.env.sb [SCB] PASS: Sel 0, exp= c0cbd554, y=c0cbd554
# KERNEL: UVM_INFO /home/runner/scoreboard.sv(22) @ 2675: uvm_test_top.env.sb [SCB] PASS: Sel 1, exp= e2f01fe5, y=e2f01fe5
# KERNEL: UVM_INFO /home/runner/scoreboard.sv(22) @ 2685: uvm_test_top.env.sb [SCB] PASS: Sel 1, exp= e2f01fe5, y=e2f01fe5
# KERNEL: UVM_INFO /home/runner/scoreboard.sv(22) @ 2695: uvm_test_top.env.sb [SCB] PASS: Sel 1, exp= c263446e, y=c263446e
# KERNEL: UVM_INFO /home/runner/scoreboard.sv(22) @ 2705: uvm_test_top.env.sb [SCB] PASS: Sel 3, exp= 74cbc884, y=74cbc884
# KERNEL: UVM_INFO /home/runner/scoreboard.sv(22) @ 2715: uvm_test_top.env.sb [SCB] PASS: Sel 3, exp= 74cbc884, y=74cbc884
# KERNEL: UVM_INFO /home/runner/scoreboard.sv(22) @ 2725: uvm_test_top.env.sb [SCB] PASS: Sel 3, exp= 871f7504, y=871f7504
# KERNEL: UVM_INFO /home/runner/scoreboard.sv(22) @ 2735: uvm_test_top.env.sb [SCB] PASS: Sel 2, exp= 14862eb9, y=14862eb9
# KERNEL: UVM_INFO /home/runner/scoreboard.sv(22) @ 2745: uvm_test_top.env.sb [SCB] PASS: Sel 2, exp= 14862eb9, y=14862eb9
# KERNEL: UVM_INFO /home/runner/scoreboard.sv(22) @ 2755: uvm_test_top.env.sb [SCB] PASS: Sel 0, exp= e9e36a65, y=e9e36a65
# KERNEL: UVM_INFO /home/runner/scoreboard.sv(22) @ 2765: uvm_test_top.env.sb [SCB] PASS: Sel 0, exp= 7c3a12da, y=7c3a12da
# KERNEL: UVM_INFO /home/runner/scoreboard.sv(22) @ 2775: uvm_test_top.env.sb [SCB] PASS: Sel 0, exp= 7c3a12da, y=7c3a12da
# KERNEL: UVM_INFO /home/runner/scoreboard.sv(22) @ 2785: uvm_test_top.env.sb [SCB] PASS: Sel 2, exp= ae75c373, y=ae75c373
# KERNEL: UVM_INFO /home/runner/scoreboard.sv(22) @ 2795: uvm_test_top.env.sb [SCB] PASS: Sel 3, exp= c2982b90, y=c2982b90
# KERNEL: UVM_INFO /home/runner/scoreboard.sv(22) @ 2805: uvm_test_top.env.sb [SCB] PASS: Sel 3, exp= c2982b90, y=c2982b90
# KERNEL: UVM_INFO /home/runner/scoreboard.sv(22) @ 2815: uvm_test_top.env.sb [SCB] PASS: Sel 3, exp= dd69a06e, y=dd69a06e
# KERNEL: UVM_INFO /home/runner/scoreboard.sv(22) @ 2825: uvm_test_top.env.sb [SCB] PASS: Sel 1, exp= 85a2f978, y=85a2f978
# KERNEL: UVM_INFO /home/runner/scoreboard.sv(22) @ 2835: uvm_test_top.env.sb [SCB] PASS: Sel 1, exp= 85a2f978, y=85a2f978
# KERNEL: UVM_INFO /home/runner/scoreboard.sv(22) @ 2845: uvm_test_top.env.sb [SCB] PASS: Sel 1, exp= 3173f82e, y=3173f82e
# KERNEL: UVM_INFO /home/runner/scoreboard.sv(22) @ 2855: uvm_test_top.env.sb [SCB] PASS: Sel 0, exp= 3e05d159, y=3e05d159
# KERNEL: UVM_INFO /home/runner/scoreboard.sv(22) @ 2865: uvm_test_top.env.sb [SCB] PASS: Sel 0, exp= 3e05d159, y=3e05d159
# KERNEL: UVM_INFO /home/runner/scoreboard.sv(22) @ 2875: uvm_test_top.env.sb [SCB] PASS: Sel 2, exp= 71b96e96, y=71b96e96
# KERNEL: UVM_INFO /home/runner/scoreboard.sv(22) @ 2885: uvm_test_top.env.sb [SCB] PASS: Sel 2, exp= ead1ada1, y=ead1ada1
# KERNEL: UVM_INFO /home/runner/scoreboard.sv(22) @ 2895: uvm_test_top.env.sb [SCB] PASS: Sel 2, exp= ead1ada1, y=ead1ada1
# KERNEL: UVM_INFO /home/runner/scoreboard.sv(22) @ 2905: uvm_test_top.env.sb [SCB] PASS: Sel 0, exp= 3ba1f934, y=3ba1f934
# KERNEL: UVM_INFO /home/runner/scoreboard.sv(22) @ 2915: uvm_test_top.env.sb [SCB] PASS: Sel 1, exp= f659635f, y=f659635f
# KERNEL: UVM_INFO /home/runner/scoreboard.sv(22) @ 2925: uvm_test_top.env.sb [SCB] PASS: Sel 1, exp= f659635f, y=f659635f
# KERNEL: UVM_INFO /home/runner/scoreboard.sv(22) @ 2935: uvm_test_top.env.sb [SCB] PASS: Sel 1, exp= bc74aa76, y=bc74aa76
# KERNEL: UVM_INFO /home/runner/scoreboard.sv(22) @ 2945: uvm_test_top.env.sb [SCB] PASS: Sel 3, exp= 4a0cb5f, y=4a0cb5f
# KERNEL: UVM_INFO /home/runner/scoreboard.sv(22) @ 2955: uvm_test_top.env.sb [SCB] PASS: Sel 3, exp= 4a0cb5f, y=4a0cb5f
# KERNEL: UVM_INFO /home/runner/scoreboard.sv(22) @ 2965: uvm_test_top.env.sb [SCB] PASS: Sel 3, exp= 3f12bee4, y=3f12bee4
# KERNEL: UVM_INFO /home/runner/scoreboard.sv(22) @ 2975: uvm_test_top.env.sb [SCB] PASS: Sel 1, exp= 9f1a738e, y=9f1a738e
# KERNEL: UVM_INFO /home/runner/scoreboard.sv(22) @ 2985: uvm_test_top.env.sb [SCB] PASS: Sel 1, exp= 9f1a738e, y=9f1a738e
# KERNEL: UVM_INFO /home/runner/scoreboard.sv(22) @ 2995: uvm_test_top.env.sb [SCB] PASS: Sel 2, exp= 437cac83, y=437cac83
# KERNEL: UVM_INFO /home/runner/scoreboard.sv(22) @ 3005: uvm_test_top.env.sb [SCB] PASS: Sel 2, exp= 89beb523, y=89beb523
# KERNEL: UVM_INFO /home/runner/scoreboard.sv(22) @ 3015: uvm_test_top.env.sb [SCB] PASS: Sel 2, exp= 89beb523, y=89beb523
# KERNEL: UVM_INFO /home/runner/scoreboard.sv(22) @ 3025: uvm_test_top.env.sb [SCB] PASS: Sel 1, exp= 24c9e4a0, y=24c9e4a0
# KERNEL: UVM_INFO /home/runner/scoreboard.sv(22) @ 3035: uvm_test_top.env.sb [SCB] PASS: Sel 2, exp= b40b526d, y=b40b526d
# KERNEL: UVM_INFO /home/runner/scoreboard.sv(22) @ 3045: uvm_test_top.env.sb [SCB] PASS: Sel 2, exp= b40b526d, y=b40b526d
# KERNEL: UVM_INFO /home/runner/scoreboard.sv(22) @ 3055: uvm_test_top.env.sb [SCB] PASS: Sel 1, exp= 7a5a288b, y=7a5a288b
# KERNEL: UVM_INFO /home/runner/scoreboard.sv(22) @ 3065: uvm_test_top.env.sb [SCB] PASS: Sel 3, exp= f8c0efdc, y=f8c0efdc
# KERNEL: UVM_INFO /home/runner/scoreboard.sv(22) @ 3075: uvm_test_top.env.sb [SCB] PASS: Sel 3, exp= f8c0efdc, y=f8c0efdc
# KERNEL: UVM_INFO /home/runner/scoreboard.sv(22) @ 3085: uvm_test_top.env.sb [SCB] PASS: Sel 0, exp= 96a3b170, y=96a3b170
# KERNEL: UVM_INFO /home/runner/scoreboard.sv(22) @ 3095: uvm_test_top.env.sb [SCB] PASS: Sel 3, exp= c9f7793, y=c9f7793
# KERNEL: UVM_INFO /home/runner/scoreboard.sv(22) @ 3105: uvm_test_top.env.sb [SCB] PASS: Sel 3, exp= c9f7793, y=c9f7793
# KERNEL: UVM_INFO /home/runner/scoreboard.sv(22) @ 3115: uvm_test_top.env.sb [SCB] PASS: Sel 0, exp= bab193ec, y=bab193ec
# KERNEL: UVM_INFO /home/runner/scoreboard.sv(22) @ 3125: uvm_test_top.env.sb [SCB] PASS: Sel 0, exp= f3b8e72b, y=f3b8e72b
# KERNEL: UVM_INFO /home/runner/scoreboard.sv(22) @ 3135: uvm_test_top.env.sb [SCB] PASS: Sel 0, exp= f3b8e72b, y=f3b8e72b
# KERNEL: UVM_INFO /home/runner/scoreboard.sv(22) @ 3145: uvm_test_top.env.sb [SCB] PASS: Sel 3, exp= 8fb1ca54, y=8fb1ca54
# KERNEL: UVM_INFO /home/runner/scoreboard.sv(22) @ 3155: uvm_test_top.env.sb [SCB] PASS: Sel 0, exp= dded3891, y=dded3891
# KERNEL: UVM_INFO /home/runner/scoreboard.sv(22) @ 3165: uvm_test_top.env.sb [SCB] PASS: Sel 0, exp= dded3891, y=dded3891
# KERNEL: UVM_INFO /home/runner/scoreboard.sv(22) @ 3175: uvm_test_top.env.sb [SCB] PASS: Sel 3, exp= 58e2a2ad, y=58e2a2ad
# KERNEL: UVM_INFO /home/runner/scoreboard.sv(22) @ 3185: uvm_test_top.env.sb [SCB] PASS: Sel 1, exp= 9823c1cb, y=9823c1cb
# KERNEL: UVM_INFO /home/runner/scoreboard.sv(22) @ 3195: uvm_test_top.env.sb [SCB] PASS: Sel 1, exp= 9823c1cb, y=9823c1cb
# KERNEL: UVM_INFO /home/runner/scoreboard.sv(22) @ 3205: uvm_test_top.env.sb [SCB] PASS: Sel 2, exp= 17c5d5dd, y=17c5d5dd
# KERNEL: UVM_INFO /home/runner/scoreboard.sv(22) @ 3215: uvm_test_top.env.sb [SCB] PASS: Sel 1, exp= 6445584c, y=6445584c
# KERNEL: UVM_INFO /home/runner/scoreboard.sv(22) @ 3225: uvm_test_top.env.sb [SCB] PASS: Sel 1, exp= 6445584c, y=6445584c
# KERNEL: UVM_INFO /home/runner/scoreboard.sv(22) @ 3235: uvm_test_top.env.sb [SCB] PASS: Sel 2, exp= d6bcddc8, y=d6bcddc8
# KERNEL: UVM_INFO /home/runner/scoreboard.sv(22) @ 3245: uvm_test_top.env.sb [SCB] PASS: Sel 2, exp= b147b2fe, y=b147b2fe
# KERNEL: UVM_INFO /home/runner/scoreboard.sv(22) @ 3255: uvm_test_top.env.sb [SCB] PASS: Sel 2, exp= b147b2fe, y=b147b2fe
# KERNEL: UVM_INFO /home/runner/scoreboard.sv(22) @ 3265: uvm_test_top.env.sb [SCB] PASS: Sel 1, exp= f6e7ce80, y=f6e7ce80
# KERNEL: UVM_INFO /home/runner/scoreboard.sv(22) @ 3275: uvm_test_top.env.sb [SCB] PASS: Sel 2, exp= 4cad9bd3, y=4cad9bd3
# KERNEL: UVM_INFO /home/runner/scoreboard.sv(22) @ 3285: uvm_test_top.env.sb [SCB] PASS: Sel 2, exp= 4cad9bd3, y=4cad9bd3
# KERNEL: UVM_INFO /home/runner/scoreboard.sv(22) @ 3295: uvm_test_top.env.sb [SCB] PASS: Sel 1, exp= e343175f, y=e343175f
# KERNEL: UVM_INFO /home/runner/scoreboard.sv(22) @ 3305: uvm_test_top.env.sb [SCB] PASS: Sel 3, exp= ccc5987b, y=ccc5987b
# KERNEL: UVM_INFO /home/runner/scoreboard.sv(22) @ 3315: uvm_test_top.env.sb [SCB] PASS: Sel 3, exp= ccc5987b, y=ccc5987b
# KERNEL: UVM_INFO /home/runner/scoreboard.sv(22) @ 3325: uvm_test_top.env.sb [SCB] PASS: Sel 0, exp= 312d2eff, y=312d2eff
# KERNEL: UVM_INFO /home/runner/scoreboard.sv(22) @ 3335: uvm_test_top.env.sb [SCB] PASS: Sel 3, exp= bb087d67, y=bb087d67
# KERNEL: UVM_INFO /home/runner/scoreboard.sv(22) @ 3345: uvm_test_top.env.sb [SCB] PASS: Sel 3, exp= bb087d67, y=bb087d67
# KERNEL: UVM_INFO /home/runner/scoreboard.sv(22) @ 3355: uvm_test_top.env.sb [SCB] PASS: Sel 0, exp= 58376ca5, y=58376ca5
# KERNEL: UVM_INFO /home/runner/scoreboard.sv(22) @ 3365: uvm_test_top.env.sb [SCB] PASS: Sel 0, exp= 177e863d, y=177e863d
# KERNEL: UVM_INFO /home/runner/scoreboard.sv(22) @ 3375: uvm_test_top.env.sb [SCB] PASS: Sel 0, exp= 177e863d, y=177e863d
# KERNEL: UVM_INFO /home/runner/scoreboard.sv(22) @ 3385: uvm_test_top.env.sb [SCB] PASS: Sel 3, exp= f912e550, y=f912e550
# KERNEL: UVM_INFO /home/runner/scoreboard.sv(22) @ 3395: uvm_test_top.env.sb [SCB] PASS: Sel 0, exp= 6c32c754, y=6c32c754
# KERNEL: UVM_INFO /home/runner/scoreboard.sv(22) @ 3405: uvm_test_top.env.sb [SCB] PASS: Sel 0, exp= 6c32c754, y=6c32c754
# KERNEL: UVM_INFO /home/runner/scoreboard.sv(22) @ 3415: uvm_test_top.env.sb [SCB] PASS: Sel 3, exp= aa53051e, y=aa53051e
# KERNEL: UVM_INFO /home/runner/scoreboard.sv(22) @ 3425: uvm_test_top.env.sb [SCB] PASS: Sel 1, exp= e9fc2776, y=e9fc2776
# KERNEL: UVM_INFO /home/runner/scoreboard.sv(22) @ 3435: uvm_test_top.env.sb [SCB] PASS: Sel 1, exp= e9fc2776, y=e9fc2776
# KERNEL: UVM_INFO /home/runner/scoreboard.sv(22) @ 3445: uvm_test_top.env.sb [SCB] PASS: Sel 2, exp= feac663e, y=feac663e
# KERNEL: UVM_INFO /home/runner/scoreboard.sv(22) @ 3455: uvm_test_top.env.sb [SCB] PASS: Sel 1, exp= 605ff5b0, y=605ff5b0
# KERNEL: UVM_INFO /home/runner/scoreboard.sv(22) @ 3465: uvm_test_top.env.sb [SCB] PASS: Sel 1, exp= 605ff5b0, y=605ff5b0
# KERNEL: UVM_INFO /home/runner/scoreboard.sv(22) @ 3475: uvm_test_top.env.sb [SCB] PASS: Sel 2, exp= d01a4c0c, y=d01a4c0c
# KERNEL: UVM_INFO /home/runner/scoreboard.sv(22) @ 3485: uvm_test_top.env.sb [SCB] PASS: Sel 2, exp= 9cdfef4d, y=9cdfef4d
# KERNEL: UVM_INFO /home/runner/scoreboard.sv(22) @ 3495: uvm_test_top.env.sb [SCB] PASS: Sel 2, exp= 9cdfef4d, y=9cdfef4d
# KERNEL: UVM_INFO /home/runner/scoreboard.sv(22) @ 3505: uvm_test_top.env.sb [SCB] PASS: Sel 1, exp= 3aa2c19d, y=3aa2c19d
# KERNEL: UVM_INFO /home/runner/scoreboard.sv(22) @ 3515: uvm_test_top.env.sb [SCB] PASS: Sel 2, exp= fafc9ca0, y=fafc9ca0
# KERNEL: UVM_INFO /home/runner/scoreboard.sv(22) @ 3525: uvm_test_top.env.sb [SCB] PASS: Sel 2, exp= fafc9ca0, y=fafc9ca0
# KERNEL: UVM_INFO /home/runner/scoreboard.sv(22) @ 3535: uvm_test_top.env.sb [SCB] PASS: Sel 1, exp= 6811630f, y=6811630f
# KERNEL: UVM_INFO /home/runner/scoreboard.sv(22) @ 3545: uvm_test_top.env.sb [SCB] PASS: Sel 3, exp= f966a37, y=f966a37
# KERNEL: UVM_INFO /home/runner/scoreboard.sv(22) @ 3555: uvm_test_top.env.sb [SCB] PASS: Sel 3, exp= f966a37, y=f966a37
# KERNEL: UVM_INFO /home/runner/scoreboard.sv(22) @ 3565: uvm_test_top.env.sb [SCB] PASS: Sel 0, exp= c3e020ec, y=c3e020ec
# KERNEL: UVM_INFO /home/runner/scoreboard.sv(22) @ 3575: uvm_test_top.env.sb [SCB] PASS: Sel 3, exp= ecca9385, y=ecca9385
# KERNEL: UVM_INFO /home/runner/scoreboard.sv(22) @ 3585: uvm_test_top.env.sb [SCB] PASS: Sel 3, exp= ecca9385, y=ecca9385
# KERNEL: UVM_INFO /home/runner/scoreboard.sv(22) @ 3595: uvm_test_top.env.sb [SCB] PASS: Sel 0, exp= 573cb356, y=573cb356
# KERNEL: UVM_INFO /home/runner/scoreboard.sv(22) @ 3605: uvm_test_top.env.sb [SCB] PASS: Sel 0, exp= 236bced8, y=236bced8
# KERNEL: UVM_INFO /home/runner/scoreboard.sv(22) @ 3615: uvm_test_top.env.sb [SCB] PASS: Sel 0, exp= 236bced8, y=236bced8
# KERNEL: UVM_INFO /home/runner/scoreboard.sv(22) @ 3625: uvm_test_top.env.sb [SCB] PASS: Sel 3, exp= c6615325, y=c6615325
# KERNEL: UVM_INFO /home/runner/scoreboard.sv(22) @ 3635: uvm_test_top.env.sb [SCB] PASS: Sel 0, exp= 60605b56, y=60605b56
# KERNEL: UVM_INFO /home/runner/scoreboard.sv(22) @ 3645: uvm_test_top.env.sb [SCB] PASS: Sel 0, exp= 60605b56, y=60605b56
# KERNEL: UVM_INFO /home/runner/scoreboard.sv(22) @ 3655: uvm_test_top.env.sb [SCB] PASS: Sel 3, exp= 5481898d, y=5481898d
# KERNEL: UVM_INFO /home/runner/scoreboard.sv(22) @ 3665: uvm_test_top.env.sb [SCB] PASS: Sel 1, exp= f986d006, y=f986d006
# KERNEL: UVM_INFO /home/runner/scoreboard.sv(22) @ 3675: uvm_test_top.env.sb [SCB] PASS: Sel 1, exp= f986d006, y=f986d006
# KERNEL: UVM_INFO /home/runner/scoreboard.sv(22) @ 3685: uvm_test_top.env.sb [SCB] PASS: Sel 2, exp= 67722cda, y=67722cda
# KERNEL: UVM_INFO /home/runner/scoreboard.sv(22) @ 3695: uvm_test_top.env.sb [SCB] PASS: Sel 1, exp= 5eeecc02, y=5eeecc02
# KERNEL: UVM_INFO /home/runner/scoreboard.sv(22) @ 3705: uvm_test_top.env.sb [SCB] PASS: Sel 1, exp= 5eeecc02, y=5eeecc02
# KERNEL: UVM_INFO /home/runner/scoreboard.sv(22) @ 3715: uvm_test_top.env.sb [SCB] PASS: Sel 2, exp= cffb47d2, y=cffb47d2
# KERNEL: UVM_INFO /home/runner/scoreboard.sv(22) @ 3725: uvm_test_top.env.sb [SCB] PASS: Sel 2, exp= acee359d, y=acee359d
# KERNEL: UVM_INFO /home/runner/scoreboard.sv(22) @ 3735: uvm_test_top.env.sb [SCB] PASS: Sel 2, exp= acee359d, y=acee359d
# KERNEL: UVM_INFO /home/runner/scoreboard.sv(22) @ 3745: uvm_test_top.env.sb [SCB] PASS: Sel 1, exp= 6daf88cd, y=6daf88cd
# KERNEL: UVM_INFO /home/runner/scoreboard.sv(22) @ 3755: uvm_test_top.env.sb [SCB] PASS: Sel 2, exp= e2895b5c, y=e2895b5c
# KERNEL: UVM_INFO /home/runner/scoreboard.sv(22) @ 3765: uvm_test_top.env.sb [SCB] PASS: Sel 2, exp= e2895b5c, y=e2895b5c
# KERNEL: UVM_INFO /home/runner/scoreboard.sv(22) @ 3775: uvm_test_top.env.sb [SCB] PASS: Sel 1, exp= 8500a509, y=8500a509
# KERNEL: UVM_INFO /home/runner/scoreboard.sv(22) @ 3785: uvm_test_top.env.sb [SCB] PASS: Sel 3, exp= 6a3b41fd, y=6a3b41fd
# KERNEL: UVM_INFO /home/runner/scoreboard.sv(22) @ 3795: uvm_test_top.env.sb [SCB] PASS: Sel 3, exp= 6a3b41fd, y=6a3b41fd
# KERNEL: UVM_INFO /home/runner/scoreboard.sv(22) @ 3805: uvm_test_top.env.sb [SCB] PASS: Sel 0, exp= 4e16fc93, y=4e16fc93
# KERNEL: UVM_INFO /home/runner/scoreboard.sv(22) @ 3815: uvm_test_top.env.sb [SCB] PASS: Sel 3, exp= f3fbcf56, y=f3fbcf56
# KERNEL: UVM_INFO /home/runner/scoreboard.sv(22) @ 3825: uvm_test_top.env.sb [SCB] PASS: Sel 3, exp= f3fbcf56, y=f3fbcf56
# KERNEL: UVM_INFO /home/runner/scoreboard.sv(22) @ 3835: uvm_test_top.env.sb [SCB] PASS: Sel 0, exp= 73c6e76f, y=73c6e76f
# KERNEL: UVM_INFO /home/runner/scoreboard.sv(22) @ 3845: uvm_test_top.env.sb [SCB] PASS: Sel 0, exp= 9c60f6c5, y=9c60f6c5
# KERNEL: UVM_INFO /home/runner/scoreboard.sv(22) @ 3855: uvm_test_top.env.sb [SCB] PASS: Sel 0, exp= 9c60f6c5, y=9c60f6c5
# KERNEL: UVM_INFO /home/runner/scoreboard.sv(22) @ 3865: uvm_test_top.env.sb [SCB] PASS: Sel 3, exp= 7e363556, y=7e363556
# KERNEL: UVM_INFO /home/runner/scoreboard.sv(22) @ 3875: uvm_test_top.env.sb [SCB] PASS: Sel 0, exp= ef94bbe4, y=ef94bbe4
# KERNEL: UVM_INFO /home/runner/scoreboard.sv(22) @ 3885: uvm_test_top.env.sb [SCB] PASS: Sel 0, exp= ef94bbe4, y=ef94bbe4
# KERNEL: UVM_INFO /home/runner/scoreboard.sv(22) @ 3895: uvm_test_top.env.sb [SCB] PASS: Sel 3, exp= 7ad871bb, y=7ad871bb
# KERNEL: UVM_INFO /home/runner/scoreboard.sv(22) @ 3905: uvm_test_top.env.sb [SCB] PASS: Sel 1, exp= eac76a58, y=eac76a58
# KERNEL: UVM_INFO /home/runner/scoreboard.sv(22) @ 3915: uvm_test_top.env.sb [SCB] PASS: Sel 1, exp= eac76a58, y=eac76a58
# KERNEL: UVM_INFO /home/runner/scoreboard.sv(22) @ 3925: uvm_test_top.env.sb [SCB] PASS: Sel 2, exp= a592b91d, y=a592b91d
# KERNEL: UVM_INFO /home/runner/scoreboard.sv(22) @ 3935: uvm_test_top.env.sb [SCB] PASS: Sel 1, exp= 4fecfe55, y=4fecfe55
# KERNEL: UVM_INFO /home/runner/scoreboard.sv(22) @ 3945: uvm_test_top.env.sb [SCB] PASS: Sel 1, exp= 4fecfe55, y=4fecfe55
# KERNEL: UVM_INFO /home/runner/scoreboard.sv(22) @ 3955: uvm_test_top.env.sb [SCB] PASS: Sel 2, exp= d6567702, y=d6567702
# KERNEL: UVM_INFO /home/runner/scoreboard.sv(22) @ 3965: uvm_test_top.env.sb [SCB] PASS: Sel 2, exp= 5d7b73f5, y=5d7b73f5
# KERNEL: UVM_INFO /home/runner/scoreboard.sv(22) @ 3975: uvm_test_top.env.sb [SCB] PASS: Sel 2, exp= 5d7b73f5, y=5d7b73f5
# KERNEL: UVM_INFO /home/runner/scoreboard.sv(22) @ 3985: uvm_test_top.env.sb [SCB] PASS: Sel 1, exp= f230bc14, y=f230bc14
# KERNEL: UVM_INFO /home/runner/scoreboard.sv(22) @ 3995: uvm_test_top.env.sb [SCB] PASS: Sel 2, exp= 938d96da, y=938d96da
# KERNEL: UVM_INFO /home/runner/scoreboard.sv(22) @ 4005: uvm_test_top.env.sb [SCB] PASS: Sel 2, exp= 938d96da, y=938d96da
# KERNEL: UVM_INFO /home/runner/scoreboard.sv(22) @ 4015: uvm_test_top.env.sb [SCB] PASS: Sel 1, exp= ad312c30, y=ad312c30
# KERNEL: UVM_INFO /home/runner/scoreboard.sv(22) @ 4025: uvm_test_top.env.sb [SCB] PASS: Sel 3, exp= e8ba9000, y=e8ba9000
# KERNEL: UVM_INFO /home/runner/scoreboard.sv(22) @ 4035: uvm_test_top.env.sb [SCB] PASS: Sel 3, exp= e8ba9000, y=e8ba9000
# KERNEL: UVM_INFO /home/runner/scoreboard.sv(22) @ 4045: uvm_test_top.env.sb [SCB] PASS: Sel 0, exp= 7152afa0, y=7152afa0
# KERNEL: UVM_INFO /home/runner/scoreboard.sv(22) @ 4055: uvm_test_top.env.sb [SCB] PASS: Sel 3, exp= ba384c14, y=ba384c14
# KERNEL: UVM_INFO /home/runner/scoreboard.sv(22) @ 4065: uvm_test_top.env.sb [SCB] PASS: Sel 3, exp= ba384c14, y=ba384c14
# KERNEL: UVM_INFO /home/runner/scoreboard.sv(22) @ 4075: uvm_test_top.env.sb [SCB] PASS: Sel 0, exp= f3cde3f7, y=f3cde3f7
# KERNEL: UVM_INFO /home/runner/scoreboard.sv(22) @ 4085: uvm_test_top.env.sb [SCB] PASS: Sel 0, exp= fa533d56, y=fa533d56
# KERNEL: UVM_INFO /home/runner/scoreboard.sv(22) @ 4095: uvm_test_top.env.sb [SCB] PASS: Sel 0, exp= fa533d56, y=fa533d56
# KERNEL: UVM_INFO /home/runner/scoreboard.sv(22) @ 4105: uvm_test_top.env.sb [SCB] PASS: Sel 3, exp= 8ec93986, y=8ec93986
# KERNEL: UVM_INFO /home/runner/scoreboard.sv(22) @ 4115: uvm_test_top.env.sb [SCB] PASS: Sel 0, exp= 7192081b, y=7192081b
# KERNEL: UVM_INFO /home/runner/scoreboard.sv(22) @ 4125: uvm_test_top.env.sb [SCB] PASS: Sel 0, exp= 7192081b, y=7192081b
# KERNEL: UVM_INFO /home/runner/scoreboard.sv(22) @ 4135: uvm_test_top.env.sb [SCB] PASS: Sel 3, exp= 71e0c238, y=71e0c238
# KERNEL: UVM_INFO /home/runner/scoreboard.sv(22) @ 4145: uvm_test_top.env.sb [SCB] PASS: Sel 1, exp= ac7323da, y=ac7323da
# KERNEL: UVM_INFO /home/runner/scoreboard.sv(22) @ 4155: uvm_test_top.env.sb [SCB] PASS: Sel 1, exp= ac7323da, y=ac7323da
# KERNEL: UVM_INFO /home/runner/scoreboard.sv(22) @ 4165: uvm_test_top.env.sb [SCB] PASS: Sel 2, exp= efb6f18e, y=efb6f18e
# KERNEL: UVM_INFO /home/runner/scoreboard.sv(22) @ 4175: uvm_test_top.env.sb [SCB] PASS: Sel 1, exp= 679f1866, y=679f1866
# KERNEL: UVM_INFO /home/runner/scoreboard.sv(22) @ 4185: uvm_test_top.env.sb [SCB] PASS: Sel 1, exp= 679f1866, y=679f1866
# KERNEL: UVM_INFO /home/runner/scoreboard.sv(22) @ 4195: uvm_test_top.env.sb [SCB] PASS: Sel 2, exp= b2aebf57, y=b2aebf57
# KERNEL: UVM_INFO /home/runner/scoreboard.sv(22) @ 4205: uvm_test_top.env.sb [SCB] PASS: Sel 2, exp= 8f096510, y=8f096510
# KERNEL: UVM_INFO /home/runner/scoreboard.sv(22) @ 4215: uvm_test_top.env.sb [SCB] PASS: Sel 2, exp= 8f096510, y=8f096510
# KERNEL: UVM_INFO /home/runner/scoreboard.sv(22) @ 4225: uvm_test_top.env.sb [SCB] PASS: Sel 1, exp= aa6a5ac0, y=aa6a5ac0
# KERNEL: UVM_INFO /home/runner/scoreboard.sv(22) @ 4235: uvm_test_top.env.sb [SCB] PASS: Sel 2, exp= 3a2cdf9c, y=3a2cdf9c
# KERNEL: UVM_INFO /home/runner/scoreboard.sv(22) @ 4245: uvm_test_top.env.sb [SCB] PASS: Sel 2, exp= 3a2cdf9c, y=3a2cdf9c
# KERNEL: UVM_INFO /home/runner/scoreboard.sv(22) @ 4255: uvm_test_top.env.sb [SCB] PASS: Sel 1, exp= a88900d8, y=a88900d8
# KERNEL: UVM_INFO /home/runner/scoreboard.sv(22) @ 4265: uvm_test_top.env.sb [SCB] PASS: Sel 3, exp= eca8971d, y=eca8971d
# KERNEL: UVM_INFO /home/runner/scoreboard.sv(22) @ 4275: uvm_test_top.env.sb [SCB] PASS: Sel 3, exp= eca8971d, y=eca8971d
# KERNEL: UVM_INFO /home/runner/scoreboard.sv(22) @ 4285: uvm_test_top.env.sb [SCB] PASS: Sel 0, exp= cdeb3852, y=cdeb3852
# KERNEL: UVM_INFO /home/runner/scoreboard.sv(22) @ 4295: uvm_test_top.env.sb [SCB] PASS: Sel 3, exp= 8c98acf6, y=8c98acf6
# KERNEL: UVM_INFO /home/runner/scoreboard.sv(22) @ 4305: uvm_test_top.env.sb [SCB] PASS: Sel 3, exp= 8c98acf6, y=8c98acf6
# KERNEL: UVM_INFO /home/runner/scoreboard.sv(22) @ 4315: uvm_test_top.env.sb [SCB] PASS: Sel 0, exp= 54dc4366, y=54dc4366
# KERNEL: UVM_INFO /home/runner/scoreboard.sv(22) @ 4325: uvm_test_top.env.sb [SCB] PASS: Sel 0, exp= 267fc4ac, y=267fc4ac
# KERNEL: UVM_INFO /home/runner/scoreboard.sv(22) @ 4335: uvm_test_top.env.sb [SCB] PASS: Sel 0, exp= 267fc4ac, y=267fc4ac
# KERNEL: UVM_INFO /home/runner/scoreboard.sv(22) @ 4345: uvm_test_top.env.sb [SCB] PASS: Sel 3, exp= f81a5fb6, y=f81a5fb6
# KERNEL: UVM_INFO /home/runner/scoreboard.sv(22) @ 4355: uvm_test_top.env.sb [SCB] PASS: Sel 0, exp= 5433a324, y=5433a324
# KERNEL: UVM_INFO /home/runner/scoreboard.sv(22) @ 4365: uvm_test_top.env.sb [SCB] PASS: Sel 0, exp= 5433a324, y=5433a324
# KERNEL: UVM_INFO /home/runner/scoreboard.sv(22) @ 4375: uvm_test_top.env.sb [SCB] PASS: Sel 3, exp= bc1288f7, y=bc1288f7
# KERNEL: UVM_INFO /home/runner/scoreboard.sv(22) @ 4385: uvm_test_top.env.sb [SCB] PASS: Sel 1, exp= 634c76eb, y=634c76eb
# KERNEL: UVM_INFO /home/runner/scoreboard.sv(22) @ 4395: uvm_test_top.env.sb [SCB] PASS: Sel 1, exp= 634c76eb, y=634c76eb
# KERNEL: UVM_INFO /home/runner/scoreboard.sv(22) @ 4405: uvm_test_top.env.sb [SCB] PASS: Sel 2, exp= 632847d4, y=632847d4
# KERNEL: UVM_INFO /home/runner/scoreboard.sv(22) @ 4415: uvm_test_top.env.sb [SCB] PASS: Sel 1, exp= f0dddc75, y=f0dddc75
# KERNEL: UVM_INFO /home/runner/scoreboard.sv(22) @ 4425: uvm_test_top.env.sb [SCB] PASS: Sel 1, exp= f0dddc75, y=f0dddc75
# KERNEL: UVM_INFO /home/runner/scoreboard.sv(22) @ 4435: uvm_test_top.env.sb [SCB] PASS: Sel 2, exp= d5772362, y=d5772362
# KERNEL: UVM_INFO /home/runner/scoreboard.sv(22) @ 4445: uvm_test_top.env.sb [SCB] PASS: Sel 2, exp= 8bb25e16, y=8bb25e16
# KERNEL: UVM_INFO /home/runner/scoreboard.sv(22) @ 4455: uvm_test_top.env.sb [SCB] PASS: Sel 2, exp= 8bb25e16, y=8bb25e16
# KERNEL: UVM_INFO /home/runner/scoreboard.sv(22) @ 4465: uvm_test_top.env.sb [SCB] PASS: Sel 1, exp= 82bdca26, y=82bdca26
# KERNEL: UVM_INFO /home/runner/scoreboard.sv(22) @ 4475: uvm_test_top.env.sb [SCB] PASS: Sel 2, exp= 61a3beef, y=61a3beef
# KERNEL: UVM_INFO /home/runner/scoreboard.sv(22) @ 4485: uvm_test_top.env.sb [SCB] PASS: Sel 2, exp= 61a3beef, y=61a3beef
# KERNEL: UVM_INFO /home/runner/scoreboard.sv(22) @ 4495: uvm_test_top.env.sb [SCB] PASS: Sel 1, exp= 910d659, y=910d659
# KERNEL: UVM_INFO /home/runner/scoreboard.sv(22) @ 4505: uvm_test_top.env.sb [SCB] PASS: Sel 3, exp= 32fc74ad, y=32fc74ad
# KERNEL: UVM_INFO /home/runner/scoreboard.sv(22) @ 4515: uvm_test_top.env.sb [SCB] PASS: Sel 3, exp= 32fc74ad, y=32fc74ad
# KERNEL: UVM_INFO /home/runner/scoreboard.sv(22) @ 4525: uvm_test_top.env.sb [SCB] PASS: Sel 0, exp= ebf1c5cb, y=ebf1c5cb
# KERNEL: UVM_INFO /home/runner/scoreboard.sv(22) @ 4535: uvm_test_top.env.sb [SCB] PASS: Sel 3, exp= 53427d0, y=53427d0
# KERNEL: UVM_INFO /home/runner/scoreboard.sv(22) @ 4545: uvm_test_top.env.sb [SCB] PASS: Sel 3, exp= 53427d0, y=53427d0
# KERNEL: UVM_INFO /home/runner/scoreboard.sv(22) @ 4555: uvm_test_top.env.sb [SCB] PASS: Sel 0, exp= f388b195, y=f388b195
# KERNEL: UVM_INFO /home/runner/scoreboard.sv(22) @ 4565: uvm_test_top.env.sb [SCB] PASS: Sel 0, exp= 470e0bf6, y=470e0bf6
# KERNEL: UVM_INFO /home/runner/scoreboard.sv(22) @ 4575: uvm_test_top.env.sb [SCB] PASS: Sel 0, exp= 470e0bf6, y=470e0bf6
# KERNEL: UVM_INFO /home/runner/scoreboard.sv(22) @ 4585: uvm_test_top.env.sb [SCB] PASS: Sel 3, exp= 6b9a98cf, y=6b9a98cf
# KERNEL: UVM_INFO /home/runner/scoreboard.sv(22) @ 4595: uvm_test_top.env.sb [SCB] PASS: Sel 0, exp= 6acc5196, y=6acc5196
# KERNEL: UVM_INFO /home/runner/scoreboard.sv(22) @ 4605: uvm_test_top.env.sb [SCB] PASS: Sel 0, exp= 6acc5196, y=6acc5196
# KERNEL: UVM_INFO /home/runner/scoreboard.sv(22) @ 4615: uvm_test_top.env.sb [SCB] PASS: Sel 3, exp= 74a8ef4d, y=74a8ef4d
# KERNEL: UVM_INFO /home/runner/scoreboard.sv(22) @ 4625: uvm_test_top.env.sb [SCB] PASS: Sel 1, exp= 4fea8c8c, y=4fea8c8c
# KERNEL: UVM_INFO /home/runner/scoreboard.sv(22) @ 4635: uvm_test_top.env.sb [SCB] PASS: Sel 1, exp= 4fea8c8c, y=4fea8c8c
# KERNEL: UVM_INFO /home/runner/scoreboard.sv(22) @ 4645: uvm_test_top.env.sb [SCB] PASS: Sel 2, exp= f161806d, y=f161806d
# KERNEL: UVM_INFO /home/runner/scoreboard.sv(22) @ 4655: uvm_test_top.env.sb [SCB] PASS: Sel 1, exp= aea52a18, y=aea52a18
# KERNEL: UVM_INFO /home/runner/scoreboard.sv(22) @ 4665: uvm_test_top.env.sb [SCB] PASS: Sel 1, exp= aea52a18, y=aea52a18
# KERNEL: UVM_INFO /home/runner/scoreboard.sv(22) @ 4675: uvm_test_top.env.sb [SCB] PASS: Sel 2, exp= 4feeab6c, y=4feeab6c
# KERNEL: UVM_INFO /home/runner/scoreboard.sv(22) @ 4685: uvm_test_top.env.sb [SCB] PASS: Sel 2, exp= 4eacd897, y=4eacd897
# KERNEL: UVM_INFO /home/runner/scoreboard.sv(22) @ 4695: uvm_test_top.env.sb [SCB] PASS: Sel 2, exp= 4eacd897, y=4eacd897
# KERNEL: UVM_INFO /home/runner/scoreboard.sv(22) @ 4705: uvm_test_top.env.sb [SCB] PASS: Sel 1, exp= 1188032c, y=1188032c
# KERNEL: UVM_INFO /home/runner/scoreboard.sv(22) @ 4715: uvm_test_top.env.sb [SCB] PASS: Sel 2, exp= b390cd5e, y=b390cd5e
# KERNEL: UVM_INFO /home/runner/scoreboard.sv(22) @ 4725: uvm_test_top.env.sb [SCB] PASS: Sel 2, exp= b390cd5e, y=b390cd5e
# KERNEL: UVM_INFO /home/runner/scoreboard.sv(22) @ 4735: uvm_test_top.env.sb [SCB] PASS: Sel 1, exp= 5191ed4f, y=5191ed4f
# KERNEL: UVM_INFO /home/runner/scoreboard.sv(22) @ 4745: uvm_test_top.env.sb [SCB] PASS: Sel 3, exp= b5933d00, y=b5933d00
# KERNEL: UVM_INFO /home/runner/scoreboard.sv(22) @ 4755: uvm_test_top.env.sb [SCB] PASS: Sel 3, exp= b5933d00, y=b5933d00
# KERNEL: UVM_INFO /home/runner/scoreboard.sv(22) @ 4765: uvm_test_top.env.sb [SCB] PASS: Sel 0, exp= f19dbf4f, y=f19dbf4f
# KERNEL: UVM_INFO /home/runner/scoreboard.sv(22) @ 4775: uvm_test_top.env.sb [SCB] PASS: Sel 3, exp= d82e1296, y=d82e1296
# KERNEL: UVM_INFO /home/runner/scoreboard.sv(22) @ 4785: uvm_test_top.env.sb [SCB] PASS: Sel 3, exp= d82e1296, y=d82e1296
# KERNEL: UVM_INFO /home/runner/scoreboard.sv(22) @ 4795: uvm_test_top.env.sb [SCB] PASS: Sel 0, exp= b3be6ac5, y=b3be6ac5
# KERNEL: UVM_INFO /home/runner/scoreboard.sv(22) @ 4805: uvm_test_top.env.sb [SCB] PASS: Sel 0, exp= eeef773c, y=eeef773c
# KERNEL: UVM_INFO /home/runner/scoreboard.sv(22) @ 4815: uvm_test_top.env.sb [SCB] PASS: Sel 0, exp= eeef773c, y=eeef773c
# KERNEL: UVM_INFO /home/runner/scoreboard.sv(22) @ 4825: uvm_test_top.env.sb [SCB] PASS: Sel 3, exp= d4f71216, y=d4f71216
# KERNEL: UVM_INFO /home/runner/scoreboard.sv(22) @ 4835: uvm_test_top.env.sb [SCB] PASS: Sel 0, exp= 17c44130, y=17c44130
# KERNEL: UVM_INFO /home/runner/scoreboard.sv(22) @ 4845: uvm_test_top.env.sb [SCB] PASS: Sel 0, exp= 17c44130, y=17c44130
# KERNEL: UVM_INFO /home/runner/scoreboard.sv(22) @ 4855: uvm_test_top.env.sb [SCB] PASS: Sel 3, exp= 5a8e1dbd, y=5a8e1dbd
# KERNEL: UVM_INFO /home/runner/scoreboard.sv(22) @ 4865: uvm_test_top.env.sb [SCB] PASS: Sel 1, exp= efa1d8d5, y=efa1d8d5
# KERNEL: UVM_INFO /home/runner/scoreboard.sv(22) @ 4875: uvm_test_top.env.sb [SCB] PASS: Sel 1, exp= efa1d8d5, y=efa1d8d5
# KERNEL: UVM_INFO /home/runner/scoreboard.sv(22) @ 4885: uvm_test_top.env.sb [SCB] PASS: Sel 2, exp= 43327f6d, y=43327f6d
# KERNEL: UVM_INFO /home/runner/scoreboard.sv(22) @ 4895: uvm_test_top.env.sb [SCB] PASS: Sel 1, exp= 610e02b6, y=610e02b6
# KERNEL: UVM_INFO /home/runner/scoreboard.sv(22) @ 4905: uvm_test_top.env.sb [SCB] PASS: Sel 1, exp= 610e02b6, y=610e02b6
# KERNEL: UVM_INFO /home/runner/scoreboard.sv(22) @ 4915: uvm_test_top.env.sb [SCB] PASS: Sel 2, exp= 7d037c20, y=7d037c20
# KERNEL: UVM_INFO /home/runner/scoreboard.sv(22) @ 4925: uvm_test_top.env.sb [SCB] PASS: Sel 2, exp= a0202b2d, y=a0202b2d
# KERNEL: UVM_INFO /home/runner/scoreboard.sv(22) @ 4935: uvm_test_top.env.sb [SCB] PASS: Sel 2, exp= a0202b2d, y=a0202b2d
# KERNEL: UVM_INFO /home/runner/scoreboard.sv(22) @ 4945: uvm_test_top.env.sb [SCB] PASS: Sel 1, exp= 9bac3040, y=9bac3040
# KERNEL: UVM_INFO /home/runner/scoreboard.sv(22) @ 4955: uvm_test_top.env.sb [SCB] PASS: Sel 2, exp= f9b5abfc, y=f9b5abfc
# KERNEL: UVM_INFO /home/runner/scoreboard.sv(22) @ 4965: uvm_test_top.env.sb [SCB] PASS: Sel 2, exp= f9b5abfc, y=f9b5abfc
# KERNEL: UVM_INFO /home/runner/scoreboard.sv(22) @ 4975: uvm_test_top.env.sb [SCB] PASS: Sel 1, exp= 6ab847c5, y=6ab847c5
# KERNEL: UVM_INFO /home/runner/scoreboard.sv(22) @ 4985: uvm_test_top.env.sb [SCB] PASS: Sel 3, exp= c9de95cd, y=c9de95cd
# KERNEL: UVM_INFO /home/runner/scoreboard.sv(22) @ 4995: uvm_test_top.env.sb [SCB] PASS: Sel 3, exp= c9de95cd, y=c9de95cd
# KERNEL: UVM_INFO /home/runner/scoreboard.sv(22) @ 5005: uvm_test_top.env.sb [SCB] PASS: Sel 0, exp= c5f4d315, y=c5f4d315
# KERNEL: UVM_INFO /home/runner/scoreboard.sv(22) @ 5015: uvm_test_top.env.sb [SCB] PASS: Sel 3, exp= cb15f866, y=cb15f866
# KERNEL: UVM_INFO /home/runner/scoreboard.sv(22) @ 5025: uvm_test_top.env.sb [SCB] PASS: Sel 3, exp= cb15f866, y=cb15f866
# KERNEL: UVM_INFO /home/runner/scoreboard.sv(22) @ 5035: uvm_test_top.env.sb [SCB] PASS: Sel 0, exp= 73536d75, y=73536d75
# KERNEL: UVM_INFO /home/runner/scoreboard.sv(22) @ 5045: uvm_test_top.env.sb [SCB] PASS: Sel 0, exp= 590a9058, y=590a9058
# KERNEL: UVM_INFO /home/runner/scoreboard.sv(22) @ 5055: uvm_test_top.env.sb [SCB] PASS: Sel 0, exp= 590a9058, y=590a9058
# KERNEL: UVM_INFO /home/runner/scoreboard.sv(22) @ 5065: uvm_test_top.env.sb [SCB] PASS: Sel 3, exp= 35742153, y=35742153
# KERNEL: UVM_INFO /home/runner/scoreboard.sv(22) @ 5075: uvm_test_top.env.sb [SCB] PASS: Sel 0, exp= 7151e3a0, y=7151e3a0
# KERNEL: UVM_INFO /home/runner/scoreboard.sv(22) @ 5085: uvm_test_top.env.sb [SCB] PASS: Sel 0, exp= 7151e3a0, y=7151e3a0
# KERNEL: UVM_INFO /home/runner/scoreboard.sv(22) @ 5095: uvm_test_top.env.sb [SCB] PASS: Sel 3, exp= 99316e2e, y=99316e2e
# KERNEL: UVM_INFO /home/runner/scoreboard.sv(22) @ 5105: uvm_test_top.env.sb [SCB] PASS: Sel 1, exp= c2a2b0d9, y=c2a2b0d9
# KERNEL: UVM_INFO /home/runner/scoreboard.sv(22) @ 5115: uvm_test_top.env.sb [SCB] PASS: Sel 1, exp= c2a2b0d9, y=c2a2b0d9
# KERNEL: UVM_INFO /home/runner/scoreboard.sv(22) @ 5125: uvm_test_top.env.sb [SCB] PASS: Sel 2, exp= 84e4374e, y=84e4374e
# KERNEL: UVM_INFO /home/runner/scoreboard.sv(22) @ 5135: uvm_test_top.env.sb [SCB] PASS: Sel 1, exp= a056cb77, y=a056cb77
# KERNEL: UVM_INFO /home/runner/scoreboard.sv(22) @ 5145: uvm_test_top.env.sb [SCB] PASS: Sel 1, exp= a056cb77, y=a056cb77
# KERNEL: UVM_INFO /home/runner/scoreboard.sv(22) @ 5155: uvm_test_top.env.sb [SCB] PASS: Sel 2, exp= 503c0396, y=503c0396
# KERNEL: UVM_INFO /home/runner/scoreboard.sv(22) @ 5165: uvm_test_top.env.sb [SCB] PASS: Sel 2, exp= 2af2ad7e, y=2af2ad7e
# KERNEL: UVM_INFO /home/runner/scoreboard.sv(22) @ 5175: uvm_test_top.env.sb [SCB] PASS: Sel 2, exp= 2af2ad7e, y=2af2ad7e
# KERNEL: UVM_INFO /home/runner/scoreboard.sv(22) @ 5185: uvm_test_top.env.sb [SCB] PASS: Sel 1, exp= e4487bdb, y=e4487bdb
# KERNEL: UVM_INFO /home/runner/scoreboard.sv(22) @ 5195: uvm_test_top.env.sb [SCB] PASS: Sel 2, exp= ea70b869, y=ea70b869
# KERNEL: UVM_INFO /home/runner/scoreboard.sv(22) @ 5205: uvm_test_top.env.sb [SCB] PASS: Sel 2, exp= ea70b869, y=ea70b869
# KERNEL: UVM_INFO /home/runner/scoreboard.sv(22) @ 5215: uvm_test_top.env.sb [SCB] PASS: Sel 1, exp= 56ed9cd8, y=56ed9cd8
# KERNEL: UVM_INFO /home/runner/scoreboard.sv(22) @ 5225: uvm_test_top.env.sb [SCB] PASS: Sel 3, exp= d21a5af8, y=d21a5af8
# KERNEL: UVM_INFO /home/runner/scoreboard.sv(22) @ 5235: uvm_test_top.env.sb [SCB] PASS: Sel 3, exp= d21a5af8, y=d21a5af8
# KERNEL: UVM_INFO /home/runner/scoreboard.sv(22) @ 5245: uvm_test_top.env.sb [SCB] PASS: Sel 0, exp= 9f89286a, y=9f89286a
# KERNEL: UVM_INFO /home/runner/scoreboard.sv(22) @ 5255: uvm_test_top.env.sb [SCB] PASS: Sel 3, exp= c1998f68, y=c1998f68
# KERNEL: UVM_INFO /home/runner/scoreboard.sv(22) @ 5265: uvm_test_top.env.sb [SCB] PASS: Sel 3, exp= c1998f68, y=c1998f68
# KERNEL: UVM_INFO /home/runner/scoreboard.sv(22) @ 5275: uvm_test_top.env.sb [SCB] PASS: Sel 0, exp= 83036f57, y=83036f57
# KERNEL: UVM_INFO /home/runner/scoreboard.sv(22) @ 5285: uvm_test_top.env.sb [SCB] PASS: Sel 0, exp= e02485b7, y=e02485b7
# KERNEL: UVM_INFO /home/runner/scoreboard.sv(22) @ 5295: uvm_test_top.env.sb [SCB] PASS: Sel 0, exp= e02485b7, y=e02485b7
# KERNEL: UVM_INFO /home/runner/scoreboard.sv(22) @ 5305: uvm_test_top.env.sb [SCB] PASS: Sel 3, exp= 14cc4c75, y=14cc4c75
# KERNEL: UVM_INFO /home/runner/scoreboard.sv(22) @ 5315: uvm_test_top.env.sb [SCB] PASS: Sel 0, exp= ae8bb521, y=ae8bb521
# KERNEL: UVM_INFO /home/runner/scoreboard.sv(22) @ 5325: uvm_test_top.env.sb [SCB] PASS: Sel 0, exp= ae8bb521, y=ae8bb521
# KERNEL: UVM_INFO /home/runner/scoreboard.sv(22) @ 5335: uvm_test_top.env.sb [SCB] PASS: Sel 3, exp= 3092e09e, y=3092e09e
# KERNEL: UVM_INFO /home/runner/scoreboard.sv(22) @ 5345: uvm_test_top.env.sb [SCB] PASS: Sel 1, exp= e333b1e9, y=e333b1e9
# KERNEL: UVM_INFO /home/runner/scoreboard.sv(22) @ 5355: uvm_test_top.env.sb [SCB] PASS: Sel 1, exp= e333b1e9, y=e333b1e9
# KERNEL: UVM_INFO /home/runner/scoreboard.sv(22) @ 5365: uvm_test_top.env.sb [SCB] PASS: Sel 2, exp= dc7e5eaa, y=dc7e5eaa
# KERNEL: UVM_INFO /home/runner/scoreboard.sv(22) @ 5375: uvm_test_top.env.sb [SCB] PASS: Sel 1, exp= 949b3b36, y=949b3b36
# KERNEL: UVM_INFO /home/runner/scoreboard.sv(22) @ 5385: uvm_test_top.env.sb [SCB] PASS: Sel 1, exp= 949b3b36, y=949b3b36
# KERNEL: UVM_INFO /home/runner/scoreboard.sv(22) @ 5395: uvm_test_top.env.sb [SCB] PASS: Sel 2, exp= 6af53bbd, y=6af53bbd
# KERNEL: UVM_INFO /home/runner/scoreboard.sv(22) @ 5405: uvm_test_top.env.sb [SCB] PASS: Sel 2, exp= bc2d2957, y=bc2d2957
# KERNEL: UVM_INFO /home/runner/scoreboard.sv(22) @ 5415: uvm_test_top.env.sb [SCB] PASS: Sel 2, exp= bc2d2957, y=bc2d2957
# KERNEL: UVM_INFO /home/runner/scoreboard.sv(22) @ 5425: uvm_test_top.env.sb [SCB] PASS: Sel 1, exp= 8127663c, y=8127663c
# KERNEL: UVM_INFO /home/runner/scoreboard.sv(22) @ 5435: uvm_test_top.env.sb [SCB] PASS: Sel 2, exp= dd8c1eb9, y=dd8c1eb9
# KERNEL: UVM_INFO /home/runner/scoreboard.sv(22) @ 5445: uvm_test_top.env.sb [SCB] PASS: Sel 2, exp= dd8c1eb9, y=dd8c1eb9
# KERNEL: UVM_INFO /home/runner/scoreboard.sv(22) @ 5455: uvm_test_top.env.sb [SCB] PASS: Sel 1, exp= b494aba6, y=b494aba6
# KERNEL: UVM_INFO /home/runner/scoreboard.sv(22) @ 5465: uvm_test_top.env.sb [SCB] PASS: Sel 3, exp= c3b93eed, y=c3b93eed
# KERNEL: UVM_INFO /home/runner/scoreboard.sv(22) @ 5475: uvm_test_top.env.sb [SCB] PASS: Sel 3, exp= c3b93eed, y=c3b93eed
# KERNEL: UVM_INFO /home/runner/scoreboard.sv(22) @ 5485: uvm_test_top.env.sb [SCB] PASS: Sel 0, exp= e80b63f6, y=e80b63f6
# KERNEL: UVM_INFO /home/runner/scoreboard.sv(22) @ 5495: uvm_test_top.env.sb [SCB] PASS: Sel 3, exp= d0ba22d3, y=d0ba22d3
# KERNEL: UVM_INFO /home/runner/scoreboard.sv(22) @ 5505: uvm_test_top.env.sb [SCB] PASS: Sel 3, exp= d0ba22d3, y=d0ba22d3
# KERNEL: UVM_INFO /home/runner/scoreboard.sv(22) @ 5515: uvm_test_top.env.sb [SCB] PASS: Sel 0, exp= d2c550d6, y=d2c550d6
# KERNEL: UVM_INFO /home/runner/scoreboard.sv(22) @ 5525: uvm_test_top.env.sb [SCB] PASS: Sel 0, exp= e724d66b, y=e724d66b
# KERNEL: UVM_INFO /home/runner/scoreboard.sv(22) @ 5535: uvm_test_top.env.sb [SCB] PASS: Sel 0, exp= e724d66b, y=e724d66b
# KERNEL: UVM_INFO /home/runner/scoreboard.sv(22) @ 5545: uvm_test_top.env.sb [SCB] PASS: Sel 3, exp= 79d41ca5, y=79d41ca5
# KERNEL: UVM_INFO /home/runner/scoreboard.sv(22) @ 5555: uvm_test_top.env.sb [SCB] PASS: Sel 0, exp= 9df0e521, y=9df0e521
# KERNEL: UVM_INFO /home/runner/scoreboard.sv(22) @ 5565: uvm_test_top.env.sb [SCB] PASS: Sel 0, exp= 9df0e521, y=9df0e521
# KERNEL: UVM_INFO /home/runner/scoreboard.sv(22) @ 5575: uvm_test_top.env.sb [SCB] PASS: Sel 3, exp= b531d520, y=b531d520
# KERNEL: UVM_INFO /home/runner/scoreboard.sv(22) @ 5585: uvm_test_top.env.sb [SCB] PASS: Sel 1, exp= f069dc86, y=f069dc86
# KERNEL: UVM_INFO /home/runner/scoreboard.sv(22) @ 5595: uvm_test_top.env.sb [SCB] PASS: Sel 1, exp= f069dc86, y=f069dc86
# KERNEL: UVM_INFO /home/runner/scoreboard.sv(22) @ 5605: uvm_test_top.env.sb [SCB] PASS: Sel 2, exp= b674973d, y=b674973d
# KERNEL: UVM_INFO /home/runner/scoreboard.sv(22) @ 5615: uvm_test_top.env.sb [SCB] PASS: Sel 1, exp= 9c4ff681, y=9c4ff681
# KERNEL: UVM_INFO /home/runner/scoreboard.sv(22) @ 5625: uvm_test_top.env.sb [SCB] PASS: Sel 1, exp= 9c4ff681, y=9c4ff681
# KERNEL: UVM_INFO /home/runner/scoreboard.sv(22) @ 5635: uvm_test_top.env.sb [SCB] PASS: Sel 2, exp= 4af372eb, y=4af372eb
# KERNEL: UVM_INFO /home/runner/scoreboard.sv(22) @ 5645: uvm_test_top.env.sb [SCB] PASS: Sel 2, exp= 23fd2a66, y=23fd2a66
# KERNEL: UVM_INFO /home/runner/scoreboard.sv(22) @ 5655: uvm_test_top.env.sb [SCB] PASS: Sel 2, exp= 23fd2a66, y=23fd2a66
# KERNEL: UVM_INFO /home/runner/scoreboard.sv(22) @ 5665: uvm_test_top.env.sb [SCB] PASS: Sel 1, exp= aaa38a4d, y=aaa38a4d
# KERNEL: UVM_INFO /home/runner/scoreboard.sv(22) @ 5675: uvm_test_top.env.sb [SCB] PASS: Sel 2, exp= cf7898b7, y=cf7898b7
# KERNEL: UVM_INFO /home/runner/scoreboard.sv(22) @ 5685: uvm_test_top.env.sb [SCB] PASS: Sel 2, exp= cf7898b7, y=cf7898b7
# KERNEL: UVM_INFO /home/runner/scoreboard.sv(22) @ 5695: uvm_test_top.env.sb [SCB] PASS: Sel 1, exp= fcd8a690, y=fcd8a690
# KERNEL: UVM_INFO /home/runner/scoreboard.sv(22) @ 5705: uvm_test_top.env.sb [SCB] PASS: Sel 3, exp= c5c3c67d, y=c5c3c67d
# KERNEL: UVM_INFO /home/runner/scoreboard.sv(22) @ 5715: uvm_test_top.env.sb [SCB] PASS: Sel 3, exp= c5c3c67d, y=c5c3c67d
# KERNEL: UVM_INFO /home/runner/scoreboard.sv(22) @ 5725: uvm_test_top.env.sb [SCB] PASS: Sel 0, exp= a4ea6d98, y=a4ea6d98
# KERNEL: UVM_INFO /home/runner/scoreboard.sv(22) @ 5735: uvm_test_top.env.sb [SCB] PASS: Sel 3, exp= a7a871f3, y=a7a871f3
# KERNEL: UVM_INFO /home/runner/scoreboard.sv(22) @ 5745: uvm_test_top.env.sb [SCB] PASS: Sel 3, exp= a7a871f3, y=a7a871f3
# KERNEL: UVM_INFO /home/runner/scoreboard.sv(22) @ 5755: uvm_test_top.env.sb [SCB] PASS: Sel 0, exp= d2c94460, y=d2c94460
# KERNEL: UVM_INFO /home/runner/scoreboard.sv(22) @ 5765: uvm_test_top.env.sb [SCB] PASS: Sel 0, exp= e2c62086, y=e2c62086
# KERNEL: UVM_INFO /home/runner/scoreboard.sv(22) @ 5775: uvm_test_top.env.sb [SCB] PASS: Sel 0, exp= e2c62086, y=e2c62086
# KERNEL: UVM_INFO /home/runner/scoreboard.sv(22) @ 5785: uvm_test_top.env.sb [SCB] PASS: Sel 3, exp= 6e5977e8, y=6e5977e8
# KERNEL: UVM_INFO /home/runner/scoreboard.sv(22) @ 5795: uvm_test_top.env.sb [SCB] PASS: Sel 0, exp= 33dc8ccc, y=33dc8ccc
# KERNEL: UVM_INFO /home/runner/scoreboard.sv(22) @ 5805: uvm_test_top.env.sb [SCB] PASS: Sel 0, exp= 33dc8ccc, y=33dc8ccc
# KERNEL: UVM_INFO /home/runner/scoreboard.sv(22) @ 5815: uvm_test_top.env.sb [SCB] PASS: Sel 3, exp= 69902b7d, y=69902b7d
# KERNEL: UVM_INFO /home/runner/scoreboard.sv(22) @ 5825: uvm_test_top.env.sb [SCB] PASS: Sel 1, exp= b187155f, y=b187155f
# KERNEL: UVM_INFO /home/runner/scoreboard.sv(22) @ 5835: uvm_test_top.env.sb [SCB] PASS: Sel 1, exp= b187155f, y=b187155f
# KERNEL: UVM_INFO /home/runner/scoreboard.sv(22) @ 5845: uvm_test_top.env.sb [SCB] PASS: Sel 2, exp= b569080a, y=b569080a
# KERNEL: UVM_INFO /home/runner/scoreboard.sv(22) @ 5855: uvm_test_top.env.sb [SCB] PASS: Sel 1, exp= d5feecd2, y=d5feecd2
# KERNEL: UVM_INFO /home/runner/scoreboard.sv(22) @ 5865: uvm_test_top.env.sb [SCB] PASS: Sel 1, exp= d5feecd2, y=d5feecd2
# KERNEL: UVM_INFO /home/runner/scoreboard.sv(22) @ 5875: uvm_test_top.env.sb [SCB] PASS: Sel 2, exp= c259b11d, y=c259b11d
# KERNEL: UVM_INFO /home/runner/scoreboard.sv(22) @ 5885: uvm_test_top.env.sb [SCB] PASS: Sel 2, exp= cfe6b6ef, y=cfe6b6ef
# KERNEL: UVM_INFO /home/runner/scoreboard.sv(22) @ 5895: uvm_test_top.env.sb [SCB] PASS: Sel 2, exp= cfe6b6ef, y=cfe6b6ef
# KERNEL: UVM_INFO /home/runner/scoreboard.sv(22) @ 5905: uvm_test_top.env.sb [SCB] PASS: Sel 1, exp= a91a89a5, y=a91a89a5
# KERNEL: UVM_INFO /home/runner/scoreboard.sv(22) @ 5915: uvm_test_top.env.sb [SCB] PASS: Sel 2, exp= a57db159, y=a57db159
# KERNEL: UVM_INFO /home/runner/scoreboard.sv(22) @ 5925: uvm_test_top.env.sb [SCB] PASS: Sel 2, exp= a57db159, y=a57db159
# KERNEL: UVM_INFO /home/runner/scoreboard.sv(22) @ 5935: uvm_test_top.env.sb [SCB] PASS: Sel 1, exp= c3751bb9, y=c3751bb9
# KERNEL: UVM_INFO /home/runner/scoreboard.sv(22) @ 5945: uvm_test_top.env.sb [SCB] PASS: Sel 3, exp= a08c700d, y=a08c700d
# KERNEL: UVM_INFO /home/runner/scoreboard.sv(22) @ 5955: uvm_test_top.env.sb [SCB] PASS: Sel 3, exp= a08c700d, y=a08c700d
# KERNEL: UVM_INFO /home/runner/scoreboard.sv(22) @ 5965: uvm_test_top.env.sb [SCB] PASS: Sel 0, exp= 1804d879, y=1804d879
# KERNEL: UVM_INFO /home/runner/scoreboard.sv(22) @ 5975: uvm_test_top.env.sb [SCB] PASS: Sel 3, exp= 6597b513, y=6597b513
# KERNEL: UVM_INFO /home/runner/scoreboard.sv(22) @ 5985: uvm_test_top.env.sb [SCB] PASS: Sel 3, exp= 6597b513, y=6597b513
# KERNEL: UVM_INFO /home/runner/scoreboard.sv(22) @ 5995: uvm_test_top.env.sb [SCB] PASS: Sel 0, exp= aa5ae135, y=aa5ae135
# KERNEL: UVM_INFO /home/runner/scoreboard.sv(22) @ 6005: uvm_test_top.env.sb [SCB] PASS: Sel 0, exp= 29c3d8ac, y=29c3d8ac
# KERNEL: UVM_INFO /home/runner/scoreboard.sv(22) @ 6015: uvm_test_top.env.sb [SCB] PASS: Sel 0, exp= 29c3d8ac, y=29c3d8ac
# KERNEL: UVM_INFO /home/runner/scoreboard.sv(22) @ 6025: uvm_test_top.env.sb [SCB] PASS: Sel 3, exp= b06c2cd3, y=b06c2cd3
# KERNEL: UVM_INFO /home/runner/scoreboard.sv(22) @ 6035: uvm_test_top.env.sb [SCB] PASS: Sel 0, exp= 654080d0, y=654080d0
# KERNEL: UVM_INFO /home/runner/scoreboard.sv(22) @ 6045: uvm_test_top.env.sb [SCB] PASS: Sel 0, exp= 654080d0, y=654080d0
# KERNEL: UVM_INFO /home/runner/scoreboard.sv(22) @ 6055: uvm_test_top.env.sb [SCB] PASS: Sel 3, exp= 4ba45838, y=4ba45838
# KERNEL: UVM_INFO /home/runner/scoreboard.sv(22) @ 6065: uvm_test_top.env.sb [SCB] PASS: Sel 1, exp= fe6673a6, y=fe6673a6
# KERNEL: UVM_INFO /home/runner/scoreboard.sv(22) @ 6075: uvm_test_top.env.sb [SCB] PASS: Sel 1, exp= fe6673a6, y=fe6673a6
# KERNEL: UVM_INFO /home/runner/scoreboard.sv(22) @ 6085: uvm_test_top.env.sb [SCB] PASS: Sel 2, exp= b29ca478, y=b29ca478
# KERNEL: UVM_INFO /home/runner/scoreboard.sv(22) @ 6095: uvm_test_top.env.sb [SCB] PASS: Sel 1, exp= 6cbb143c, y=6cbb143c
# KERNEL: UVM_INFO /home/runner/scoreboard.sv(22) @ 6105: uvm_test_top.env.sb [SCB] PASS: Sel 1, exp= 6cbb143c, y=6cbb143c
# KERNEL: UVM_INFO /home/runner/scoreboard.sv(22) @ 6115: uvm_test_top.env.sb [SCB] PASS: Sel 2, exp= 27b07755, y=27b07755
# KERNEL: UVM_INFO /home/runner/scoreboard.sv(22) @ 6125: uvm_test_top.env.sb [SCB] PASS: Sel 2, exp= df37610b, y=df37610b
# KERNEL: UVM_INFO /home/runner/scoreboard.sv(22) @ 6135: uvm_test_top.env.sb [SCB] PASS: Sel 2, exp= df37610b, y=df37610b
# KERNEL: UVM_INFO /home/runner/scoreboard.sv(22) @ 6145: uvm_test_top.env.sb [SCB] PASS: Sel 1, exp= f3e05db6, y=f3e05db6
# KERNEL: UVM_INFO /home/runner/scoreboard.sv(22) @ 6155: uvm_test_top.env.sb [SCB] PASS: Sel 2, exp= 97febcbe, y=97febcbe
# KERNEL: UVM_INFO /home/runner/scoreboard.sv(22) @ 6165: uvm_test_top.env.sb [SCB] PASS: Sel 2, exp= 97febcbe, y=97febcbe
# KERNEL: UVM_INFO /home/runner/scoreboard.sv(22) @ 6175: uvm_test_top.env.sb [SCB] PASS: Sel 1, exp= fc227b6c, y=fc227b6c
# KERNEL: UVM_INFO /home/runner/scoreboard.sv(22) @ 6185: uvm_test_top.env.sb [SCB] PASS: Sel 2, exp= 5510844b, y=5510844b
# KERNEL: UVM_INFO /home/runner/scoreboard.sv(22) @ 6195: uvm_test_top.env.sb [SCB] PASS: Sel 2, exp= 5510844b, y=5510844b
# KERNEL: UVM_INFO /home/runner/scoreboard.sv(22) @ 6205: uvm_test_top.env.sb [SCB] PASS: Sel 2, exp= 29ebb29e, y=29ebb29e
# KERNEL: UVM_INFO /home/runner/scoreboard.sv(22) @ 6215: uvm_test_top.env.sb [SCB] PASS: Sel 1, exp= 9293e37c, y=9293e37c
# KERNEL: UVM_INFO /home/runner/scoreboard.sv(22) @ 6225: uvm_test_top.env.sb [SCB] PASS: Sel 1, exp= 9293e37c, y=9293e37c
# KERNEL: UVM_INFO /home/runner/scoreboard.sv(22) @ 6235: uvm_test_top.env.sb [SCB] PASS: Sel 3, exp= 25126bab, y=25126bab
# KERNEL: UVM_INFO /home/runner/scoreboard.sv(22) @ 6245: uvm_test_top.env.sb [SCB] PASS: Sel 3, exp= 26879229, y=26879229
# KERNEL: UVM_INFO /home/runner/scoreboard.sv(22) @ 6255: uvm_test_top.env.sb [SCB] PASS: Sel 3, exp= 26879229, y=26879229
# KERNEL: UVM_INFO /home/runner/scoreboard.sv(22) @ 6265: uvm_test_top.env.sb [SCB] PASS: Sel 1, exp= 3beba3c4, y=3beba3c4
# KERNEL: UVM_INFO /home/runner/scoreboard.sv(22) @ 6275: uvm_test_top.env.sb [SCB] PASS: Sel 2, exp= 35162b78, y=35162b78
# KERNEL: UVM_INFO /home/runner/scoreboard.sv(22) @ 6285: uvm_test_top.env.sb [SCB] PASS: Sel 2, exp= 35162b78, y=35162b78
# KERNEL: UVM_INFO /home/runner/scoreboard.sv(22) @ 6295: uvm_test_top.env.sb [SCB] PASS: Sel 2, exp= c8670d70, y=c8670d70
# KERNEL: UVM_INFO /home/runner/scoreboard.sv(22) @ 6305: uvm_test_top.env.sb [SCB] PASS: Sel 0, exp= 501e5803, y=501e5803
# KERNEL: UVM_INFO /home/runner/scoreboard.sv(22) @ 6315: uvm_test_top.env.sb [SCB] PASS: Sel 0, exp= 501e5803, y=501e5803
# KERNEL: UVM_INFO /home/runner/scoreboard.sv(22) @ 6325: uvm_test_top.env.sb [SCB] PASS: Sel 0, exp= 47d34b46, y=47d34b46
# KERNEL: UVM_INFO /home/runner/scoreboard.sv(22) @ 6335: uvm_test_top.env.sb [SCB] PASS: Sel 3, exp= 8ab0572b, y=8ab0572b
# KERNEL: UVM_INFO /home/runner/scoreboard.sv(22) @ 6345: uvm_test_top.env.sb [SCB] PASS: Sel 3, exp= 8ab0572b, y=8ab0572b
# KERNEL: UVM_INFO /home/runner/scoreboard.sv(22) @ 6355: uvm_test_top.env.sb [SCB] PASS: Sel 1, exp= 120b214e, y=120b214e
# KERNEL: UVM_INFO /home/runner/scoreboard.sv(22) @ 6365: uvm_test_top.env.sb [SCB] PASS: Sel 1, exp= 19e15a20, y=19e15a20
# KERNEL: UVM_INFO /home/runner/scoreboard.sv(22) @ 6375: uvm_test_top.env.sb [SCB] PASS: Sel 1, exp= 19e15a20, y=19e15a20
# KERNEL: UVM_INFO /home/runner/scoreboard.sv(22) @ 6385: uvm_test_top.env.sb [SCB] PASS: Sel 3, exp= 6e7d138c, y=6e7d138c
# KERNEL: UVM_INFO /home/runner/scoreboard.sv(22) @ 6395: uvm_test_top.env.sb [SCB] PASS: Sel 0, exp= b1df4fd9, y=b1df4fd9
# KERNEL: UVM_INFO /home/runner/scoreboard.sv(22) @ 6405: uvm_test_top.env.sb [SCB] PASS: Sel 0, exp= b1df4fd9, y=b1df4fd9
# KERNEL: UVM_INFO /home/runner/scoreboard.sv(22) @ 6415: uvm_test_top.env.sb [SCB] PASS: Sel 0, exp= 436dd73d, y=436dd73d
# KERNEL: UVM_INFO /home/runner/scoreboard.sv(22) @ 6425: uvm_test_top.env.sb [SCB] PASS: Sel 2, exp= d40478b6, y=d40478b6
# KERNEL: UVM_INFO /home/runner/scoreboard.sv(22) @ 6435: uvm_test_top.env.sb [SCB] PASS: Sel 2, exp= d40478b6, y=d40478b6
# KERNEL: UVM_INFO /home/runner/scoreboard.sv(22) @ 6445: uvm_test_top.env.sb [SCB] PASS: Sel 2, exp= f81bcd4d, y=f81bcd4d
# KERNEL: UVM_INFO /home/runner/scoreboard.sv(22) @ 6455: uvm_test_top.env.sb [SCB] PASS: Sel 1, exp= 4109a94e, y=4109a94e
# KERNEL: UVM_INFO /home/runner/scoreboard.sv(22) @ 6465: uvm_test_top.env.sb [SCB] PASS: Sel 1, exp= 4109a94e, y=4109a94e
# KERNEL: UVM_INFO /home/runner/scoreboard.sv(22) @ 6475: uvm_test_top.env.sb [SCB] PASS: Sel 3, exp= dee74c17, y=dee74c17
# KERNEL: UVM_INFO /home/runner/scoreboard.sv(22) @ 6485: uvm_test_top.env.sb [SCB] PASS: Sel 3, exp= c8fc083a, y=c8fc083a
# KERNEL: UVM_INFO /home/runner/scoreboard.sv(22) @ 6495: uvm_test_top.env.sb [SCB] PASS: Sel 3, exp= c8fc083a, y=c8fc083a
# KERNEL: UVM_INFO /home/runner/scoreboard.sv(22) @ 6505: uvm_test_top.env.sb [SCB] PASS: Sel 1, exp= b2806fa5, y=b2806fa5
# KERNEL: UVM_INFO /home/runner/scoreboard.sv(22) @ 6515: uvm_test_top.env.sb [SCB] PASS: Sel 2, exp= af8ed6f6, y=af8ed6f6
# KERNEL: UVM_INFO /home/runner/scoreboard.sv(22) @ 6525: uvm_test_top.env.sb [SCB] PASS: Sel 2, exp= af8ed6f6, y=af8ed6f6
# KERNEL: UVM_INFO /home/runner/scoreboard.sv(22) @ 6535: uvm_test_top.env.sb [SCB] PASS: Sel 2, exp= 59a7c8ac, y=59a7c8ac
# KERNEL: UVM_INFO /home/runner/scoreboard.sv(22) @ 6545: uvm_test_top.env.sb [SCB] PASS: Sel 0, exp= 69cc23a3, y=69cc23a3
# KERNEL: UVM_INFO /home/runner/scoreboard.sv(22) @ 6555: uvm_test_top.env.sb [SCB] PASS: Sel 0, exp= 69cc23a3, y=69cc23a3
# KERNEL: UVM_INFO /home/runner/scoreboard.sv(22) @ 6565: uvm_test_top.env.sb [SCB] PASS: Sel 0, exp= 89dd2336, y=89dd2336
# KERNEL: UVM_INFO /home/runner/scoreboard.sv(22) @ 6575: uvm_test_top.env.sb [SCB] PASS: Sel 3, exp= 3443f898, y=3443f898
# KERNEL: UVM_INFO /home/runner/scoreboard.sv(22) @ 6585: uvm_test_top.env.sb [SCB] PASS: Sel 3, exp= 3443f898, y=3443f898
# KERNEL: UVM_INFO /home/runner/scoreboard.sv(22) @ 6595: uvm_test_top.env.sb [SCB] PASS: Sel 1, exp= 9054a9fe, y=9054a9fe
# KERNEL: UVM_INFO /home/runner/scoreboard.sv(22) @ 6605: uvm_test_top.env.sb [SCB] PASS: Sel 1, exp= 6df9b8b8, y=6df9b8b8
# KERNEL: UVM_INFO /home/runner/scoreboard.sv(22) @ 6615: uvm_test_top.env.sb [SCB] PASS: Sel 1, exp= 6df9b8b8, y=6df9b8b8
# KERNEL: UVM_INFO /home/runner/scoreboard.sv(22) @ 6625: uvm_test_top.env.sb [SCB] PASS: Sel 3, exp= 527dccd7, y=527dccd7
# KERNEL: UVM_INFO /home/runner/scoreboard.sv(22) @ 6635: uvm_test_top.env.sb [SCB] PASS: Sel 0, exp= bd20fdaa, y=bd20fdaa
# KERNEL: UVM_INFO /home/runner/scoreboard.sv(22) @ 6645: uvm_test_top.env.sb [SCB] PASS: Sel 0, exp= bd20fdaa, y=bd20fdaa
# KERNEL: UVM_INFO /home/runner/scoreboard.sv(22) @ 6655: uvm_test_top.env.sb [SCB] PASS: Sel 0, exp= 8801b7c1, y=8801b7c1
# KERNEL: UVM_INFO /home/runner/scoreboard.sv(22) @ 6665: uvm_test_top.env.sb [SCB] PASS: Sel 2, exp= 917de28c, y=917de28c
# KERNEL: UVM_INFO /home/runner/scoreboard.sv(22) @ 6675: uvm_test_top.env.sb [SCB] PASS: Sel 2, exp= 917de28c, y=917de28c
# KERNEL: UVM_INFO /home/runner/scoreboard.sv(22) @ 6685: uvm_test_top.env.sb [SCB] PASS: Sel 2, exp= 231453fc, y=231453fc
# KERNEL: UVM_INFO /home/runner/scoreboard.sv(22) @ 6695: uvm_test_top.env.sb [SCB] PASS: Sel 1, exp= c6f082ff, y=c6f082ff
# KERNEL: UVM_INFO /home/runner/scoreboard.sv(22) @ 6705: uvm_test_top.env.sb [SCB] PASS: Sel 1, exp= c6f082ff, y=c6f082ff
# KERNEL: UVM_INFO /home/runner/scoreboard.sv(22) @ 6715: uvm_test_top.env.sb [SCB] PASS: Sel 3, exp= a8e1e4c9, y=a8e1e4c9
# KERNEL: UVM_INFO /home/runner/scoreboard.sv(22) @ 6725: uvm_test_top.env.sb [SCB] PASS: Sel 3, exp= cd436b50, y=cd436b50
# KERNEL: UVM_INFO /home/runner/scoreboard.sv(22) @ 6735: uvm_test_top.env.sb [SCB] PASS: Sel 3, exp= cd436b50, y=cd436b50
# KERNEL: UVM_INFO /home/runner/scoreboard.sv(22) @ 6745: uvm_test_top.env.sb [SCB] PASS: Sel 1, exp= dbb03708, y=dbb03708
# KERNEL: UVM_INFO /home/runner/scoreboard.sv(22) @ 6755: uvm_test_top.env.sb [SCB] PASS: Sel 2, exp= 47d5d6fc, y=47d5d6fc
# KERNEL: UVM_INFO /home/runner/scoreboard.sv(22) @ 6765: uvm_test_top.env.sb [SCB] PASS: Sel 2, exp= 47d5d6fc, y=47d5d6fc
# KERNEL: UVM_INFO /home/runner/scoreboard.sv(22) @ 6775: uvm_test_top.env.sb [SCB] PASS: Sel 2, exp= c81008ff, y=c81008ff
# KERNEL: UVM_INFO /home/runner/scoreboard.sv(22) @ 6785: uvm_test_top.env.sb [SCB] PASS: Sel 0, exp= e0766703, y=e0766703
# KERNEL: UVM_INFO /home/runner/scoreboard.sv(22) @ 6795: uvm_test_top.env.sb [SCB] PASS: Sel 0, exp= e0766703, y=e0766703
# KERNEL: UVM_INFO /home/runner/scoreboard.sv(22) @ 6805: uvm_test_top.env.sb [SCB] PASS: Sel 0, exp= fa9e5526, y=fa9e5526
# KERNEL: UVM_INFO /home/runner/scoreboard.sv(22) @ 6815: uvm_test_top.env.sb [SCB] PASS: Sel 3, exp= 7094956b, y=7094956b
# KERNEL: UVM_INFO /home/runner/scoreboard.sv(22) @ 6825: uvm_test_top.env.sb [SCB] PASS: Sel 3, exp= 7094956b, y=7094956b
# KERNEL: UVM_INFO /home/runner/scoreboard.sv(22) @ 6835: uvm_test_top.env.sb [SCB] PASS: Sel 1, exp= 802adcad, y=802adcad
# KERNEL: UVM_INFO /home/runner/scoreboard.sv(22) @ 6845: uvm_test_top.env.sb [SCB] PASS: Sel 1, exp= 9b5adf7, y=9b5adf7
# KERNEL: UVM_INFO /home/runner/scoreboard.sv(22) @ 6855: uvm_test_top.env.sb [SCB] PASS: Sel 1, exp= 9b5adf7, y=9b5adf7
# KERNEL: UVM_INFO /home/runner/scoreboard.sv(22) @ 6865: uvm_test_top.env.sb [SCB] PASS: Sel 3, exp= cb01ad4b, y=cb01ad4b
# KERNEL: UVM_INFO /home/runner/scoreboard.sv(22) @ 6875: uvm_test_top.env.sb [SCB] PASS: Sel 0, exp= ea4f7219, y=ea4f7219
# KERNEL: UVM_INFO /home/runner/scoreboard.sv(22) @ 6885: uvm_test_top.env.sb [SCB] PASS: Sel 0, exp= ea4f7219, y=ea4f7219
# KERNEL: UVM_INFO /home/runner/scoreboard.sv(22) @ 6895: uvm_test_top.env.sb [SCB] PASS: Sel 0, exp= 3d336872, y=3d336872
# KERNEL: UVM_INFO /home/runner/scoreboard.sv(22) @ 6905: uvm_test_top.env.sb [SCB] PASS: Sel 2, exp= 28b7abd5, y=28b7abd5
# KERNEL: UVM_INFO /home/runner/scoreboard.sv(22) @ 6915: uvm_test_top.env.sb [SCB] PASS: Sel 2, exp= 28b7abd5, y=28b7abd5
# KERNEL: UVM_INFO /home/runner/scoreboard.sv(22) @ 6925: uvm_test_top.env.sb [SCB] PASS: Sel 2, exp= ccc91bb0, y=ccc91bb0
# KERNEL: UVM_INFO /home/runner/scoreboard.sv(22) @ 6935: uvm_test_top.env.sb [SCB] PASS: Sel 1, exp= 390bdd26, y=390bdd26
# KERNEL: UVM_INFO /home/runner/scoreboard.sv(22) @ 6945: uvm_test_top.env.sb [SCB] PASS: Sel 1, exp= 390bdd26, y=390bdd26
# KERNEL: UVM_INFO /home/runner/scoreboard.sv(22) @ 6955: uvm_test_top.env.sb [SCB] PASS: Sel 3, exp= 1746bcb9, y=1746bcb9
# KERNEL: UVM_INFO /home/runner/scoreboard.sv(22) @ 6965: uvm_test_top.env.sb [SCB] PASS: Sel 3, exp= 181f5a5a, y=181f5a5a
# KERNEL: UVM_INFO /home/runner/scoreboard.sv(22) @ 6975: uvm_test_top.env.sb [SCB] PASS: Sel 3, exp= 181f5a5a, y=181f5a5a
# KERNEL: UVM_INFO /home/runner/scoreboard.sv(22) @ 6985: uvm_test_top.env.sb [SCB] PASS: Sel 1, exp= ad98d39c, y=ad98d39c
# KERNEL: UVM_INFO /home/runner/scoreboard.sv(22) @ 6995: uvm_test_top.env.sb [SCB] PASS: Sel 2, exp= 8035fd9b, y=8035fd9b
# KERNEL: UVM_INFO /home/runner/scoreboard.sv(22) @ 7005: uvm_test_top.env.sb [SCB] PASS: Sel 2, exp= 8035fd9b, y=8035fd9b
# KERNEL: UVM_INFO /home/runner/scoreboard.sv(22) @ 7015: uvm_test_top.env.sb [SCB] PASS: Sel 2, exp= 5fdb95d5, y=5fdb95d5
# KERNEL: UVM_INFO /home/runner/scoreboard.sv(22) @ 7025: uvm_test_top.env.sb [SCB] PASS: Sel 0, exp= 44f9e352, y=44f9e352
# KERNEL: UVM_INFO /home/runner/scoreboard.sv(22) @ 7035: uvm_test_top.env.sb [SCB] PASS: Sel 0, exp= 44f9e352, y=44f9e352
# KERNEL: UVM_INFO /home/runner/scoreboard.sv(22) @ 7045: uvm_test_top.env.sb [SCB] PASS: Sel 0, exp= 3149025a, y=3149025a
# KERNEL: UVM_INFO /home/runner/scoreboard.sv(22) @ 7055: uvm_test_top.env.sb [SCB] PASS: Sel 3, exp= aa7aa4e5, y=aa7aa4e5
# KERNEL: UVM_INFO /home/runner/scoreboard.sv(22) @ 7065: uvm_test_top.env.sb [SCB] PASS: Sel 3, exp= aa7aa4e5, y=aa7aa4e5
# KERNEL: UVM_INFO /home/runner/scoreboard.sv(22) @ 7075: uvm_test_top.env.sb [SCB] PASS: Sel 1, exp= 4a401877, y=4a401877
# KERNEL: UVM_INFO /home/runner/scoreboard.sv(22) @ 7085: uvm_test_top.env.sb [SCB] PASS: Sel 1, exp= a40fbace, y=a40fbace
# KERNEL: UVM_INFO /home/runner/scoreboard.sv(22) @ 7095: uvm_test_top.env.sb [SCB] PASS: Sel 1, exp= a40fbace, y=a40fbace
# KERNEL: UVM_INFO /home/runner/scoreboard.sv(22) @ 7105: uvm_test_top.env.sb [SCB] PASS: Sel 3, exp= d3c5682b, y=d3c5682b
# KERNEL: UVM_INFO /home/runner/scoreboard.sv(22) @ 7115: uvm_test_top.env.sb [SCB] PASS: Sel 0, exp= af78ef4a, y=af78ef4a
# KERNEL: UVM_INFO /home/runner/scoreboard.sv(22) @ 7125: uvm_test_top.env.sb [SCB] PASS: Sel 0, exp= af78ef4a, y=af78ef4a
# KERNEL: UVM_INFO /home/runner/scoreboard.sv(22) @ 7135: uvm_test_top.env.sb [SCB] PASS: Sel 0, exp= e1dc7b88, y=e1dc7b88
# KERNEL: UVM_INFO /home/runner/scoreboard.sv(22) @ 7145: uvm_test_top.env.sb [SCB] PASS: Sel 2, exp= e24bc6, y=e24bc6
# KERNEL: UVM_INFO /home/runner/scoreboard.sv(22) @ 7155: uvm_test_top.env.sb [SCB] PASS: Sel 2, exp= e24bc6, y=e24bc6
# KERNEL: UVM_INFO /home/runner/scoreboard.sv(22) @ 7165: uvm_test_top.env.sb [SCB] PASS: Sel 2, exp= 2621a95e, y=2621a95e
# KERNEL: UVM_INFO /home/runner/scoreboard.sv(22) @ 7175: uvm_test_top.env.sb [SCB] PASS: Sel 1, exp= 8cc03dec, y=8cc03dec
# KERNEL: UVM_INFO /home/runner/scoreboard.sv(22) @ 7185: uvm_test_top.env.sb [SCB] PASS: Sel 1, exp= 8cc03dec, y=8cc03dec
# KERNEL: UVM_INFO /home/runner/scoreboard.sv(22) @ 7195: uvm_test_top.env.sb [SCB] PASS: Sel 3, exp= 713a1a57, y=713a1a57
# KERNEL: UVM_INFO /home/runner/scoreboard.sv(22) @ 7205: uvm_test_top.env.sb [SCB] PASS: Sel 3, exp= 937dad58, y=937dad58
# KERNEL: UVM_INFO /home/runner/scoreboard.sv(22) @ 7215: uvm_test_top.env.sb [SCB] PASS: Sel 3, exp= 937dad58, y=937dad58
# KERNEL: UVM_INFO /home/runner/scoreboard.sv(22) @ 7225: uvm_test_top.env.sb [SCB] PASS: Sel 1, exp= 45864636, y=45864636
# KERNEL: UVM_INFO /home/runner/scoreboard.sv(22) @ 7235: uvm_test_top.env.sb [SCB] PASS: Sel 2, exp= 2789541e, y=2789541e
# KERNEL: UVM_INFO /home/runner/scoreboard.sv(22) @ 7245: uvm_test_top.env.sb [SCB] PASS: Sel 2, exp= 2789541e, y=2789541e
# KERNEL: UVM_INFO /home/runner/scoreboard.sv(22) @ 7255: uvm_test_top.env.sb [SCB] PASS: Sel 2, exp= 9839fd36, y=9839fd36
# KERNEL: UVM_INFO /home/runner/scoreboard.sv(22) @ 7265: uvm_test_top.env.sb [SCB] PASS: Sel 0, exp= 9bfa7f41, y=9bfa7f41
# KERNEL: UVM_INFO /home/runner/scoreboard.sv(22) @ 7275: uvm_test_top.env.sb [SCB] PASS: Sel 0, exp= 9bfa7f41, y=9bfa7f41
# KERNEL: UVM_INFO /home/runner/scoreboard.sv(22) @ 7285: uvm_test_top.env.sb [SCB] PASS: Sel 0, exp= c1248d08, y=c1248d08
# KERNEL: UVM_INFO /home/runner/scoreboard.sv(22) @ 7295: uvm_test_top.env.sb [SCB] PASS: Sel 3, exp= b870cdb6, y=b870cdb6
# KERNEL: UVM_INFO /home/runner/scoreboard.sv(22) @ 7305: uvm_test_top.env.sb [SCB] PASS: Sel 3, exp= b870cdb6, y=b870cdb6
# KERNEL: UVM_INFO /home/runner/scoreboard.sv(22) @ 7315: uvm_test_top.env.sb [SCB] PASS: Sel 1, exp= f6e5d959, y=f6e5d959
# KERNEL: UVM_INFO /home/runner/scoreboard.sv(22) @ 7325: uvm_test_top.env.sb [SCB] PASS: Sel 1, exp= 24f1641e, y=24f1641e
# KERNEL: UVM_INFO /home/runner/scoreboard.sv(22) @ 7335: uvm_test_top.env.sb [SCB] PASS: Sel 1, exp= 24f1641e, y=24f1641e
# KERNEL: UVM_INFO /home/runner/scoreboard.sv(22) @ 7345: uvm_test_top.env.sb [SCB] PASS: Sel 3, exp= c3f02026, y=c3f02026
# KERNEL: UVM_INFO /home/runner/scoreboard.sv(22) @ 7355: uvm_test_top.env.sb [SCB] PASS: Sel 0, exp= 3d7d63f3, y=3d7d63f3
# KERNEL: UVM_INFO /home/runner/scoreboard.sv(22) @ 7365: uvm_test_top.env.sb [SCB] PASS: Sel 0, exp= 3d7d63f3, y=3d7d63f3
# KERNEL: UVM_INFO /home/runner/scoreboard.sv(22) @ 7375: uvm_test_top.env.sb [SCB] PASS: Sel 0, exp= 6e4d2b2, y=6e4d2b2
# KERNEL: UVM_INFO /home/runner/scoreboard.sv(22) @ 7385: uvm_test_top.env.sb [SCB] PASS: Sel 2, exp= 9689eb45, y=9689eb45
# KERNEL: UVM_INFO /home/runner/scoreboard.sv(22) @ 7395: uvm_test_top.env.sb [SCB] PASS: Sel 2, exp= 9689eb45, y=9689eb45
# KERNEL: UVM_INFO /home/runner/scoreboard.sv(22) @ 7405: uvm_test_top.env.sb [SCB] PASS: Sel 2, exp= 614acc0d, y=614acc0d
# KERNEL: UVM_INFO /home/runner/scoreboard.sv(22) @ 7415: uvm_test_top.env.sb [SCB] PASS: Sel 1, exp= c554c2c5, y=c554c2c5
# KERNEL: UVM_INFO /home/runner/scoreboard.sv(22) @ 7425: uvm_test_top.env.sb [SCB] PASS: Sel 1, exp= c554c2c5, y=c554c2c5
# KERNEL: UVM_INFO /home/runner/scoreboard.sv(22) @ 7435: uvm_test_top.env.sb [SCB] PASS: Sel 3, exp= 1f02178b, y=1f02178b
# KERNEL: UVM_INFO /home/runner/scoreboard.sv(22) @ 7445: uvm_test_top.env.sb [SCB] PASS: Sel 3, exp= ae93f04c, y=ae93f04c
# KERNEL: UVM_INFO /home/runner/scoreboard.sv(22) @ 7455: uvm_test_top.env.sb [SCB] PASS: Sel 3, exp= ae93f04c, y=ae93f04c
# KERNEL: UVM_INFO /home/runner/scoreboard.sv(22) @ 7465: uvm_test_top.env.sb [SCB] PASS: Sel 1, exp= 59c8fc65, y=59c8fc65
# KERNEL: UVM_INFO /home/runner/scoreboard.sv(22) @ 7475: uvm_test_top.env.sb [SCB] PASS: Sel 2, exp= da35eb6e, y=da35eb6e
# KERNEL: UVM_INFO /home/runner/scoreboard.sv(22) @ 7485: uvm_test_top.env.sb [SCB] PASS: Sel 2, exp= da35eb6e, y=da35eb6e
# KERNEL: UVM_INFO /home/runner/scoreboard.sv(22) @ 7495: uvm_test_top.env.sb [SCB] PASS: Sel 2, exp= a6752be6, y=a6752be6
# KERNEL: UVM_INFO /home/runner/master_seq.sv(28) @ 7500: uvm_test_top.env.agent.sqr@@seq [MASTER_SEQ] Starting Sequence 2...
# KERNEL: UVM_INFO /home/runner/sequence2.sv(11) @ 7500: uvm_test_top.env.agent.sqr@@s2 [SEQ] Starting All-Ones Stimulus...
# KERNEL: UVM_INFO /home/runner/scoreboard.sv(22) @ 7505: uvm_test_top.env.sb [SCB] PASS: Sel 2, exp= a6752be6, y=a6752be6
# KERNEL: UVM_INFO /home/runner/scoreboard.sv(22) @ 7515: uvm_test_top.env.sb [SCB] PASS: Sel 0, exp= ffffffff, y=ffffffff
# KERNEL: UVM_INFO /home/runner/scoreboard.sv(22) @ 7525: uvm_test_top.env.sb [SCB] PASS: Sel 0, exp= ffffffff, y=ffffffff
# KERNEL: UVM_INFO /home/runner/scoreboard.sv(22) @ 7535: uvm_test_top.env.sb [SCB] PASS: Sel 0, exp= ffffffff, y=ffffffff
# KERNEL: UVM_INFO /home/runner/scoreboard.sv(22) @ 7545: uvm_test_top.env.sb [SCB] PASS: Sel 1, exp= ffffffff, y=ffffffff
# KERNEL: UVM_INFO /home/runner/scoreboard.sv(22) @ 7555: uvm_test_top.env.sb [SCB] PASS: Sel 1, exp= ffffffff, y=ffffffff
# KERNEL: UVM_INFO /home/runner/scoreboard.sv(22) @ 7565: uvm_test_top.env.sb [SCB] PASS: Sel 2, exp= ffffffff, y=ffffffff
# KERNEL: UVM_INFO /home/runner/scoreboard.sv(22) @ 7575: uvm_test_top.env.sb [SCB] PASS: Sel 2, exp= ffffffff, y=ffffffff
# KERNEL: UVM_INFO /home/runner/scoreboard.sv(22) @ 7585: uvm_test_top.env.sb [SCB] PASS: Sel 2, exp= ffffffff, y=ffffffff
# KERNEL: UVM_INFO /home/runner/scoreboard.sv(22) @ 7595: uvm_test_top.env.sb [SCB] PASS: Sel 3, exp= ffffffff, y=ffffffff
# KERNEL: UVM_INFO /home/runner/master_seq.sv(31) @ 7600: uvm_test_top.env.agent.sqr@@seq [MASTER_SEQ] Starting Sequence 3...
# KERNEL: UVM_INFO /home/runner/sequence3.sv(11) @ 7600: uvm_test_top.env.agent.sqr@@s3 [SEQ] Starting All-Zeros Stimulus...
# KERNEL: UVM_INFO /home/runner/scoreboard.sv(22) @ 7605: uvm_test_top.env.sb [SCB] PASS: Sel 3, exp= ffffffff, y=ffffffff
# KERNEL: UVM_INFO /home/runner/scoreboard.sv(22) @ 7615: uvm_test_top.env.sb [SCB] PASS: Sel 0, exp= 0, y=0
# KERNEL: UVM_INFO /home/runner/scoreboard.sv(22) @ 7625: uvm_test_top.env.sb [SCB] PASS: Sel 0, exp= 0, y=0
# KERNEL: UVM_INFO /home/runner/scoreboard.sv(22) @ 7635: uvm_test_top.env.sb [SCB] PASS: Sel 0, exp= 0, y=0
# KERNEL: UVM_INFO /home/runner/scoreboard.sv(22) @ 7645: uvm_test_top.env.sb [SCB] PASS: Sel 1, exp= 0, y=0
# KERNEL: UVM_INFO /home/runner/scoreboard.sv(22) @ 7655: uvm_test_top.env.sb [SCB] PASS: Sel 1, exp= 0, y=0
# KERNEL: UVM_INFO /home/runner/scoreboard.sv(22) @ 7665: uvm_test_top.env.sb [SCB] PASS: Sel 2, exp= 0, y=0
# KERNEL: UVM_INFO /home/runner/scoreboard.sv(22) @ 7675: uvm_test_top.env.sb [SCB] PASS: Sel 2, exp= 0, y=0
# KERNEL: UVM_INFO /home/runner/scoreboard.sv(22) @ 7685: uvm_test_top.env.sb [SCB] PASS: Sel 2, exp= 0, y=0
# KERNEL: UVM_INFO /home/runner/scoreboard.sv(22) @ 7695: uvm_test_top.env.sb [SCB] PASS: Sel 3, exp= 0, y=0
# KERNEL: UVM_INFO /home/runner/master_seq.sv(34) @ 7700: uvm_test_top.env.agent.sqr@@seq [MASTER_SEQ] Starting Sequence 4...
# KERNEL: UVM_INFO /home/runner/sequence4.sv(11) @ 7700: uvm_test_top.env.agent.sqr@@s4 [SEQ] Starting Select-Unknown Stimulus...
# KERNEL: UVM_ERROR /home/runner/scoreboard.sv(26) @ 7705: uvm_test_top.env.sb [SCB] MISMATCH! Sel:x Got:xxxxxxxx Exp:f848d26d
# KERNEL: UVM_ERROR /home/runner/scoreboard.sv(26) @ 7715: uvm_test_top.env.sb [SCB] MISMATCH! Sel:x Got:xxxxxxxx Exp:f848d26d
# KERNEL: Error: assertion.sv (14): SVA ERROR: Output y (xxxxxxxx) != d[x] (xxxxxxxx)
# KERNEL: Error: assertion.sv (22): SVA ERROR: Unknown value detected on output y!
# KERNEL: Error: assertion.sv (30): SVASELECT LINE IS X/Z!
# KERNEL: UVM_ERROR /home/runner/scoreboard.sv(26) @ 7725: uvm_test_top.env.sb [SCB] MISMATCH! Sel:x Got:xxxxxxxx Exp:54d1845b
# KERNEL: UVM_ERROR /home/runner/scoreboard.sv(26) @ 7735: uvm_test_top.env.sb [SCB] MISMATCH! Sel:x Got:xxxxxxxx Exp:a86c6559
# KERNEL: UVM_ERROR /home/runner/scoreboard.sv(26) @ 7745: uvm_test_top.env.sb [SCB] MISMATCH! Sel:x Got:xxxxxxxx Exp:a86c6559
# KERNEL: UVM_ERROR /home/runner/scoreboard.sv(26) @ 7755: uvm_test_top.env.sb [SCB] MISMATCH! Sel:x Got:xxxxxxxx Exp:f46618
# KERNEL: UVM_ERROR /home/runner/scoreboard.sv(26) @ 7765: uvm_test_top.env.sb [SCB] MISMATCH! Sel:x Got:xxxxxxxx Exp:f8762bb1
# KERNEL: UVM_INFO /home/runner/master_seq.sv(37) @ 7775: uvm_test_top.env.agent.sqr@@seq [MASTER_SEQ] Starting Sequence 5...
# KERNEL: UVM_INFO /home/runner/sequence5.sv(11) @ 7775: uvm_test_top.env.agent.sqr@@s5 [SEQ] Starting Pattern Sequence for Toggle Coverage
# KERNEL: UVM_ERROR /home/runner/scoreboard.sv(26) @ 7775: uvm_test_top.env.sb [SCB] MISMATCH! Sel:x Got:xxxxxxxx Exp:f8762bb1
# KERNEL: UVM_INFO /home/runner/scoreboard.sv(22) @ 7785: uvm_test_top.env.sb [SCB] PASS: Sel 0, exp= 0, y=0
# KERNEL: UVM_INFO /home/runner/scoreboard.sv(22) @ 7795: uvm_test_top.env.sb [SCB] PASS: Sel 1, exp= 0, y=0
# KERNEL: UVM_INFO /home/runner/scoreboard.sv(22) @ 7805: uvm_test_top.env.sb [SCB] PASS: Sel 1, exp= 0, y=0
# KERNEL: UVM_INFO /home/runner/scoreboard.sv(22) @ 7815: uvm_test_top.env.sb [SCB] PASS: Sel 2, exp= 0, y=0
# KERNEL: UVM_INFO /home/runner/scoreboard.sv(22) @ 7825: uvm_test_top.env.sb [SCB] PASS: Sel 3, exp= 0, y=0
# KERNEL: UVM_INFO /home/runner/scoreboard.sv(22) @ 7835: uvm_test_top.env.sb [SCB] PASS: Sel 3, exp= 0, y=0
# KERNEL: UVM_INFO /home/runner/scoreboard.sv(22) @ 7845: uvm_test_top.env.sb [SCB] PASS: Sel 0, exp= ffffffff, y=ffffffff
# KERNEL: UVM_INFO /home/runner/scoreboard.sv(22) @ 7855: uvm_test_top.env.sb [SCB] PASS: Sel 1, exp= ffffffff, y=ffffffff
# KERNEL: UVM_INFO /home/runner/scoreboard.sv(22) @ 7865: uvm_test_top.env.sb [SCB] PASS: Sel 1, exp= ffffffff, y=ffffffff
# KERNEL: UVM_INFO /home/runner/scoreboard.sv(22) @ 7875: uvm_test_top.env.sb [SCB] PASS: Sel 2, exp= ffffffff, y=ffffffff
# KERNEL: UVM_INFO /home/runner/scoreboard.sv(22) @ 7885: uvm_test_top.env.sb [SCB] PASS: Sel 3, exp= ffffffff, y=ffffffff
# KERNEL: UVM_INFO /home/runner/scoreboard.sv(22) @ 7895: uvm_test_top.env.sb [SCB] PASS: Sel 3, exp= ffffffff, y=ffffffff
# KERNEL: UVM_INFO /home/runner/scoreboard.sv(22) @ 7905: uvm_test_top.env.sb [SCB] PASS: Sel 0, exp= 55555555, y=55555555
# KERNEL: UVM_INFO /home/runner/scoreboard.sv(22) @ 7915: uvm_test_top.env.sb [SCB] PASS: Sel 1, exp= 55555555, y=55555555
# KERNEL: UVM_INFO /home/runner/scoreboard.sv(22) @ 7925: uvm_test_top.env.sb [SCB] PASS: Sel 1, exp= 55555555, y=55555555
# KERNEL: UVM_INFO /home/runner/scoreboard.sv(22) @ 7935: uvm_test_top.env.sb [SCB] PASS: Sel 2, exp= 55555555, y=55555555
# KERNEL: UVM_INFO /home/runner/scoreboard.sv(22) @ 7945: uvm_test_top.env.sb [SCB] PASS: Sel 3, exp= 55555555, y=55555555
# KERNEL: UVM_INFO /home/runner/scoreboard.sv(22) @ 7955: uvm_test_top.env.sb [SCB] PASS: Sel 3, exp= 55555555, y=55555555
# KERNEL: UVM_INFO /home/runner/scoreboard.sv(22) @ 7965: uvm_test_top.env.sb [SCB] PASS: Sel 0, exp= aaaaaaaa, y=aaaaaaaa
# KERNEL: UVM_INFO /home/runner/scoreboard.sv(22) @ 7975: uvm_test_top.env.sb [SCB] PASS: Sel 1, exp= aaaaaaaa, y=aaaaaaaa
# KERNEL: UVM_INFO /home/runner/scoreboard.sv(22) @ 7985: uvm_test_top.env.sb [SCB] PASS: Sel 1, exp= aaaaaaaa, y=aaaaaaaa
# KERNEL: UVM_INFO /home/runner/scoreboard.sv(22) @ 7995: uvm_test_top.env.sb [SCB] PASS: Sel 2, exp= aaaaaaaa, y=aaaaaaaa
# KERNEL: UVM_INFO /home/runner/scoreboard.sv(22) @ 8005: uvm_test_top.env.sb [SCB] PASS: Sel 3, exp= aaaaaaaa, y=aaaaaaaa
# KERNEL: UVM_INFO /home/runner/scoreboard.sv(22) @ 8015: uvm_test_top.env.sb [SCB] PASS: Sel 3, exp= aaaaaaaa, y=aaaaaaaa
# KERNEL: UVM_INFO /home/runner/scoreboard.sv(22) @ 8025: uvm_test_top.env.sb [SCB] PASS: Sel 0, exp= 1, y=1
# KERNEL: UVM_INFO /home/runner/scoreboard.sv(22) @ 8035: uvm_test_top.env.sb [SCB] PASS: Sel 1, exp= 1, y=1
# KERNEL: UVM_INFO /home/runner/scoreboard.sv(22) @ 8045: uvm_test_top.env.sb [SCB] PASS: Sel 1, exp= 1, y=1
# KERNEL: UVM_INFO /home/runner/scoreboard.sv(22) @ 8055: uvm_test_top.env.sb [SCB] PASS: Sel 2, exp= 1, y=1
# KERNEL: UVM_INFO /home/runner/scoreboard.sv(22) @ 8065: uvm_test_top.env.sb [SCB] PASS: Sel 3, exp= 1, y=1
# KERNEL: UVM_INFO /home/runner/scoreboard.sv(22) @ 8075: uvm_test_top.env.sb [SCB] PASS: Sel 3, exp= 1, y=1
# KERNEL: UVM_INFO /home/runner/scoreboard.sv(22) @ 8085: uvm_test_top.env.sb [SCB] PASS: Sel 0, exp= 2, y=2
# KERNEL: UVM_INFO /home/runner/scoreboard.sv(22) @ 8095: uvm_test_top.env.sb [SCB] PASS: Sel 1, exp= 2, y=2
# KERNEL: UVM_INFO /home/runner/scoreboard.sv(22) @ 8105: uvm_test_top.env.sb [SCB] PASS: Sel 1, exp= 2, y=2
# KERNEL: UVM_INFO /home/runner/scoreboard.sv(22) @ 8115: uvm_test_top.env.sb [SCB] PASS: Sel 2, exp= 2, y=2
# KERNEL: UVM_INFO /home/runner/scoreboard.sv(22) @ 8125: uvm_test_top.env.sb [SCB] PASS: Sel 3, exp= 2, y=2
# KERNEL: UVM_INFO /home/runner/scoreboard.sv(22) @ 8135: uvm_test_top.env.sb [SCB] PASS: Sel 3, exp= 2, y=2
# KERNEL: UVM_INFO /home/runner/scoreboard.sv(22) @ 8145: uvm_test_top.env.sb [SCB] PASS: Sel 0, exp= 4, y=4
# KERNEL: UVM_INFO /home/runner/scoreboard.sv(22) @ 8155: uvm_test_top.env.sb [SCB] PASS: Sel 1, exp= 4, y=4
# KERNEL: UVM_INFO /home/runner/scoreboard.sv(22) @ 8165: uvm_test_top.env.sb [SCB] PASS: Sel 1, exp= 4, y=4
# KERNEL: UVM_INFO /home/runner/scoreboard.sv(22) @ 8175: uvm_test_top.env.sb [SCB] PASS: Sel 2, exp= 4, y=4
# KERNEL: UVM_INFO /home/runner/scoreboard.sv(22) @ 8185: uvm_test_top.env.sb [SCB] PASS: Sel 3, exp= 4, y=4
# KERNEL: UVM_INFO /home/runner/scoreboard.sv(22) @ 8195: uvm_test_top.env.sb [SCB] PASS: Sel 3, exp= 4, y=4
# KERNEL: UVM_INFO /home/runner/scoreboard.sv(22) @ 8205: uvm_test_top.env.sb [SCB] PASS: Sel 0, exp= 8, y=8
# KERNEL: UVM_INFO /home/runner/scoreboard.sv(22) @ 8215: uvm_test_top.env.sb [SCB] PASS: Sel 1, exp= 8, y=8
# KERNEL: UVM_INFO /home/runner/scoreboard.sv(22) @ 8225: uvm_test_top.env.sb [SCB] PASS: Sel 1, exp= 8, y=8
# KERNEL: UVM_INFO /home/runner/scoreboard.sv(22) @ 8235: uvm_test_top.env.sb [SCB] PASS: Sel 2, exp= 8, y=8
# KERNEL: UVM_INFO /home/runner/scoreboard.sv(22) @ 8245: uvm_test_top.env.sb [SCB] PASS: Sel 3, exp= 8, y=8
# KERNEL: UVM_INFO /home/runner/scoreboard.sv(22) @ 8255: uvm_test_top.env.sb [SCB] PASS: Sel 3, exp= 8, y=8
# KERNEL: UVM_INFO /home/runner/scoreboard.sv(22) @ 8265: uvm_test_top.env.sb [SCB] PASS: Sel 0, exp= 10, y=10
# KERNEL: UVM_INFO /home/runner/scoreboard.sv(22) @ 8275: uvm_test_top.env.sb [SCB] PASS: Sel 1, exp= 10, y=10
# KERNEL: UVM_INFO /home/runner/scoreboard.sv(22) @ 8285: uvm_test_top.env.sb [SCB] PASS: Sel 1, exp= 10, y=10
# KERNEL: UVM_INFO /home/runner/scoreboard.sv(22) @ 8295: uvm_test_top.env.sb [SCB] PASS: Sel 2, exp= 10, y=10
# KERNEL: UVM_INFO /home/runner/scoreboard.sv(22) @ 8305: uvm_test_top.env.sb [SCB] PASS: Sel 3, exp= 10, y=10
# KERNEL: UVM_INFO /home/runner/scoreboard.sv(22) @ 8315: uvm_test_top.env.sb [SCB] PASS: Sel 3, exp= 10, y=10
# KERNEL: UVM_INFO /home/runner/scoreboard.sv(22) @ 8325: uvm_test_top.env.sb [SCB] PASS: Sel 0, exp= 20, y=20
# KERNEL: UVM_INFO /home/runner/scoreboard.sv(22) @ 8335: uvm_test_top.env.sb [SCB] PASS: Sel 1, exp= 20, y=20
# KERNEL: UVM_INFO /home/runner/scoreboard.sv(22) @ 8345: uvm_test_top.env.sb [SCB] PASS: Sel 1, exp= 20, y=20
# KERNEL: UVM_INFO /home/runner/scoreboard.sv(22) @ 8355: uvm_test_top.env.sb [SCB] PASS: Sel 2, exp= 20, y=20
# KERNEL: UVM_INFO /home/runner/scoreboard.sv(22) @ 8365: uvm_test_top.env.sb [SCB] PASS: Sel 3, exp= 20, y=20
# KERNEL: UVM_INFO /home/runner/scoreboard.sv(22) @ 8375: uvm_test_top.env.sb [SCB] PASS: Sel 3, exp= 20, y=20
# KERNEL: UVM_INFO /home/runner/scoreboard.sv(22) @ 8385: uvm_test_top.env.sb [SCB] PASS: Sel 0, exp= 40, y=40
# KERNEL: UVM_INFO /home/runner/scoreboard.sv(22) @ 8395: uvm_test_top.env.sb [SCB] PASS: Sel 1, exp= 40, y=40
# KERNEL: UVM_INFO /home/runner/scoreboard.sv(22) @ 8405: uvm_test_top.env.sb [SCB] PASS: Sel 1, exp= 40, y=40
# KERNEL: UVM_INFO /home/runner/scoreboard.sv(22) @ 8415: uvm_test_top.env.sb [SCB] PASS: Sel 2, exp= 40, y=40
# KERNEL: UVM_INFO /home/runner/scoreboard.sv(22) @ 8425: uvm_test_top.env.sb [SCB] PASS: Sel 3, exp= 40, y=40
# KERNEL: UVM_INFO /home/runner/scoreboard.sv(22) @ 8435: uvm_test_top.env.sb [SCB] PASS: Sel 3, exp= 40, y=40
# KERNEL: UVM_INFO /home/runner/scoreboard.sv(22) @ 8445: uvm_test_top.env.sb [SCB] PASS: Sel 0, exp= 80, y=80
# KERNEL: UVM_INFO /home/runner/scoreboard.sv(22) @ 8455: uvm_test_top.env.sb [SCB] PASS: Sel 1, exp= 80, y=80
# KERNEL: UVM_INFO /home/runner/scoreboard.sv(22) @ 8465: uvm_test_top.env.sb [SCB] PASS: Sel 1, exp= 80, y=80
# KERNEL: UVM_INFO /home/runner/scoreboard.sv(22) @ 8475: uvm_test_top.env.sb [SCB] PASS: Sel 2, exp= 80, y=80
# KERNEL: UVM_INFO /home/runner/scoreboard.sv(22) @ 8485: uvm_test_top.env.sb [SCB] PASS: Sel 3, exp= 80, y=80
# KERNEL: UVM_INFO /home/runner/scoreboard.sv(22) @ 8495: uvm_test_top.env.sb [SCB] PASS: Sel 3, exp= 80, y=80
# KERNEL: UVM_INFO ./uvm-1.2/src/base/uvm_objection.svh(1271) @ 8505: reporter [TEST_DONE] 'run' phase is ready to proceed to the 'extract' phase
# KERNEL: UVM_INFO ./uvm-1.2/src/base/uvm_report_server.svh(869) @ 8505: reporter [UVM/REPORT/SERVER] 
# KERNEL: --- UVM Report Summary ---
# KERNEL: 
# KERNEL: ** Report counts by severity
# KERNEL: UVM_INFO :  854
# KERNEL: UVM_WARNING :    0
# KERNEL: UVM_ERROR :    8
# KERNEL: UVM_FATAL :    0
# KERNEL: ** Report counts by id
# KERNEL: [MASTER_SEQ]     5
# KERNEL: [RNTST]     1
# KERNEL: [SCB]   850
# KERNEL: [SEQ]     4
# KERNEL: [TEST_DONE]     1
# KERNEL: [UVM/RELNOTES]     1
# KERNEL: 
# RUNTIME: Info: RUNTIME_0068 uvm_root.svh (521): $finish called.
# KERNEL: Time: 8505 ns,  Iteration: 57,  Instance: /top,  Process: @INITIAL#27_1@.
# KERNEL: stopped at time: 8505 ns
# VSIM: Simulation has finished. There are no more test vectors to simulate.
acdb save;
acdb report -db fcover.acdb -txt -o cov.txt -verbose;
# ACDB: Coverage report "cov.txt" was generated successfully.
exec cat cov.txt;
# +++++++++++++++++++++++++++++++++++++++++++++
# ++++++++++       REPORT INFO       ++++++++++
# +++++++++++++++++++++++++++++++++++++++++++++
# 
# 
# SUMMARY
# ===============================================
# |     Property     |          Value           |
# ===============================================
# | User             | runner                   |
# | Host             | 4ebddd98078b             |
# | Tool             | Riviera-PRO 2025.04      |
# | Report file      | /home/runner/cov.txt     |
# | Report date      | 2026-04-03 07:32         |
# | Report arguments | -verbose                 |
# | Input file       | /home/runner/fcover.acdb |
# | Input file date  | 2026-04-03 07:32         |
# | Number of tests  | 1                        |
# ===============================================
# 
# 
# TEST DETAILS
# ==============================================
# | Property |              Value              |
# ==============================================
# | Test     | fcover.acdb:fcover              |
# | Status   | Error                           |
# | Args     | asim +access+r                  |
# | Simtime  | 8505 ns                         |
# | Cputime  | 18.558 s                        |
# | Seed     | 1                               |
# | Date     | 2026-04-03 07:31                |
# | User     | runner                          |
# | Host     | 4ebddd98078b                    |
# | Host os  | Linux64                         |
# | Tool     | Riviera-PRO 2025.04 (simulator) |
# ==============================================
# 
# 
# +++++++++++++++++++++++++++++++++++++++++++++
# ++++++++++     DESIGN HIERARCHY    ++++++++++
# +++++++++++++++++++++++++++++++++++++++++++++
# 
# 
# CUMULATIVE SUMMARY
# =============================================
# |    Coverage Type    | Weight | Hits/Total |
# =============================================
# | Covergroup Coverage |      1 |   100.000% |
# |---------------------|--------|------------|
# | Types               |        |      1 / 1 |
# =============================================
# CUMULATIVE INSTANCE-BASED COVERAGE: 100.000%
# COVERED INSTANCES: 1 / 1
# FILES: 1
# 
# 
# CLASS - /\package mux_pkg\/mux_coverage : work.mux_pkg/\mux_pkg mux_coverage \
# 
# 
#     SUMMARY
#     =============================================
#     |    Coverage Type    | Weight | Hits/Total |
#     =============================================
#     | Covergroup Coverage |      1 |   100.000% |
#     |---------------------|--------|------------|
#     | Types               |        |      1 / 1 |
#     =============================================
#     WEIGHTED AVERAGE LOCAL: 100.000%
# 
# 
#     COVERGROUP COVERAGE
#     ===============================================================================
#     |                 Covergroup                  |   Hits   |  Goal /  | Status  |
#     |                                             |          | At Least |         |
#     ===============================================================================
#     | TYPE /\package mux_pkg\/mux_coverage/mux_cg | 100.000% | 100.000% | Covered |
#     ===============================================================================
#     | INSTANCE <UNNAMED1>                         | 100.000% | 100.000% | Covered |
#     |---------------------------------------------|----------|----------|---------|
#     | COVERPOINT <UNNAMED1>::cp_sel               | 100.000% | 100.000% | Covered |
#     |---------------------------------------------|----------|----------|---------|
#     | bin all_inputs[0]                           |      199 |        1 | Covered |
#     | bin all_inputs[1]                           |      218 |        1 | Covered |
#     | bin all_inputs[2]                           |      212 |        1 | Covered |
#     | bin all_inputs[3]                           |      213 |        1 | Covered |
#     |---------------------------------------------|----------|----------|---------|
#     | COVERPOINT <UNNAMED1>::cp_y                 | 100.000% | 100.000% | Covered |
#     |---------------------------------------------|----------|----------|---------|
#     | bin zero                                    |       15 |        1 | Covered |
#     | bin max                                     |       16 |        1 | Covered |
#     | bin walking_1                               |       48 |        1 | Covered |
#     | bin others                                  |      811 |        1 | Covered |
#     |---------------------------------------------|----------|----------|---------|
#     | COVERPOINT <UNNAMED1>::cp_d                 | 100.000% | 100.000% | Covered |
#     |---------------------------------------------|----------|----------|---------|
#     | bin d_zero                                  |       15 |        1 | Covered |
#     | bin d_max                                   |       16 |        1 | Covered |
#     | bin d_others                                |      811 |        1 | Covered |
#     |---------------------------------------------|----------|----------|---------|
#     | COVERPOINT <UNNAMED1>::cp_sel_transitions   | 100.000% | 100.000% | Covered |
#     |---------------------------------------------|----------|----------|---------|
#     | bin transitions[0]                          |       99 |        1 | Covered |
#     | bin transitions[1]                          |       27 |        1 | Covered |
#     | bin transitions[2]                          |       29 |        1 | Covered |
#     | bin transitions[3]                          |       44 |        1 | Covered |
#     | bin transitions[4]                          |       12 |        1 | Covered |
#     | bin transitions[5]                          |      107 |        1 | Covered |
#     | bin transitions[6]                          |       62 |        1 | Covered |
#     | bin transitions[7]                          |       37 |        1 | Covered |
#     | bin transitions[8]                          |       31 |        1 | Covered |
#     | bin transitions[9]                          |       47 |        1 | Covered |
#     | bin transitions[10]                         |      108 |        1 | Covered |
#     | bin transitions[11]                         |       26 |        1 | Covered |
#     | bin transitions[12]                         |       56 |        1 | Covered |
#     | bin transitions[13]                         |       37 |        1 | Covered |
#     | bin transitions[14]                         |       12 |        1 | Covered |
#     | bin transitions[15]                         |      106 |        1 | Covered |
#     |---------------------------------------------|----------|----------|---------|
#     | COVERPOINT <UNNAMED1>::cp_sel_states        | 100.000% | 100.000% | Covered |
#     |---------------------------------------------|----------|----------|---------|
#     | bin valid[0]                                |      199 |        1 | Covered |
#     | bin valid[1]                                |      218 |        1 | Covered |
#     | bin valid[2]                                |      212 |        1 | Covered |
#     | bin valid[3]                                |      213 |        1 | Covered |
#     | bin unknown                                 |        8 |        1 | Covered |
#     |---------------------------------------------|----------|----------|---------|
#     | COVERPOINT <UNNAMED1>::cp_y_toggles         | 100.000% | 100.000% | Covered |
#     |---------------------------------------------|----------|----------|---------|
#     | bin all_zeros                               |       15 |        1 | Covered |
#     | bin all_ones                                |       16 |        1 | Covered |
#     | bin alternating_1                           |        6 |        1 | Covered |
#     | bin alternating_2                           |        6 |        1 | Covered |
#     |---------------------------------------------|----------|----------|---------|
#     | CROSS <UNNAMED1>::cross_sel_y               | 100.000% | 100.000% | Covered |
#     |---------------------------------------------|----------|----------|---------|
#     | bin <all_inputs[0],zero>                    |        4 |        1 | Covered |
#     | bin <all_inputs[0],max>                     |        4 |        1 | Covered |
#     | bin <all_inputs[0],walking_1>               |        8 |        1 | Covered |
#     | bin <all_inputs[0],others>                  |      191 |        1 | Covered |
#     | bin <all_inputs[1],zero>                    |        4 |        1 | Covered |
#     | bin <all_inputs[1],max>                     |        4 |        1 | Covered |
#     | bin <all_inputs[1],walking_1>               |       16 |        1 | Covered |
#     | bin <all_inputs[1],others>                  |      210 |        1 | Covered |
#     | bin <all_inputs[2],zero>                    |        4 |        1 | Covered |
#     | bin <all_inputs[2],max>                     |        4 |        1 | Covered |
#     | bin <all_inputs[2],walking_1>               |        8 |        1 | Covered |
#     | bin <all_inputs[2],others>                  |      204 |        1 | Covered |
#     | bin <all_inputs[3],zero>                    |        3 |        1 | Covered |
#     | bin <all_inputs[3],max>                     |        4 |        1 | Covered |
#     | bin <all_inputs[3],walking_1>               |       16 |        1 | Covered |
#     | bin <all_inputs[3],others>                  |      206 |        1 | Covered |
#     |---------------------------------------------|----------|----------|---------|
#     | CROSS <UNNAMED1>::cross_d_sel               | 100.000% | 100.000% | Covered |
#     |---------------------------------------------|----------|----------|---------|
#     | bin <d_zero,all_inputs[0]>                  |        4 |        1 | Covered |
#     | bin <d_zero,all_inputs[1]>                  |        4 |        1 | Covered |
#     | bin <d_zero,all_inputs[2]>                  |        4 |        1 | Covered |
#     | bin <d_zero,all_inputs[3]>                  |        3 |        1 | Covered |
#     | bin <d_max,all_inputs[0]>                   |        4 |        1 | Covered |
#     | bin <d_max,all_inputs[1]>                   |        4 |        1 | Covered |
#     | bin <d_max,all_inputs[2]>                   |        4 |        1 | Covered |
#     | bin <d_max,all_inputs[3]>                   |        4 |        1 | Covered |
#     | bin <d_others,all_inputs[0]>                |      191 |        1 | Covered |
#     | bin <d_others,all_inputs[1]>                |      210 |        1 | Covered |
#     | bin <d_others,all_inputs[2]>                |      204 |        1 | Covered |
#     | bin <d_others,all_inputs[3]>                |      206 |        1 | Covered |
#     |---------------------------------------------|----------|----------|---------|
#     | CROSS <UNNAMED1>::cross_sel_toggle          | 100.000% | 100.000% | Covered |
#     |---------------------------------------------|----------|----------|---------|
#     | bin <all_inputs[0],all_zeros>               |        4 |        1 | Covered |
#     | bin <all_inputs[0],all_ones>                |        4 |        1 | Covered |
#     | bin <all_inputs[0],alternating_1>           |        1 |        1 | Covered |
#     | bin <all_inputs[0],alternating_2>           |        1 |        1 | Covered |
#     | bin <all_inputs[1],all_zeros>               |        4 |        1 | Covered |
#     | bin <all_inputs[1],all_ones>                |        4 |        1 | Covered |
#     | bin <all_inputs[1],alternating_1>           |        2 |        1 | Covered |
#     | bin <all_inputs[1],alternating_2>           |        2 |        1 | Covered |
#     | bin <all_inputs[2],all_zeros>               |        4 |        1 | Covered |
#     | bin <all_inputs[2],all_ones>                |        4 |        1 | Covered |
#     | bin <all_inputs[2],alternating_1>           |        1 |        1 | Covered |
#     | bin <all_inputs[2],alternating_2>           |        1 |        1 | Covered |
#     | bin <all_inputs[3],all_zeros>               |        3 |        1 | Covered |
#     | bin <all_inputs[3],all_ones>                |        4 |        1 | Covered |
#     | bin <all_inputs[3],alternating_1>           |        2 |        1 | Covered |
#     | bin <all_inputs[3],alternating_2>           |        2 |        1 | Covered |
#     ===============================================================================
# 
# 
# +++++++++++++++++++++++++++++++++++++++++++++
# ++++++++++       DESIGN UNITS      ++++++++++
# +++++++++++++++++++++++++++++++++++++++++++++
# 
# 
# CUMULATIVE SUMMARY
# =============================================
# |    Coverage Type    | Weight | Hits/Total |
# =============================================
# | Covergroup Coverage |      1 |   100.000% |
# |---------------------|--------|------------|
# | Types               |        |      1 / 1 |
# =============================================
# CUMULATIVE DESIGN-BASED COVERAGE: 100.000%
# COVERED DESIGN UNITS: 1 / 1
# FILES: 1
# 
# 
# CLASS - work.mux_pkg/\mux_pkg mux_coverage \
# 
# 
#     SUMMARY
#     =============================================
#     |    Coverage Type    | Weight | Hits/Total |
#     =============================================
#     | Covergroup Coverage |      1 |   100.000% |
#     |---------------------|--------|------------|
#     | Types               |        |      1 / 1 |
#     =============================================
#     WEIGHTED AVERAGE: 100.000%
# 
# 
#     COVERGROUP COVERAGE
#     ===============================================================================
#     |                 Covergroup                  |   Hits   |  Goal /  | Status  |
#     |                                             |          | At Least |         |
#     ===============================================================================
#     | TYPE /\package mux_pkg\/mux_coverage/mux_cg | 100.000% | 100.000% | Covered |
#     ===============================================================================
#     | INSTANCE <UNNAMED1>                         | 100.000% | 100.000% | Covered |
#     |---------------------------------------------|----------|----------|---------|
#     | COVERPOINT <UNNAMED1>::cp_sel               | 100.000% | 100.000% | Covered |
#     |---------------------------------------------|----------|----------|---------|
#     | bin all_inputs[0]                           |      199 |        1 | Covered |
#     | bin all_inputs[1]                           |      218 |        1 | Covered |
#     | bin all_inputs[2]                           |      212 |        1 | Covered |
#     | bin all_inputs[3]                           |      213 |        1 | Covered |
#     |---------------------------------------------|----------|----------|---------|
#     | COVERPOINT <UNNAMED1>::cp_y                 | 100.000% | 100.000% | Covered |
#     |---------------------------------------------|----------|----------|---------|
#     | bin zero                                    |       15 |        1 | Covered |
#     | bin max                                     |       16 |        1 | Covered |
#     | bin walking_1                               |       48 |        1 | Covered |
#     | bin others                                  |      811 |        1 | Covered |
#     |---------------------------------------------|----------|----------|---------|
#     | COVERPOINT <UNNAMED1>::cp_d                 | 100.000% | 100.000% | Covered |
#     |---------------------------------------------|----------|----------|---------|
#     | bin d_zero                                  |       15 |        1 | Covered |
#     | bin d_max                                   |       16 |        1 | Covered |
#     | bin d_others                                |      811 |        1 | Covered |
#     |---------------------------------------------|----------|----------|---------|
#     | COVERPOINT <UNNAMED1>::cp_sel_transitions   | 100.000% | 100.000% | Covered |
#     |---------------------------------------------|----------|----------|---------|
#     | bin transitions[0]                          |       99 |        1 | Covered |
#     | bin transitions[1]                          |       27 |        1 | Covered |
#     | bin transitions[2]                          |       29 |        1 | Covered |
#     | bin transitions[3]                          |       44 |        1 | Covered |
#     | bin transitions[4]                          |       12 |        1 | Covered |
#     | bin transitions[5]                          |      107 |        1 | Covered |
#     | bin transitions[6]                          |       62 |        1 | Covered |
#     | bin transitions[7]                          |       37 |        1 | Covered |
#     | bin transitions[8]                          |       31 |        1 | Covered |
#     | bin transitions[9]                          |       47 |        1 | Covered |
#     | bin transitions[10]                         |      108 |        1 | Covered |
#     | bin transitions[11]                         |       26 |        1 | Covered |
#     | bin transitions[12]                         |       56 |        1 | Covered |
#     | bin transitions[13]                         |       37 |        1 | Covered |
#     | bin transitions[14]                         |       12 |        1 | Covered |
#     | bin transitions[15]                         |      106 |        1 | Covered |
#     |---------------------------------------------|----------|----------|---------|
#     | COVERPOINT <UNNAMED1>::cp_sel_states        | 100.000% | 100.000% | Covered |
#     |---------------------------------------------|----------|----------|---------|
#     | bin valid[0]                                |      199 |        1 | Covered |
#     | bin valid[1]                                |      218 |        1 | Covered |
#     | bin valid[2]                                |      212 |        1 | Covered |
#     | bin valid[3]                                |      213 |        1 | Covered |
#     | bin unknown                                 |        8 |        1 | Covered |
#     |---------------------------------------------|----------|----------|---------|
#     | COVERPOINT <UNNAMED1>::cp_y_toggles         | 100.000% | 100.000% | Covered |
#     |---------------------------------------------|----------|----------|---------|
#     | bin all_zeros                               |       15 |        1 | Covered |
#     | bin all_ones                                |       16 |        1 | Covered |
#     | bin alternating_1                           |        6 |        1 | Covered |
#     | bin alternating_2                           |        6 |        1 | Covered |
#     |---------------------------------------------|----------|----------|---------|
#     | CROSS <UNNAMED1>::cross_sel_y               | 100.000% | 100.000% | Covered |
#     |---------------------------------------------|----------|----------|---------|
#     | bin <all_inputs[0],zero>                    |        4 |        1 | Covered |
#     | bin <all_inputs[0],max>                     |        4 |        1 | Covered |
#     | bin <all_inputs[0],walking_1>               |        8 |        1 | Covered |
#     | bin <all_inputs[0],others>                  |      191 |        1 | Covered |
#     | bin <all_inputs[1],zero>                    |        4 |        1 | Covered |
#     | bin <all_inputs[1],max>                     |        4 |        1 | Covered |
#     | bin <all_inputs[1],walking_1>               |       16 |        1 | Covered |
#     | bin <all_inputs[1],others>                  |      210 |        1 | Covered |
#     | bin <all_inputs[2],zero>                    |        4 |        1 | Covered |
#     | bin <all_inputs[2],max>                     |        4 |        1 | Covered |
#     | bin <all_inputs[2],walking_1>               |        8 |        1 | Covered |
#     | bin <all_inputs[2],others>                  |      204 |        1 | Covered |
#     | bin <all_inputs[3],zero>                    |        3 |        1 | Covered |
#     | bin <all_inputs[3],max>                     |        4 |        1 | Covered |
#     | bin <all_inputs[3],walking_1>               |       16 |        1 | Covered |
#     | bin <all_inputs[3],others>                  |      206 |        1 | Covered |
#     |---------------------------------------------|----------|----------|---------|
#     | CROSS <UNNAMED1>::cross_d_sel               | 100.000% | 100.000% | Covered |
#     |---------------------------------------------|----------|----------|---------|
#     | bin <d_zero,all_inputs[0]>                  |        4 |        1 | Covered |
#     | bin <d_zero,all_inputs[1]>                  |        4 |        1 | Covered |
#     | bin <d_zero,all_inputs[2]>                  |        4 |        1 | Covered |
#     | bin <d_zero,all_inputs[3]>                  |        3 |        1 | Covered |
#     | bin <d_max,all_inputs[0]>                   |        4 |        1 | Covered |
#     | bin <d_max,all_inputs[1]>                   |        4 |        1 | Covered |
#     | bin <d_max,all_inputs[2]>                   |        4 |        1 | Covered |
#     | bin <d_max,all_inputs[3]>                   |        4 |        1 | Covered |
#     | bin <d_others,all_inputs[0]>                |      191 |        1 | Covered |
#     | bin <d_others,all_inputs[1]>                |      210 |        1 | Covered |
#     | bin <d_others,all_inputs[2]>                |      204 |        1 | Covered |
#     | bin <d_others,all_inputs[3]>                |      206 |        1 | Covered |
#     |---------------------------------------------|----------|----------|---------|
#     | CROSS <UNNAMED1>::cross_sel_toggle          | 100.000% | 100.000% | Covered |
#     |---------------------------------------------|----------|----------|---------|
#     | bin <all_inputs[0],all_zeros>               |        4 |        1 | Covered |
#     | bin <all_inputs[0],all_ones>                |        4 |        1 | Covered |
#     | bin <all_inputs[0],alternating_1>           |        1 |        1 | Covered |
#     | bin <all_inputs[0],alternating_2>           |        1 |        1 | Covered |
#     | bin <all_inputs[1],all_zeros>               |        4 |        1 | Covered |
#     | bin <all_inputs[1],all_ones>                |        4 |        1 | Covered |
#     | bin <all_inputs[1],alternating_1>           |        2 |        1 | Covered |
#     | bin <all_inputs[1],alternating_2>           |        2 |        1 | Covered |
#     | bin <all_inputs[2],all_zeros>               |        4 |        1 | Covered |
#     | bin <all_inputs[2],all_ones>                |        4 |        1 | Covered |
#     | bin <all_inputs[2],alternating_1>           |        1 |        1 | Covered |
#     | bin <all_inputs[2],alternating_2>           |        1 |        1 | Covered |
#     | bin <all_inputs[3],all_zeros>               |        3 |        1 | Covered |
#     | bin <all_inputs[3],all_ones>                |        4 |        1 | Covered |
#     | bin <all_inputs[3],alternating_1>           |        2 |        1 | Covered |
#     | bin <all_inputs[3],alternating_2>           |        2 |        1 | Covered |
#     ===============================================================================
# 
exec cat simulation.log;
# vsim +access+r;
# # ELBREAD: Elaboration process.
# # ELBREAD: Warning: ELBREAD_0049 The "uvm_pkg" design unit does not have a time unit/precision defined but other design units do.
# # ELBREAD: Elaboration time 0.8 [s].
# # KERNEL: Main thread initiated.
# # KERNEL: Kernel process initialization phase.
# # ELAB2: Elaboration final pass...
# # KERNEL: PLI/VHPI kernel's engine initialization done.
# # PLI: Loading library '/usr/share/Riviera-PRO/bin/libsystf.so'
# # ELAB2: Warning: ELAB2_0113 Task or function "$log" not defined in module "top" from library "work".
# # ELAB2: Create instances ...
# # KERNEL: Info: Loading library:  /usr/share/Riviera-PRO/bin/uvm_1_2_dpi
# # KERNEL: Time resolution set to 1ns.
# # ELAB2: Create instances complete.
# # SLP: Started
# # SLP: Elaboration phase ...
# # ELAB2: Warning: ELAB2_0044 testbench.sv (41): Task or function "$log" not defined.
# # SLP: Elaboration phase ... done : 0.0 [s]
# # SLP: Generation phase ...
# # SLP: Generation phase ... done : 0.1 [s]
# # SLP: Finished : 0.1 [s]
# # SLP: 0 primitives and 3 (27.27%) other processes in SLP
# # SLP: 20 (0.06%) signals in SLP and 27 (0.09%) interface signals
# # ELAB2: Elaboration final pass complete - time: 2.3 [s].
# # KERNEL: SLP loading done - time: 0.0 [s].
# # KERNEL: Warning: You are using the Riviera-PRO EDU Edition. The performance of simulation is reduced.
# # KERNEL: Warning: Contact Aldec for available upgrade options - sales@aldec.com.
# # KERNEL: SLP simulation initialization done - time: 0.0 [s].
# # KERNEL: Kernel process initialization done.
# # Allocation: Simulator allocated 31130 kB (elbread=2179 elab2=23998 kernel=4952 sdf=0)
# # KERNEL: UVM_INFO ./uvm-1.2/src/base/uvm_root.svh(392) @ 0: reporter [UVM/RELNOTES] 
# # KERNEL: ----------------------------------------------------------------
# # KERNEL: UVM-1.2
# # KERNEL: (C) 2007-2014 Mentor Graphics Corporation
# # KERNEL: (C) 2007-2014 Cadence Design Systems, Inc.
# # KERNEL: (C) 2006-2014 Synopsys, Inc.
# # KERNEL: (C) 2011-2013 Cypress Semiconductor Corp.
# # KERNEL: (C) 2013-2014 NVIDIA Corporation
# # KERNEL: ----------------------------------------------------------------
# # KERNEL: 
# # KERNEL:   ***********       IMPORTANT RELEASE NOTES         ************
# # KERNEL: 
# # KERNEL:   You are using a version of the UVM library that has been compiled
# # KERNEL:   with `UVM_NO_DEPRECATED undefined.
# # KERNEL:   See http://www.eda.org/svdb/view.php?id=3313 for more details.
# # KERNEL: 
# # KERNEL:   You are using a version of the UVM library that has been compiled
# # KERNEL:   with `UVM_OBJECT_DO_NOT_NEED_CONSTRUCTOR undefined.
# # KERNEL:   See http://www.eda.org/svdb/view.php?id=3770 for more details.
# # KERNEL: 
# # KERNEL:       (Specify +UVM_NO_RELNOTES to turn off this notice)
# # KERNEL: 
# # KERNEL: ASDB file was created in location /home/runner/dataset.asdb
# run -all;
# # KERNEL: UVM_INFO @ 0: reporter [RNTST] Running test mux_test...
# # ACDB: Warning: ACDB_0022 mux_coverage.sv (11): An interval '[4:$]' is completely out of coverpoint 'cp_sel' range and will be ignored. HDL instance: "/\package mux_pkg\/mux_coverage". Covergroup type: "mux_cg", covergroup instance: "<UNNAMED1>", coverpoint: "cp_sel".
# # ACDB: Warning: ACDB_0030 mux_coverage.sv (11): Bin(s) 'out_of_range' are empty and will be excluded from the coverage report. HDL instance: "/\package mux_pkg\/mux_coverage". Covergroup type: "mux_cg", covergroup instance: "<UNNAMED1>", coverpoint: "cp_sel".
# # KERNEL: UVM_INFO /home/runner/master_seq.sv(24) @ 0: uvm_test_top.env.agent.sqr@@seq [MASTER_SEQ] Starting Sequence 1...
# # KERNEL: UVM_INFO /home/runner/scoreboard.sv(22) @ 5: uvm_test_top.env.sb [SCB] PASS: Sel 2, exp= 8c1ed0ac, y=8c1ed0ac
# # KERNEL: Error: assertion.sv (14): SVA ERROR: Output y (8c1ed0ac) != d[2] (8c1ed0ac)
# # KERNEL: Error: assertion.sv (22): SVA ERROR: Unknown value detected on output y!
# # KERNEL: Error: assertion.sv (30): SVASELECT LINE IS X/Z!
# # KERNEL: UVM_INFO /home/runner/scoreboard.sv(22) @ 15: uvm_test_top.env.sb [SCB] PASS: Sel 2, exp= 8c1ed0ac, y=8c1ed0ac
# # KERNEL: UVM_INFO /home/runner/scoreboard.sv(22) @ 25: uvm_test_top.env.sb [SCB] PASS: Sel 0, exp= a035b97a, y=a035b97a
# # KERNEL: UVM_INFO /home/runner/scoreboard.sv(22) @ 35: uvm_test_top.env.sb [SCB] PASS: Sel 1, exp= ed73f3e3, y=ed73f3e3
# # KERNEL: UVM_INFO /home/runner/scoreboard.sv(22) @ 45: uvm_test_top.env.sb [SCB] PASS: Sel 1, exp= ed73f3e3, y=ed73f3e3
# # KERNEL: UVM_INFO /home/runner/scoreboard.sv(22) @ 55: uvm_test_top.env.sb [SCB] PASS: Sel 1, exp= ad245f3b, y=ad245f3b
# # KERNEL: UVM_INFO /home/runner/scoreboard.sv(22) @ 65: uvm_test_top.env.sb [SCB] PASS: Sel 3, exp= d4ce5747, y=d4ce5747
# # KERNEL: UVM_INFO /home/runner/scoreboard.sv(22) @ 75: uvm_test_top.env.sb [SCB] PASS: Sel 3, exp= d4ce5747, y=d4ce5747
# # KERNEL: UVM_INFO /home/runner/scoreboard.sv(22) @ 85: uvm_test_top.env.sb [SCB] PASS: Sel 3, exp= fb2d79d5, y=fb2d79d5
# # KERNEL: UVM_INFO /home/runner/scoreboard.sv(22) @ 95: uvm_test_top.env.sb [SCB] PASS: Sel 2, exp= b0457b28, y=b0457b28
# # KERNEL: UVM_INFO /home/runner/scoreboard.sv(22) @ 105: uvm_test_top.env.sb [SCB] PASS: Sel 2, exp= b0457b28, y=b0457b28
# # KERNEL: UVM_INFO /home/runner/scoreboard.sv(22) @ 115: uvm_test_top.env.sb [SCB] PASS: Sel 0, exp= a972d15f, y=a972d15f
# # KERNEL: UVM_INFO /home/runner/scoreboard.sv(22) @ 125: uvm_test_top.env.sb [SCB] PASS: Sel 0, exp= 6d3a5e97, y=6d3a5e97
# # KERNEL: UVM_INFO /home/runner/scoreboard.sv(22) @ 135: uvm_test_top.env.sb [SCB] PASS: Sel 0, exp= 6d3a5e97, y=6d3a5e97
# # KERNEL: UVM_INFO /home/runner/scoreboard.sv(22) @ 145: uvm_test_top.env.sb [SCB] PASS: Sel 2, exp= 863e69f4, y=863e69f4
# # KERNEL: UVM_INFO /home/runner/scoreboard.sv(22) @ 155: uvm_test_top.env.sb [SCB] PASS: Sel 3, exp= 9404ad07, y=9404ad07
# # KERNEL: UVM_INFO /home/runner/scoreboard.sv(22) @ 165: uvm_test_top.env.sb [SCB] PASS: Sel 3, exp= 9404ad07, y=9404ad07
# # KERNEL: UVM_INFO /home/runner/scoreboard.sv(22) @ 175: uvm_test_top.env.sb [SCB] PASS: Sel 3, exp= 76db5a9e, y=76db5a9e
# # KERNEL: UVM_INFO /home/runner/scoreboard.sv(22) @ 185: uvm_test_top.env.sb [SCB] PASS: Sel 1, exp= 79fc5f7c, y=79fc5f7c
# # KERNEL: UVM_INFO /home/runner/scoreboard.sv(22) @ 195: uvm_test_top.env.sb [SCB] PASS: Sel 1, exp= 79fc5f7c, y=79fc5f7c
# # KERNEL: UVM_INFO /home/runner/scoreboard.sv(22) @ 205: uvm_test_top.env.sb [SCB] PASS: Sel 1, exp= 9f6ded04, y=9f6ded04
# # KERNEL: UVM_INFO /home/runner/scoreboard.sv(22) @ 215: uvm_test_top.env.sb [SCB] PASS: Sel 0, exp= 6e44ce2e, y=6e44ce2e
# # KERNEL: UVM_INFO /home/runner/scoreboard.sv(22) @ 225: uvm_test_top.env.sb [SCB] PASS: Sel 0, exp= 6e44ce2e, y=6e44ce2e
# # KERNEL: UVM_INFO /home/runner/scoreboard.sv(22) @ 235: uvm_test_top.env.sb [SCB] PASS: Sel 2, exp= 67f00486, y=67f00486
# # KERNEL: UVM_INFO /home/runner/scoreboard.sv(22) @ 245: uvm_test_top.env.sb [SCB] PASS: Sel 2, exp= e5c07210, y=e5c07210
# # KERNEL: UVM_INFO /home/runner/scoreboard.sv(22) @ 255: uvm_test_top.env.sb [SCB] PASS: Sel 2, exp= e5c07210, y=e5c07210
# # KERNEL: UVM_INFO /home/runner/scoreboard.sv(22) @ 265: uvm_test_top.env.sb [SCB] PASS: Sel 0, exp= b5fd2050, y=b5fd2050
# # KERNEL: UVM_INFO /home/runner/scoreboard.sv(22) @ 275: uvm_test_top.env.sb [SCB] PASS: Sel 1, exp= cfce8ec6, y=cfce8ec6
# # KERNEL: UVM_INFO /home/runner/scoreboard.sv(22) @ 285: uvm_test_top.env.sb [SCB] PASS: Sel 1, exp= cfce8ec6, y=cfce8ec6
# # KERNEL: UVM_INFO /home/runner/scoreboard.sv(22) @ 295: uvm_test_top.env.sb [SCB] PASS: Sel 1, exp= a83d760e, y=a83d760e
# # KERNEL: UVM_INFO /home/runner/scoreboard.sv(22) @ 305: uvm_test_top.env.sb [SCB] PASS: Sel 3, exp= 88c64dbd, y=88c64dbd
# # KERNEL: UVM_INFO /home/runner/scoreboard.sv(22) @ 315: uvm_test_top.env.sb [SCB] PASS: Sel 3, exp= 88c64dbd, y=88c64dbd
# # KERNEL: UVM_INFO /home/runner/scoreboard.sv(22) @ 325: uvm_test_top.env.sb [SCB] PASS: Sel 3, exp= f1a5fc87, y=f1a5fc87
# # KERNEL: UVM_INFO /home/runner/scoreboard.sv(22) @ 335: uvm_test_top.env.sb [SCB] PASS: Sel 2, exp= 6041ca9a, y=6041ca9a
# # KERNEL: UVM_INFO /home/runner/scoreboard.sv(22) @ 345: uvm_test_top.env.sb [SCB] PASS: Sel 2, exp= 6041ca9a, y=6041ca9a
# # KERNEL: UVM_INFO /home/runner/scoreboard.sv(22) @ 355: uvm_test_top.env.sb [SCB] PASS: Sel 0, exp= 1637893f, y=1637893f
# # KERNEL: UVM_INFO /home/runner/scoreboard.sv(22) @ 365: uvm_test_top.env.sb [SCB] PASS: Sel 0, exp= be007a6c, y=be007a6c
# # KERNEL: UVM_INFO /home/runner/scoreboard.sv(22) @ 375: uvm_test_top.env.sb [SCB] PASS: Sel 0, exp= be007a6c, y=be007a6c
# # KERNEL: UVM_INFO /home/runner/scoreboard.sv(22) @ 385: uvm_test_top.env.sb [SCB] PASS: Sel 2, exp= e56b4d29, y=e56b4d29
# # KERNEL: UVM_INFO /home/runner/scoreboard.sv(22) @ 395: uvm_test_top.env.sb [SCB] PASS: Sel 3, exp= 4d1b70a4, y=4d1b70a4
# # KERNEL: UVM_INFO /home/runner/scoreboard.sv(22) @ 405: uvm_test_top.env.sb [SCB] PASS: Sel 3, exp= 4d1b70a4, y=4d1b70a4
# # KERNEL: UVM_INFO /home/runner/scoreboard.sv(22) @ 415: uvm_test_top.env.sb [SCB] PASS: Sel 3, exp= f303140d, y=f303140d
# # KERNEL: UVM_INFO /home/runner/scoreboard.sv(22) @ 425: uvm_test_top.env.sb [SCB] PASS: Sel 1, exp= b078b756, y=b078b756
# # KERNEL: UVM_INFO /home/runner/scoreboard.sv(22) @ 435: uvm_test_top.env.sb [SCB] PASS: Sel 1, exp= b078b756, y=b078b756
# # KERNEL: UVM_INFO /home/runner/scoreboard.sv(22) @ 445: uvm_test_top.env.sb [SCB] PASS: Sel 1, exp= c4fbf3d6, y=c4fbf3d6
# # KERNEL: UVM_INFO /home/runner/scoreboard.sv(22) @ 455: uvm_test_top.env.sb [SCB] PASS: Sel 0, exp= f75e3373, y=f75e3373
# # KERNEL: UVM_INFO /home/runner/scoreboard.sv(22) @ 465: uvm_test_top.env.sb [SCB] PASS: Sel 0, exp= f75e3373, y=f75e3373
# # KERNEL: UVM_INFO /home/runner/scoreboard.sv(22) @ 475: uvm_test_top.env.sb [SCB] PASS: Sel 2, exp= b53d756b, y=b53d756b
# # KERNEL: UVM_INFO /home/runner/scoreboard.sv(22) @ 485: uvm_test_top.env.sb [SCB] PASS: Sel 2, exp= e970fbeb, y=e970fbeb
# # KERNEL: UVM_INFO /home/runner/scoreboard.sv(22) @ 495: uvm_test_top.env.sb [SCB] PASS: Sel 2, exp= e970fbeb, y=e970fbeb
# # KERNEL: UVM_INFO /home/runner/scoreboard.sv(22) @ 505: uvm_test_top.env.sb [SCB] PASS: Sel 0, exp= b7b09673, y=b7b09673
# # KERNEL: UVM_INFO /home/runner/scoreboard.sv(22) @ 515: uvm_test_top.env.sb [SCB] PASS: Sel 1, exp= bbdd461b, y=bbdd461b
# # KERNEL: UVM_INFO /home/runner/scoreboard.sv(22) @ 525: uvm_test_top.env.sb [SCB] PASS: Sel 1, exp= bbdd461b, y=bbdd461b
# # KERNEL: UVM_INFO /home/runner/scoreboard.sv(22) @ 535: uvm_test_top.env.sb [SCB] PASS: Sel 1, exp= daa74f27, y=daa74f27
# # KERNEL: UVM_INFO /home/runner/scoreboard.sv(22) @ 545: uvm_test_top.env.sb [SCB] PASS: Sel 3, exp= 16d8fa4e, y=16d8fa4e
# # KERNEL: UVM_INFO /home/runner/scoreboard.sv(22) @ 555: uvm_test_top.env.sb [SCB] PASS: Sel 3, exp= 16d8fa4e, y=16d8fa4e
# # KERNEL: UVM_INFO /home/runner/scoreboard.sv(22) @ 565: uvm_test_top.env.sb [SCB] PASS: Sel 3, exp= 55798048, y=55798048
# # KERNEL: UVM_INFO /home/runner/scoreboard.sv(22) @ 575: uvm_test_top.env.sb [SCB] PASS: Sel 2, exp= 3f60f0d3, y=3f60f0d3
# # KERNEL: UVM_INFO /home/runner/scoreboard.sv(22) @ 585: uvm_test_top.env.sb [SCB] PASS: Sel 2, exp= 3f60f0d3, y=3f60f0d3
# # KERNEL: UVM_INFO /home/runner/scoreboard.sv(22) @ 595: uvm_test_top.env.sb [SCB] PASS: Sel 0, exp= a1ccc989, y=a1ccc989
# # KERNEL: UVM_INFO /home/runner/scoreboard.sv(22) @ 605: uvm_test_top.env.sb [SCB] PASS: Sel 0, exp= 2825dd19, y=2825dd19
# # KERNEL: UVM_INFO /home/runner/scoreboard.sv(22) @ 615: uvm_test_top.env.sb [SCB] PASS: Sel 0, exp= 2825dd19, y=2825dd19
# # KERNEL: UVM_INFO /home/runner/scoreboard.sv(22) @ 625: uvm_test_top.env.sb [SCB] PASS: Sel 2, exp= 11525727, y=11525727
# # KERNEL: UVM_INFO /home/runner/scoreboard.sv(22) @ 635: uvm_test_top.env.sb [SCB] PASS: Sel 3, exp= bf00ffc6, y=bf00ffc6
# # KERNEL: UVM_INFO /home/runner/scoreboard.sv(22) @ 645: uvm_test_top.env.sb [SCB] PASS: Sel 3, exp= bf00ffc6, y=bf00ffc6
# # KERNEL: UVM_INFO /home/runner/scoreboard.sv(22) @ 655: uvm_test_top.env.sb [SCB] PASS: Sel 3, exp= c7e8ef7e, y=c7e8ef7e
# # KERNEL: UVM_INFO /home/runner/scoreboard.sv(22) @ 665: uvm_test_top.env.sb [SCB] PASS: Sel 1, exp= 83069abb, y=83069abb
# # KERNEL: UVM_INFO /home/runner/scoreboard.sv(22) @ 675: uvm_test_top.env.sb [SCB] PASS: Sel 1, exp= 83069abb, y=83069abb
# # KERNEL: UVM_INFO /home/runner/scoreboard.sv(22) @ 685: uvm_test_top.env.sb [SCB] PASS: Sel 1, exp= b8790741, y=b8790741
# # KERNEL: UVM_INFO /home/runner/scoreboard.sv(22) @ 695: uvm_test_top.env.sb [SCB] PASS: Sel 0, exp= b357622a, y=b357622a
# # KERNEL: UVM_INFO /home/runner/scoreboard.sv(22) @ 705: uvm_test_top.env.sb [SCB] PASS: Sel 0, exp= b357622a, y=b357622a
# # KERNEL: UVM_INFO /home/runner/scoreboard.sv(22) @ 715: uvm_test_top.env.sb [SCB] PASS: Sel 2, exp= bc3715cc, y=bc3715cc
# # KERNEL: UVM_INFO /home/runner/scoreboard.sv(22) @ 725: uvm_test_top.env.sb [SCB] PASS: Sel 2, exp= 37989de7, y=37989de7
# # KERNEL: UVM_INFO /home/runner/scoreboard.sv(22) @ 735: uvm_test_top.env.sb [SCB] PASS: Sel 2, exp= 37989de7, y=37989de7
# # KERNEL: UVM_INFO /home/runner/scoreboard.sv(22) @ 745: uvm_test_top.env.sb [SCB] PASS: Sel 0, exp= a84edbfe, y=a84edbfe
# # KERNEL: UVM_INFO /home/runner/scoreboard.sv(22) @ 755: uvm_test_top.env.sb [SCB] PASS: Sel 1, exp= 2d8dcf00, y=2d8dcf00
# # KERNEL: UVM_INFO /home/runner/scoreboard.sv(22) @ 765: uvm_test_top.env.sb [SCB] PASS: Sel 1, exp= 2d8dcf00, y=2d8dcf00
# # KERNEL: UVM_INFO /home/runner/scoreboard.sv(22) @ 775: uvm_test_top.env.sb [SCB] PASS: Sel 1, exp= 40ea51db, y=40ea51db
# # KERNEL: UVM_INFO /home/runner/scoreboard.sv(22) @ 785: uvm_test_top.env.sb [SCB] PASS: Sel 3, exp= fda9c8de, y=fda9c8de
# # KERNEL: UVM_INFO /home/runner/scoreboard.sv(22) @ 795: uvm_test_top.env.sb [SCB] PASS: Sel 3, exp= fda9c8de, y=fda9c8de
# # KERNEL: UVM_INFO /home/runner/scoreboard.sv(22) @ 805: uvm_test_top.env.sb [SCB] PASS: Sel 3, exp= c84d793f, y=c84d793f
# # KERNEL: UVM_INFO /home/runner/scoreboard.sv(22) @ 815: uvm_test_top.env.sb [SCB] PASS: Sel 2, exp= def351e5, y=def351e5
# # KERNEL: UVM_INFO /home/runner/scoreboard.sv(22) @ 825: uvm_test_top.env.sb [SCB] PASS: Sel 2, exp= def351e5, y=def351e5
# # KERNEL: UVM_INFO /home/runner/scoreboard.sv(22) @ 835: uvm_test_top.env.sb [SCB] PASS: Sel 0, exp= 88036598, y=88036598
# # KERNEL: UVM_INFO /home/runner/scoreboard.sv(22) @ 845: uvm_test_top.env.sb [SCB] PASS: Sel 0, exp= f0192569, y=f0192569
# # KERNEL: UVM_INFO /home/runner/scoreboard.sv(22) @ 855: uvm_test_top.env.sb [SCB] PASS: Sel 0, exp= f0192569, y=f0192569
# # KERNEL: UVM_INFO /home/runner/scoreboard.sv(22) @ 865: uvm_test_top.env.sb [SCB] PASS: Sel 2, exp= 2948d8e8, y=2948d8e8
# # KERNEL: UVM_INFO /home/runner/scoreboard.sv(22) @ 875: uvm_test_top.env.sb [SCB] PASS: Sel 3, exp= cf191b16, y=cf191b16
# # KERNEL: UVM_INFO /home/runner/scoreboard.sv(22) @ 885: uvm_test_top.env.sb [SCB] PASS: Sel 3, exp= cf191b16, y=cf191b16
# # KERNEL: UVM_INFO /home/runner/scoreboard.sv(22) @ 895: uvm_test_top.env.sb [SCB] PASS: Sel 3, exp= 565cbb60, y=565cbb60
# # KERNEL: UVM_INFO /home/runner/scoreboard.sv(22) @ 905: uvm_test_top.env.sb [SCB] PASS: Sel 1, exp= b8636cb8, y=b8636cb8
# # KERNEL: UVM_INFO /home/runner/scoreboard.sv(22) @ 915: uvm_test_top.env.sb [SCB] PASS: Sel 1, exp= b8636cb8, y=b8636cb8
# # KERNEL: UVM_INFO /home/runner/scoreboard.sv(22) @ 925: uvm_test_top.env.sb [SCB] PASS: Sel 1, exp= c1b0a0ad, y=c1b0a0ad
# # KERNEL: UVM_INFO /home/runner/scoreboard.sv(22) @ 935: uvm_test_top.env.sb [SCB] PASS: Sel 0, exp= 496a3667, y=496a3667
# # KERNEL: UVM_INFO /home/runner/scoreboard.sv(22) @ 945: uvm_test_top.env.sb [SCB] PASS: Sel 0, exp= 496a3667, y=496a3667
# # KERNEL: UVM_INFO /home/runner/scoreboard.sv(22) @ 955: uvm_test_top.env.sb [SCB] PASS: Sel 2, exp= 81be2c88, y=81be2c88
# # KERNEL: UVM_INFO /home/runner/scoreboard.sv(22) @ 965: uvm_test_top.env.sb [SCB] PASS: Sel 2, exp= 6431ab22, y=6431ab22
# # KERNEL: UVM_INFO /home/runner/scoreboard.sv(22) @ 975: uvm_test_top.env.sb [SCB] PASS: Sel 2, exp= 6431ab22, y=6431ab22
# # KERNEL: UVM_INFO /home/runner/scoreboard.sv(22) @ 985: uvm_test_top.env.sb [SCB] PASS: Sel 0, exp= 2286f900, y=2286f900
# # KERNEL: UVM_INFO /home/runner/scoreboard.sv(22) @ 995: uvm_test_top.env.sb [SCB] PASS: Sel 1, exp= aa173432, y=aa173432
# # KERNEL: UVM_INFO /home/runner/scoreboard.sv(22) @ 1005: uvm_test_top.env.sb [SCB] PASS: Sel 1, exp= aa173432, y=aa173432
# # KERNEL: UVM_INFO /home/runner/scoreboard.sv(22) @ 1015: uvm_test_top.env.sb [SCB] PASS: Sel 1, exp= d33c12b7, y=d33c12b7
# # KERNEL: UVM_INFO /home/runner/scoreboard.sv(22) @ 1025: uvm_test_top.env.sb [SCB] PASS: Sel 3, exp= 64fde23, y=64fde23
# # KERNEL: UVM_INFO /home/runner/scoreboard.sv(22) @ 1035: uvm_test_top.env.sb [SCB] PASS: Sel 3, exp= 64fde23, y=64fde23
# # KERNEL: UVM_INFO /home/runner/scoreboard.sv(22) @ 1045: uvm_test_top.env.sb [SCB] PASS: Sel 3, exp= cd04473f, y=cd04473f
# # KERNEL: UVM_INFO /home/runner/scoreboard.sv(22) @ 1055: uvm_test_top.env.sb [SCB] PASS: Sel 2, exp= f00aba0, y=f00aba0
# # KERNEL: UVM_INFO /home/runner/scoreboard.sv(22) @ 1065: uvm_test_top.env.sb [SCB] PASS: Sel 2, exp= f00aba0, y=f00aba0
# # KERNEL: UVM_INFO /home/runner/scoreboard.sv(22) @ 1075: uvm_test_top.env.sb [SCB] PASS: Sel 0, exp= 19856bb3, y=19856bb3
# # KERNEL: UVM_INFO /home/runner/scoreboard.sv(22) @ 1085: uvm_test_top.env.sb [SCB] PASS: Sel 0, exp= 6f32394f, y=6f32394f
# # KERNEL: UVM_INFO /home/runner/scoreboard.sv(22) @ 1095: uvm_test_top.env.sb [SCB] PASS: Sel 0, exp= 6f32394f, y=6f32394f
# # KERNEL: UVM_INFO /home/runner/scoreboard.sv(22) @ 1105: uvm_test_top.env.sb [SCB] PASS: Sel 2, exp= 4fc521b9, y=4fc521b9
# # KERNEL: UVM_INFO /home/runner/scoreboard.sv(22) @ 1115: uvm_test_top.env.sb [SCB] PASS: Sel 3, exp= a7ef5865, y=a7ef5865
# # KERNEL: UVM_INFO /home/runner/scoreboard.sv(22) @ 1125: uvm_test_top.env.sb [SCB] PASS: Sel 3, exp= a7ef5865, y=a7ef5865
# # KERNEL: UVM_INFO /home/runner/scoreboard.sv(22) @ 1135: uvm_test_top.env.sb [SCB] PASS: Sel 3, exp= 7bef0c5e, y=7bef0c5e
# # KERNEL: UVM_INFO /home/runner/scoreboard.sv(22) @ 1145: uvm_test_top.env.sb [SCB] PASS: Sel 1, exp= ad32b439, y=ad32b439
# # KERNEL: UVM_INFO /home/runner/scoreboard.sv(22) @ 1155: uvm_test_top.env.sb [SCB] PASS: Sel 1, exp= ad32b439, y=ad32b439
# # KERNEL: UVM_INFO /home/runner/scoreboard.sv(22) @ 1165: uvm_test_top.env.sb [SCB] PASS: Sel 1, exp= e2c4c444, y=e2c4c444
# # KERNEL: UVM_INFO /home/runner/scoreboard.sv(22) @ 1175: uvm_test_top.env.sb [SCB] PASS: Sel 0, exp= 522aedff, y=522aedff
# # KERNEL: UVM_INFO /home/runner/scoreboard.sv(22) @ 1185: uvm_test_top.env.sb [SCB] PASS: Sel 0, exp= 522aedff, y=522aedff
# # KERNEL: UVM_INFO /home/runner/scoreboard.sv(22) @ 1195: uvm_test_top.env.sb [SCB] PASS: Sel 2, exp= 7203a551, y=7203a551
# # KERNEL: UVM_INFO /home/runner/scoreboard.sv(22) @ 1205: uvm_test_top.env.sb [SCB] PASS: Sel 2, exp= e2ff8598, y=e2ff8598
# # KERNEL: UVM_INFO /home/runner/scoreboard.sv(22) @ 1215: uvm_test_top.env.sb [SCB] PASS: Sel 2, exp= e2ff8598, y=e2ff8598
# # KERNEL: UVM_INFO /home/runner/scoreboard.sv(22) @ 1225: uvm_test_top.env.sb [SCB] PASS: Sel 0, exp= 43f5bd37, y=43f5bd37
# # KERNEL: UVM_INFO /home/runner/scoreboard.sv(22) @ 1235: uvm_test_top.env.sb [SCB] PASS: Sel 1, exp= b09799f0, y=b09799f0
# # KERNEL: UVM_INFO /home/runner/scoreboard.sv(22) @ 1245: uvm_test_top.env.sb [SCB] PASS: Sel 1, exp= b09799f0, y=b09799f0
# # KERNEL: UVM_INFO /home/runner/scoreboard.sv(22) @ 1255: uvm_test_top.env.sb [SCB] PASS: Sel 1, exp= 77c6fa38, y=77c6fa38
# # KERNEL: UVM_INFO /home/runner/scoreboard.sv(22) @ 1265: uvm_test_top.env.sb [SCB] PASS: Sel 3, exp= 2ecc6cc4, y=2ecc6cc4
# # KERNEL: UVM_INFO /home/runner/scoreboard.sv(22) @ 1275: uvm_test_top.env.sb [SCB] PASS: Sel 3, exp= 2ecc6cc4, y=2ecc6cc4
# # KERNEL: UVM_INFO /home/runner/scoreboard.sv(22) @ 1285: uvm_test_top.env.sb [SCB] PASS: Sel 3, exp= f8fced45, y=f8fced45
# # KERNEL: UVM_INFO /home/runner/scoreboard.sv(22) @ 1295: uvm_test_top.env.sb [SCB] PASS: Sel 2, exp= c58ce927, y=c58ce927
# # KERNEL: UVM_INFO /home/runner/scoreboard.sv(22) @ 1305: uvm_test_top.env.sb [SCB] PASS: Sel 2, exp= c58ce927, y=c58ce927
# # KERNEL: UVM_INFO /home/runner/scoreboard.sv(22) @ 1315: uvm_test_top.env.sb [SCB] PASS: Sel 0, exp= dc7e5cc6, y=dc7e5cc6
# # KERNEL: UVM_INFO /home/runner/scoreboard.sv(22) @ 1325: uvm_test_top.env.sb [SCB] PASS: Sel 0, exp= b65bd3af, y=b65bd3af
# # KERNEL: UVM_INFO /home/runner/scoreboard.sv(22) @ 1335: uvm_test_top.env.sb [SCB] PASS: Sel 0, exp= b65bd3af, y=b65bd3af
# # KERNEL: UVM_INFO /home/runner/scoreboard.sv(22) @ 1345: uvm_test_top.env.sb [SCB] PASS: Sel 2, exp= be1483d3, y=be1483d3
# # KERNEL: UVM_INFO /home/runner/scoreboard.sv(22) @ 1355: uvm_test_top.env.sb [SCB] PASS: Sel 3, exp= a183b7b5, y=a183b7b5
# # KERNEL: UVM_INFO /home/runner/scoreboard.sv(22) @ 1365: uvm_test_top.env.sb [SCB] PASS: Sel 3, exp= a183b7b5, y=a183b7b5
# # KERNEL: UVM_INFO /home/runner/scoreboard.sv(22) @ 1375: uvm_test_top.env.sb [SCB] PASS: Sel 3, exp= 5b0f4dcd, y=5b0f4dcd
# # KERNEL: UVM_INFO /home/runner/scoreboard.sv(22) @ 1385: uvm_test_top.env.sb [SCB] PASS: Sel 1, exp= beb692fd, y=beb692fd
# # KERNEL: UVM_INFO /home/runner/scoreboard.sv(22) @ 1395: uvm_test_top.env.sb [SCB] PASS: Sel 1, exp= beb692fd, y=beb692fd
# # KERNEL: UVM_INFO /home/runner/scoreboard.sv(22) @ 1405: uvm_test_top.env.sb [SCB] PASS: Sel 1, exp= b67c6a38, y=b67c6a38
# # KERNEL: UVM_INFO /home/runner/scoreboard.sv(22) @ 1415: uvm_test_top.env.sb [SCB] PASS: Sel 0, exp= ddd1943d, y=ddd1943d
# # KERNEL: UVM_INFO /home/runner/scoreboard.sv(22) @ 1425: uvm_test_top.env.sb [SCB] PASS: Sel 0, exp= ddd1943d, y=ddd1943d
# # KERNEL: UVM_INFO /home/runner/scoreboard.sv(22) @ 1435: uvm_test_top.env.sb [SCB] PASS: Sel 2, exp= 6c2a3b02, y=6c2a3b02
# # KERNEL: UVM_INFO /home/runner/scoreboard.sv(22) @ 1445: uvm_test_top.env.sb [SCB] PASS: Sel 2, exp= ab156fc1, y=ab156fc1
# # KERNEL: UVM_INFO /home/runner/scoreboard.sv(22) @ 1455: uvm_test_top.env.sb [SCB] PASS: Sel 2, exp= ab156fc1, y=ab156fc1
# # KERNEL: UVM_INFO /home/runner/scoreboard.sv(22) @ 1465: uvm_test_top.env.sb [SCB] PASS: Sel 0, exp= eb5e6f9, y=eb5e6f9
# # KERNEL: UVM_INFO /home/runner/scoreboard.sv(22) @ 1475: uvm_test_top.env.sb [SCB] PASS: Sel 1, exp= b42a3958, y=b42a3958
# # KERNEL: UVM_INFO /home/runner/scoreboard.sv(22) @ 1485: uvm_test_top.env.sb [SCB] PASS: Sel 1, exp= b42a3958, y=b42a3958
# # KERNEL: UVM_INFO /home/runner/scoreboard.sv(22) @ 1495: uvm_test_top.env.sb [SCB] PASS: Sel 1, exp= 97eccc38, y=97eccc38
# # KERNEL: UVM_INFO /home/runner/scoreboard.sv(22) @ 1505: uvm_test_top.env.sb [SCB] PASS: Sel 3, exp= c691008d, y=c691008d
# # KERNEL: UVM_INFO /home/runner/scoreboard.sv(22) @ 1515: uvm_test_top.env.sb [SCB] PASS: Sel 3, exp= c691008d, y=c691008d
# # KERNEL: UVM_INFO /home/runner/scoreboard.sv(22) @ 1525: uvm_test_top.env.sb [SCB] PASS: Sel 3, exp= cf9403f6, y=cf9403f6
# # KERNEL: UVM_INFO /home/runner/scoreboard.sv(22) @ 1535: uvm_test_top.env.sb [SCB] PASS: Sel 2, exp= 37670ea8, y=37670ea8
# # KERNEL: UVM_INFO /home/runner/scoreboard.sv(22) @ 1545: uvm_test_top.env.sb [SCB] PASS: Sel 2, exp= 37670ea8, y=37670ea8
# # KERNEL: UVM_INFO /home/runner/scoreboard.sv(22) @ 1555: uvm_test_top.env.sb [SCB] PASS: Sel 0, exp= 156512d7, y=156512d7
# # KERNEL: UVM_INFO /home/runner/scoreboard.sv(22) @ 1565: uvm_test_top.env.sb [SCB] PASS: Sel 0, exp= 2882ba5a, y=2882ba5a
# # KERNEL: UVM_INFO /home/runner/scoreboard.sv(22) @ 1575: uvm_test_top.env.sb [SCB] PASS: Sel 0, exp= 2882ba5a, y=2882ba5a
# # KERNEL: UVM_INFO /home/runner/scoreboard.sv(22) @ 1585: uvm_test_top.env.sb [SCB] PASS: Sel 2, exp= 823f6714, y=823f6714
# # KERNEL: UVM_INFO /home/runner/scoreboard.sv(22) @ 1595: uvm_test_top.env.sb [SCB] PASS: Sel 3, exp= e5a73f43, y=e5a73f43
# # KERNEL: UVM_INFO /home/runner/scoreboard.sv(22) @ 1605: uvm_test_top.env.sb [SCB] PASS: Sel 3, exp= e5a73f43, y=e5a73f43
# # KERNEL: UVM_INFO /home/runner/scoreboard.sv(22) @ 1615: uvm_test_top.env.sb [SCB] PASS: Sel 3, exp= 92edb13e, y=92edb13e
# # KERNEL: UVM_INFO /home/runner/scoreboard.sv(22) @ 1625: uvm_test_top.env.sb [SCB] PASS: Sel 1, exp= 686dfa8e, y=686dfa8e
# # KERNEL: UVM_INFO /home/runner/scoreboard.sv(22) @ 1635: uvm_test_top.env.sb [SCB] PASS: Sel 1, exp= 686dfa8e, y=686dfa8e
# # KERNEL: UVM_INFO /home/runner/scoreboard.sv(22) @ 1645: uvm_test_top.env.sb [SCB] PASS: Sel 1, exp= 7b2ddcfc, y=7b2ddcfc
# # KERNEL: UVM_INFO /home/runner/scoreboard.sv(22) @ 1655: uvm_test_top.env.sb [SCB] PASS: Sel 0, exp= 54e69089, y=54e69089
# # KERNEL: UVM_INFO /home/runner/scoreboard.sv(22) @ 1665: uvm_test_top.env.sb [SCB] PASS: Sel 0, exp= 54e69089, y=54e69089
# # KERNEL: UVM_INFO /home/runner/scoreboard.sv(22) @ 1675: uvm_test_top.env.sb [SCB] PASS: Sel 2, exp= e2e4f5f2, y=e2e4f5f2
# # KERNEL: UVM_INFO /home/runner/scoreboard.sv(22) @ 1685: uvm_test_top.env.sb [SCB] PASS: Sel 2, exp= 45386111, y=45386111
# # KERNEL: UVM_INFO /home/runner/scoreboard.sv(22) @ 1695: uvm_test_top.env.sb [SCB] PASS: Sel 2, exp= 45386111, y=45386111
# # KERNEL: UVM_INFO /home/runner/scoreboard.sv(22) @ 1705: uvm_test_top.env.sb [SCB] PASS: Sel 0, exp= e98d7307, y=e98d7307
# # KERNEL: UVM_INFO /home/runner/scoreboard.sv(22) @ 1715: uvm_test_top.env.sb [SCB] PASS: Sel 1, exp= f169f8b2, y=f169f8b2
# # KERNEL: UVM_INFO /home/runner/scoreboard.sv(22) @ 1725: uvm_test_top.env.sb [SCB] PASS: Sel 1, exp= f169f8b2, y=f169f8b2
# # KERNEL: UVM_INFO /home/runner/scoreboard.sv(22) @ 1735: uvm_test_top.env.sb [SCB] PASS: Sel 1, exp= d1c8927b, y=d1c8927b
# # KERNEL: UVM_INFO /home/runner/scoreboard.sv(22) @ 1745: uvm_test_top.env.sb [SCB] PASS: Sel 3, exp= 105a571d, y=105a571d
# # KERNEL: UVM_INFO /home/runner/scoreboard.sv(22) @ 1755: uvm_test_top.env.sb [SCB] PASS: Sel 3, exp= 105a571d, y=105a571d
# # KERNEL: UVM_INFO /home/runner/scoreboard.sv(22) @ 1765: uvm_test_top.env.sb [SCB] PASS: Sel 3, exp= fee93ca6, y=fee93ca6
# # KERNEL: UVM_INFO /home/runner/scoreboard.sv(22) @ 1775: uvm_test_top.env.sb [SCB] PASS: Sel 2, exp= e36bea26, y=e36bea26
# # KERNEL: UVM_INFO /home/runner/scoreboard.sv(22) @ 1785: uvm_test_top.env.sb [SCB] PASS: Sel 2, exp= e36bea26, y=e36bea26
# # KERNEL: UVM_INFO /home/runner/scoreboard.sv(22) @ 1795: uvm_test_top.env.sb [SCB] PASS: Sel 0, exp= 531feff9, y=531feff9
# # KERNEL: UVM_INFO /home/runner/scoreboard.sv(22) @ 1805: uvm_test_top.env.sb [SCB] PASS: Sel 0, exp= b95e5ccf, y=b95e5ccf
# # KERNEL: UVM_INFO /home/runner/scoreboard.sv(22) @ 1815: uvm_test_top.env.sb [SCB] PASS: Sel 0, exp= b95e5ccf, y=b95e5ccf
# # KERNEL: UVM_INFO /home/runner/scoreboard.sv(22) @ 1825: uvm_test_top.env.sb [SCB] PASS: Sel 2, exp= 52addfcf, y=52addfcf
# # KERNEL: UVM_INFO /home/runner/scoreboard.sv(22) @ 1835: uvm_test_top.env.sb [SCB] PASS: Sel 3, exp= 52c61163, y=52c61163
# # KERNEL: UVM_INFO /home/runner/scoreboard.sv(22) @ 1845: uvm_test_top.env.sb [SCB] PASS: Sel 3, exp= 52c61163, y=52c61163
# # KERNEL: UVM_INFO /home/runner/scoreboard.sv(22) @ 1855: uvm_test_top.env.sb [SCB] PASS: Sel 3, exp= 238a36ae, y=238a36ae
# # KERNEL: UVM_INFO /home/runner/scoreboard.sv(22) @ 1865: uvm_test_top.env.sb [SCB] PASS: Sel 1, exp= c3c5c41e, y=c3c5c41e
# # KERNEL: UVM_INFO /home/runner/scoreboard.sv(22) @ 1875: uvm_test_top.env.sb [SCB] PASS: Sel 1, exp= c3c5c41e, y=c3c5c41e
# # KERNEL: UVM_INFO /home/runner/scoreboard.sv(22) @ 1885: uvm_test_top.env.sb [SCB] PASS: Sel 1, exp= da5f6572, y=da5f6572
# # KERNEL: UVM_INFO /home/runner/scoreboard.sv(22) @ 1895: uvm_test_top.env.sb [SCB] PASS: Sel 0, exp= e5c90634, y=e5c90634
# # KERNEL: UVM_INFO /home/runner/scoreboard.sv(22) @ 1905: uvm_test_top.env.sb [SCB] PASS: Sel 0, exp= e5c90634, y=e5c90634
# # KERNEL: UVM_INFO /home/runner/scoreboard.sv(22) @ 1915: uvm_test_top.env.sb [SCB] PASS: Sel 2, exp= b1965761, y=b1965761
# # KERNEL: UVM_INFO /home/runner/scoreboard.sv(22) @ 1925: uvm_test_top.env.sb [SCB] PASS: Sel 2, exp= 29f44f87, y=29f44f87
# # KERNEL: UVM_INFO /home/runner/scoreboard.sv(22) @ 1935: uvm_test_top.env.sb [SCB] PASS: Sel 2, exp= 29f44f87, y=29f44f87
# # KERNEL: UVM_INFO /home/runner/scoreboard.sv(22) @ 1945: uvm_test_top.env.sb [SCB] PASS: Sel 0, exp= 45a386cf, y=45a386cf
# # KERNEL: UVM_INFO /home/runner/scoreboard.sv(22) @ 1955: uvm_test_top.env.sb [SCB] PASS: Sel 1, exp= abeb0f48, y=abeb0f48
# # KERNEL: UVM_INFO /home/runner/scoreboard.sv(22) @ 1965: uvm_test_top.env.sb [SCB] PASS: Sel 1, exp= abeb0f48, y=abeb0f48
# # KERNEL: UVM_INFO /home/runner/scoreboard.sv(22) @ 1975: uvm_test_top.env.sb [SCB] PASS: Sel 1, exp= dd5a096e, y=dd5a096e
# # KERNEL: UVM_INFO /home/runner/scoreboard.sv(22) @ 1985: uvm_test_top.env.sb [SCB] PASS: Sel 3, exp= 1247d0a4, y=1247d0a4
# # KERNEL: UVM_INFO /home/runner/scoreboard.sv(22) @ 1995: uvm_test_top.env.sb [SCB] PASS: Sel 3, exp= 1247d0a4, y=1247d0a4
# # KERNEL: UVM_INFO /home/runner/scoreboard.sv(22) @ 2005: uvm_test_top.env.sb [SCB] PASS: Sel 3, exp= 92969ec8, y=92969ec8
# # KERNEL: UVM_INFO /home/runner/scoreboard.sv(22) @ 2015: uvm_test_top.env.sb [SCB] PASS: Sel 2, exp= 7aa2332f, y=7aa2332f
# # KERNEL: UVM_INFO /home/runner/scoreboard.sv(22) @ 2025: uvm_test_top.env.sb [SCB] PASS: Sel 2, exp= 7aa2332f, y=7aa2332f
# # KERNEL: UVM_INFO /home/runner/scoreboard.sv(22) @ 2035: uvm_test_top.env.sb [SCB] PASS: Sel 0, exp= ac5774d0, y=ac5774d0
# # KERNEL: UVM_INFO /home/runner/scoreboard.sv(22) @ 2045: uvm_test_top.env.sb [SCB] PASS: Sel 0, exp= 41acdae0, y=41acdae0
# # KERNEL: UVM_INFO /home/runner/scoreboard.sv(22) @ 2055: uvm_test_top.env.sb [SCB] PASS: Sel 0, exp= 41acdae0, y=41acdae0
# # KERNEL: UVM_INFO /home/runner/scoreboard.sv(22) @ 2065: uvm_test_top.env.sb [SCB] PASS: Sel 2, exp= 104f2e79, y=104f2e79
# # KERNEL: UVM_INFO /home/runner/scoreboard.sv(22) @ 2075: uvm_test_top.env.sb [SCB] PASS: Sel 3, exp= 4dcbaf07, y=4dcbaf07
# # KERNEL: UVM_INFO /home/runner/scoreboard.sv(22) @ 2085: uvm_test_top.env.sb [SCB] PASS: Sel 3, exp= 4dcbaf07, y=4dcbaf07
# # KERNEL: UVM_INFO /home/runner/scoreboard.sv(22) @ 2095: uvm_test_top.env.sb [SCB] PASS: Sel 3, exp= ce4de1d, y=ce4de1d
# # KERNEL: UVM_INFO /home/runner/scoreboard.sv(22) @ 2105: uvm_test_top.env.sb [SCB] PASS: Sel 1, exp= 78c0f9f, y=78c0f9f
# # KERNEL: UVM_INFO /home/runner/scoreboard.sv(22) @ 2115: uvm_test_top.env.sb [SCB] PASS: Sel 1, exp= 78c0f9f, y=78c0f9f
# # KERNEL: UVM_INFO /home/runner/scoreboard.sv(22) @ 2125: uvm_test_top.env.sb [SCB] PASS: Sel 1, exp= 8edc400f, y=8edc400f
# # KERNEL: UVM_INFO /home/runner/scoreboard.sv(22) @ 2135: uvm_test_top.env.sb [SCB] PASS: Sel 0, exp= d5f6141f, y=d5f6141f
# # KERNEL: UVM_INFO /home/runner/scoreboard.sv(22) @ 2145: uvm_test_top.env.sb [SCB] PASS: Sel 0, exp= d5f6141f, y=d5f6141f
# # KERNEL: UVM_INFO /home/runner/scoreboard.sv(22) @ 2155: uvm_test_top.env.sb [SCB] PASS: Sel 2, exp= 642a63a4, y=642a63a4
# # KERNEL: UVM_INFO /home/runner/scoreboard.sv(22) @ 2165: uvm_test_top.env.sb [SCB] PASS: Sel 2, exp= 66e061b1, y=66e061b1
# # KERNEL: UVM_INFO /home/runner/scoreboard.sv(22) @ 2175: uvm_test_top.env.sb [SCB] PASS: Sel 2, exp= 66e061b1, y=66e061b1
# # KERNEL: UVM_INFO /home/runner/scoreboard.sv(22) @ 2185: uvm_test_top.env.sb [SCB] PASS: Sel 0, exp= 21f56037, y=21f56037
# # KERNEL: UVM_INFO /home/runner/scoreboard.sv(22) @ 2195: uvm_test_top.env.sb [SCB] PASS: Sel 1, exp= cfea3200, y=cfea3200
# # KERNEL: UVM_INFO /home/runner/scoreboard.sv(22) @ 2205: uvm_test_top.env.sb [SCB] PASS: Sel 1, exp= cfea3200, y=cfea3200
# # KERNEL: UVM_INFO /home/runner/scoreboard.sv(22) @ 2215: uvm_test_top.env.sb [SCB] PASS: Sel 1, exp= fa7d194e, y=fa7d194e
# # KERNEL: UVM_INFO /home/runner/scoreboard.sv(22) @ 2225: uvm_test_top.env.sb [SCB] PASS: Sel 3, exp= ae276a3d, y=ae276a3d
# # KERNEL: UVM_INFO /home/runner/scoreboard.sv(22) @ 2235: uvm_test_top.env.sb [SCB] PASS: Sel 3, exp= ae276a3d, y=ae276a3d
# # KERNEL: UVM_INFO /home/runner/scoreboard.sv(22) @ 2245: uvm_test_top.env.sb [SCB] PASS: Sel 3, exp= 98777a88, y=98777a88
# # KERNEL: UVM_INFO /home/runner/scoreboard.sv(22) @ 2255: uvm_test_top.env.sb [SCB] PASS: Sel 2, exp= 2d0ce234, y=2d0ce234
# # KERNEL: UVM_INFO /home/runner/scoreboard.sv(22) @ 2265: uvm_test_top.env.sb [SCB] PASS: Sel 2, exp= 2d0ce234, y=2d0ce234
# # KERNEL: UVM_INFO /home/runner/scoreboard.sv(22) @ 2275: uvm_test_top.env.sb [SCB] PASS: Sel 0, exp= a0a940df, y=a0a940df
# # KERNEL: UVM_INFO /home/runner/scoreboard.sv(22) @ 2285: uvm_test_top.env.sb [SCB] PASS: Sel 0, exp= ce3dadb0, y=ce3dadb0
# # KERNEL: UVM_INFO /home/runner/scoreboard.sv(22) @ 2295: uvm_test_top.env.sb [SCB] PASS: Sel 0, exp= ce3dadb0, y=ce3dadb0
# # KERNEL: UVM_INFO /home/runner/scoreboard.sv(22) @ 2305: uvm_test_top.env.sb [SCB] PASS: Sel 2, exp= 8c8d56a9, y=8c8d56a9
# # KERNEL: UVM_INFO /home/runner/scoreboard.sv(22) @ 2315: uvm_test_top.env.sb [SCB] PASS: Sel 3, exp= ff4288f6, y=ff4288f6
# # KERNEL: UVM_INFO /home/runner/scoreboard.sv(22) @ 2325: uvm_test_top.env.sb [SCB] PASS: Sel 3, exp= ff4288f6, y=ff4288f6
# # KERNEL: UVM_INFO /home/runner/scoreboard.sv(22) @ 2335: uvm_test_top.env.sb [SCB] PASS: Sel 3, exp= 4efda78e, y=4efda78e
# # KERNEL: UVM_INFO /home/runner/scoreboard.sv(22) @ 2345: uvm_test_top.env.sb [SCB] PASS: Sel 1, exp= f27937d6, y=f27937d6
# # KERNEL: UVM_INFO /home/runner/scoreboard.sv(22) @ 2355: uvm_test_top.env.sb [SCB] PASS: Sel 1, exp= f27937d6, y=f27937d6
# # KERNEL: UVM_INFO /home/runner/scoreboard.sv(22) @ 2365: uvm_test_top.env.sb [SCB] PASS: Sel 1, exp= b1d9148, y=b1d9148
# # KERNEL: UVM_INFO /home/runner/scoreboard.sv(22) @ 2375: uvm_test_top.env.sb [SCB] PASS: Sel 0, exp= cc3b37fa, y=cc3b37fa
# # KERNEL: UVM_INFO /home/runner/scoreboard.sv(22) @ 2385: uvm_test_top.env.sb [SCB] PASS: Sel 0, exp= cc3b37fa, y=cc3b37fa
# # KERNEL: UVM_INFO /home/runner/scoreboard.sv(22) @ 2395: uvm_test_top.env.sb [SCB] PASS: Sel 2, exp= 344050d7, y=344050d7
# # KERNEL: UVM_INFO /home/runner/scoreboard.sv(22) @ 2405: uvm_test_top.env.sb [SCB] PASS: Sel 2, exp= d9ff3669, y=d9ff3669
# # KERNEL: UVM_INFO /home/runner/scoreboard.sv(22) @ 2415: uvm_test_top.env.sb [SCB] PASS: Sel 2, exp= d9ff3669, y=d9ff3669
# # KERNEL: UVM_INFO /home/runner/scoreboard.sv(22) @ 2425: uvm_test_top.env.sb [SCB] PASS: Sel 0, exp= 29e3efa0, y=29e3efa0
# # KERNEL: UVM_INFO /home/runner/scoreboard.sv(22) @ 2435: uvm_test_top.env.sb [SCB] PASS: Sel 1, exp= 2204e422, y=2204e422
# # KERNEL: UVM_INFO /home/runner/scoreboard.sv(22) @ 2445: uvm_test_top.env.sb [SCB] PASS: Sel 1, exp= 2204e422, y=2204e422
# # KERNEL: UVM_INFO /home/runner/scoreboard.sv(22) @ 2455: uvm_test_top.env.sb [SCB] PASS: Sel 1, exp= 6bae1f38, y=6bae1f38
# # KERNEL: UVM_INFO /home/runner/scoreboard.sv(22) @ 2465: uvm_test_top.env.sb [SCB] PASS: Sel 3, exp= e22b26cd, y=e22b26cd
# # KERNEL: UVM_INFO /home/runner/scoreboard.sv(22) @ 2475: uvm_test_top.env.sb [SCB] PASS: Sel 3, exp= e22b26cd, y=e22b26cd
# # KERNEL: UVM_INFO /home/runner/scoreboard.sv(22) @ 2485: uvm_test_top.env.sb [SCB] PASS: Sel 3, exp= b62d1f24, y=b62d1f24
# # KERNEL: UVM_INFO /home/runner/scoreboard.sv(22) @ 2495: uvm_test_top.env.sb [SCB] PASS: Sel 2, exp= afe72eea, y=afe72eea
# # KERNEL: UVM_INFO /home/runner/scoreboard.sv(22) @ 2505: uvm_test_top.env.sb [SCB] PASS: Sel 2, exp= afe72eea, y=afe72eea
# # KERNEL: UVM_INFO /home/runner/scoreboard.sv(22) @ 2515: uvm_test_top.env.sb [SCB] PASS: Sel 0, exp= 75ac7495, y=75ac7495
# # KERNEL: UVM_INFO /home/runner/scoreboard.sv(22) @ 2525: uvm_test_top.env.sb [SCB] PASS: Sel 0, exp= 9134edc5, y=9134edc5
# # KERNEL: UVM_INFO /home/runner/scoreboard.sv(22) @ 2535: uvm_test_top.env.sb [SCB] PASS: Sel 0, exp= 9134edc5, y=9134edc5
# # KERNEL: UVM_INFO /home/runner/scoreboard.sv(22) @ 2545: uvm_test_top.env.sb [SCB] PASS: Sel 2, exp= 50270368, y=50270368
# # KERNEL: UVM_INFO /home/runner/scoreboard.sv(22) @ 2555: uvm_test_top.env.sb [SCB] PASS: Sel 3, exp= b48d9245, y=b48d9245
# # KERNEL: UVM_INFO /home/runner/scoreboard.sv(22) @ 2565: uvm_test_top.env.sb [SCB] PASS: Sel 3, exp= b48d9245, y=b48d9245
# # KERNEL: UVM_INFO /home/runner/scoreboard.sv(22) @ 2575: uvm_test_top.env.sb [SCB] PASS: Sel 3, exp= e9d492fe, y=e9d492fe
# # KERNEL: UVM_INFO /home/runner/scoreboard.sv(22) @ 2585: uvm_test_top.env.sb [SCB] PASS: Sel 1, exp= 5624e38, y=5624e38
# # KERNEL: UVM_INFO /home/runner/scoreboard.sv(22) @ 2595: uvm_test_top.env.sb [SCB] PASS: Sel 1, exp= 5624e38, y=5624e38
# # KERNEL: UVM_INFO /home/runner/scoreboard.sv(22) @ 2605: uvm_test_top.env.sb [SCB] PASS: Sel 1, exp= 9c58cf06, y=9c58cf06
# # KERNEL: UVM_INFO /home/runner/scoreboard.sv(22) @ 2615: uvm_test_top.env.sb [SCB] PASS: Sel 0, exp= 4c690413, y=4c690413
# # KERNEL: UVM_INFO /home/runner/scoreboard.sv(22) @ 2625: uvm_test_top.env.sb [SCB] PASS: Sel 0, exp= 4c690413, y=4c690413
# # KERNEL: UVM_INFO /home/runner/scoreboard.sv(22) @ 2635: uvm_test_top.env.sb [SCB] PASS: Sel 2, exp= 2e3e75b1, y=2e3e75b1
# # KERNEL: UVM_INFO /home/runner/scoreboard.sv(22) @ 2645: uvm_test_top.env.sb [SCB] PASS: Sel 2, exp= 8ff28623, y=8ff28623
# # KERNEL: UVM_INFO /home/runner/scoreboard.sv(22) @ 2655: uvm_test_top.env.sb [SCB] PASS: Sel 2, exp= 8ff28623, y=8ff28623
# # KERNEL: UVM_INFO /home/runner/scoreboard.sv(22) @ 2665: uvm_test_top.env.sb [SCB] PASS: Sel 0, exp= c0cbd554, y=c0cbd554
# # KERNEL: UVM_INFO /home/runner/scoreboard.sv(22) @ 2675: uvm_test_top.env.sb [SCB] PASS: Sel 1, exp= e2f01fe5, y=e2f01fe5
# # KERNEL: UVM_INFO /home/runner/scoreboard.sv(22) @ 2685: uvm_test_top.env.sb [SCB] PASS: Sel 1, exp= e2f01fe5, y=e2f01fe5
# # KERNEL: UVM_INFO /home/runner/scoreboard.sv(22) @ 2695: uvm_test_top.env.sb [SCB] PASS: Sel 1, exp= c263446e, y=c263446e
# # KERNEL: UVM_INFO /home/runner/scoreboard.sv(22) @ 2705: uvm_test_top.env.sb [SCB] PASS: Sel 3, exp= 74cbc884, y=74cbc884
# # KERNEL: UVM_INFO /home/runner/scoreboard.sv(22) @ 2715: uvm_test_top.env.sb [SCB] PASS: Sel 3, exp= 74cbc884, y=74cbc884
# # KERNEL: UVM_INFO /home/runner/scoreboard.sv(22) @ 2725: uvm_test_top.env.sb [SCB] PASS: Sel 3, exp= 871f7504, y=871f7504
# # KERNEL: UVM_INFO /home/runner/scoreboard.sv(22) @ 2735: uvm_test_top.env.sb [SCB] PASS: Sel 2, exp= 14862eb9, y=14862eb9
# # KERNEL: UVM_INFO /home/runner/scoreboard.sv(22) @ 2745: uvm_test_top.env.sb [SCB] PASS: Sel 2, exp= 14862eb9, y=14862eb9
# # KERNEL: UVM_INFO /home/runner/scoreboard.sv(22) @ 2755: uvm_test_top.env.sb [SCB] PASS: Sel 0, exp= e9e36a65, y=e9e36a65
# # KERNEL: UVM_INFO /home/runner/scoreboard.sv(22) @ 2765: uvm_test_top.env.sb [SCB] PASS: Sel 0, exp= 7c3a12da, y=7c3a12da
# # KERNEL: UVM_INFO /home/runner/scoreboard.sv(22) @ 2775: uvm_test_top.env.sb [SCB] PASS: Sel 0, exp= 7c3a12da, y=7c3a12da
# # KERNEL: UVM_INFO /home/runner/scoreboard.sv(22) @ 2785: uvm_test_top.env.sb [SCB] PASS: Sel 2, exp= ae75c373, y=ae75c373
# # KERNEL: UVM_INFO /home/runner/scoreboard.sv(22) @ 2795: uvm_test_top.env.sb [SCB] PASS: Sel 3, exp= c2982b90, y=c2982b90
# # KERNEL: UVM_INFO /home/runner/scoreboard.sv(22) @ 2805: uvm_test_top.env.sb [SCB] PASS: Sel 3, exp= c2982b90, y=c2982b90
# # KERNEL: UVM_INFO /home/runner/scoreboard.sv(22) @ 2815: uvm_test_top.env.sb [SCB] PASS: Sel 3, exp= dd69a06e, y=dd69a06e
# # KERNEL: UVM_INFO /home/runner/scoreboard.sv(22) @ 2825: uvm_test_top.env.sb [SCB] PASS: Sel 1, exp= 85a2f978, y=85a2f978
# # KERNEL: UVM_INFO /home/runner/scoreboard.sv(22) @ 2835: uvm_test_top.env.sb [SCB] PASS: Sel 1, exp= 85a2f978, y=85a2f978
# # KERNEL: UVM_INFO /home/runner/scoreboard.sv(22) @ 2845: uvm_test_top.env.sb [SCB] PASS: Sel 1, exp= 3173f82e, y=3173f82e
# # KERNEL: UVM_INFO /home/runner/scoreboard.sv(22) @ 2855: uvm_test_top.env.sb [SCB] PASS: Sel 0, exp= 3e05d159, y=3e05d159
# # KERNEL: UVM_INFO /home/runner/scoreboard.sv(22) @ 2865: uvm_test_top.env.sb [SCB] PASS: Sel 0, exp= 3e05d159, y=3e05d159
# # KERNEL: UVM_INFO /home/runner/scoreboard.sv(22) @ 2875: uvm_test_top.env.sb [SCB] PASS: Sel 2, exp= 71b96e96, y=71b96e96
# # KERNEL: UVM_INFO /home/runner/scoreboard.sv(22) @ 2885: uvm_test_top.env.sb [SCB] PASS: Sel 2, exp= ead1ada1, y=ead1ada1
# # KERNEL: UVM_INFO /home/runner/scoreboard.sv(22) @ 2895: uvm_test_top.env.sb [SCB] PASS: Sel 2, exp= ead1ada1, y=ead1ada1
# # KERNEL: UVM_INFO /home/runner/scoreboard.sv(22) @ 2905: uvm_test_top.env.sb [SCB] PASS: Sel 0, exp= 3ba1f934, y=3ba1f934
# # KERNEL: UVM_INFO /home/runner/scoreboard.sv(22) @ 2915: uvm_test_top.env.sb [SCB] PASS: Sel 1, exp= f659635f, y=f659635f
# # KERNEL: UVM_INFO /home/runner/scoreboard.sv(22) @ 2925: uvm_test_top.env.sb [SCB] PASS: Sel 1, exp= f659635f, y=f659635f
# # KERNEL: UVM_INFO /home/runner/scoreboard.sv(22) @ 2935: uvm_test_top.env.sb [SCB] PASS: Sel 1, exp= bc74aa76, y=bc74aa76
# # KERNEL: UVM_INFO /home/runner/scoreboard.sv(22) @ 2945: uvm_test_top.env.sb [SCB] PASS: Sel 3, exp= 4a0cb5f, y=4a0cb5f
# # KERNEL: UVM_INFO /home/runner/scoreboard.sv(22) @ 2955: uvm_test_top.env.sb [SCB] PASS: Sel 3, exp= 4a0cb5f, y=4a0cb5f
# # KERNEL: UVM_INFO /home/runner/scoreboard.sv(22) @ 2965: uvm_test_top.env.sb [SCB] PASS: Sel 3, exp= 3f12bee4, y=3f12bee4
# # KERNEL: UVM_INFO /home/runner/scoreboard.sv(22) @ 2975: uvm_test_top.env.sb [SCB] PASS: Sel 1, exp= 9f1a738e, y=9f1a738e
# # KERNEL: UVM_INFO /home/runner/scoreboard.sv(22) @ 2985: uvm_test_top.env.sb [SCB] PASS: Sel 1, exp= 9f1a738e, y=9f1a738e
# # KERNEL: UVM_INFO /home/runner/scoreboard.sv(22) @ 2995: uvm_test_top.env.sb [SCB] PASS: Sel 2, exp= 437cac83, y=437cac83
# # KERNEL: UVM_INFO /home/runner/scoreboard.sv(22) @ 3005: uvm_test_top.env.sb [SCB] PASS: Sel 2, exp= 89beb523, y=89beb523
# # KERNEL: UVM_INFO /home/runner/scoreboard.sv(22) @ 3015: uvm_test_top.env.sb [SCB] PASS: Sel 2, exp= 89beb523, y=89beb523
# # KERNEL: UVM_INFO /home/runner/scoreboard.sv(22) @ 3025: uvm_test_top.env.sb [SCB] PASS: Sel 1, exp= 24c9e4a0, y=24c9e4a0
# # KERNEL: UVM_INFO /home/runner/scoreboard.sv(22) @ 3035: uvm_test_top.env.sb [SCB] PASS: Sel 2, exp= b40b526d, y=b40b526d
# # KERNEL: UVM_INFO /home/runner/scoreboard.sv(22) @ 3045: uvm_test_top.env.sb [SCB] PASS: Sel 2, exp= b40b526d, y=b40b526d
# # KERNEL: UVM_INFO /home/runner/scoreboard.sv(22) @ 3055: uvm_test_top.env.sb [SCB] PASS: Sel 1, exp= 7a5a288b, y=7a5a288b
# # KERNEL: UVM_INFO /home/runner/scoreboard.sv(22) @ 3065: uvm_test_top.env.sb [SCB] PASS: Sel 3, exp= f8c0efdc, y=f8c0efdc
# # KERNEL: UVM_INFO /home/runner/scoreboard.sv(22) @ 3075: uvm_test_top.env.sb [SCB] PASS: Sel 3, exp= f8c0efdc, y=f8c0efdc
# # KERNEL: UVM_INFO /home/runner/scoreboard.sv(22) @ 3085: uvm_test_top.env.sb [SCB] PASS: Sel 0, exp= 96a3b170, y=96a3b170
# # KERNEL: UVM_INFO /home/runner/scoreboard.sv(22) @ 3095: uvm_test_top.env.sb [SCB] PASS: Sel 3, exp= c9f7793, y=c9f7793
# # KERNEL: UVM_INFO /home/runner/scoreboard.sv(22) @ 3105: uvm_test_top.env.sb [SCB] PASS: Sel 3, exp= c9f7793, y=c9f7793
# # KERNEL: UVM_INFO /home/runner/scoreboard.sv(22) @ 3115: uvm_test_top.env.sb [SCB] PASS: Sel 0, exp= bab193ec, y=bab193ec
# # KERNEL: UVM_INFO /home/runner/scoreboard.sv(22) @ 3125: uvm_test_top.env.sb [SCB] PASS: Sel 0, exp= f3b8e72b, y=f3b8e72b
# # KERNEL: UVM_INFO /home/runner/scoreboard.sv(22) @ 3135: uvm_test_top.env.sb [SCB] PASS: Sel 0, exp= f3b8e72b, y=f3b8e72b
# # KERNEL: UVM_INFO /home/runner/scoreboard.sv(22) @ 3145: uvm_test_top.env.sb [SCB] PASS: Sel 3, exp= 8fb1ca54, y=8fb1ca54
# # KERNEL: UVM_INFO /home/runner/scoreboard.sv(22) @ 3155: uvm_test_top.env.sb [SCB] PASS: Sel 0, exp= dded3891, y=dded3891
# # KERNEL: UVM_INFO /home/runner/scoreboard.sv(22) @ 3165: uvm_test_top.env.sb [SCB] PASS: Sel 0, exp= dded3891, y=dded3891
# # KERNEL: UVM_INFO /home/runner/scoreboard.sv(22) @ 3175: uvm_test_top.env.sb [SCB] PASS: Sel 3, exp= 58e2a2ad, y=58e2a2ad
# # KERNEL: UVM_INFO /home/runner/scoreboard.sv(22) @ 3185: uvm_test_top.env.sb [SCB] PASS: Sel 1, exp= 9823c1cb, y=9823c1cb
# # KERNEL: UVM_INFO /home/runner/scoreboard.sv(22) @ 3195: uvm_test_top.env.sb [SCB] PASS: Sel 1, exp= 9823c1cb, y=9823c1cb
# # KERNEL: UVM_INFO /home/runner/scoreboard.sv(22) @ 3205: uvm_test_top.env.sb [SCB] PASS: Sel 2, exp= 17c5d5dd, y=17c5d5dd
# # KERNEL: UVM_INFO /home/runner/scoreboard.sv(22) @ 3215: uvm_test_top.env.sb [SCB] PASS: Sel 1, exp= 6445584c, y=6445584c
# # KERNEL: UVM_INFO /home/runner/scoreboard.sv(22) @ 3225: uvm_test_top.env.sb [SCB] PASS: Sel 1, exp= 6445584c, y=6445584c
# # KERNEL: UVM_INFO /home/runner/scoreboard.sv(22) @ 3235: uvm_test_top.env.sb [SCB] PASS: Sel 2, exp= d6bcddc8, y=d6bcddc8
# # KERNEL: UVM_INFO /home/runner/scoreboard.sv(22) @ 3245: uvm_test_top.env.sb [SCB] PASS: Sel 2, exp= b147b2fe, y=b147b2fe
# # KERNEL: UVM_INFO /home/runner/scoreboard.sv(22) @ 3255: uvm_test_top.env.sb [SCB] PASS: Sel 2, exp= b147b2fe, y=b147b2fe
# # KERNEL: UVM_INFO /home/runner/scoreboard.sv(22) @ 3265: uvm_test_top.env.sb [SCB] PASS: Sel 1, exp= f6e7ce80, y=f6e7ce80
# # KERNEL: UVM_INFO /home/runner/scoreboard.sv(22) @ 3275: uvm_test_top.env.sb [SCB] PASS: Sel 2, exp= 4cad9bd3, y=4cad9bd3
# # KERNEL: UVM_INFO /home/runner/scoreboard.sv(22) @ 3285: uvm_test_top.env.sb [SCB] PASS: Sel 2, exp= 4cad9bd3, y=4cad9bd3
# # KERNEL: UVM_INFO /home/runner/scoreboard.sv(22) @ 3295: uvm_test_top.env.sb [SCB] PASS: Sel 1, exp= e343175f, y=e343175f
# # KERNEL: UVM_INFO /home/runner/scoreboard.sv(22) @ 3305: uvm_test_top.env.sb [SCB] PASS: Sel 3, exp= ccc5987b, y=ccc5987b
# # KERNEL: UVM_INFO /home/runner/scoreboard.sv(22) @ 3315: uvm_test_top.env.sb [SCB] PASS: Sel 3, exp= ccc5987b, y=ccc5987b
# # KERNEL: UVM_INFO /home/runner/scoreboard.sv(22) @ 3325: uvm_test_top.env.sb [SCB] PASS: Sel 0, exp= 312d2eff, y=312d2eff
# # KERNEL: UVM_INFO /home/runner/scoreboard.sv(22) @ 3335: uvm_test_top.env.sb [SCB] PASS: Sel 3, exp= bb087d67, y=bb087d67
# # KERNEL: UVM_INFO /home/runner/scoreboard.sv(22) @ 3345: uvm_test_top.env.sb [SCB] PASS: Sel 3, exp= bb087d67, y=bb087d67
# # KERNEL: UVM_INFO /home/runner/scoreboard.sv(22) @ 3355: uvm_test_top.env.sb [SCB] PASS: Sel 0, exp= 58376ca5, y=58376ca5
# # KERNEL: UVM_INFO /home/runner/scoreboard.sv(22) @ 3365: uvm_test_top.env.sb [SCB] PASS: Sel 0, exp= 177e863d, y=177e863d
# # KERNEL: UVM_INFO /home/runner/scoreboard.sv(22) @ 3375: uvm_test_top.env.sb [SCB] PASS: Sel 0, exp= 177e863d, y=177e863d
# # KERNEL: UVM_INFO /home/runner/scoreboard.sv(22) @ 3385: uvm_test_top.env.sb [SCB] PASS: Sel 3, exp= f912e550, y=f912e550
# # KERNEL: UVM_INFO /home/runner/scoreboard.sv(22) @ 3395: uvm_test_top.env.sb [SCB] PASS: Sel 0, exp= 6c32c754, y=6c32c754
# # KERNEL: UVM_INFO /home/runner/scoreboard.sv(22) @ 3405: uvm_test_top.env.sb [SCB] PASS: Sel 0, exp= 6c32c754, y=6c32c754
# # KERNEL: UVM_INFO /home/runner/scoreboard.sv(22) @ 3415: uvm_test_top.env.sb [SCB] PASS: Sel 3, exp= aa53051e, y=aa53051e
# # KERNEL: UVM_INFO /home/runner/scoreboard.sv(22) @ 3425: uvm_test_top.env.sb [SCB] PASS: Sel 1, exp= e9fc2776, y=e9fc2776
# # KERNEL: UVM_INFO /home/runner/scoreboard.sv(22) @ 3435: uvm_test_top.env.sb [SCB] PASS: Sel 1, exp= e9fc2776, y=e9fc2776
# # KERNEL: UVM_INFO /home/runner/scoreboard.sv(22) @ 3445: uvm_test_top.env.sb [SCB] PASS: Sel 2, exp= feac663e, y=feac663e
# # KERNEL: UVM_INFO /home/runner/scoreboard.sv(22) @ 3455: uvm_test_top.env.sb [SCB] PASS: Sel 1, exp= 605ff5b0, y=605ff5b0
# # KERNEL: UVM_INFO /home/runner/scoreboard.sv(22) @ 3465: uvm_test_top.env.sb [SCB] PASS: Sel 1, exp= 605ff5b0, y=605ff5b0
# # KERNEL: UVM_INFO /home/runner/scoreboard.sv(22) @ 3475: uvm_test_top.env.sb [SCB] PASS: Sel 2, exp= d01a4c0c, y=d01a4c0c
# # KERNEL: UVM_INFO /home/runner/scoreboard.sv(22) @ 3485: uvm_test_top.env.sb [SCB] PASS: Sel 2, exp= 9cdfef4d, y=9cdfef4d
# # KERNEL: UVM_INFO /home/runner/scoreboard.sv(22) @ 3495: uvm_test_top.env.sb [SCB] PASS: Sel 2, exp= 9cdfef4d, y=9cdfef4d
# # KERNEL: UVM_INFO /home/runner/scoreboard.sv(22) @ 3505: uvm_test_top.env.sb [SCB] PASS: Sel 1, exp= 3aa2c19d, y=3aa2c19d
# # KERNEL: UVM_INFO /home/runner/scoreboard.sv(22) @ 3515: uvm_test_top.env.sb [SCB] PASS: Sel 2, exp= fafc9ca0, y=fafc9ca0
# # KERNEL: UVM_INFO /home/runner/scoreboard.sv(22) @ 3525: uvm_test_top.env.sb [SCB] PASS: Sel 2, exp= fafc9ca0, y=fafc9ca0
# # KERNEL: UVM_INFO /home/runner/scoreboard.sv(22) @ 3535: uvm_test_top.env.sb [SCB] PASS: Sel 1, exp= 6811630f, y=6811630f
# # KERNEL: UVM_INFO /home/runner/scoreboard.sv(22) @ 3545: uvm_test_top.env.sb [SCB] PASS: Sel 3, exp= f966a37, y=f966a37
# # KERNEL: UVM_INFO /home/runner/scoreboard.sv(22) @ 3555: uvm_test_top.env.sb [SCB] PASS: Sel 3, exp= f966a37, y=f966a37
# # KERNEL: UVM_INFO /home/runner/scoreboard.sv(22) @ 3565: uvm_test_top.env.sb [SCB] PASS: Sel 0, exp= c3e020ec, y=c3e020ec
# # KERNEL: UVM_INFO /home/runner/scoreboard.sv(22) @ 3575: uvm_test_top.env.sb [SCB] PASS: Sel 3, exp= ecca9385, y=ecca9385
# # KERNEL: UVM_INFO /home/runner/scoreboard.sv(22) @ 3585: uvm_test_top.env.sb [SCB] PASS: Sel 3, exp= ecca9385, y=ecca9385
# # KERNEL: UVM_INFO /home/runner/scoreboard.sv(22) @ 3595: uvm_test_top.env.sb [SCB] PASS: Sel 0, exp= 573cb356, y=573cb356
# # KERNEL: UVM_INFO /home/runner/scoreboard.sv(22) @ 3605: uvm_test_top.env.sb [SCB] PASS: Sel 0, exp= 236bced8, y=236bced8
# # KERNEL: UVM_INFO /home/runner/scoreboard.sv(22) @ 3615: uvm_test_top.env.sb [SCB] PASS: Sel 0, exp= 236bced8, y=236bced8
# # KERNEL: UVM_INFO /home/runner/scoreboard.sv(22) @ 3625: uvm_test_top.env.sb [SCB] PASS: Sel 3, exp= c6615325, y=c6615325
# # KERNEL: UVM_INFO /home/runner/scoreboard.sv(22) @ 3635: uvm_test_top.env.sb [SCB] PASS: Sel 0, exp= 60605b56, y=60605b56
# # KERNEL: UVM_INFO /home/runner/scoreboard.sv(22) @ 3645: uvm_test_top.env.sb [SCB] PASS: Sel 0, exp= 60605b56, y=60605b56
# # KERNEL: UVM_INFO /home/runner/scoreboard.sv(22) @ 3655: uvm_test_top.env.sb [SCB] PASS: Sel 3, exp= 5481898d, y=5481898d
# # KERNEL: UVM_INFO /home/runner/scoreboard.sv(22) @ 3665: uvm_test_top.env.sb [SCB] PASS: Sel 1, exp= f986d006, y=f986d006
# # KERNEL: UVM_INFO /home/runner/scoreboard.sv(22) @ 3675: uvm_test_top.env.sb [SCB] PASS: Sel 1, exp= f986d006, y=f986d006
# # KERNEL: UVM_INFO /home/runner/scoreboard.sv(22) @ 3685: uvm_test_top.env.sb [SCB] PASS: Sel 2, exp= 67722cda, y=67722cda
# # KERNEL: UVM_INFO /home/runner/scoreboard.sv(22) @ 3695: uvm_test_top.env.sb [SCB] PASS: Sel 1, exp= 5eeecc02, y=5eeecc02
# # KERNEL: UVM_INFO /home/runner/scoreboard.sv(22) @ 3705: uvm_test_top.env.sb [SCB] PASS: Sel 1, exp= 5eeecc02, y=5eeecc02
# # KERNEL: UVM_INFO /home/runner/scoreboard.sv(22) @ 3715: uvm_test_top.env.sb [SCB] PASS: Sel 2, exp= cffb47d2, y=cffb47d2
# # KERNEL: UVM_INFO /home/runner/scoreboard.sv(22) @ 3725: uvm_test_top.env.sb [SCB] PASS: Sel 2, exp= acee359d, y=acee359d
# # KERNEL: UVM_INFO /home/runner/scoreboard.sv(22) @ 3735: uvm_test_top.env.sb [SCB] PASS: Sel 2, exp= acee359d, y=acee359d
# # KERNEL: UVM_INFO /home/runner/scoreboard.sv(22) @ 3745: uvm_test_top.env.sb [SCB] PASS: Sel 1, exp= 6daf88cd, y=6daf88cd
# # KERNEL: UVM_INFO /home/runner/scoreboard.sv(22) @ 3755: uvm_test_top.env.sb [SCB] PASS: Sel 2, exp= e2895b5c, y=e2895b5c
# # KERNEL: UVM_INFO /home/runner/scoreboard.sv(22) @ 3765: uvm_test_top.env.sb [SCB] PASS: Sel 2, exp= e2895b5c, y=e2895b5c
# # KERNEL: UVM_INFO /home/runner/scoreboard.sv(22) @ 3775: uvm_test_top.env.sb [SCB] PASS: Sel 1, exp= 8500a509, y=8500a509
# # KERNEL: UVM_INFO /home/runner/scoreboard.sv(22) @ 3785: uvm_test_top.env.sb [SCB] PASS: Sel 3, exp= 6a3b41fd, y=6a3b41fd
# # KERNEL: UVM_INFO /home/runner/scoreboard.sv(22) @ 3795: uvm_test_top.env.sb [SCB] PASS: Sel 3, exp= 6a3b41fd, y=6a3b41fd
# # KERNEL: UVM_INFO /home/runner/scoreboard.sv(22) @ 3805: uvm_test_top.env.sb [SCB] PASS: Sel 0, exp= 4e16fc93, y=4e16fc93
# # KERNEL: UVM_INFO /home/runner/scoreboard.sv(22) @ 3815: uvm_test_top.env.sb [SCB] PASS: Sel 3, exp= f3fbcf56, y=f3fbcf56
# # KERNEL: UVM_INFO /home/runner/scoreboard.sv(22) @ 3825: uvm_test_top.env.sb [SCB] PASS: Sel 3, exp= f3fbcf56, y=f3fbcf56
# # KERNEL: UVM_INFO /home/runner/scoreboard.sv(22) @ 3835: uvm_test_top.env.sb [SCB] PASS: Sel 0, exp= 73c6e76f, y=73c6e76f
# # KERNEL: UVM_INFO /home/runner/scoreboard.sv(22) @ 3845: uvm_test_top.env.sb [SCB] PASS: Sel 0, exp= 9c60f6c5, y=9c60f6c5
# # KERNEL: UVM_INFO /home/runner/scoreboard.sv(22) @ 3855: uvm_test_top.env.sb [SCB] PASS: Sel 0, exp= 9c60f6c5, y=9c60f6c5
# # KERNEL: UVM_INFO /home/runner/scoreboard.sv(22) @ 3865: uvm_test_top.env.sb [SCB] PASS: Sel 3, exp= 7e363556, y=7e363556
# # KERNEL: UVM_INFO /home/runner/scoreboard.sv(22) @ 3875: uvm_test_top.env.sb [SCB] PASS: Sel 0, exp= ef94bbe4, y=ef94bbe4
# # KERNEL: UVM_INFO /home/runner/scoreboard.sv(22) @ 3885: uvm_test_top.env.sb [SCB] PASS: Sel 0, exp= ef94bbe4, y=ef94bbe4
# # KERNEL: UVM_INFO /home/runner/scoreboard.sv(22) @ 3895: uvm_test_top.env.sb [SCB] PASS: Sel 3, exp= 7ad871bb, y=7ad871bb
# # KERNEL: UVM_INFO /home/runner/scoreboard.sv(22) @ 3905: uvm_test_top.env.sb [SCB] PASS: Sel 1, exp= eac76a58, y=eac76a58
# # KERNEL: UVM_INFO /home/runner/scoreboard.sv(22) @ 3915: uvm_test_top.env.sb [SCB] PASS: Sel 1, exp= eac76a58, y=eac76a58
# # KERNEL: UVM_INFO /home/runner/scoreboard.sv(22) @ 3925: uvm_test_top.env.sb [SCB] PASS: Sel 2, exp= a592b91d, y=a592b91d
# # KERNEL: UVM_INFO /home/runner/scoreboard.sv(22) @ 3935: uvm_test_top.env.sb [SCB] PASS: Sel 1, exp= 4fecfe55, y=4fecfe55
# # KERNEL: UVM_INFO /home/runner/scoreboard.sv(22) @ 3945: uvm_test_top.env.sb [SCB] PASS: Sel 1, exp= 4fecfe55, y=4fecfe55
# # KERNEL: UVM_INFO /home/runner/scoreboard.sv(22) @ 3955: uvm_test_top.env.sb [SCB] PASS: Sel 2, exp= d6567702, y=d6567702
# # KERNEL: UVM_INFO /home/runner/scoreboard.sv(22) @ 3965: uvm_test_top.env.sb [SCB] PASS: Sel 2, exp= 5d7b73f5, y=5d7b73f5
# # KERNEL: UVM_INFO /home/runner/scoreboard.sv(22) @ 3975: uvm_test_top.env.sb [SCB] PASS: Sel 2, exp= 5d7b73f5, y=5d7b73f5
# # KERNEL: UVM_INFO /home/runner/scoreboard.sv(22) @ 3985: uvm_test_top.env.sb [SCB] PASS: Sel 1, exp= f230bc14, y=f230bc14
# # KERNEL: UVM_INFO /home/runner/scoreboard.sv(22) @ 3995: uvm_test_top.env.sb [SCB] PASS: Sel 2, exp= 938d96da, y=938d96da
# # KERNEL: UVM_INFO /home/runner/scoreboard.sv(22) @ 4005: uvm_test_top.env.sb [SCB] PASS: Sel 2, exp= 938d96da, y=938d96da
# # KERNEL: UVM_INFO /home/runner/scoreboard.sv(22) @ 4015: uvm_test_top.env.sb [SCB] PASS: Sel 1, exp= ad312c30, y=ad312c30
# # KERNEL: UVM_INFO /home/runner/scoreboard.sv(22) @ 4025: uvm_test_top.env.sb [SCB] PASS: Sel 3, exp= e8ba9000, y=e8ba9000
# # KERNEL: UVM_INFO /home/runner/scoreboard.sv(22) @ 4035: uvm_test_top.env.sb [SCB] PASS: Sel 3, exp= e8ba9000, y=e8ba9000
# # KERNEL: UVM_INFO /home/runner/scoreboard.sv(22) @ 4045: uvm_test_top.env.sb [SCB] PASS: Sel 0, exp= 7152afa0, y=7152afa0
# # KERNEL: UVM_INFO /home/runner/scoreboard.sv(22) @ 4055: uvm_test_top.env.sb [SCB] PASS: Sel 3, exp= ba384c14, y=ba384c14
# # KERNEL: UVM_INFO /home/runner/scoreboard.sv(22) @ 4065: uvm_test_top.env.sb [SCB] PASS: Sel 3, exp= ba384c14, y=ba384c14
# # KERNEL: UVM_INFO /home/runner/scoreboard.sv(22) @ 4075: uvm_test_top.env.sb [SCB] PASS: Sel 0, exp= f3cde3f7, y=f3cde3f7
# # KERNEL: UVM_INFO /home/runner/scoreboard.sv(22) @ 4085: uvm_test_top.env.sb [SCB] PASS: Sel 0, exp= fa533d56, y=fa533d56
# # KERNEL: UVM_INFO /home/runner/scoreboard.sv(22) @ 4095: uvm_test_top.env.sb [SCB] PASS: Sel 0, exp= fa533d56, y=fa533d56
# # KERNEL: UVM_INFO /home/runner/scoreboard.sv(22) @ 4105: uvm_test_top.env.sb [SCB] PASS: Sel 3, exp= 8ec93986, y=8ec93986
# # KERNEL: UVM_INFO /home/runner/scoreboard.sv(22) @ 4115: uvm_test_top.env.sb [SCB] PASS: Sel 0, exp= 7192081b, y=7192081b
# # KERNEL: UVM_INFO /home/runner/scoreboard.sv(22) @ 4125: uvm_test_top.env.sb [SCB] PASS: Sel 0, exp= 7192081b, y=7192081b
# # KERNEL: UVM_INFO /home/runner/scoreboard.sv(22) @ 4135: uvm_test_top.env.sb [SCB] PASS: Sel 3, exp= 71e0c238, y=71e0c238
# # KERNEL: UVM_INFO /home/runner/scoreboard.sv(22) @ 4145: uvm_test_top.env.sb [SCB] PASS: Sel 1, exp= ac7323da, y=ac7323da
# # KERNEL: UVM_INFO /home/runner/scoreboard.sv(22) @ 4155: uvm_test_top.env.sb [SCB] PASS: Sel 1, exp= ac7323da, y=ac7323da
# # KERNEL: UVM_INFO /home/runner/scoreboard.sv(22) @ 4165: uvm_test_top.env.sb [SCB] PASS: Sel 2, exp= efb6f18e, y=efb6f18e
# # KERNEL: UVM_INFO /home/runner/scoreboard.sv(22) @ 4175: uvm_test_top.env.sb [SCB] PASS: Sel 1, exp= 679f1866, y=679f1866
# # KERNEL: UVM_INFO /home/runner/scoreboard.sv(22) @ 4185: uvm_test_top.env.sb [SCB] PASS: Sel 1, exp= 679f1866, y=679f1866
# # KERNEL: UVM_INFO /home/runner/scoreboard.sv(22) @ 4195: uvm_test_top.env.sb [SCB] PASS: Sel 2, exp= b2aebf57, y=b2aebf57
# # KERNEL: UVM_INFO /home/runner/scoreboard.sv(22) @ 4205: uvm_test_top.env.sb [SCB] PASS: Sel 2, exp= 8f096510, y=8f096510
# # KERNEL: UVM_INFO /home/runner/scoreboard.sv(22) @ 4215: uvm_test_top.env.sb [SCB] PASS: Sel 2, exp= 8f096510, y=8f096510
# # KERNEL: UVM_INFO /home/runner/scoreboard.sv(22) @ 4225: uvm_test_top.env.sb [SCB] PASS: Sel 1, exp= aa6a5ac0, y=aa6a5ac0
# # KERNEL: UVM_INFO /home/runner/scoreboard.sv(22) @ 4235: uvm_test_top.env.sb [SCB] PASS: Sel 2, exp= 3a2cdf9c, y=3a2cdf9c
# # KERNEL: UVM_INFO /home/runner/scoreboard.sv(22) @ 4245: uvm_test_top.env.sb [SCB] PASS: Sel 2, exp= 3a2cdf9c, y=3a2cdf9c
# # KERNEL: UVM_INFO /home/runner/scoreboard.sv(22) @ 4255: uvm_test_top.env.sb [SCB] PASS: Sel 1, exp= a88900d8, y=a88900d8
# # KERNEL: UVM_INFO /home/runner/scoreboard.sv(22) @ 4265: uvm_test_top.env.sb [SCB] PASS: Sel 3, exp= eca8971d, y=eca8971d
# # KERNEL: UVM_INFO /home/runner/scoreboard.sv(22) @ 4275: uvm_test_top.env.sb [SCB] PASS: Sel 3, exp= eca8971d, y=eca8971d
# # KERNEL: UVM_INFO /home/runner/scoreboard.sv(22) @ 4285: uvm_test_top.env.sb [SCB] PASS: Sel 0, exp= cdeb3852, y=cdeb3852
# # KERNEL: UVM_INFO /home/runner/scoreboard.sv(22) @ 4295: uvm_test_top.env.sb [SCB] PASS: Sel 3, exp= 8c98acf6, y=8c98acf6
# # KERNEL: UVM_INFO /home/runner/scoreboard.sv(22) @ 4305: uvm_test_top.env.sb [SCB] PASS: Sel 3, exp= 8c98acf6, y=8c98acf6
# # KERNEL: UVM_INFO /home/runner/scoreboard.sv(22) @ 4315: uvm_test_top.env.sb [SCB] PASS: Sel 0, exp= 54dc4366, y=54dc4366
# # KERNEL: UVM_INFO /home/runner/scoreboard.sv(22) @ 4325: uvm_test_top.env.sb [SCB] PASS: Sel 0, exp= 267fc4ac, y=267fc4ac
# # KERNEL: UVM_INFO /home/runner/scoreboard.sv(22) @ 4335: uvm_test_top.env.sb [SCB] PASS: Sel 0, exp= 267fc4ac, y=267fc4ac
# # KERNEL: UVM_INFO /home/runner/scoreboard.sv(22) @ 4345: uvm_test_top.env.sb [SCB] PASS: Sel 3, exp= f81a5fb6, y=f81a5fb6
# # KERNEL: UVM_INFO /home/runner/scoreboard.sv(22) @ 4355: uvm_test_top.env.sb [SCB] PASS: Sel 0, exp= 5433a324, y=5433a324
# # KERNEL: UVM_INFO /home/runner/scoreboard.sv(22) @ 4365: uvm_test_top.env.sb [SCB] PASS: Sel 0, exp= 5433a324, y=5433a324
# # KERNEL: UVM_INFO /home/runner/scoreboard.sv(22) @ 4375: uvm_test_top.env.sb [SCB] PASS: Sel 3, exp= bc1288f7, y=bc1288f7
# # KERNEL: UVM_INFO /home/runner/scoreboard.sv(22) @ 4385: uvm_test_top.env.sb [SCB] PASS: Sel 1, exp= 634c76eb, y=634c76eb
# # KERNEL: UVM_INFO /home/runner/scoreboard.sv(22) @ 4395: uvm_test_top.env.sb [SCB] PASS: Sel 1, exp= 634c76eb, y=634c76eb
# # KERNEL: UVM_INFO /home/runner/scoreboard.sv(22) @ 4405: uvm_test_top.env.sb [SCB] PASS: Sel 2, exp= 632847d4, y=632847d4
# # KERNEL: UVM_INFO /home/runner/scoreboard.sv(22) @ 4415: uvm_test_top.env.sb [SCB] PASS: Sel 1, exp= f0dddc75, y=f0dddc75
# # KERNEL: UVM_INFO /home/runner/scoreboard.sv(22) @ 4425: uvm_test_top.env.sb [SCB] PASS: Sel 1, exp= f0dddc75, y=f0dddc75
# # KERNEL: UVM_INFO /home/runner/scoreboard.sv(22) @ 4435: uvm_test_top.env.sb [SCB] PASS: Sel 2, exp= d5772362, y=d5772362
# # KERNEL: UVM_INFO /home/runner/scoreboard.sv(22) @ 4445: uvm_test_top.env.sb [SCB] PASS: Sel 2, exp= 8bb25e16, y=8bb25e16
# # KERNEL: UVM_INFO /home/runner/scoreboard.sv(22) @ 4455: uvm_test_top.env.sb [SCB] PASS: Sel 2, exp= 8bb25e16, y=8bb25e16
# # KERNEL: UVM_INFO /home/runner/scoreboard.sv(22) @ 4465: uvm_test_top.env.sb [SCB] PASS: Sel 1, exp= 82bdca26, y=82bdca26
# # KERNEL: UVM_INFO /home/runner/scoreboard.sv(22) @ 4475: uvm_test_top.env.sb [SCB] PASS: Sel 2, exp= 61a3beef, y=61a3beef
# # KERNEL: UVM_INFO /home/runner/scoreboard.sv(22) @ 4485: uvm_test_top.env.sb [SCB] PASS: Sel 2, exp= 61a3beef, y=61a3beef
# # KERNEL: UVM_INFO /home/runner/scoreboard.sv(22) @ 4495: uvm_test_top.env.sb [SCB] PASS: Sel 1, exp= 910d659, y=910d659
# # KERNEL: UVM_INFO /home/runner/scoreboard.sv(22) @ 4505: uvm_test_top.env.sb [SCB] PASS: Sel 3, exp= 32fc74ad, y=32fc74ad
# # KERNEL: UVM_INFO /home/runner/scoreboard.sv(22) @ 4515: uvm_test_top.env.sb [SCB] PASS: Sel 3, exp= 32fc74ad, y=32fc74ad
# # KERNEL: UVM_INFO /home/runner/scoreboard.sv(22) @ 4525: uvm_test_top.env.sb [SCB] PASS: Sel 0, exp= ebf1c5cb, y=ebf1c5cb
# # KERNEL: UVM_INFO /home/runner/scoreboard.sv(22) @ 4535: uvm_test_top.env.sb [SCB] PASS: Sel 3, exp= 53427d0, y=53427d0
# # KERNEL: UVM_INFO /home/runner/scoreboard.sv(22) @ 4545: uvm_test_top.env.sb [SCB] PASS: Sel 3, exp= 53427d0, y=53427d0
# # KERNEL: UVM_INFO /home/runner/scoreboard.sv(22) @ 4555: uvm_test_top.env.sb [SCB] PASS: Sel 0, exp= f388b195, y=f388b195
# # KERNEL: UVM_INFO /home/runner/scoreboard.sv(22) @ 4565: uvm_test_top.env.sb [SCB] PASS: Sel 0, exp= 470e0bf6, y=470e0bf6
# # KERNEL: UVM_INFO /home/runner/scoreboard.sv(22) @ 4575: uvm_test_top.env.sb [SCB] PASS: Sel 0, exp= 470e0bf6, y=470e0bf6
# # KERNEL: UVM_INFO /home/runner/scoreboard.sv(22) @ 4585: uvm_test_top.env.sb [SCB] PASS: Sel 3, exp= 6b9a98cf, y=6b9a98cf
# # KERNEL: UVM_INFO /home/runner/scoreboard.sv(22) @ 4595: uvm_test_top.env.sb [SCB] PASS: Sel 0, exp= 6acc5196, y=6acc5196
# # KERNEL: UVM_INFO /home/runner/scoreboard.sv(22) @ 4605: uvm_test_top.env.sb [SCB] PASS: Sel 0, exp= 6acc5196, y=6acc5196
# # KERNEL: UVM_INFO /home/runner/scoreboard.sv(22) @ 4615: uvm_test_top.env.sb [SCB] PASS: Sel 3, exp= 74a8ef4d, y=74a8ef4d
# # KERNEL: UVM_INFO /home/runner/scoreboard.sv(22) @ 4625: uvm_test_top.env.sb [SCB] PASS: Sel 1, exp= 4fea8c8c, y=4fea8c8c
# # KERNEL: UVM_INFO /home/runner/scoreboard.sv(22) @ 4635: uvm_test_top.env.sb [SCB] PASS: Sel 1, exp= 4fea8c8c, y=4fea8c8c
# # KERNEL: UVM_INFO /home/runner/scoreboard.sv(22) @ 4645: uvm_test_top.env.sb [SCB] PASS: Sel 2, exp= f161806d, y=f161806d
# # KERNEL: UVM_INFO /home/runner/scoreboard.sv(22) @ 4655: uvm_test_top.env.sb [SCB] PASS: Sel 1, exp= aea52a18, y=aea52a18
# # KERNEL: UVM_INFO /home/runner/scoreboard.sv(22) @ 4665: uvm_test_top.env.sb [SCB] PASS: Sel 1, exp= aea52a18, y=aea52a18
# # KERNEL: UVM_INFO /home/runner/scoreboard.sv(22) @ 4675: uvm_test_top.env.sb [SCB] PASS: Sel 2, exp= 4feeab6c, y=4feeab6c
# # KERNEL: UVM_INFO /home/runner/scoreboard.sv(22) @ 4685: uvm_test_top.env.sb [SCB] PASS: Sel 2, exp= 4eacd897, y=4eacd897
# # KERNEL: UVM_INFO /home/runner/scoreboard.sv(22) @ 4695: uvm_test_top.env.sb [SCB] PASS: Sel 2, exp= 4eacd897, y=4eacd897
# # KERNEL: UVM_INFO /home/runner/scoreboard.sv(22) @ 4705: uvm_test_top.env.sb [SCB] PASS: Sel 1, exp= 1188032c, y=1188032c
# # KERNEL: UVM_INFO /home/runner/scoreboard.sv(22) @ 4715: uvm_test_top.env.sb [SCB] PASS: Sel 2, exp= b390cd5e, y=b390cd5e
# # KERNEL: UVM_INFO /home/runner/scoreboard.sv(22) @ 4725: uvm_test_top.env.sb [SCB] PASS: Sel 2, exp= b390cd5e, y=b390cd5e
# # KERNEL: UVM_INFO /home/runner/scoreboard.sv(22) @ 4735: uvm_test_top.env.sb [SCB] PASS: Sel 1, exp= 5191ed4f, y=5191ed4f
# # KERNEL: UVM_INFO /home/runner/scoreboard.sv(22) @ 4745: uvm_test_top.env.sb [SCB] PASS: Sel 3, exp= b5933d00, y=b5933d00
# # KERNEL: UVM_INFO /home/runner/scoreboard.sv(22) @ 4755: uvm_test_top.env.sb [SCB] PASS: Sel 3, exp= b5933d00, y=b5933d00
# # KERNEL: UVM_INFO /home/runner/scoreboard.sv(22) @ 4765: uvm_test_top.env.sb [SCB] PASS: Sel 0, exp= f19dbf4f, y=f19dbf4f
# # KERNEL: UVM_INFO /home/runner/scoreboard.sv(22) @ 4775: uvm_test_top.env.sb [SCB] PASS: Sel 3, exp= d82e1296, y=d82e1296
# # KERNEL: UVM_INFO /home/runner/scoreboard.sv(22) @ 4785: uvm_test_top.env.sb [SCB] PASS: Sel 3, exp= d82e1296, y=d82e1296
# # KERNEL: UVM_INFO /home/runner/scoreboard.sv(22) @ 4795: uvm_test_top.env.sb [SCB] PASS: Sel 0, exp= b3be6ac5, y=b3be6ac5
# # KERNEL: UVM_INFO /home/runner/scoreboard.sv(22) @ 4805: uvm_test_top.env.sb [SCB] PASS: Sel 0, exp= eeef773c, y=eeef773c
# # KERNEL: UVM_INFO /home/runner/scoreboard.sv(22) @ 4815: uvm_test_top.env.sb [SCB] PASS: Sel 0, exp= eeef773c, y=eeef773c
# # KERNEL: UVM_INFO /home/runner/scoreboard.sv(22) @ 4825: uvm_test_top.env.sb [SCB] PASS: Sel 3, exp= d4f71216, y=d4f71216
# # KERNEL: UVM_INFO /home/runner/scoreboard.sv(22) @ 4835: uvm_test_top.env.sb [SCB] PASS: Sel 0, exp= 17c44130, y=17c44130
# # KERNEL: UVM_INFO /home/runner/scoreboard.sv(22) @ 4845: uvm_test_top.env.sb [SCB] PASS: Sel 0, exp= 17c44130, y=17c44130
# # KERNEL: UVM_INFO /home/runner/scoreboard.sv(22) @ 4855: uvm_test_top.env.sb [SCB] PASS: Sel 3, exp= 5a8e1dbd, y=5a8e1dbd
# # KERNEL: UVM_INFO /home/runner/scoreboard.sv(22) @ 4865: uvm_test_top.env.sb [SCB] PASS: Sel 1, exp= efa1d8d5, y=efa1d8d5
# # KERNEL: UVM_INFO /home/runner/scoreboard.sv(22) @ 4875: uvm_test_top.env.sb [SCB] PASS: Sel 1, exp= efa1d8d5, y=efa1d8d5
# # KERNEL: UVM_INFO /home/runner/scoreboard.sv(22) @ 4885: uvm_test_top.env.sb [SCB] PASS: Sel 2, exp= 43327f6d, y=43327f6d
# # KERNEL: UVM_INFO /home/runner/scoreboard.sv(22) @ 4895: uvm_test_top.env.sb [SCB] PASS: Sel 1, exp= 610e02b6, y=610e02b6
# # KERNEL: UVM_INFO /home/runner/scoreboard.sv(22) @ 4905: uvm_test_top.env.sb [SCB] PASS: Sel 1, exp= 610e02b6, y=610e02b6
# # KERNEL: UVM_INFO /home/runner/scoreboard.sv(22) @ 4915: uvm_test_top.env.sb [SCB] PASS: Sel 2, exp= 7d037c20, y=7d037c20
# # KERNEL: UVM_INFO /home/runner/scoreboard.sv(22) @ 4925: uvm_test_top.env.sb [SCB] PASS: Sel 2, exp= a0202b2d, y=a0202b2d
# # KERNEL: UVM_INFO /home/runner/scoreboard.sv(22) @ 4935: uvm_test_top.env.sb [SCB] PASS: Sel 2, exp= a0202b2d, y=a0202b2d
# # KERNEL: UVM_INFO /home/runner/scoreboard.sv(22) @ 4945: uvm_test_top.env.sb [SCB] PASS: Sel 1, exp= 9bac3040, y=9bac3040
# # KERNEL: UVM_INFO /home/runner/scoreboard.sv(22) @ 4955: uvm_test_top.env.sb [SCB] PASS: Sel 2, exp= f9b5abfc, y=f9b5abfc
# # KERNEL: UVM_INFO /home/runner/scoreboard.sv(22) @ 4965: uvm_test_top.env.sb [SCB] PASS: Sel 2, exp= f9b5abfc, y=f9b5abfc
# # KERNEL: UVM_INFO /home/runner/scoreboard.sv(22) @ 4975: uvm_test_top.env.sb [SCB] PASS: Sel 1, exp= 6ab847c5, y=6ab847c5
# # KERNEL: UVM_INFO /home/runner/scoreboard.sv(22) @ 4985: uvm_test_top.env.sb [SCB] PASS: Sel 3, exp= c9de95cd, y=c9de95cd
# # KERNEL: UVM_INFO /home/runner/scoreboard.sv(22) @ 4995: uvm_test_top.env.sb [SCB] PASS: Sel 3, exp= c9de95cd, y=c9de95cd
# # KERNEL: UVM_INFO /home/runner/scoreboard.sv(22) @ 5005: uvm_test_top.env.sb [SCB] PASS: Sel 0, exp= c5f4d315, y=c5f4d315
# # KERNEL: UVM_INFO /home/runner/scoreboard.sv(22) @ 5015: uvm_test_top.env.sb [SCB] PASS: Sel 3, exp= cb15f866, y=cb15f866
# # KERNEL: UVM_INFO /home/runner/scoreboard.sv(22) @ 5025: uvm_test_top.env.sb [SCB] PASS: Sel 3, exp= cb15f866, y=cb15f866
# # KERNEL: UVM_INFO /home/runner/scoreboard.sv(22) @ 5035: uvm_test_top.env.sb [SCB] PASS: Sel 0, exp= 73536d75, y=73536d75
# # KERNEL: UVM_INFO /home/runner/scoreboard.sv(22) @ 5045: uvm_test_top.env.sb [SCB] PASS: Sel 0, exp= 590a9058, y=590a9058
# # KERNEL: UVM_INFO /home/runner/scoreboard.sv(22) @ 5055: uvm_test_top.env.sb [SCB] PASS: Sel 0, exp= 590a9058, y=590a9058
# # KERNEL: UVM_INFO /home/runner/scoreboard.sv(22) @ 5065: uvm_test_top.env.sb [SCB] PASS: Sel 3, exp= 35742153, y=35742153
# # KERNEL: UVM_INFO /home/runner/scoreboard.sv(22) @ 5075: uvm_test_top.env.sb [SCB] PASS: Sel 0, exp= 7151e3a0, y=7151e3a0
# # KERNEL: UVM_INFO /home/runner/scoreboard.sv(22) @ 5085: uvm_test_top.env.sb [SCB] PASS: Sel 0, exp= 7151e3a0, y=7151e3a0
# # KERNEL: UVM_INFO /home/runner/scoreboard.sv(22) @ 5095: uvm_test_top.env.sb [SCB] PASS: Sel 3, exp= 99316e2e, y=99316e2e
# # KERNEL: UVM_INFO /home/runner/scoreboard.sv(22) @ 5105: uvm_test_top.env.sb [SCB] PASS: Sel 1, exp= c2a2b0d9, y=c2a2b0d9
# # KERNEL: UVM_INFO /home/runner/scoreboard.sv(22) @ 5115: uvm_test_top.env.sb [SCB] PASS: Sel 1, exp= c2a2b0d9, y=c2a2b0d9
# # KERNEL: UVM_INFO /home/runner/scoreboard.sv(22) @ 5125: uvm_test_top.env.sb [SCB] PASS: Sel 2, exp= 84e4374e, y=84e4374e
# # KERNEL: UVM_INFO /home/runner/scoreboard.sv(22) @ 5135: uvm_test_top.env.sb [SCB] PASS: Sel 1, exp= a056cb77, y=a056cb77
# # KERNEL: UVM_INFO /home/runner/scoreboard.sv(22) @ 5145: uvm_test_top.env.sb [SCB] PASS: Sel 1, exp= a056cb77, y=a056cb77
# # KERNEL: UVM_INFO /home/runner/scoreboard.sv(22) @ 5155: uvm_test_top.env.sb [SCB] PASS: Sel 2, exp= 503c0396, y=503c0396
# # KERNEL: UVM_INFO /home/runner/scoreboard.sv(22) @ 5165: uvm_test_top.env.sb [SCB] PASS: Sel 2, exp= 2af2ad7e, y=2af2ad7e
# # KERNEL: UVM_INFO /home/runner/scoreboard.sv(22) @ 5175: uvm_test_top.env.sb [SCB] PASS: Sel 2, exp= 2af2ad7e, y=2af2ad7e
# # KERNEL: UVM_INFO /home/runner/scoreboard.sv(22) @ 5185: uvm_test_top.env.sb [SCB] PASS: Sel 1, exp= e4487bdb, y=e4487bdb
# # KERNEL: UVM_INFO /home/runner/scoreboard.sv(22) @ 5195: uvm_test_top.env.sb [SCB] PASS: Sel 2, exp= ea70b869, y=ea70b869
# # KERNEL: UVM_INFO /home/runner/scoreboard.sv(22) @ 5205: uvm_test_top.env.sb [SCB] PASS: Sel 2, exp= ea70b869, y=ea70b869
# # KERNEL: UVM_INFO /home/runner/scoreboard.sv(22) @ 5215: uvm_test_top.env.sb [SCB] PASS: Sel 1, exp= 56ed9cd8, y=56ed9cd8
# # KERNEL: UVM_INFO /home/runner/scoreboard.sv(22) @ 5225: uvm_test_top.env.sb [SCB] PASS: Sel 3, exp= d21a5af8, y=d21a5af8
# # KERNEL: UVM_INFO /home/runner/scoreboard.sv(22) @ 5235: uvm_test_top.env.sb [SCB] PASS: Sel 3, exp= d21a5af8, y=d21a5af8
# # KERNEL: UVM_INFO /home/runner/scoreboard.sv(22) @ 5245: uvm_test_top.env.sb [SCB] PASS: Sel 0, exp= 9f89286a, y=9f89286a
# # KERNEL: UVM_INFO /home/runner/scoreboard.sv(22) @ 5255: uvm_test_top.env.sb [SCB] PASS: Sel 3, exp= c1998f68, y=c1998f68
# # KERNEL: UVM_INFO /home/runner/scoreboard.sv(22) @ 5265: uvm_test_top.env.sb [SCB] PASS: Sel 3, exp= c1998f68, y=c1998f68
# # KERNEL: UVM_INFO /home/runner/scoreboard.sv(22) @ 5275: uvm_test_top.env.sb [SCB] PASS: Sel 0, exp= 83036f57, y=83036f57
# # KERNEL: UVM_INFO /home/runner/scoreboard.sv(22) @ 5285: uvm_test_top.env.sb [SCB] PASS: Sel 0, exp= e02485b7, y=e02485b7
# # KERNEL: UVM_INFO /home/runner/scoreboard.sv(22) @ 5295: uvm_test_top.env.sb [SCB] PASS: Sel 0, exp= e02485b7, y=e02485b7
# # KERNEL: UVM_INFO /home/runner/scoreboard.sv(22) @ 5305: uvm_test_top.env.sb [SCB] PASS: Sel 3, exp= 14cc4c75, y=14cc4c75
# # KERNEL: UVM_INFO /home/runner/scoreboard.sv(22) @ 5315: uvm_test_top.env.sb [SCB] PASS: Sel 0, exp= ae8bb521, y=ae8bb521
# # KERNEL: UVM_INFO /home/runner/scoreboard.sv(22) @ 5325: uvm_test_top.env.sb [SCB] PASS: Sel 0, exp= ae8bb521, y=ae8bb521
# # KERNEL: UVM_INFO /home/runner/scoreboard.sv(22) @ 5335: uvm_test_top.env.sb [SCB] PASS: Sel 3, exp= 3092e09e, y=3092e09e
# # KERNEL: UVM_INFO /home/runner/scoreboard.sv(22) @ 5345: uvm_test_top.env.sb [SCB] PASS: Sel 1, exp= e333b1e9, y=e333b1e9
# # KERNEL: UVM_INFO /home/runner/scoreboard.sv(22) @ 5355: uvm_test_top.env.sb [SCB] PASS: Sel 1, exp= e333b1e9, y=e333b1e9
# # KERNEL: UVM_INFO /home/runner/scoreboard.sv(22) @ 5365: uvm_test_top.env.sb [SCB] PASS: Sel 2, exp= dc7e5eaa, y=dc7e5eaa
# # KERNEL: UVM_INFO /home/runner/scoreboard.sv(22) @ 5375: uvm_test_top.env.sb [SCB] PASS: Sel 1, exp= 949b3b36, y=949b3b36
# # KERNEL: UVM_INFO /home/runner/scoreboard.sv(22) @ 5385: uvm_test_top.env.sb [SCB] PASS: Sel 1, exp= 949b3b36, y=949b3b36
# # KERNEL: UVM_INFO /home/runner/scoreboard.sv(22) @ 5395: uvm_test_top.env.sb [SCB] PASS: Sel 2, exp= 6af53bbd, y=6af53bbd
# # KERNEL: UVM_INFO /home/runner/scoreboard.sv(22) @ 5405: uvm_test_top.env.sb [SCB] PASS: Sel 2, exp= bc2d2957, y=bc2d2957
# # KERNEL: UVM_INFO /home/runner/scoreboard.sv(22) @ 5415: uvm_test_top.env.sb [SCB] PASS: Sel 2, exp= bc2d2957, y=bc2d2957
# # KERNEL: UVM_INFO /home/runner/scoreboard.sv(22) @ 5425: uvm_test_top.env.sb [SCB] PASS: Sel 1, exp= 8127663c, y=8127663c
# # KERNEL: UVM_INFO /home/runner/scoreboard.sv(22) @ 5435: uvm_test_top.env.sb [SCB] PASS: Sel 2, exp= dd8c1eb9, y=dd8c1eb9
# # KERNEL: UVM_INFO /home/runner/scoreboard.sv(22) @ 5445: uvm_test_top.env.sb [SCB] PASS: Sel 2, exp= dd8c1eb9, y=dd8c1eb9
# # KERNEL: UVM_INFO /home/runner/scoreboard.sv(22) @ 5455: uvm_test_top.env.sb [SCB] PASS: Sel 1, exp= b494aba6, y=b494aba6
# # KERNEL: UVM_INFO /home/runner/scoreboard.sv(22) @ 5465: uvm_test_top.env.sb [SCB] PASS: Sel 3, exp= c3b93eed, y=c3b93eed
# # KERNEL: UVM_INFO /home/runner/scoreboard.sv(22) @ 5475: uvm_test_top.env.sb [SCB] PASS: Sel 3, exp= c3b93eed, y=c3b93eed
# # KERNEL: UVM_INFO /home/runner/scoreboard.sv(22) @ 5485: uvm_test_top.env.sb [SCB] PASS: Sel 0, exp= e80b63f6, y=e80b63f6
# # KERNEL: UVM_INFO /home/runner/scoreboard.sv(22) @ 5495: uvm_test_top.env.sb [SCB] PASS: Sel 3, exp= d0ba22d3, y=d0ba22d3
# # KERNEL: UVM_INFO /home/runner/scoreboard.sv(22) @ 5505: uvm_test_top.env.sb [SCB] PASS: Sel 3, exp= d0ba22d3, y=d0ba22d3
# # KERNEL: UVM_INFO /home/runner/scoreboard.sv(22) @ 5515: uvm_test_top.env.sb [SCB] PASS: Sel 0, exp= d2c550d6, y=d2c550d6
# # KERNEL: UVM_INFO /home/runner/scoreboard.sv(22) @ 5525: uvm_test_top.env.sb [SCB] PASS: Sel 0, exp= e724d66b, y=e724d66b
# # KERNEL: UVM_INFO /home/runner/scoreboard.sv(22) @ 5535: uvm_test_top.env.sb [SCB] PASS: Sel 0, exp= e724d66b, y=e724d66b
# # KERNEL: UVM_INFO /home/runner/scoreboard.sv(22) @ 5545: uvm_test_top.env.sb [SCB] PASS: Sel 3, exp= 79d41ca5, y=79d41ca5
# # KERNEL: UVM_INFO /home/runner/scoreboard.sv(22) @ 5555: uvm_test_top.env.sb [SCB] PASS: Sel 0, exp= 9df0e521, y=9df0e521
# # KERNEL: UVM_INFO /home/runner/scoreboard.sv(22) @ 5565: uvm_test_top.env.sb [SCB] PASS: Sel 0, exp= 9df0e521, y=9df0e521
# # KERNEL: UVM_INFO /home/runner/scoreboard.sv(22) @ 5575: uvm_test_top.env.sb [SCB] PASS: Sel 3, exp= b531d520, y=b531d520
# # KERNEL: UVM_INFO /home/runner/scoreboard.sv(22) @ 5585: uvm_test_top.env.sb [SCB] PASS: Sel 1, exp= f069dc86, y=f069dc86
# # KERNEL: UVM_INFO /home/runner/scoreboard.sv(22) @ 5595: uvm_test_top.env.sb [SCB] PASS: Sel 1, exp= f069dc86, y=f069dc86
# # KERNEL: UVM_INFO /home/runner/scoreboard.sv(22) @ 5605: uvm_test_top.env.sb [SCB] PASS: Sel 2, exp= b674973d, y=b674973d
# # KERNEL: UVM_INFO /home/runner/scoreboard.sv(22) @ 5615: uvm_test_top.env.sb [SCB] PASS: Sel 1, exp= 9c4ff681, y=9c4ff681
# # KERNEL: UVM_INFO /home/runner/scoreboard.sv(22) @ 5625: uvm_test_top.env.sb [SCB] PASS: Sel 1, exp= 9c4ff681, y=9c4ff681
# # KERNEL: UVM_INFO /home/runner/scoreboard.sv(22) @ 5635: uvm_test_top.env.sb [SCB] PASS: Sel 2, exp= 4af372eb, y=4af372eb
# # KERNEL: UVM_INFO /home/runner/scoreboard.sv(22) @ 5645: uvm_test_top.env.sb [SCB] PASS: Sel 2, exp= 23fd2a66, y=23fd2a66
# # KERNEL: UVM_INFO /home/runner/scoreboard.sv(22) @ 5655: uvm_test_top.env.sb [SCB] PASS: Sel 2, exp= 23fd2a66, y=23fd2a66
# # KERNEL: UVM_INFO /home/runner/scoreboard.sv(22) @ 5665: uvm_test_top.env.sb [SCB] PASS: Sel 1, exp= aaa38a4d, y=aaa38a4d
# # KERNEL: UVM_INFO /home/runner/scoreboard.sv(22) @ 5675: uvm_test_top.env.sb [SCB] PASS: Sel 2, exp= cf7898b7, y=cf7898b7
# # KERNEL: UVM_INFO /home/runner/scoreboard.sv(22) @ 5685: uvm_test_top.env.sb [SCB] PASS: Sel 2, exp= cf7898b7, y=cf7898b7
# # KERNEL: UVM_INFO /home/runner/scoreboard.sv(22) @ 5695: uvm_test_top.env.sb [SCB] PASS: Sel 1, exp= fcd8a690, y=fcd8a690
# # KERNEL: UVM_INFO /home/runner/scoreboard.sv(22) @ 5705: uvm_test_top.env.sb [SCB] PASS: Sel 3, exp= c5c3c67d, y=c5c3c67d
# # KERNEL: UVM_INFO /home/runner/scoreboard.sv(22) @ 5715: uvm_test_top.env.sb [SCB] PASS: Sel 3, exp= c5c3c67d, y=c5c3c67d
# # KERNEL: UVM_INFO /home/runner/scoreboard.sv(22) @ 5725: uvm_test_top.env.sb [SCB] PASS: Sel 0, exp= a4ea6d98, y=a4ea6d98
# # KERNEL: UVM_INFO /home/runner/scoreboard.sv(22) @ 5735: uvm_test_top.env.sb [SCB] PASS: Sel 3, exp= a7a871f3, y=a7a871f3
# # KERNEL: UVM_INFO /home/runner/scoreboard.sv(22) @ 5745: uvm_test_top.env.sb [SCB] PASS: Sel 3, exp= a7a871f3, y=a7a871f3
# # KERNEL: UVM_INFO /home/runner/scoreboard.sv(22) @ 5755: uvm_test_top.env.sb [SCB] PASS: Sel 0, exp= d2c94460, y=d2c94460
# # KERNEL: UVM_INFO /home/runner/scoreboard.sv(22) @ 5765: uvm_test_top.env.sb [SCB] PASS: Sel 0, exp= e2c62086, y=e2c62086
# # KERNEL: UVM_INFO /home/runner/scoreboard.sv(22) @ 5775: uvm_test_top.env.sb [SCB] PASS: Sel 0, exp= e2c62086, y=e2c62086
# # KERNEL: UVM_INFO /home/runner/scoreboard.sv(22) @ 5785: uvm_test_top.env.sb [SCB] PASS: Sel 3, exp= 6e5977e8, y=6e5977e8
# # KERNEL: UVM_INFO /home/runner/scoreboard.sv(22) @ 5795: uvm_test_top.env.sb [SCB] PASS: Sel 0, exp= 33dc8ccc, y=33dc8ccc
# # KERNEL: UVM_INFO /home/runner/scoreboard.sv(22) @ 5805: uvm_test_top.env.sb [SCB] PASS: Sel 0, exp= 33dc8ccc, y=33dc8ccc
# # KERNEL: UVM_INFO /home/runner/scoreboard.sv(22) @ 5815: uvm_test_top.env.sb [SCB] PASS: Sel 3, exp= 69902b7d, y=69902b7d
# # KERNEL: UVM_INFO /home/runner/scoreboard.sv(22) @ 5825: uvm_test_top.env.sb [SCB] PASS: Sel 1, exp= b187155f, y=b187155f
# # KERNEL: UVM_INFO /home/runner/scoreboard.sv(22) @ 5835: uvm_test_top.env.sb [SCB] PASS: Sel 1, exp= b187155f, y=b187155f
# # KERNEL: UVM_INFO /home/runner/scoreboard.sv(22) @ 5845: uvm_test_top.env.sb [SCB] PASS: Sel 2, exp= b569080a, y=b569080a
# # KERNEL: UVM_INFO /home/runner/scoreboard.sv(22) @ 5855: uvm_test_top.env.sb [SCB] PASS: Sel 1, exp= d5feecd2, y=d5feecd2
# # KERNEL: UVM_INFO /home/runner/scoreboard.sv(22) @ 5865: uvm_test_top.env.sb [SCB] PASS: Sel 1, exp= d5feecd2, y=d5feecd2
# # KERNEL: UVM_INFO /home/runner/scoreboard.sv(22) @ 5875: uvm_test_top.env.sb [SCB] PASS: Sel 2, exp= c259b11d, y=c259b11d
# # KERNEL: UVM_INFO /home/runner/scoreboard.sv(22) @ 5885: uvm_test_top.env.sb [SCB] PASS: Sel 2, exp= cfe6b6ef, y=cfe6b6ef
# # KERNEL: UVM_INFO /home/runner/scoreboard.sv(22) @ 5895: uvm_test_top.env.sb [SCB] PASS: Sel 2, exp= cfe6b6ef, y=cfe6b6ef
# # KERNEL: UVM_INFO /home/runner/scoreboard.sv(22) @ 5905: uvm_test_top.env.sb [SCB] PASS: Sel 1, exp= a91a89a5, y=a91a89a5
# # KERNEL: UVM_INFO /home/runner/scoreboard.sv(22) @ 5915: uvm_test_top.env.sb [SCB] PASS: Sel 2, exp= a57db159, y=a57db159
# # KERNEL: UVM_INFO /home/runner/scoreboard.sv(22) @ 5925: uvm_test_top.env.sb [SCB] PASS: Sel 2, exp= a57db159, y=a57db159
# # KERNEL: UVM_INFO /home/runner/scoreboard.sv(22) @ 5935: uvm_test_top.env.sb [SCB] PASS: Sel 1, exp= c3751bb9, y=c3751bb9
# # KERNEL: UVM_INFO /home/runner/scoreboard.sv(22) @ 5945: uvm_test_top.env.sb [SCB] PASS: Sel 3, exp= a08c700d, y=a08c700d
# # KERNEL: UVM_INFO /home/runner/scoreboard.sv(22) @ 5955: uvm_test_top.env.sb [SCB] PASS: Sel 3, exp= a08c700d, y=a08c700d
# # KERNEL: UVM_INFO /home/runner/scoreboard.sv(22) @ 5965: uvm_test_top.env.sb [SCB] PASS: Sel 0, exp= 1804d879, y=1804d879
# # KERNEL: UVM_INFO /home/runner/scoreboard.sv(22) @ 5975: uvm_test_top.env.sb [SCB] PASS: Sel 3, exp= 6597b513, y=6597b513
# # KERNEL: UVM_INFO /home/runner/scoreboard.sv(22) @ 5985: uvm_test_top.env.sb [SCB] PASS: Sel 3, exp= 6597b513, y=6597b513
# # KERNEL: UVM_INFO /home/runner/scoreboard.sv(22) @ 5995: uvm_test_top.env.sb [SCB] PASS: Sel 0, exp= aa5ae135, y=aa5ae135
# # KERNEL: UVM_INFO /home/runner/scoreboard.sv(22) @ 6005: uvm_test_top.env.sb [SCB] PASS: Sel 0, exp= 29c3d8ac, y=29c3d8ac
# # KERNEL: UVM_INFO /home/runner/scoreboard.sv(22) @ 6015: uvm_test_top.env.sb [SCB] PASS: Sel 0, exp= 29c3d8ac, y=29c3d8ac
# # KERNEL: UVM_INFO /home/runner/scoreboard.sv(22) @ 6025: uvm_test_top.env.sb [SCB] PASS: Sel 3, exp= b06c2cd3, y=b06c2cd3
# # KERNEL: UVM_INFO /home/runner/scoreboard.sv(22) @ 6035: uvm_test_top.env.sb [SCB] PASS: Sel 0, exp= 654080d0, y=654080d0
# # KERNEL: UVM_INFO /home/runner/scoreboard.sv(22) @ 6045: uvm_test_top.env.sb [SCB] PASS: Sel 0, exp= 654080d0, y=654080d0
# # KERNEL: UVM_INFO /home/runner/scoreboard.sv(22) @ 6055: uvm_test_top.env.sb [SCB] PASS: Sel 3, exp= 4ba45838, y=4ba45838
# # KERNEL: UVM_INFO /home/runner/scoreboard.sv(22) @ 6065: uvm_test_top.env.sb [SCB] PASS: Sel 1, exp= fe6673a6, y=fe6673a6
# # KERNEL: UVM_INFO /home/runner/scoreboard.sv(22) @ 6075: uvm_test_top.env.sb [SCB] PASS: Sel 1, exp= fe6673a6, y=fe6673a6
# # KERNEL: UVM_INFO /home/runner/scoreboard.sv(22) @ 6085: uvm_test_top.env.sb [SCB] PASS: Sel 2, exp= b29ca478, y=b29ca478
# # KERNEL: UVM_INFO /home/runner/scoreboard.sv(22) @ 6095: uvm_test_top.env.sb [SCB] PASS: Sel 1, exp= 6cbb143c, y=6cbb143c
# # KERNEL: UVM_INFO /home/runner/scoreboard.sv(22) @ 6105: uvm_test_top.env.sb [SCB] PASS: Sel 1, exp= 6cbb143c, y=6cbb143c
# # KERNEL: UVM_INFO /home/runner/scoreboard.sv(22) @ 6115: uvm_test_top.env.sb [SCB] PASS: Sel 2, exp= 27b07755, y=27b07755
# # KERNEL: UVM_INFO /home/runner/scoreboard.sv(22) @ 6125: uvm_test_top.env.sb [SCB] PASS: Sel 2, exp= df37610b, y=df37610b
# # KERNEL: UVM_INFO /home/runner/scoreboard.sv(22) @ 6135: uvm_test_top.env.sb [SCB] PASS: Sel 2, exp= df37610b, y=df37610b
# # KERNEL: UVM_INFO /home/runner/scoreboard.sv(22) @ 6145: uvm_test_top.env.sb [SCB] PASS: Sel 1, exp= f3e05db6, y=f3e05db6
# # KERNEL: UVM_INFO /home/runner/scoreboard.sv(22) @ 6155: uvm_test_top.env.sb [SCB] PASS: Sel 2, exp= 97febcbe, y=97febcbe
# # KERNEL: UVM_INFO /home/runner/scoreboard.sv(22) @ 6165: uvm_test_top.env.sb [SCB] PASS: Sel 2, exp= 97febcbe, y=97febcbe
# # KERNEL: UVM_INFO /home/runner/scoreboard.sv(22) @ 6175: uvm_test_top.env.sb [SCB] PASS: Sel 1, exp= fc227b6c, y=fc227b6c
# # KERNEL: UVM_INFO /home/runner/scoreboard.sv(22) @ 6185: uvm_test_top.env.sb [SCB] PASS: Sel 2, exp= 5510844b, y=5510844b
# # KERNEL: UVM_INFO /home/runner/scoreboard.sv(22) @ 6195: uvm_test_top.env.sb [SCB] PASS: Sel 2, exp= 5510844b, y=5510844b
# # KERNEL: UVM_INFO /home/runner/scoreboard.sv(22) @ 6205: uvm_test_top.env.sb [SCB] PASS: Sel 2, exp= 29ebb29e, y=29ebb29e
# # KERNEL: UVM_INFO /home/runner/scoreboard.sv(22) @ 6215: uvm_test_top.env.sb [SCB] PASS: Sel 1, exp= 9293e37c, y=9293e37c
# # KERNEL: UVM_INFO /home/runner/scoreboard.sv(22) @ 6225: uvm_test_top.env.sb [SCB] PASS: Sel 1, exp= 9293e37c, y=9293e37c
# # KERNEL: UVM_INFO /home/runner/scoreboard.sv(22) @ 6235: uvm_test_top.env.sb [SCB] PASS: Sel 3, exp= 25126bab, y=25126bab
# # KERNEL: UVM_INFO /home/runner/scoreboard.sv(22) @ 6245: uvm_test_top.env.sb [SCB] PASS: Sel 3, exp= 26879229, y=26879229
# # KERNEL: UVM_INFO /home/runner/scoreboard.sv(22) @ 6255: uvm_test_top.env.sb [SCB] PASS: Sel 3, exp= 26879229, y=26879229
# # KERNEL: UVM_INFO /home/runner/scoreboard.sv(22) @ 6265: uvm_test_top.env.sb [SCB] PASS: Sel 1, exp= 3beba3c4, y=3beba3c4
# # KERNEL: UVM_INFO /home/runner/scoreboard.sv(22) @ 6275: uvm_test_top.env.sb [SCB] PASS: Sel 2, exp= 35162b78, y=35162b78
# # KERNEL: UVM_INFO /home/runner/scoreboard.sv(22) @ 6285: uvm_test_top.env.sb [SCB] PASS: Sel 2, exp= 35162b78, y=35162b78
# # KERNEL: UVM_INFO /home/runner/scoreboard.sv(22) @ 6295: uvm_test_top.env.sb [SCB] PASS: Sel 2, exp= c8670d70, y=c8670d70
# # KERNEL: UVM_INFO /home/runner/scoreboard.sv(22) @ 6305: uvm_test_top.env.sb [SCB] PASS: Sel 0, exp= 501e5803, y=501e5803
# # KERNEL: UVM_INFO /home/runner/scoreboard.sv(22) @ 6315: uvm_test_top.env.sb [SCB] PASS: Sel 0, exp= 501e5803, y=501e5803
# # KERNEL: UVM_INFO /home/runner/scoreboard.sv(22) @ 6325: uvm_test_top.env.sb [SCB] PASS: Sel 0, exp= 47d34b46, y=47d34b46
# # KERNEL: UVM_INFO /home/runner/scoreboard.sv(22) @ 6335: uvm_test_top.env.sb [SCB] PASS: Sel 3, exp= 8ab0572b, y=8ab0572b
# # KERNEL: UVM_INFO /home/runner/scoreboard.sv(22) @ 6345: uvm_test_top.env.sb [SCB] PASS: Sel 3, exp= 8ab0572b, y=8ab0572b
# # KERNEL: UVM_INFO /home/runner/scoreboard.sv(22) @ 6355: uvm_test_top.env.sb [SCB] PASS: Sel 1, exp= 120b214e, y=120b214e
# # KERNEL: UVM_INFO /home/runner/scoreboard.sv(22) @ 6365: uvm_test_top.env.sb [SCB] PASS: Sel 1, exp= 19e15a20, y=19e15a20
# # KERNEL: UVM_INFO /home/runner/scoreboard.sv(22) @ 6375: uvm_test_top.env.sb [SCB] PASS: Sel 1, exp= 19e15a20, y=19e15a20
# # KERNEL: UVM_INFO /home/runner/scoreboard.sv(22) @ 6385: uvm_test_top.env.sb [SCB] PASS: Sel 3, exp= 6e7d138c, y=6e7d138c
# # KERNEL: UVM_INFO /home/runner/scoreboard.sv(22) @ 6395: uvm_test_top.env.sb [SCB] PASS: Sel 0, exp= b1df4fd9, y=b1df4fd9
# # KERNEL: UVM_INFO /home/runner/scoreboard.sv(22) @ 6405: uvm_test_top.env.sb [SCB] PASS: Sel 0, exp= b1df4fd9, y=b1df4fd9
# # KERNEL: UVM_INFO /home/runner/scoreboard.sv(22) @ 6415: uvm_test_top.env.sb [SCB] PASS: Sel 0, exp= 436dd73d, y=436dd73d
# # KERNEL: UVM_INFO /home/runner/scoreboard.sv(22) @ 6425: uvm_test_top.env.sb [SCB] PASS: Sel 2, exp= d40478b6, y=d40478b6
# # KERNEL: UVM_INFO /home/runner/scoreboard.sv(22) @ 6435: uvm_test_top.env.sb [SCB] PASS: Sel 2, exp= d40478b6, y=d40478b6
# # KERNEL: UVM_INFO /home/runner/scoreboard.sv(22) @ 6445: uvm_test_top.env.sb [SCB] PASS: Sel 2, exp= f81bcd4d, y=f81bcd4d
# # KERNEL: UVM_INFO /home/runner/scoreboard.sv(22) @ 6455: uvm_test_top.env.sb [SCB] PASS: Sel 1, exp= 4109a94e, y=4109a94e
# # KERNEL: UVM_INFO /home/runner/scoreboard.sv(22) @ 6465: uvm_test_top.env.sb [SCB] PASS: Sel 1, exp= 4109a94e, y=4109a94e
# # KERNEL: UVM_INFO /home/runner/scoreboard.sv(22) @ 6475: uvm_test_top.env.sb [SCB] PASS: Sel 3, exp= dee74c17, y=dee74c17
# # KERNEL: UVM_INFO /home/runner/scoreboard.sv(22) @ 6485: uvm_test_top.env.sb [SCB] PASS: Sel 3, exp= c8fc083a, y=c8fc083a
# # KERNEL: UVM_INFO /home/runner/scoreboard.sv(22) @ 6495: uvm_test_top.env.sb [SCB] PASS: Sel 3, exp= c8fc083a, y=c8fc083a
# # KERNEL: UVM_INFO /home/runner/scoreboard.sv(22) @ 6505: uvm_test_top.env.sb [SCB] PASS: Sel 1, exp= b2806fa5, y=b2806fa5
# # KERNEL: UVM_INFO /home/runner/scoreboard.sv(22) @ 6515: uvm_test_top.env.sb [SCB] PASS: Sel 2, exp= af8ed6f6, y=af8ed6f6
# # KERNEL: UVM_INFO /home/runner/scoreboard.sv(22) @ 6525: uvm_test_top.env.sb [SCB] PASS: Sel 2, exp= af8ed6f6, y=af8ed6f6
# # KERNEL: UVM_INFO /home/runner/scoreboard.sv(22) @ 6535: uvm_test_top.env.sb [SCB] PASS: Sel 2, exp= 59a7c8ac, y=59a7c8ac
# # KERNEL: UVM_INFO /home/runner/scoreboard.sv(22) @ 6545: uvm_test_top.env.sb [SCB] PASS: Sel 0, exp= 69cc23a3, y=69cc23a3
# # KERNEL: UVM_INFO /home/runner/scoreboard.sv(22) @ 6555: uvm_test_top.env.sb [SCB] PASS: Sel 0, exp= 69cc23a3, y=69cc23a3
# # KERNEL: UVM_INFO /home/runner/scoreboard.sv(22) @ 6565: uvm_test_top.env.sb [SCB] PASS: Sel 0, exp= 89dd2336, y=89dd2336
# # KERNEL: UVM_INFO /home/runner/scoreboard.sv(22) @ 6575: uvm_test_top.env.sb [SCB] PASS: Sel 3, exp= 3443f898, y=3443f898
# # KERNEL: UVM_INFO /home/runner/scoreboard.sv(22) @ 6585: uvm_test_top.env.sb [SCB] PASS: Sel 3, exp= 3443f898, y=3443f898
# # KERNEL: UVM_INFO /home/runner/scoreboard.sv(22) @ 6595: uvm_test_top.env.sb [SCB] PASS: Sel 1, exp= 9054a9fe, y=9054a9fe
# # KERNEL: UVM_INFO /home/runner/scoreboard.sv(22) @ 6605: uvm_test_top.env.sb [SCB] PASS: Sel 1, exp= 6df9b8b8, y=6df9b8b8
# # KERNEL: UVM_INFO /home/runner/scoreboard.sv(22) @ 6615: uvm_test_top.env.sb [SCB] PASS: Sel 1, exp= 6df9b8b8, y=6df9b8b8
# # KERNEL: UVM_INFO /home/runner/scoreboard.sv(22) @ 6625: uvm_test_top.env.sb [SCB] PASS: Sel 3, exp= 527dccd7, y=527dccd7
# # KERNEL: UVM_INFO /home/runner/scoreboard.sv(22) @ 6635: uvm_test_top.env.sb [SCB] PASS: Sel 0, exp= bd20fdaa, y=bd20fdaa
# # KERNEL: UVM_INFO /home/runner/scoreboard.sv(22) @ 6645: uvm_test_top.env.sb [SCB] PASS: Sel 0, exp= bd20fdaa, y=bd20fdaa
# # KERNEL: UVM_INFO /home/runner/scoreboard.sv(22) @ 6655: uvm_test_top.env.sb [SCB] PASS: Sel 0, exp= 8801b7c1, y=8801b7c1
# # KERNEL: UVM_INFO /home/runner/scoreboard.sv(22) @ 6665: uvm_test_top.env.sb [SCB] PASS: Sel 2, exp= 917de28c, y=917de28c
# # KERNEL: UVM_INFO /home/runner/scoreboard.sv(22) @ 6675: uvm_test_top.env.sb [SCB] PASS: Sel 2, exp= 917de28c, y=917de28c
# # KERNEL: UVM_INFO /home/runner/scoreboard.sv(22) @ 6685: uvm_test_top.env.sb [SCB] PASS: Sel 2, exp= 231453fc, y=231453fc
# # KERNEL: UVM_INFO /home/runner/scoreboard.sv(22) @ 6695: uvm_test_top.env.sb [SCB] PASS: Sel 1, exp= c6f082ff, y=c6f082ff
# # KERNEL: UVM_INFO /home/runner/scoreboard.sv(22) @ 6705: uvm_test_top.env.sb [SCB] PASS: Sel 1, exp= c6f082ff, y=c6f082ff
# # KERNEL: UVM_INFO /home/runner/scoreboard.sv(22) @ 6715: uvm_test_top.env.sb [SCB] PASS: Sel 3, exp= a8e1e4c9, y=a8e1e4c9
# # KERNEL: UVM_INFO /home/runner/scoreboard.sv(22) @ 6725: uvm_test_top.env.sb [SCB] PASS: Sel 3, exp= cd436b50, y=cd436b50
# # KERNEL: UVM_INFO /home/runner/scoreboard.sv(22) @ 6735: uvm_test_top.env.sb [SCB] PASS: Sel 3, exp= cd436b50, y=cd436b50
# # KERNEL: UVM_INFO /home/runner/scoreboard.sv(22) @ 6745: uvm_test_top.env.sb [SCB] PASS: Sel 1, exp= dbb03708, y=dbb03708
# # KERNEL: UVM_INFO /home/runner/scoreboard.sv(22) @ 6755: uvm_test_top.env.sb [SCB] PASS: Sel 2, exp= 47d5d6fc, y=47d5d6fc
# # KERNEL: UVM_INFO /home/runner/scoreboard.sv(22) @ 6765: uvm_test_top.env.sb [SCB] PASS: Sel 2, exp= 47d5d6fc, y=47d5d6fc
# # KERNEL: UVM_INFO /home/runner/scoreboard.sv(22) @ 6775: uvm_test_top.env.sb [SCB] PASS: Sel 2, exp= c81008ff, y=c81008ff
# # KERNEL: UVM_INFO /home/runner/scoreboard.sv(22) @ 6785: uvm_test_top.env.sb [SCB] PASS: Sel 0, exp= e0766703, y=e0766703
# # KERNEL: UVM_INFO /home/runner/scoreboard.sv(22) @ 6795: uvm_test_top.env.sb [SCB] PASS: Sel 0, exp= e0766703, y=e0766703
# # KERNEL: UVM_INFO /home/runner/scoreboard.sv(22) @ 6805: uvm_test_top.env.sb [SCB] PASS: Sel 0, exp= fa9e5526, y=fa9e5526
# # KERNEL: UVM_INFO /home/runner/scoreboard.sv(22) @ 6815: uvm_test_top.env.sb [SCB] PASS: Sel 3, exp= 7094956b, y=7094956b
# # KERNEL: UVM_INFO /home/runner/scoreboard.sv(22) @ 6825: uvm_test_top.env.sb [SCB] PASS: Sel 3, exp= 7094956b, y=7094956b
# # KERNEL: UVM_INFO /home/runner/scoreboard.sv(22) @ 6835: uvm_test_top.env.sb [SCB] PASS: Sel 1, exp= 802adcad, y=802adcad
# # KERNEL: UVM_INFO /home/runner/scoreboard.sv(22) @ 6845: uvm_test_top.env.sb [SCB] PASS: Sel 1, exp= 9b5adf7, y=9b5adf7
# # KERNEL: UVM_INFO /home/runner/scoreboard.sv(22) @ 6855: uvm_test_top.env.sb [SCB] PASS: Sel 1, exp= 9b5adf7, y=9b5adf7
# # KERNEL: UVM_INFO /home/runner/scoreboard.sv(22) @ 6865: uvm_test_top.env.sb [SCB] PASS: Sel 3, exp= cb01ad4b, y=cb01ad4b
# # KERNEL: UVM_INFO /home/runner/scoreboard.sv(22) @ 6875: uvm_test_top.env.sb [SCB] PASS: Sel 0, exp= ea4f7219, y=ea4f7219
# # KERNEL: UVM_INFO /home/runner/scoreboard.sv(22) @ 6885: uvm_test_top.env.sb [SCB] PASS: Sel 0, exp= ea4f7219, y=ea4f7219
# # KERNEL: UVM_INFO /home/runner/scoreboard.sv(22) @ 6895: uvm_test_top.env.sb [SCB] PASS: Sel 0, exp= 3d336872, y=3d336872
# # KERNEL: UVM_INFO /home/runner/scoreboard.sv(22) @ 6905: uvm_test_top.env.sb [SCB] PASS: Sel 2, exp= 28b7abd5, y=28b7abd5
# # KERNEL: UVM_INFO /home/runner/scoreboard.sv(22) @ 6915: uvm_test_top.env.sb [SCB] PASS: Sel 2, exp= 28b7abd5, y=28b7abd5
# # KERNEL: UVM_INFO /home/runner/scoreboard.sv(22) @ 6925: uvm_test_top.env.sb [SCB] PASS: Sel 2, exp= ccc91bb0, y=ccc91bb0
# # KERNEL: UVM_INFO /home/runner/scoreboard.sv(22) @ 6935: uvm_test_top.env.sb [SCB] PASS: Sel 1, exp= 390bdd26, y=390bdd26
# # KERNEL: UVM_INFO /home/runner/scoreboard.sv(22) @ 6945: uvm_test_top.env.sb [SCB] PASS: Sel 1, exp= 390bdd26, y=390bdd26
# # KERNEL: UVM_INFO /home/runner/scoreboard.sv(22) @ 6955: uvm_test_top.env.sb [SCB] PASS: Sel 3, exp= 1746bcb9, y=1746bcb9
# # KERNEL: UVM_INFO /home/runner/scoreboard.sv(22) @ 6965: uvm_test_top.env.sb [SCB] PASS: Sel 3, exp= 181f5a5a, y=181f5a5a
# # KERNEL: UVM_INFO /home/runner/scoreboard.sv(22) @ 6975: uvm_test_top.env.sb [SCB] PASS: Sel 3, exp= 181f5a5a, y=181f5a5a
# # KERNEL: UVM_INFO /home/runner/scoreboard.sv(22) @ 6985: uvm_test_top.env.sb [SCB] PASS: Sel 1, exp= ad98d39c, y=ad98d39c
# # KERNEL: UVM_INFO /home/runner/scoreboard.sv(22) @ 6995: uvm_test_top.env.sb [SCB] PASS: Sel 2, exp= 8035fd9b, y=8035fd9b
# # KERNEL: UVM_INFO /home/runner/scoreboard.sv(22) @ 7005: uvm_test_top.env.sb [SCB] PASS: Sel 2, exp= 8035fd9b, y=8035fd9b
# # KERNEL: UVM_INFO /home/runner/scoreboard.sv(22) @ 7015: uvm_test_top.env.sb [SCB] PASS: Sel 2, exp= 5fdb95d5, y=5fdb95d5
# # KERNEL: UVM_INFO /home/runner/scoreboard.sv(22) @ 7025: uvm_test_top.env.sb [SCB] PASS: Sel 0, exp= 44f9e352, y=44f9e352
# # KERNEL: UVM_INFO /home/runner/scoreboard.sv(22) @ 7035: uvm_test_top.env.sb [SCB] PASS: Sel 0, exp= 44f9e352, y=44f9e352
# # KERNEL: UVM_INFO /home/runner/scoreboard.sv(22) @ 7045: uvm_test_top.env.sb [SCB] PASS: Sel 0, exp= 3149025a, y=3149025a
# # KERNEL: UVM_INFO /home/runner/scoreboard.sv(22) @ 7055: uvm_test_top.env.sb [SCB] PASS: Sel 3, exp= aa7aa4e5, y=aa7aa4e5
# # KERNEL: UVM_INFO /home/runner/scoreboard.sv(22) @ 7065: uvm_test_top.env.sb [SCB] PASS: Sel 3, exp= aa7aa4e5, y=aa7aa4e5
# # KERNEL: UVM_INFO /home/runner/scoreboard.sv(22) @ 7075: uvm_test_top.env.sb [SCB] PASS: Sel 1, exp= 4a401877, y=4a401877
# # KERNEL: UVM_INFO /home/runner/scoreboard.sv(22) @ 7085: uvm_test_top.env.sb [SCB] PASS: Sel 1, exp= a40fbace, y=a40fbace
# # KERNEL: UVM_INFO /home/runner/scoreboard.sv(22) @ 7095: uvm_test_top.env.sb [SCB] PASS: Sel 1, exp= a40fbace, y=a40fbace
# # KERNEL: UVM_INFO /home/runner/scoreboard.sv(22) @ 7105: uvm_test_top.env.sb [SCB] PASS: Sel 3, exp= d3c5682b, y=d3c5682b
# # KERNEL: UVM_INFO /home/runner/scoreboard.sv(22) @ 7115: uvm_test_top.env.sb [SCB] PASS: Sel 0, exp= af78ef4a, y=af78ef4a
# # KERNEL: UVM_INFO /home/runner/scoreboard.sv(22) @ 7125: uvm_test_top.env.sb [SCB] PASS: Sel 0, exp= af78ef4a, y=af78ef4a
# # KERNEL: UVM_INFO /home/runner/scoreboard.sv(22) @ 7135: uvm_test_top.env.sb [SCB] PASS: Sel 0, exp= e1dc7b88, y=e1dc7b88
# # KERNEL: UVM_INFO /home/runner/scoreboard.sv(22) @ 7145: uvm_test_top.env.sb [SCB] PASS: Sel 2, exp= e24bc6, y=e24bc6
# # KERNEL: UVM_INFO /home/runner/scoreboard.sv(22) @ 7155: uvm_test_top.env.sb [SCB] PASS: Sel 2, exp= e24bc6, y=e24bc6
# # KERNEL: UVM_INFO /home/runner/scoreboard.sv(22) @ 7165: uvm_test_top.env.sb [SCB] PASS: Sel 2, exp= 2621a95e, y=2621a95e
# # KERNEL: UVM_INFO /home/runner/scoreboard.sv(22) @ 7175: uvm_test_top.env.sb [SCB] PASS: Sel 1, exp= 8cc03dec, y=8cc03dec
# # KERNEL: UVM_INFO /home/runner/scoreboard.sv(22) @ 7185: uvm_test_top.env.sb [SCB] PASS: Sel 1, exp= 8cc03dec, y=8cc03dec
# # KERNEL: UVM_INFO /home/runner/scoreboard.sv(22) @ 7195: uvm_test_top.env.sb [SCB] PASS: Sel 3, exp= 713a1a57, y=713a1a57
# # KERNEL: UVM_INFO /home/runner/scoreboard.sv(22) @ 7205: uvm_test_top.env.sb [SCB] PASS: Sel 3, exp= 937dad58, y=937dad58
# # KERNEL: UVM_INFO /home/runner/scoreboard.sv(22) @ 7215: uvm_test_top.env.sb [SCB] PASS: Sel 3, exp= 937dad58, y=937dad58
# # KERNEL: UVM_INFO /home/runner/scoreboard.sv(22) @ 7225: uvm_test_top.env.sb [SCB] PASS: Sel 1, exp= 45864636, y=45864636
# # KERNEL: UVM_INFO /home/runner/scoreboard.sv(22) @ 7235: uvm_test_top.env.sb [SCB] PASS: Sel 2, exp= 2789541e, y=2789541e
# # KERNEL: UVM_INFO /home/runner/scoreboard.sv(22) @ 7245: uvm_test_top.env.sb [SCB] PASS: Sel 2, exp= 2789541e, y=2789541e
# # KERNEL: UVM_INFO /home/runner/scoreboard.sv(22) @ 7255: uvm_test_top.env.sb [SCB] PASS: Sel 2, exp= 9839fd36, y=9839fd36
# # KERNEL: UVM_INFO /home/runner/scoreboard.sv(22) @ 7265: uvm_test_top.env.sb [SCB] PASS: Sel 0, exp= 9bfa7f41, y=9bfa7f41
# # KERNEL: UVM_INFO /home/runner/scoreboard.sv(22) @ 7275: uvm_test_top.env.sb [SCB] PASS: Sel 0, exp= 9bfa7f41, y=9bfa7f41
# # KERNEL: UVM_INFO /home/runner/scoreboard.sv(22) @ 7285: uvm_test_top.env.sb [SCB] PASS: Sel 0, exp= c1248d08, y=c1248d08
# # KERNEL: UVM_INFO /home/runner/scoreboard.sv(22) @ 7295: uvm_test_top.env.sb [SCB] PASS: Sel 3, exp= b870cdb6, y=b870cdb6
# # KERNEL: UVM_INFO /home/runner/scoreboard.sv(22) @ 7305: uvm_test_top.env.sb [SCB] PASS: Sel 3, exp= b870cdb6, y=b870cdb6
# # KERNEL: UVM_INFO /home/runner/scoreboard.sv(22) @ 7315: uvm_test_top.env.sb [SCB] PASS: Sel 1, exp= f6e5d959, y=f6e5d959
# # KERNEL: UVM_INFO /home/runner/scoreboard.sv(22) @ 7325: uvm_test_top.env.sb [SCB] PASS: Sel 1, exp= 24f1641e, y=24f1641e
# # KERNEL: UVM_INFO /home/runner/scoreboard.sv(22) @ 7335: uvm_test_top.env.sb [SCB] PASS: Sel 1, exp= 24f1641e, y=24f1641e
# # KERNEL: UVM_INFO /home/runner/scoreboard.sv(22) @ 7345: uvm_test_top.env.sb [SCB] PASS: Sel 3, exp= c3f02026, y=c3f02026
# # KERNEL: UVM_INFO /home/runner/scoreboard.sv(22) @ 7355: uvm_test_top.env.sb [SCB] PASS: Sel 0, exp= 3d7d63f3, y=3d7d63f3
# # KERNEL: UVM_INFO /home/runner/scoreboard.sv(22) @ 7365: uvm_test_top.env.sb [SCB] PASS: Sel 0, exp= 3d7d63f3, y=3d7d63f3
# # KERNEL: UVM_INFO /home/runner/scoreboard.sv(22) @ 7375: uvm_test_top.env.sb [SCB] PASS: Sel 0, exp= 6e4d2b2, y=6e4d2b2
# # KERNEL: UVM_INFO /home/runner/scoreboard.sv(22) @ 7385: uvm_test_top.env.sb [SCB] PASS: Sel 2, exp= 9689eb45, y=9689eb45
# # KERNEL: UVM_INFO /home/runner/scoreboard.sv(22) @ 7395: uvm_test_top.env.sb [SCB] PASS: Sel 2, exp= 9689eb45, y=9689eb45
# # KERNEL: UVM_INFO /home/runner/scoreboard.sv(22) @ 7405: uvm_test_top.env.sb [SCB] PASS: Sel 2, exp= 614acc0d, y=614acc0d
# # KERNEL: UVM_INFO /home/runner/scoreboard.sv(22) @ 7415: uvm_test_top.env.sb [SCB] PASS: Sel 1, exp= c554c2c5, y=c554c2c5
# # KERNEL: UVM_INFO /home/runner/scoreboard.sv(22) @ 7425: uvm_test_top.env.sb [SCB] PASS: Sel 1, exp= c554c2c5, y=c554c2c5
# # KERNEL: UVM_INFO /home/runner/scoreboard.sv(22) @ 7435: uvm_test_top.env.sb [SCB] PASS: Sel 3, exp= 1f02178b, y=1f02178b
# # KERNEL: UVM_INFO /home/runner/scoreboard.sv(22) @ 7445: uvm_test_top.env.sb [SCB] PASS: Sel 3, exp= ae93f04c, y=ae93f04c
# # KERNEL: UVM_INFO /home/runner/scoreboard.sv(22) @ 7455: uvm_test_top.env.sb [SCB] PASS: Sel 3, exp= ae93f04c, y=ae93f04c
# # KERNEL: UVM_INFO /home/runner/scoreboard.sv(22) @ 7465: uvm_test_top.env.sb [SCB] PASS: Sel 1, exp= 59c8fc65, y=59c8fc65
# # KERNEL: UVM_INFO /home/runner/scoreboard.sv(22) @ 7475: uvm_test_top.env.sb [SCB] PASS: Sel 2, exp= da35eb6e, y=da35eb6e
# # KERNEL: UVM_INFO /home/runner/scoreboard.sv(22) @ 7485: uvm_test_top.env.sb [SCB] PASS: Sel 2, exp= da35eb6e, y=da35eb6e
# # KERNEL: UVM_INFO /home/runner/scoreboard.sv(22) @ 7495: uvm_test_top.env.sb [SCB] PASS: Sel 2, exp= a6752be6, y=a6752be6
# # KERNEL: UVM_INFO /home/runner/master_seq.sv(28) @ 7500: uvm_test_top.env.agent.sqr@@seq [MASTER_SEQ] Starting Sequence 2...
# # KERNEL: UVM_INFO /home/runner/sequence2.sv(11) @ 7500: uvm_test_top.env.agent.sqr@@s2 [SEQ] Starting All-Ones Stimulus...
# # KERNEL: UVM_INFO /home/runner/scoreboard.sv(22) @ 7505: uvm_test_top.env.sb [SCB] PASS: Sel 2, exp= a6752be6, y=a6752be6
# # KERNEL: UVM_INFO /home/runner/scoreboard.sv(22) @ 7515: uvm_test_top.env.sb [SCB] PASS: Sel 0, exp= ffffffff, y=ffffffff
# # KERNEL: UVM_INFO /home/runner/scoreboard.sv(22) @ 7525: uvm_test_top.env.sb [SCB] PASS: Sel 0, exp= ffffffff, y=ffffffff
# # KERNEL: UVM_INFO /home/runner/scoreboard.sv(22) @ 7535: uvm_test_top.env.sb [SCB] PASS: Sel 0, exp= ffffffff, y=ffffffff
# # KERNEL: UVM_INFO /home/runner/scoreboard.sv(22) @ 7545: uvm_test_top.env.sb [SCB] PASS: Sel 1, exp= ffffffff, y=ffffffff
# # KERNEL: UVM_INFO /home/runner/scoreboard.sv(22) @ 7555: uvm_test_top.env.sb [SCB] PASS: Sel 1, exp= ffffffff, y=ffffffff
# # KERNEL: UVM_INFO /home/runner/scoreboard.sv(22) @ 7565: uvm_test_top.env.sb [SCB] PASS: Sel 2, exp= ffffffff, y=ffffffff
# # KERNEL: UVM_INFO /home/runner/scoreboard.sv(22) @ 7575: uvm_test_top.env.sb [SCB] PASS: Sel 2, exp= ffffffff, y=ffffffff
# # KERNEL: UVM_INFO /home/runner/scoreboard.sv(22) @ 7585: uvm_test_top.env.sb [SCB] PASS: Sel 2, exp= ffffffff, y=ffffffff
# # KERNEL: UVM_INFO /home/runner/scoreboard.sv(22) @ 7595: uvm_test_top.env.sb [SCB] PASS: Sel 3, exp= ffffffff, y=ffffffff
# # KERNEL: UVM_INFO /home/runner/master_seq.sv(31) @ 7600: uvm_test_top.env.agent.sqr@@seq [MASTER_SEQ] Starting Sequence 3...
# # KERNEL: UVM_INFO /home/runner/sequence3.sv(11) @ 7600: uvm_test_top.env.agent.sqr@@s3 [SEQ] Starting All-Zeros Stimulus...
# # KERNEL: UVM_INFO /home/runner/scoreboard.sv(22) @ 7605: uvm_test_top.env.sb [SCB] PASS: Sel 3, exp= ffffffff, y=ffffffff
# # KERNEL: UVM_INFO /home/runner/scoreboard.sv(22) @ 7615: uvm_test_top.env.sb [SCB] PASS: Sel 0, exp= 0, y=0
# # KERNEL: UVM_INFO /home/runner/scoreboard.sv(22) @ 7625: uvm_test_top.env.sb [SCB] PASS: Sel 0, exp= 0, y=0
# # KERNEL: UVM_INFO /home/runner/scoreboard.sv(22) @ 7635: uvm_test_top.env.sb [SCB] PASS: Sel 0, exp= 0, y=0
# # KERNEL: UVM_INFO /home/runner/scoreboard.sv(22) @ 7645: uvm_test_top.env.sb [SCB] PASS: Sel 1, exp= 0, y=0
# # KERNEL: UVM_INFO /home/runner/scoreboard.sv(22) @ 7655: uvm_test_top.env.sb [SCB] PASS: Sel 1, exp= 0, y=0
# # KERNEL: UVM_INFO /home/runner/scoreboard.sv(22) @ 7665: uvm_test_top.env.sb [SCB] PASS: Sel 2, exp= 0, y=0
# # KERNEL: UVM_INFO /home/runner/scoreboard.sv(22) @ 7675: uvm_test_top.env.sb [SCB] PASS: Sel 2, exp= 0, y=0
# # KERNEL: UVM_INFO /home/runner/scoreboard.sv(22) @ 7685: uvm_test_top.env.sb [SCB] PASS: Sel 2, exp= 0, y=0
# # KERNEL: UVM_INFO /home/runner/scoreboard.sv(22) @ 7695: uvm_test_top.env.sb [SCB] PASS: Sel 3, exp= 0, y=0
# # KERNEL: UVM_INFO /home/runner/master_seq.sv(34) @ 7700: uvm_test_top.env.agent.sqr@@seq [MASTER_SEQ] Starting Sequence 4...
# # KERNEL: UVM_INFO /home/runner/sequence4.sv(11) @ 7700: uvm_test_top.env.agent.sqr@@s4 [SEQ] Starting Select-Unknown Stimulus...
# # KERNEL: UVM_ERROR /home/runner/scoreboard.sv(26) @ 7705: uvm_test_top.env.sb [SCB] MISMATCH! Sel:x Got:xxxxxxxx Exp:f848d26d
# # KERNEL: UVM_ERROR /home/runner/scoreboard.sv(26) @ 7715: uvm_test_top.env.sb [SCB] MISMATCH! Sel:x Got:xxxxxxxx Exp:f848d26d
# # KERNEL: Error: assertion.sv (14): SVA ERROR: Output y (xxxxxxxx) != d[x] (xxxxxxxx)
# # KERNEL: Error: assertion.sv (22): SVA ERROR: Unknown value detected on output y!
# # KERNEL: Error: assertion.sv (30): SVASELECT LINE IS X/Z!
# # KERNEL: UVM_ERROR /home/runner/scoreboard.sv(26) @ 7725: uvm_test_top.env.sb [SCB] MISMATCH! Sel:x Got:xxxxxxxx Exp:54d1845b
# # KERNEL: UVM_ERROR /home/runner/scoreboard.sv(26) @ 7735: uvm_test_top.env.sb [SCB] MISMATCH! Sel:x Got:xxxxxxxx Exp:a86c6559
# # KERNEL: UVM_ERROR /home/runner/scoreboard.sv(26) @ 7745: uvm_test_top.env.sb [SCB] MISMATCH! Sel:x Got:xxxxxxxx Exp:a86c6559
# # KERNEL: UVM_ERROR /home/runner/scoreboard.sv(26) @ 7755: uvm_test_top.env.sb [SCB] MISMATCH! Sel:x Got:xxxxxxxx Exp:f46618
# # KERNEL: UVM_ERROR /home/runner/scoreboard.sv(26) @ 7765: uvm_test_top.env.sb [SCB] MISMATCH! Sel:x Got:xxxxxxxx Exp:f8762bb1
# # KERNEL: UVM_INFO /home/runner/master_seq.sv(37) @ 7775: uvm_test_top.env.agent.sqr@@seq [MASTER_SEQ] Starting Sequence 5...
# # KERNEL: UVM_INFO /home/runner/sequence5.sv(11) @ 7775: uvm_test_top.env.agent.sqr@@s5 [SEQ] Starting Pattern Sequence for Toggle Coverage
# # KERNEL: UVM_ERROR /home/runner/scoreboard.sv(26) @ 7775: uvm_test_top.env.sb [SCB] MISMATCH! Sel:x Got:xxxxxxxx Exp:f8762bb1
# # KERNEL: UVM_INFO /home/runner/scoreboard.sv(22) @ 7785: uvm_test_top.env.sb [SCB] PASS: Sel 0, exp= 0, y=0
# # KERNEL: UVM_INFO /home/runner/scoreboard.sv(22) @ 7795: uvm_test_top.env.sb [SCB] PASS: Sel 1, exp= 0, y=0
# # KERNEL: UVM_INFO /home/runner/scoreboard.sv(22) @ 7805: uvm_test_top.env.sb [SCB] PASS: Sel 1, exp= 0, y=0
# # KERNEL: UVM_INFO /home/runner/scoreboard.sv(22) @ 7815: uvm_test_top.env.sb [SCB] PASS: Sel 2, exp= 0, y=0
# # KERNEL: UVM_INFO /home/runner/scoreboard.sv(22) @ 7825: uvm_test_top.env.sb [SCB] PASS: Sel 3, exp= 0, y=0
# # KERNEL: UVM_INFO /home/runner/scoreboard.sv(22) @ 7835: uvm_test_top.env.sb [SCB] PASS: Sel 3, exp= 0, y=0
# # KERNEL: UVM_INFO /home/runner/scoreboard.sv(22) @ 7845: uvm_test_top.env.sb [SCB] PASS: Sel 0, exp= ffffffff, y=ffffffff
# # KERNEL: UVM_INFO /home/runner/scoreboard.sv(22) @ 7855: uvm_test_top.env.sb [SCB] PASS: Sel 1, exp= ffffffff, y=ffffffff
# # KERNEL: UVM_INFO /home/runner/scoreboard.sv(22) @ 7865: uvm_test_top.env.sb [SCB] PASS: Sel 1, exp= ffffffff, y=ffffffff
# # KERNEL: UVM_INFO /home/runner/scoreboard.sv(22) @ 7875: uvm_test_top.env.sb [SCB] PASS: Sel 2, exp= ffffffff, y=ffffffff
# # KERNEL: UVM_INFO /home/runner/scoreboard.sv(22) @ 7885: uvm_test_top.env.sb [SCB] PASS: Sel 3, exp= ffffffff, y=ffffffff
# # KERNEL: UVM_INFO /home/runner/scoreboard.sv(22) @ 7895: uvm_test_top.env.sb [SCB] PASS: Sel 3, exp= ffffffff, y=ffffffff
# # KERNEL: UVM_INFO /home/runner/scoreboard.sv(22) @ 7905: uvm_test_top.env.sb [SCB] PASS: Sel 0, exp= 55555555, y=55555555
# # KERNEL: UVM_INFO /home/runner/scoreboard.sv(22) @ 7915: uvm_test_top.env.sb [SCB] PASS: Sel 1, exp= 55555555, y=55555555
# # KERNEL: UVM_INFO /home/runner/scoreboard.sv(22) @ 7925: uvm_test_top.env.sb [SCB] PASS: Sel 1, exp= 55555555, y=55555555
# # KERNEL: UVM_INFO /home/runner/scoreboard.sv(22) @ 7935: uvm_test_top.env.sb [SCB] PASS: Sel 2, exp= 55555555, y=55555555
# # KERNEL: UVM_INFO /home/runner/scoreboard.sv(22) @ 7945: uvm_test_top.env.sb [SCB] PASS: Sel 3, exp= 55555555, y=55555555
# # KERNEL: UVM_INFO /home/runner/scoreboard.sv(22) @ 7955: uvm_test_top.env.sb [SCB] PASS: Sel 3, exp= 55555555, y=55555555
# # KERNEL: UVM_INFO /home/runner/scoreboard.sv(22) @ 7965: uvm_test_top.env.sb [SCB] PASS: Sel 0, exp= aaaaaaaa, y=aaaaaaaa
# # KERNEL: UVM_INFO /home/runner/scoreboard.sv(22) @ 7975: uvm_test_top.env.sb [SCB] PASS: Sel 1, exp= aaaaaaaa, y=aaaaaaaa
# # KERNEL: UVM_INFO /home/runner/scoreboard.sv(22) @ 7985: uvm_test_top.env.sb [SCB] PASS: Sel 1, exp= aaaaaaaa, y=aaaaaaaa
# # KERNEL: UVM_INFO /home/runner/scoreboard.sv(22) @ 7995: uvm_test_top.env.sb [SCB] PASS: Sel 2, exp= aaaaaaaa, y=aaaaaaaa
# # KERNEL: UVM_INFO /home/runner/scoreboard.sv(22) @ 8005: uvm_test_top.env.sb [SCB] PASS: Sel 3, exp= aaaaaaaa, y=aaaaaaaa
# # KERNEL: UVM_INFO /home/runner/scoreboard.sv(22) @ 8015: uvm_test_top.env.sb [SCB] PASS: Sel 3, exp= aaaaaaaa, y=aaaaaaaa
# # KERNEL: UVM_INFO /home/runner/scoreboard.sv(22) @ 8025: uvm_test_top.env.sb [SCB] PASS: Sel 0, exp= 1, y=1
# # KERNEL: UVM_INFO /home/runner/scoreboard.sv(22) @ 8035: uvm_test_top.env.sb [SCB] PASS: Sel 1, exp= 1, y=1
# # KERNEL: UVM_INFO /home/runner/scoreboard.sv(22) @ 8045: uvm_test_top.env.sb [SCB] PASS: Sel 1, exp= 1, y=1
# # KERNEL: UVM_INFO /home/runner/scoreboard.sv(22) @ 8055: uvm_test_top.env.sb [SCB] PASS: Sel 2, exp= 1, y=1
# # KERNEL: UVM_INFO /home/runner/scoreboard.sv(22) @ 8065: uvm_test_top.env.sb [SCB] PASS: Sel 3, exp= 1, y=1
# # KERNEL: UVM_INFO /home/runner/scoreboard.sv(22) @ 8075: uvm_test_top.env.sb [SCB] PASS: Sel 3, exp= 1, y=1
# # KERNEL: UVM_INFO /home/runner/scoreboard.sv(22) @ 8085: uvm_test_top.env.sb [SCB] PASS: Sel 0, exp= 2, y=2
# # KERNEL: UVM_INFO /home/runner/scoreboard.sv(22) @ 8095: uvm_test_top.env.sb [SCB] PASS: Sel 1, exp= 2, y=2
# # KERNEL: UVM_INFO /home/runner/scoreboard.sv(22) @ 8105: uvm_test_top.env.sb [SCB] PASS: Sel 1, exp= 2, y=2
# # KERNEL: UVM_INFO /home/runner/scoreboard.sv(22) @ 8115: uvm_test_top.env.sb [SCB] PASS: Sel 2, exp= 2, y=2
# # KERNEL: UVM_INFO /home/runner/scoreboard.sv(22) @ 8125: uvm_test_top.env.sb [SCB] PASS: Sel 3, exp= 2, y=2
# # KERNEL: UVM_INFO /home/runner/scoreboard.sv(22) @ 8135: uvm_test_top.env.sb [SCB] PASS: Sel 3, exp= 2, y=2
# # KERNEL: UVM_INFO /home/runner/scoreboard.sv(22) @ 8145: uvm_test_top.env.sb [SCB] PASS: Sel 0, exp= 4, y=4
# # KERNEL: UVM_INFO /home/runner/scoreboard.sv(22) @ 8155: uvm_test_top.env.sb [SCB] PASS: Sel 1, exp= 4, y=4
# # KERNEL: UVM_INFO /home/runner/scoreboard.sv(22) @ 8165: uvm_test_top.env.sb [SCB] PASS: Sel 1, exp= 4, y=4
# # KERNEL: UVM_INFO /home/runner/scoreboard.sv(22) @ 8175: uvm_test_top.env.sb [SCB] PASS: Sel 2, exp= 4, y=4
# # KERNEL: UVM_INFO /home/runner/scoreboard.sv(22) @ 8185: uvm_test_top.env.sb [SCB] PASS: Sel 3, exp= 4, y=4
# # KERNEL: UVM_INFO /home/runner/scoreboard.sv(22) @ 8195: uvm_test_top.env.sb [SCB] PASS: Sel 3, exp= 4, y=4
# # KERNEL: UVM_INFO /home/runner/scoreboard.sv(22) @ 8205: uvm_test_top.env.sb [SCB] PASS: Sel 0, exp= 8, y=8
# # KERNEL: UVM_INFO /home/runner/scoreboard.sv(22) @ 8215: uvm_test_top.env.sb [SCB] PASS: Sel 1, exp= 8, y=8
# # KERNEL: UVM_INFO /home/runner/scoreboard.sv(22) @ 8225: uvm_test_top.env.sb [SCB] PASS: Sel 1, exp= 8, y=8
# # KERNEL: UVM_INFO /home/runner/scoreboard.sv(22) @ 8235: uvm_test_top.env.sb [SCB] PASS: Sel 2, exp= 8, y=8
# # KERNEL: UVM_INFO /home/runner/scoreboard.sv(22) @ 8245: uvm_test_top.env.sb [SCB] PASS: Sel 3, exp= 8, y=8
# # KERNEL: UVM_INFO /home/runner/scoreboard.sv(22) @ 8255: uvm_test_top.env.sb [SCB] PASS: Sel 3, exp= 8, y=8
# # KERNEL: UVM_INFO /home/runner/scoreboard.sv(22) @ 8265: uvm_test_top.env.sb [SCB] PASS: Sel 0, exp= 10, y=10
# # KERNEL: UVM_INFO /home/runner/scoreboard.sv(22) @ 8275: uvm_test_top.env.sb [SCB] PASS: Sel 1, exp= 10, y=10
# # KERNEL: UVM_INFO /home/runner/scoreboard.sv(22) @ 8285: uvm_test_top.env.sb [SCB] PASS: Sel 1, exp= 10, y=10
# # KERNEL: UVM_INFO /home/runner/scoreboard.sv(22) @ 8295: uvm_test_top.env.sb [SCB] PASS: Sel 2, exp= 10, y=10
# # KERNEL: UVM_INFO /home/runner/scoreboard.sv(22) @ 8305: uvm_test_top.env.sb [SCB] PASS: Sel 3, exp= 10, y=10
# # KERNEL: UVM_INFO /home/runner/scoreboard.sv(22) @ 8315: uvm_test_top.env.sb [SCB] PASS: Sel 3, exp= 10, y=10
# # KERNEL: UVM_INFO /home/runner/scoreboard.sv(22) @ 8325: uvm_test_top.env.sb [SCB] PASS: Sel 0, exp= 20, y=20
# # KERNEL: UVM_INFO /home/runner/scoreboard.sv(22) @ 8335: uvm_test_top.env.sb [SCB] PASS: Sel 1, exp= 20, y=20
# # KERNEL: UVM_INFO /home/runner/scoreboard.sv(22) @ 8345: uvm_test_top.env.sb [SCB] PASS: Sel 1, exp= 20, y=20
# # KERNEL: UVM_INFO /home/runner/scoreboard.sv(22) @ 8355: uvm_test_top.env.sb [SCB] PASS: Sel 2, exp= 20, y=20
# # KERNEL: UVM_INFO /home/runner/scoreboard.sv(22) @ 8365: uvm_test_top.env.sb [SCB] PASS: Sel 3, exp= 20, y=20
# # KERNEL: UVM_INFO /home/runner/scoreboard.sv(22) @ 8375: uvm_test_top.env.sb [SCB] PASS: Sel 3, exp= 20, y=20
# # KERNEL: UVM_INFO /home/runner/scoreboard.sv(22) @ 8385: uvm_test_top.env.sb [SCB] PASS: Sel 0, exp= 40, y=40
# # KERNEL: UVM_INFO /home/runner/scoreboard.sv(22) @ 8395: uvm_test_top.env.sb [SCB] PASS: Sel 1, exp= 40, y=40
# # KERNEL: UVM_INFO /home/runner/scoreboard.sv(22) @ 8405: uvm_test_top.env.sb [SCB] PASS: Sel 1, exp= 40, y=40
# # KERNEL: UVM_INFO /home/runner/scoreboard.sv(22) @ 8415: uvm_test_top.env.sb [SCB] PASS: Sel 2, exp= 40, y=40
# # KERNEL: UVM_INFO /home/runner/scoreboard.sv(22) @ 8425: uvm_test_top.env.sb [SCB] PASS: Sel 3, exp= 40, y=40
# # KERNEL: UVM_INFO /home/runner/scoreboard.sv(22) @ 8435: uvm_test_top.env.sb [SCB] PASS: Sel 3, exp= 40, y=40
# # KERNEL: UVM_INFO /home/runner/scoreboard.sv(22) @ 8445: uvm_test_top.env.sb [SCB] PASS: Sel 0, exp= 80, y=80
# # KERNEL: UVM_INFO /home/runner/scoreboard.sv(22) @ 8455: uvm_test_top.env.sb [SCB] PASS: Sel 1, exp= 80, y=80
# # KERNEL: UVM_INFO /home/runner/scoreboard.sv(22) @ 8465: uvm_test_top.env.sb [SCB] PASS: Sel 1, exp= 80, y=80
# # KERNEL: UVM_INFO /home/runner/scoreboard.sv(22) @ 8475: uvm_test_top.env.sb [SCB] PASS: Sel 2, exp= 80, y=80
# # KERNEL: UVM_INFO /home/runner/scoreboard.sv(22) @ 8485: uvm_test_top.env.sb [SCB] PASS: Sel 3, exp= 80, y=80
# # KERNEL: UVM_INFO /home/runner/scoreboard.sv(22) @ 8495: uvm_test_top.env.sb [SCB] PASS: Sel 3, exp= 80, y=80
# # KERNEL: UVM_INFO ./uvm-1.2/src/base/uvm_objection.svh(1271) @ 8505: reporter [TEST_DONE] 'run' phase is ready to proceed to the 'extract' phase
# # KERNEL: UVM_INFO ./uvm-1.2/src/base/uvm_report_server.svh(869) @ 8505: reporter [UVM/REPORT/SERVER] 
# # KERNEL: --- UVM Report Summary ---
# # KERNEL: 
# # KERNEL: ** Report counts by severity
# # KERNEL: UVM_INFO :  854
# # KERNEL: UVM_WARNING :    0
# # KERNEL: UVM_ERROR :    8
# # KERNEL: UVM_FATAL :    0
# # KERNEL: ** Report counts by id
# # KERNEL: [MASTER_SEQ]     5
# # KERNEL: [RNTST]     1
# # KERNEL: [SCB]   850
# # KERNEL: [SEQ]     4
# # KERNEL: [TEST_DONE]     1
# # KERNEL: [UVM/RELNOTES]     1
# # KERNEL: 
# # RUNTIME: Info: RUNTIME_0068 uvm_root.svh (521): $finish called.
# # KERNEL: Time: 8505 ns,  Iteration: 57,  Instance: /top,  Process: @INITIAL#27_1@.
# # KERNEL: stopped at time: 8505 ns
# # VSIM: Simulation has finished. There are no more test vectors to simulate.
