vsim +access+r;
# ELBREAD: Elaboration process.
# ELBREAD: Warning: ELBREAD_0049 The "uvm_pkg" design unit does not have a time unit/precision defined but other design units do.
# ELBREAD: Elaboration time 0.8 [s].
# KERNEL: Main thread initiated.
# KERNEL: Kernel process initialization phase.
# ELAB2: Elaboration final pass...
# KERNEL: PLI/VHPI kernel's engine initialization done.
# PLI: Loading library '/usr/share/Riviera-PRO/bin/libsystf.so'
# ELAB2: Create instances ...
# KERNEL: Info: Loading library:  /usr/share/Riviera-PRO/bin/uvm_1_2_dpi
# KERNEL: Time resolution set to 1ns.
# ELAB2: Create instances complete.
# SLP: Started
# SLP: Elaboration phase ...
# SLP: Elaboration phase ... done : 0.1 [s]
# SLP: Generation phase ...
# SLP: Generation phase ... done : 0.1 [s]
# SLP: Finished : 0.1 [s]
# SLP: 0 primitives and 4 (21.05%) other processes in SLP
# SLP: 24 (0.08%) signals in SLP and 84 (0.27%) interface signals
# ELAB2: Elaboration final pass complete - time: 3.0 [s].
# KERNEL: SLP loading done - time: 0.0 [s].
# KERNEL: Warning: You are using the Riviera-PRO EDU Edition. The performance of simulation is reduced.
# KERNEL: Warning: Contact Aldec for available upgrade options - sales@aldec.com.
# KERNEL: SLP simulation initialization done - time: 0.0 [s].
# KERNEL: Kernel process initialization done.
# Allocation: Simulator allocated 30810 kB (elbread=2130 elab2=23817 kernel=4861 sdf=0)
# KERNEL: UVM_INFO ./uvm-1.2/src/base/uvm_root.svh(392) @ 0: reporter [UVM/RELNOTES] 
# KERNEL: ----------------------------------------------------------------
# KERNEL: UVM-1.2
# KERNEL: (C) 2007-2014 Mentor Graphics Corporation
# KERNEL: (C) 2007-2014 Cadence Design Systems, Inc.
# KERNEL: (C) 2006-2014 Synopsys, Inc.
# KERNEL: (C) 2011-2013 Cypress Semiconductor Corp.
# KERNEL: (C) 2013-2014 NVIDIA Corporation
# KERNEL: ----------------------------------------------------------------
# KERNEL: 
# KERNEL:   ***********       IMPORTANT RELEASE NOTES         ************
# KERNEL: 
# KERNEL:   You are using a version of the UVM library that has been compiled
# KERNEL:   with `UVM_NO_DEPRECATED undefined.
# KERNEL:   See http://www.eda.org/svdb/view.php?id=3313 for more details.
# KERNEL: 
# KERNEL:   You are using a version of the UVM library that has been compiled
# KERNEL:   with `UVM_OBJECT_DO_NOT_NEED_CONSTRUCTOR undefined.
# KERNEL:   See http://www.eda.org/svdb/view.php?id=3770 for more details.
# KERNEL: 
# KERNEL:       (Specify +UVM_NO_RELNOTES to turn off this notice)
# KERNEL: 
# KERNEL: ASDB file was created in location /home/runner/dataset.asdb
run -all;
# KERNEL: UVM_INFO @ 0: reporter [RNTST] Running test counter_test...
# KERNEL: UVM_INFO /home/runner/test.sv(21) @ 0: uvm_test_top [counter_test] Starting test...
# KERNEL: UVM_INFO /home/runner/master_seq.sv(18) @ 0: uvm_test_top.env.agent.sqr@@seq [MASTER_SEQ] Starting Sequence 1...
# KERNEL: UVM_INFO /home/runner/sequence1.sv(13) @ 0: uvm_test_top.env.agent.sqr@@s1 [counter_base_sequence] Starting sequence body
# KERNEL: UVM_INFO /home/runner/monitor.sv(57) @ 5: uvm_test_top.env.agent.mon [MON] rst=x | load =x | up_down=x | count_in=x | count=x | max_tick=x | min_tick=x
# KERNEL: UVM_INFO /home/runner/monitor.sv(28) @ 15: uvm_test_top.env.agent.mon [MON] Reset Active
# KERNEL: UVM_INFO /home/runner/monitor.sv(40) @ 15: uvm_test_top.env.agent.mon [MON] rst=1 | load =0 | up_down=0 | count_in=0 | count=0 | max_tick=0 | min_tick=1
# KERNEL: UVM_INFO /home/runner/scoreboard.sv(26) @ 25: uvm_test_top.env.scb [counter_scoreboard] Scoreboard received item
# KERNEL: UVM_INFO /home/runner/scoreboard.sv(31) @ 25: uvm_test_top.env.scb [SCB_PASS] Match! Exp=0, Act=0
# KERNEL: UVM_INFO /home/runner/monitor.sv(57) @ 25: uvm_test_top.env.agent.mon [MON] rst=0 | load =0 | up_down=0 | count_in=0 | count=0 | max_tick=0 | min_tick=1
# KERNEL: UVM_INFO /home/runner/driver.sv(51) @ 25: uvm_test_top.env.agent.drv [DRV] rst=0,load=1 | up_down=1 | count_in=3
# KERNEL: UVM_INFO /home/runner/scoreboard.sv(26) @ 35: uvm_test_top.env.scb [counter_scoreboard] Scoreboard received item
# KERNEL: UVM_INFO /home/runner/scoreboard.sv(31) @ 35: uvm_test_top.env.scb [SCB_PASS] Match! Exp=15, Act=15
# KERNEL: UVM_INFO /home/runner/monitor.sv(57) @ 35: uvm_test_top.env.agent.mon [MON] rst=0 | load =1 | up_down=1 | count_in=3 | count=15 | max_tick=1 | min_tick=0
# KERNEL: UVM_INFO /home/runner/scoreboard.sv(26) @ 45: uvm_test_top.env.scb [counter_scoreboard] Scoreboard received item
# KERNEL: UVM_INFO /home/runner/scoreboard.sv(31) @ 45: uvm_test_top.env.scb [SCB_PASS] Match! Exp=3, Act=3
# KERNEL: UVM_INFO /home/runner/monitor.sv(57) @ 45: uvm_test_top.env.agent.mon [MON] rst=0 | load =1 | up_down=1 | count_in=3 | count=3 | max_tick=0 | min_tick=0
# KERNEL: UVM_INFO /home/runner/driver.sv(51) @ 45: uvm_test_top.env.agent.drv [DRV] rst=0,load=0 | up_down=1 | count_in=5
# KERNEL: UVM_INFO /home/runner/scoreboard.sv(26) @ 55: uvm_test_top.env.scb [counter_scoreboard] Scoreboard received item
# KERNEL: UVM_INFO /home/runner/scoreboard.sv(31) @ 55: uvm_test_top.env.scb [SCB_PASS] Match! Exp=3, Act=3
# KERNEL: UVM_INFO /home/runner/monitor.sv(57) @ 55: uvm_test_top.env.agent.mon [MON] rst=0 | load =0 | up_down=1 | count_in=5 | count=3 | max_tick=0 | min_tick=0
# KERNEL: UVM_INFO /home/runner/scoreboard.sv(26) @ 65: uvm_test_top.env.scb [counter_scoreboard] Scoreboard received item
# KERNEL: UVM_INFO /home/runner/scoreboard.sv(31) @ 65: uvm_test_top.env.scb [SCB_PASS] Match! Exp=4, Act=4
# KERNEL: UVM_INFO /home/runner/monitor.sv(57) @ 65: uvm_test_top.env.agent.mon [MON] rst=0 | load =0 | up_down=1 | count_in=5 | count=4 | max_tick=0 | min_tick=0
# KERNEL: UVM_INFO /home/runner/driver.sv(51) @ 65: uvm_test_top.env.agent.drv [DRV] rst=0,load=0 | up_down=0 | count_in=7
# KERNEL: UVM_INFO /home/runner/scoreboard.sv(26) @ 75: uvm_test_top.env.scb [counter_scoreboard] Scoreboard received item
# KERNEL: UVM_INFO /home/runner/scoreboard.sv(31) @ 75: uvm_test_top.env.scb [SCB_PASS] Match! Exp=5, Act=5
# KERNEL: UVM_INFO /home/runner/monitor.sv(57) @ 75: uvm_test_top.env.agent.mon [MON] rst=0 | load =0 | up_down=0 | count_in=7 | count=5 | max_tick=0 | min_tick=0
# KERNEL: UVM_INFO /home/runner/scoreboard.sv(26) @ 85: uvm_test_top.env.scb [counter_scoreboard] Scoreboard received item
# KERNEL: UVM_INFO /home/runner/scoreboard.sv(31) @ 85: uvm_test_top.env.scb [SCB_PASS] Match! Exp=4, Act=4
# KERNEL: UVM_INFO /home/runner/monitor.sv(57) @ 85: uvm_test_top.env.agent.mon [MON] rst=0 | load =0 | up_down=0 | count_in=7 | count=4 | max_tick=0 | min_tick=0
# KERNEL: UVM_INFO /home/runner/driver.sv(51) @ 85: uvm_test_top.env.agent.drv [DRV] rst=0,load=0 | up_down=0 | count_in=6
# KERNEL: UVM_INFO /home/runner/scoreboard.sv(26) @ 95: uvm_test_top.env.scb [counter_scoreboard] Scoreboard received item
# KERNEL: UVM_INFO /home/runner/scoreboard.sv(31) @ 95: uvm_test_top.env.scb [SCB_PASS] Match! Exp=3, Act=3
# KERNEL: UVM_INFO /home/runner/monitor.sv(57) @ 95: uvm_test_top.env.agent.mon [MON] rst=0 | load =0 | up_down=0 | count_in=6 | count=3 | max_tick=0 | min_tick=0
# KERNEL: UVM_INFO /home/runner/scoreboard.sv(26) @ 105: uvm_test_top.env.scb [counter_scoreboard] Scoreboard received item
# KERNEL: UVM_INFO /home/runner/scoreboard.sv(31) @ 105: uvm_test_top.env.scb [SCB_PASS] Match! Exp=2, Act=2
# KERNEL: UVM_INFO /home/runner/monitor.sv(57) @ 105: uvm_test_top.env.agent.mon [MON] rst=0 | load =0 | up_down=0 | count_in=6 | count=2 | max_tick=0 | min_tick=0
# KERNEL: UVM_INFO /home/runner/driver.sv(51) @ 105: uvm_test_top.env.agent.drv [DRV] rst=0,load=1 | up_down=1 | count_in=8
# KERNEL: UVM_INFO /home/runner/scoreboard.sv(26) @ 115: uvm_test_top.env.scb [counter_scoreboard] Scoreboard received item
# KERNEL: UVM_INFO /home/runner/scoreboard.sv(31) @ 115: uvm_test_top.env.scb [SCB_PASS] Match! Exp=1, Act=1
# KERNEL: UVM_INFO /home/runner/monitor.sv(57) @ 115: uvm_test_top.env.agent.mon [MON] rst=0 | load =1 | up_down=1 | count_in=8 | count=1 | max_tick=0 | min_tick=0
# KERNEL: UVM_INFO /home/runner/scoreboard.sv(26) @ 125: uvm_test_top.env.scb [counter_scoreboard] Scoreboard received item
# KERNEL: UVM_INFO /home/runner/scoreboard.sv(31) @ 125: uvm_test_top.env.scb [SCB_PASS] Match! Exp=8, Act=8
# KERNEL: UVM_INFO /home/runner/monitor.sv(57) @ 125: uvm_test_top.env.agent.mon [MON] rst=0 | load =1 | up_down=1 | count_in=8 | count=8 | max_tick=0 | min_tick=0
# KERNEL: UVM_INFO /home/runner/driver.sv(51) @ 125: uvm_test_top.env.agent.drv [DRV] rst=0,load=0 | up_down=1 | count_in=1
# KERNEL: UVM_INFO /home/runner/scoreboard.sv(26) @ 135: uvm_test_top.env.scb [counter_scoreboard] Scoreboard received item
# KERNEL: UVM_INFO /home/runner/scoreboard.sv(31) @ 135: uvm_test_top.env.scb [SCB_PASS] Match! Exp=8, Act=8
# KERNEL: UVM_INFO /home/runner/monitor.sv(57) @ 135: uvm_test_top.env.agent.mon [MON] rst=0 | load =0 | up_down=1 | count_in=1 | count=8 | max_tick=0 | min_tick=0
# KERNEL: UVM_INFO /home/runner/scoreboard.sv(26) @ 145: uvm_test_top.env.scb [counter_scoreboard] Scoreboard received item
# KERNEL: UVM_INFO /home/runner/scoreboard.sv(31) @ 145: uvm_test_top.env.scb [SCB_PASS] Match! Exp=9, Act=9
# KERNEL: UVM_INFO /home/runner/monitor.sv(57) @ 145: uvm_test_top.env.agent.mon [MON] rst=0 | load =0 | up_down=1 | count_in=1 | count=9 | max_tick=0 | min_tick=0
# KERNEL: UVM_INFO /home/runner/driver.sv(51) @ 145: uvm_test_top.env.agent.drv [DRV] rst=0,load=0 | up_down=1 | count_in=0
# KERNEL: UVM_INFO /home/runner/scoreboard.sv(26) @ 155: uvm_test_top.env.scb [counter_scoreboard] Scoreboard received item
# KERNEL: UVM_INFO /home/runner/scoreboard.sv(31) @ 155: uvm_test_top.env.scb [SCB_PASS] Match! Exp=10, Act=10
# KERNEL: UVM_INFO /home/runner/monitor.sv(57) @ 155: uvm_test_top.env.agent.mon [MON] rst=0 | load =0 | up_down=1 | count_in=0 | count=10 | max_tick=0 | min_tick=0
# KERNEL: UVM_INFO /home/runner/scoreboard.sv(26) @ 165: uvm_test_top.env.scb [counter_scoreboard] Scoreboard received item
# KERNEL: UVM_INFO /home/runner/scoreboard.sv(31) @ 165: uvm_test_top.env.scb [SCB_PASS] Match! Exp=11, Act=11
# KERNEL: UVM_INFO /home/runner/monitor.sv(57) @ 165: uvm_test_top.env.agent.mon [MON] rst=0 | load =0 | up_down=1 | count_in=0 | count=11 | max_tick=0 | min_tick=0
# KERNEL: UVM_INFO /home/runner/driver.sv(51) @ 165: uvm_test_top.env.agent.drv [DRV] rst=0,load=0 | up_down=1 | count_in=4
# KERNEL: UVM_INFO /home/runner/scoreboard.sv(26) @ 175: uvm_test_top.env.scb [counter_scoreboard] Scoreboard received item
# KERNEL: UVM_INFO /home/runner/scoreboard.sv(31) @ 175: uvm_test_top.env.scb [SCB_PASS] Match! Exp=12, Act=12
# KERNEL: UVM_INFO /home/runner/monitor.sv(57) @ 175: uvm_test_top.env.agent.mon [MON] rst=0 | load =0 | up_down=1 | count_in=4 | count=12 | max_tick=0 | min_tick=0
# KERNEL: UVM_INFO /home/runner/scoreboard.sv(26) @ 185: uvm_test_top.env.scb [counter_scoreboard] Scoreboard received item
# KERNEL: UVM_INFO /home/runner/scoreboard.sv(31) @ 185: uvm_test_top.env.scb [SCB_PASS] Match! Exp=13, Act=13
# KERNEL: UVM_INFO /home/runner/monitor.sv(57) @ 185: uvm_test_top.env.agent.mon [MON] rst=0 | load =0 | up_down=1 | count_in=4 | count=13 | max_tick=0 | min_tick=0
# KERNEL: UVM_INFO /home/runner/driver.sv(51) @ 185: uvm_test_top.env.agent.drv [DRV] rst=0,load=0 | up_down=1 | count_in=8
# KERNEL: UVM_INFO /home/runner/scoreboard.sv(26) @ 195: uvm_test_top.env.scb [counter_scoreboard] Scoreboard received item
# KERNEL: UVM_INFO /home/runner/scoreboard.sv(31) @ 195: uvm_test_top.env.scb [SCB_PASS] Match! Exp=14, Act=14
# KERNEL: UVM_INFO /home/runner/monitor.sv(57) @ 195: uvm_test_top.env.agent.mon [MON] rst=0 | load =0 | up_down=1 | count_in=8 | count=14 | max_tick=0 | min_tick=0
# KERNEL: UVM_INFO /home/runner/scoreboard.sv(26) @ 205: uvm_test_top.env.scb [counter_scoreboard] Scoreboard received item
# KERNEL: UVM_INFO /home/runner/scoreboard.sv(31) @ 205: uvm_test_top.env.scb [SCB_PASS] Match! Exp=15, Act=15
# KERNEL: UVM_INFO /home/runner/monitor.sv(57) @ 205: uvm_test_top.env.agent.mon [MON] rst=0 | load =0 | up_down=1 | count_in=8 | count=15 | max_tick=1 | min_tick=0
# KERNEL: UVM_INFO /home/runner/driver.sv(51) @ 205: uvm_test_top.env.agent.drv [DRV] rst=0,load=0 | up_down=0 | count_in=8
# KERNEL: UVM_INFO /home/runner/scoreboard.sv(26) @ 215: uvm_test_top.env.scb [counter_scoreboard] Scoreboard received item
# KERNEL: UVM_INFO /home/runner/scoreboard.sv(31) @ 215: uvm_test_top.env.scb [SCB_PASS] Match! Exp=0, Act=0
# KERNEL: UVM_INFO /home/runner/monitor.sv(57) @ 215: uvm_test_top.env.agent.mon [MON] rst=0 | load =0 | up_down=0 | count_in=8 | count=0 | max_tick=0 | min_tick=1
# KERNEL: UVM_INFO /home/runner/scoreboard.sv(26) @ 225: uvm_test_top.env.scb [counter_scoreboard] Scoreboard received item
# KERNEL: UVM_INFO /home/runner/scoreboard.sv(31) @ 225: uvm_test_top.env.scb [SCB_PASS] Match! Exp=15, Act=15
# KERNEL: UVM_INFO /home/runner/monitor.sv(57) @ 225: uvm_test_top.env.agent.mon [MON] rst=0 | load =0 | up_down=0 | count_in=8 | count=15 | max_tick=1 | min_tick=0
# KERNEL: UVM_INFO /home/runner/driver.sv(51) @ 225: uvm_test_top.env.agent.drv [DRV] rst=0,load=0 | up_down=0 | count_in=4
# KERNEL: UVM_INFO /home/runner/scoreboard.sv(26) @ 235: uvm_test_top.env.scb [counter_scoreboard] Scoreboard received item
# KERNEL: UVM_INFO /home/runner/scoreboard.sv(31) @ 235: uvm_test_top.env.scb [SCB_PASS] Match! Exp=14, Act=14
# KERNEL: UVM_INFO /home/runner/monitor.sv(57) @ 235: uvm_test_top.env.agent.mon [MON] rst=0 | load =0 | up_down=0 | count_in=4 | count=14 | max_tick=0 | min_tick=0
# KERNEL: UVM_INFO /home/runner/scoreboard.sv(26) @ 245: uvm_test_top.env.scb [counter_scoreboard] Scoreboard received item
# KERNEL: UVM_INFO /home/runner/scoreboard.sv(31) @ 245: uvm_test_top.env.scb [SCB_PASS] Match! Exp=13, Act=13
# KERNEL: UVM_INFO /home/runner/monitor.sv(57) @ 245: uvm_test_top.env.agent.mon [MON] rst=0 | load =0 | up_down=0 | count_in=4 | count=13 | max_tick=0 | min_tick=0
# KERNEL: UVM_INFO /home/runner/driver.sv(51) @ 245: uvm_test_top.env.agent.drv [DRV] rst=1,load=0 | up_down=0 | count_in=13
# KERNEL: UVM_INFO /home/runner/monitor.sv(28) @ 255: uvm_test_top.env.agent.mon [MON] Reset Active
# KERNEL: UVM_INFO /home/runner/monitor.sv(40) @ 255: uvm_test_top.env.agent.mon [MON] rst=1 | load =0 | up_down=0 | count_in=13 | count=0 | max_tick=0 | min_tick=1
# KERNEL: UVM_INFO /home/runner/monitor.sv(28) @ 265: uvm_test_top.env.agent.mon [MON] Reset Active
# KERNEL: UVM_INFO /home/runner/monitor.sv(40) @ 265: uvm_test_top.env.agent.mon [MON] rst=1 | load =0 | up_down=0 | count_in=13 | count=0 | max_tick=0 | min_tick=1
# KERNEL: UVM_INFO /home/runner/driver.sv(51) @ 265: uvm_test_top.env.agent.drv [DRV] rst=0,load=0 | up_down=0 | count_in=6
# KERNEL: UVM_INFO /home/runner/scoreboard.sv(26) @ 275: uvm_test_top.env.scb [counter_scoreboard] Scoreboard received item
# KERNEL: UVM_INFO /home/runner/scoreboard.sv(31) @ 275: uvm_test_top.env.scb [SCB_PASS] Match! Exp=0, Act=0
# KERNEL: UVM_INFO /home/runner/monitor.sv(57) @ 275: uvm_test_top.env.agent.mon [MON] rst=0 | load =0 | up_down=0 | count_in=6 | count=0 | max_tick=0 | min_tick=1
# KERNEL: UVM_INFO /home/runner/scoreboard.sv(26) @ 285: uvm_test_top.env.scb [counter_scoreboard] Scoreboard received item
# KERNEL: UVM_INFO /home/runner/scoreboard.sv(31) @ 285: uvm_test_top.env.scb [SCB_PASS] Match! Exp=15, Act=15
# KERNEL: UVM_INFO /home/runner/monitor.sv(57) @ 285: uvm_test_top.env.agent.mon [MON] rst=0 | load =0 | up_down=0 | count_in=6 | count=15 | max_tick=1 | min_tick=0
# KERNEL: UVM_INFO /home/runner/driver.sv(51) @ 285: uvm_test_top.env.agent.drv [DRV] rst=0,load=0 | up_down=1 | count_in=9
# KERNEL: UVM_INFO /home/runner/scoreboard.sv(26) @ 295: uvm_test_top.env.scb [counter_scoreboard] Scoreboard received item
# KERNEL: UVM_INFO /home/runner/scoreboard.sv(31) @ 295: uvm_test_top.env.scb [SCB_PASS] Match! Exp=14, Act=14
# KERNEL: UVM_INFO /home/runner/monitor.sv(57) @ 295: uvm_test_top.env.agent.mon [MON] rst=0 | load =0 | up_down=1 | count_in=9 | count=14 | max_tick=0 | min_tick=0
# KERNEL: UVM_INFO /home/runner/scoreboard.sv(26) @ 305: uvm_test_top.env.scb [counter_scoreboard] Scoreboard received item
# KERNEL: UVM_INFO /home/runner/scoreboard.sv(31) @ 305: uvm_test_top.env.scb [SCB_PASS] Match! Exp=15, Act=15
# KERNEL: UVM_INFO /home/runner/monitor.sv(57) @ 305: uvm_test_top.env.agent.mon [MON] rst=0 | load =0 | up_down=1 | count_in=9 | count=15 | max_tick=1 | min_tick=0
# KERNEL: UVM_INFO /home/runner/driver.sv(51) @ 305: uvm_test_top.env.agent.drv [DRV] rst=0,load=0 | up_down=1 | count_in=6
# KERNEL: UVM_INFO /home/runner/scoreboard.sv(26) @ 315: uvm_test_top.env.scb [counter_scoreboard] Scoreboard received item
# KERNEL: UVM_INFO /home/runner/scoreboard.sv(31) @ 315: uvm_test_top.env.scb [SCB_PASS] Match! Exp=0, Act=0
# KERNEL: UVM_INFO /home/runner/monitor.sv(57) @ 315: uvm_test_top.env.agent.mon [MON] rst=0 | load =0 | up_down=1 | count_in=6 | count=0 | max_tick=0 | min_tick=1
# KERNEL: UVM_INFO /home/runner/scoreboard.sv(26) @ 325: uvm_test_top.env.scb [counter_scoreboard] Scoreboard received item
# KERNEL: UVM_INFO /home/runner/scoreboard.sv(31) @ 325: uvm_test_top.env.scb [SCB_PASS] Match! Exp=1, Act=1
# KERNEL: UVM_INFO /home/runner/monitor.sv(57) @ 325: uvm_test_top.env.agent.mon [MON] rst=0 | load =0 | up_down=1 | count_in=6 | count=1 | max_tick=0 | min_tick=0
# KERNEL: UVM_INFO /home/runner/driver.sv(51) @ 325: uvm_test_top.env.agent.drv [DRV] rst=0,load=1 | up_down=1 | count_in=8
# KERNEL: UVM_INFO /home/runner/scoreboard.sv(26) @ 335: uvm_test_top.env.scb [counter_scoreboard] Scoreboard received item
# KERNEL: UVM_INFO /home/runner/scoreboard.sv(31) @ 335: uvm_test_top.env.scb [SCB_PASS] Match! Exp=2, Act=2
# KERNEL: UVM_INFO /home/runner/monitor.sv(57) @ 335: uvm_test_top.env.agent.mon [MON] rst=0 | load =1 | up_down=1 | count_in=8 | count=2 | max_tick=0 | min_tick=0
# KERNEL: UVM_INFO /home/runner/scoreboard.sv(26) @ 345: uvm_test_top.env.scb [counter_scoreboard] Scoreboard received item
# KERNEL: UVM_INFO /home/runner/scoreboard.sv(31) @ 345: uvm_test_top.env.scb [SCB_PASS] Match! Exp=8, Act=8
# KERNEL: UVM_INFO /home/runner/monitor.sv(57) @ 345: uvm_test_top.env.agent.mon [MON] rst=0 | load =1 | up_down=1 | count_in=8 | count=8 | max_tick=0 | min_tick=0
# KERNEL: UVM_INFO /home/runner/driver.sv(51) @ 345: uvm_test_top.env.agent.drv [DRV] rst=0,load=0 | up_down=1 | count_in=4
# KERNEL: UVM_INFO /home/runner/scoreboard.sv(26) @ 355: uvm_test_top.env.scb [counter_scoreboard] Scoreboard received item
# KERNEL: UVM_INFO /home/runner/scoreboard.sv(31) @ 355: uvm_test_top.env.scb [SCB_PASS] Match! Exp=8, Act=8
# KERNEL: UVM_INFO /home/runner/monitor.sv(57) @ 355: uvm_test_top.env.agent.mon [MON] rst=0 | load =0 | up_down=1 | count_in=4 | count=8 | max_tick=0 | min_tick=0
# KERNEL: UVM_INFO /home/runner/scoreboard.sv(26) @ 365: uvm_test_top.env.scb [counter_scoreboard] Scoreboard received item
# KERNEL: UVM_INFO /home/runner/scoreboard.sv(31) @ 365: uvm_test_top.env.scb [SCB_PASS] Match! Exp=9, Act=9
# KERNEL: UVM_INFO /home/runner/monitor.sv(57) @ 365: uvm_test_top.env.agent.mon [MON] rst=0 | load =0 | up_down=1 | count_in=4 | count=9 | max_tick=0 | min_tick=0
# KERNEL: UVM_INFO /home/runner/driver.sv(51) @ 365: uvm_test_top.env.agent.drv [DRV] rst=0,load=0 | up_down=1 | count_in=5
# KERNEL: UVM_INFO /home/runner/scoreboard.sv(26) @ 375: uvm_test_top.env.scb [counter_scoreboard] Scoreboard received item
# KERNEL: UVM_INFO /home/runner/scoreboard.sv(31) @ 375: uvm_test_top.env.scb [SCB_PASS] Match! Exp=10, Act=10
# KERNEL: UVM_INFO /home/runner/monitor.sv(57) @ 375: uvm_test_top.env.agent.mon [MON] rst=0 | load =0 | up_down=1 | count_in=5 | count=10 | max_tick=0 | min_tick=0
# KERNEL: UVM_INFO /home/runner/scoreboard.sv(26) @ 385: uvm_test_top.env.scb [counter_scoreboard] Scoreboard received item
# KERNEL: UVM_INFO /home/runner/scoreboard.sv(31) @ 385: uvm_test_top.env.scb [SCB_PASS] Match! Exp=11, Act=11
# KERNEL: UVM_INFO /home/runner/monitor.sv(57) @ 385: uvm_test_top.env.agent.mon [MON] rst=0 | load =0 | up_down=1 | count_in=5 | count=11 | max_tick=0 | min_tick=0
# KERNEL: UVM_INFO /home/runner/driver.sv(51) @ 385: uvm_test_top.env.agent.drv [DRV] rst=1,load=0 | up_down=0 | count_in=4
# KERNEL: UVM_INFO /home/runner/monitor.sv(28) @ 395: uvm_test_top.env.agent.mon [MON] Reset Active
# KERNEL: UVM_INFO /home/runner/monitor.sv(40) @ 395: uvm_test_top.env.agent.mon [MON] rst=1 | load =0 | up_down=0 | count_in=4 | count=0 | max_tick=0 | min_tick=1
# KERNEL: UVM_INFO /home/runner/monitor.sv(28) @ 405: uvm_test_top.env.agent.mon [MON] Reset Active
# KERNEL: UVM_INFO /home/runner/monitor.sv(40) @ 405: uvm_test_top.env.agent.mon [MON] rst=1 | load =0 | up_down=0 | count_in=4 | count=0 | max_tick=0 | min_tick=1
# KERNEL: UVM_INFO /home/runner/driver.sv(51) @ 405: uvm_test_top.env.agent.drv [DRV] rst=0,load=1 | up_down=1 | count_in=12
# KERNEL: UVM_INFO /home/runner/scoreboard.sv(26) @ 415: uvm_test_top.env.scb [counter_scoreboard] Scoreboard received item
# KERNEL: UVM_INFO /home/runner/scoreboard.sv(31) @ 415: uvm_test_top.env.scb [SCB_PASS] Match! Exp=0, Act=0
# KERNEL: UVM_INFO /home/runner/monitor.sv(57) @ 415: uvm_test_top.env.agent.mon [MON] rst=0 | load =1 | up_down=1 | count_in=12 | count=0 | max_tick=0 | min_tick=1
# KERNEL: UVM_INFO /home/runner/scoreboard.sv(26) @ 425: uvm_test_top.env.scb [counter_scoreboard] Scoreboard received item
# KERNEL: UVM_INFO /home/runner/scoreboard.sv(31) @ 425: uvm_test_top.env.scb [SCB_PASS] Match! Exp=12, Act=12
# KERNEL: UVM_INFO /home/runner/monitor.sv(57) @ 425: uvm_test_top.env.agent.mon [MON] rst=0 | load =1 | up_down=1 | count_in=12 | count=12 | max_tick=0 | min_tick=0
# KERNEL: UVM_INFO /home/runner/driver.sv(51) @ 425: uvm_test_top.env.agent.drv [DRV] rst=0,load=1 | up_down=1 | count_in=11
# KERNEL: UVM_INFO /home/runner/scoreboard.sv(26) @ 435: uvm_test_top.env.scb [counter_scoreboard] Scoreboard received item
# KERNEL: UVM_INFO /home/runner/scoreboard.sv(31) @ 435: uvm_test_top.env.scb [SCB_PASS] Match! Exp=12, Act=12
# KERNEL: UVM_INFO /home/runner/monitor.sv(57) @ 435: uvm_test_top.env.agent.mon [MON] rst=0 | load =1 | up_down=1 | count_in=11 | count=12 | max_tick=0 | min_tick=0
# KERNEL: UVM_INFO /home/runner/scoreboard.sv(26) @ 445: uvm_test_top.env.scb [counter_scoreboard] Scoreboard received item
# KERNEL: UVM_INFO /home/runner/scoreboard.sv(31) @ 445: uvm_test_top.env.scb [SCB_PASS] Match! Exp=11, Act=11
# KERNEL: UVM_INFO /home/runner/monitor.sv(57) @ 445: uvm_test_top.env.agent.mon [MON] rst=0 | load =1 | up_down=1 | count_in=11 | count=11 | max_tick=0 | min_tick=0
# KERNEL: UVM_INFO /home/runner/driver.sv(51) @ 445: uvm_test_top.env.agent.drv [DRV] rst=0,load=1 | up_down=0 | count_in=4
# KERNEL: UVM_INFO /home/runner/scoreboard.sv(26) @ 455: uvm_test_top.env.scb [counter_scoreboard] Scoreboard received item
# KERNEL: UVM_INFO /home/runner/scoreboard.sv(31) @ 455: uvm_test_top.env.scb [SCB_PASS] Match! Exp=11, Act=11
# KERNEL: UVM_INFO /home/runner/monitor.sv(57) @ 455: uvm_test_top.env.agent.mon [MON] rst=0 | load =1 | up_down=0 | count_in=4 | count=11 | max_tick=0 | min_tick=0
# KERNEL: UVM_INFO /home/runner/scoreboard.sv(26) @ 465: uvm_test_top.env.scb [counter_scoreboard] Scoreboard received item
# KERNEL: UVM_INFO /home/runner/scoreboard.sv(31) @ 465: uvm_test_top.env.scb [SCB_PASS] Match! Exp=4, Act=4
# KERNEL: UVM_INFO /home/runner/monitor.sv(57) @ 465: uvm_test_top.env.agent.mon [MON] rst=0 | load =1 | up_down=0 | count_in=4 | count=4 | max_tick=0 | min_tick=0
# KERNEL: UVM_INFO /home/runner/driver.sv(51) @ 465: uvm_test_top.env.agent.drv [DRV] rst=0,load=0 | up_down=0 | count_in=11
# KERNEL: UVM_INFO /home/runner/scoreboard.sv(26) @ 475: uvm_test_top.env.scb [counter_scoreboard] Scoreboard received item
# KERNEL: UVM_INFO /home/runner/scoreboard.sv(31) @ 475: uvm_test_top.env.scb [SCB_PASS] Match! Exp=4, Act=4
# KERNEL: UVM_INFO /home/runner/monitor.sv(57) @ 475: uvm_test_top.env.agent.mon [MON] rst=0 | load =0 | up_down=0 | count_in=11 | count=4 | max_tick=0 | min_tick=0
# KERNEL: UVM_INFO /home/runner/scoreboard.sv(26) @ 485: uvm_test_top.env.scb [counter_scoreboard] Scoreboard received item
# KERNEL: UVM_INFO /home/runner/scoreboard.sv(31) @ 485: uvm_test_top.env.scb [SCB_PASS] Match! Exp=3, Act=3
# KERNEL: UVM_INFO /home/runner/monitor.sv(57) @ 485: uvm_test_top.env.agent.mon [MON] rst=0 | load =0 | up_down=0 | count_in=11 | count=3 | max_tick=0 | min_tick=0
# KERNEL: UVM_INFO /home/runner/driver.sv(51) @ 485: uvm_test_top.env.agent.drv [DRV] rst=0,load=0 | up_down=0 | count_in=1
# KERNEL: UVM_INFO /home/runner/scoreboard.sv(26) @ 495: uvm_test_top.env.scb [counter_scoreboard] Scoreboard received item
# KERNEL: UVM_INFO /home/runner/scoreboard.sv(31) @ 495: uvm_test_top.env.scb [SCB_PASS] Match! Exp=2, Act=2
# KERNEL: UVM_INFO /home/runner/monitor.sv(57) @ 495: uvm_test_top.env.agent.mon [MON] rst=0 | load =0 | up_down=0 | count_in=1 | count=2 | max_tick=0 | min_tick=0
# KERNEL: UVM_INFO /home/runner/scoreboard.sv(26) @ 505: uvm_test_top.env.scb [counter_scoreboard] Scoreboard received item
# KERNEL: UVM_INFO /home/runner/scoreboard.sv(31) @ 505: uvm_test_top.env.scb [SCB_PASS] Match! Exp=1, Act=1
# KERNEL: UVM_INFO /home/runner/monitor.sv(57) @ 505: uvm_test_top.env.agent.mon [MON] rst=0 | load =0 | up_down=0 | count_in=1 | count=1 | max_tick=0 | min_tick=0
# KERNEL: UVM_INFO /home/runner/driver.sv(51) @ 505: uvm_test_top.env.agent.drv [DRV] rst=0,load=1 | up_down=1 | count_in=8
# KERNEL: UVM_INFO /home/runner/scoreboard.sv(26) @ 515: uvm_test_top.env.scb [counter_scoreboard] Scoreboard received item
# KERNEL: UVM_INFO /home/runner/scoreboard.sv(31) @ 515: uvm_test_top.env.scb [SCB_PASS] Match! Exp=0, Act=0
# KERNEL: UVM_INFO /home/runner/monitor.sv(57) @ 515: uvm_test_top.env.agent.mon [MON] rst=0 | load =1 | up_down=1 | count_in=8 | count=0 | max_tick=0 | min_tick=1
# KERNEL: UVM_INFO /home/runner/scoreboard.sv(26) @ 525: uvm_test_top.env.scb [counter_scoreboard] Scoreboard received item
# KERNEL: UVM_INFO /home/runner/scoreboard.sv(31) @ 525: uvm_test_top.env.scb [SCB_PASS] Match! Exp=8, Act=8
# KERNEL: UVM_INFO /home/runner/monitor.sv(57) @ 525: uvm_test_top.env.agent.mon [MON] rst=0 | load =1 | up_down=1 | count_in=8 | count=8 | max_tick=0 | min_tick=0
# KERNEL: UVM_INFO /home/runner/driver.sv(51) @ 525: uvm_test_top.env.agent.drv [DRV] rst=0,load=0 | up_down=1 | count_in=13
# KERNEL: UVM_INFO /home/runner/scoreboard.sv(26) @ 535: uvm_test_top.env.scb [counter_scoreboard] Scoreboard received item
# KERNEL: UVM_INFO /home/runner/scoreboard.sv(31) @ 535: uvm_test_top.env.scb [SCB_PASS] Match! Exp=8, Act=8
# KERNEL: UVM_INFO /home/runner/monitor.sv(57) @ 535: uvm_test_top.env.agent.mon [MON] rst=0 | load =0 | up_down=1 | count_in=13 | count=8 | max_tick=0 | min_tick=0
# KERNEL: UVM_INFO /home/runner/scoreboard.sv(26) @ 545: uvm_test_top.env.scb [counter_scoreboard] Scoreboard received item
# KERNEL: UVM_INFO /home/runner/scoreboard.sv(31) @ 545: uvm_test_top.env.scb [SCB_PASS] Match! Exp=9, Act=9
# KERNEL: UVM_INFO /home/runner/monitor.sv(57) @ 545: uvm_test_top.env.agent.mon [MON] rst=0 | load =0 | up_down=1 | count_in=13 | count=9 | max_tick=0 | min_tick=0
# KERNEL: UVM_INFO /home/runner/driver.sv(51) @ 545: uvm_test_top.env.agent.drv [DRV] rst=0,load=1 | up_down=0 | count_in=7
# KERNEL: UVM_INFO /home/runner/scoreboard.sv(26) @ 555: uvm_test_top.env.scb [counter_scoreboard] Scoreboard received item
# KERNEL: UVM_INFO /home/runner/scoreboard.sv(31) @ 555: uvm_test_top.env.scb [SCB_PASS] Match! Exp=10, Act=10
# KERNEL: UVM_INFO /home/runner/monitor.sv(57) @ 555: uvm_test_top.env.agent.mon [MON] rst=0 | load =1 | up_down=0 | count_in=7 | count=10 | max_tick=0 | min_tick=0
# KERNEL: UVM_INFO /home/runner/scoreboard.sv(26) @ 565: uvm_test_top.env.scb [counter_scoreboard] Scoreboard received item
# KERNEL: UVM_INFO /home/runner/scoreboard.sv(31) @ 565: uvm_test_top.env.scb [SCB_PASS] Match! Exp=7, Act=7
# KERNEL: UVM_INFO /home/runner/monitor.sv(57) @ 565: uvm_test_top.env.agent.mon [MON] rst=0 | load =1 | up_down=0 | count_in=7 | count=7 | max_tick=0 | min_tick=0
# KERNEL: UVM_INFO /home/runner/driver.sv(51) @ 565: uvm_test_top.env.agent.drv [DRV] rst=0,load=0 | up_down=0 | count_in=13
# KERNEL: UVM_INFO /home/runner/scoreboard.sv(26) @ 575: uvm_test_top.env.scb [counter_scoreboard] Scoreboard received item
# KERNEL: UVM_INFO /home/runner/scoreboard.sv(31) @ 575: uvm_test_top.env.scb [SCB_PASS] Match! Exp=7, Act=7
# KERNEL: UVM_INFO /home/runner/monitor.sv(57) @ 575: uvm_test_top.env.agent.mon [MON] rst=0 | load =0 | up_down=0 | count_in=13 | count=7 | max_tick=0 | min_tick=0
# KERNEL: UVM_INFO /home/runner/scoreboard.sv(26) @ 585: uvm_test_top.env.scb [counter_scoreboard] Scoreboard received item
# KERNEL: UVM_INFO /home/runner/scoreboard.sv(31) @ 585: uvm_test_top.env.scb [SCB_PASS] Match! Exp=6, Act=6
# KERNEL: UVM_INFO /home/runner/monitor.sv(57) @ 585: uvm_test_top.env.agent.mon [MON] rst=0 | load =0 | up_down=0 | count_in=13 | count=6 | max_tick=0 | min_tick=0
# KERNEL: UVM_INFO /home/runner/driver.sv(51) @ 585: uvm_test_top.env.agent.drv [DRV] rst=0,load=0 | up_down=0 | count_in=5
# KERNEL: UVM_INFO /home/runner/scoreboard.sv(26) @ 595: uvm_test_top.env.scb [counter_scoreboard] Scoreboard received item
# KERNEL: UVM_INFO /home/runner/scoreboard.sv(31) @ 595: uvm_test_top.env.scb [SCB_PASS] Match! Exp=5, Act=5
# KERNEL: UVM_INFO /home/runner/monitor.sv(57) @ 595: uvm_test_top.env.agent.mon [MON] rst=0 | load =0 | up_down=0 | count_in=5 | count=5 | max_tick=0 | min_tick=0
# KERNEL: UVM_INFO /home/runner/scoreboard.sv(26) @ 605: uvm_test_top.env.scb [counter_scoreboard] Scoreboard received item
# KERNEL: UVM_INFO /home/runner/scoreboard.sv(31) @ 605: uvm_test_top.env.scb [SCB_PASS] Match! Exp=4, Act=4
# KERNEL: UVM_INFO /home/runner/monitor.sv(57) @ 605: uvm_test_top.env.agent.mon [MON] rst=0 | load =0 | up_down=0 | count_in=5 | count=4 | max_tick=0 | min_tick=0
# KERNEL: UVM_INFO /home/runner/driver.sv(51) @ 605: uvm_test_top.env.agent.drv [DRV] rst=0,load=0 | up_down=0 | count_in=4
# KERNEL: UVM_INFO /home/runner/scoreboard.sv(26) @ 615: uvm_test_top.env.scb [counter_scoreboard] Scoreboard received item
# KERNEL: UVM_INFO /home/runner/scoreboard.sv(31) @ 615: uvm_test_top.env.scb [SCB_PASS] Match! Exp=3, Act=3
# KERNEL: UVM_INFO /home/runner/monitor.sv(57) @ 615: uvm_test_top.env.agent.mon [MON] rst=0 | load =0 | up_down=0 | count_in=4 | count=3 | max_tick=0 | min_tick=0
# KERNEL: UVM_INFO /home/runner/scoreboard.sv(26) @ 625: uvm_test_top.env.scb [counter_scoreboard] Scoreboard received item
# KERNEL: UVM_INFO /home/runner/scoreboard.sv(31) @ 625: uvm_test_top.env.scb [SCB_PASS] Match! Exp=2, Act=2
# KERNEL: UVM_INFO /home/runner/monitor.sv(57) @ 625: uvm_test_top.env.agent.mon [MON] rst=0 | load =0 | up_down=0 | count_in=4 | count=2 | max_tick=0 | min_tick=0
# KERNEL: UVM_INFO /home/runner/driver.sv(51) @ 625: uvm_test_top.env.agent.drv [DRV] rst=0,load=0 | up_down=0 | count_in=12
# KERNEL: UVM_INFO /home/runner/scoreboard.sv(26) @ 635: uvm_test_top.env.scb [counter_scoreboard] Scoreboard received item
# KERNEL: UVM_INFO /home/runner/scoreboard.sv(31) @ 635: uvm_test_top.env.scb [SCB_PASS] Match! Exp=1, Act=1
# KERNEL: UVM_INFO /home/runner/monitor.sv(57) @ 635: uvm_test_top.env.agent.mon [MON] rst=0 | load =0 | up_down=0 | count_in=12 | count=1 | max_tick=0 | min_tick=0
# KERNEL: UVM_INFO /home/runner/scoreboard.sv(26) @ 645: uvm_test_top.env.scb [counter_scoreboard] Scoreboard received item
# KERNEL: UVM_INFO /home/runner/scoreboard.sv(31) @ 645: uvm_test_top.env.scb [SCB_PASS] Match! Exp=0, Act=0
# KERNEL: UVM_INFO /home/runner/monitor.sv(57) @ 645: uvm_test_top.env.agent.mon [MON] rst=0 | load =0 | up_down=0 | count_in=12 | count=0 | max_tick=0 | min_tick=1
# KERNEL: UVM_INFO /home/runner/driver.sv(51) @ 645: uvm_test_top.env.agent.drv [DRV] rst=0,load=0 | up_down=0 | count_in=10
# KERNEL: UVM_INFO /home/runner/scoreboard.sv(26) @ 655: uvm_test_top.env.scb [counter_scoreboard] Scoreboard received item
# KERNEL: UVM_INFO /home/runner/scoreboard.sv(31) @ 655: uvm_test_top.env.scb [SCB_PASS] Match! Exp=15, Act=15
# KERNEL: UVM_INFO /home/runner/monitor.sv(57) @ 655: uvm_test_top.env.agent.mon [MON] rst=0 | load =0 | up_down=0 | count_in=10 | count=15 | max_tick=1 | min_tick=0
# KERNEL: UVM_INFO /home/runner/scoreboard.sv(26) @ 665: uvm_test_top.env.scb [counter_scoreboard] Scoreboard received item
# KERNEL: UVM_INFO /home/runner/scoreboard.sv(31) @ 665: uvm_test_top.env.scb [SCB_PASS] Match! Exp=14, Act=14
# KERNEL: UVM_INFO /home/runner/monitor.sv(57) @ 665: uvm_test_top.env.agent.mon [MON] rst=0 | load =0 | up_down=0 | count_in=10 | count=14 | max_tick=0 | min_tick=0
# KERNEL: UVM_INFO /home/runner/driver.sv(51) @ 665: uvm_test_top.env.agent.drv [DRV] rst=0,load=0 | up_down=1 | count_in=3
# KERNEL: UVM_INFO /home/runner/scoreboard.sv(26) @ 675: uvm_test_top.env.scb [counter_scoreboard] Scoreboard received item
# KERNEL: UVM_INFO /home/runner/scoreboard.sv(31) @ 675: uvm_test_top.env.scb [SCB_PASS] Match! Exp=13, Act=13
# KERNEL: UVM_INFO /home/runner/monitor.sv(57) @ 675: uvm_test_top.env.agent.mon [MON] rst=0 | load =0 | up_down=1 | count_in=3 | count=13 | max_tick=0 | min_tick=0
# KERNEL: UVM_INFO /home/runner/scoreboard.sv(26) @ 685: uvm_test_top.env.scb [counter_scoreboard] Scoreboard received item
# KERNEL: UVM_INFO /home/runner/scoreboard.sv(31) @ 685: uvm_test_top.env.scb [SCB_PASS] Match! Exp=14, Act=14
# KERNEL: UVM_INFO /home/runner/monitor.sv(57) @ 685: uvm_test_top.env.agent.mon [MON] rst=0 | load =0 | up_down=1 | count_in=3 | count=14 | max_tick=0 | min_tick=0
# KERNEL: UVM_INFO /home/runner/driver.sv(51) @ 685: uvm_test_top.env.agent.drv [DRV] rst=0,load=1 | up_down=1 | count_in=6
# KERNEL: UVM_INFO /home/runner/scoreboard.sv(26) @ 695: uvm_test_top.env.scb [counter_scoreboard] Scoreboard received item
# KERNEL: UVM_INFO /home/runner/scoreboard.sv(31) @ 695: uvm_test_top.env.scb [SCB_PASS] Match! Exp=15, Act=15
# KERNEL: UVM_INFO /home/runner/monitor.sv(57) @ 695: uvm_test_top.env.agent.mon [MON] rst=0 | load =1 | up_down=1 | count_in=6 | count=15 | max_tick=1 | min_tick=0
# KERNEL: UVM_INFO /home/runner/scoreboard.sv(26) @ 705: uvm_test_top.env.scb [counter_scoreboard] Scoreboard received item
# KERNEL: UVM_INFO /home/runner/scoreboard.sv(31) @ 705: uvm_test_top.env.scb [SCB_PASS] Match! Exp=6, Act=6
# KERNEL: UVM_INFO /home/runner/monitor.sv(57) @ 705: uvm_test_top.env.agent.mon [MON] rst=0 | load =1 | up_down=1 | count_in=6 | count=6 | max_tick=0 | min_tick=0
# KERNEL: UVM_INFO /home/runner/driver.sv(51) @ 705: uvm_test_top.env.agent.drv [DRV] rst=0,load=0 | up_down=1 | count_in=10
# KERNEL: UVM_INFO /home/runner/scoreboard.sv(26) @ 715: uvm_test_top.env.scb [counter_scoreboard] Scoreboard received item
# KERNEL: UVM_INFO /home/runner/scoreboard.sv(31) @ 715: uvm_test_top.env.scb [SCB_PASS] Match! Exp=6, Act=6
# KERNEL: UVM_INFO /home/runner/monitor.sv(57) @ 715: uvm_test_top.env.agent.mon [MON] rst=0 | load =0 | up_down=1 | count_in=10 | count=6 | max_tick=0 | min_tick=0
# KERNEL: UVM_INFO /home/runner/scoreboard.sv(26) @ 725: uvm_test_top.env.scb [counter_scoreboard] Scoreboard received item
# KERNEL: UVM_INFO /home/runner/scoreboard.sv(31) @ 725: uvm_test_top.env.scb [SCB_PASS] Match! Exp=7, Act=7
# KERNEL: UVM_INFO /home/runner/monitor.sv(57) @ 725: uvm_test_top.env.agent.mon [MON] rst=0 | load =0 | up_down=1 | count_in=10 | count=7 | max_tick=0 | min_tick=0
# KERNEL: UVM_INFO /home/runner/driver.sv(51) @ 725: uvm_test_top.env.agent.drv [DRV] rst=0,load=1 | up_down=0 | count_in=6
# KERNEL: UVM_INFO /home/runner/scoreboard.sv(26) @ 735: uvm_test_top.env.scb [counter_scoreboard] Scoreboard received item
# KERNEL: UVM_INFO /home/runner/scoreboard.sv(31) @ 735: uvm_test_top.env.scb [SCB_PASS] Match! Exp=8, Act=8
# KERNEL: UVM_INFO /home/runner/monitor.sv(57) @ 735: uvm_test_top.env.agent.mon [MON] rst=0 | load =1 | up_down=0 | count_in=6 | count=8 | max_tick=0 | min_tick=0
# KERNEL: UVM_INFO /home/runner/scoreboard.sv(26) @ 745: uvm_test_top.env.scb [counter_scoreboard] Scoreboard received item
# KERNEL: UVM_INFO /home/runner/scoreboard.sv(31) @ 745: uvm_test_top.env.scb [SCB_PASS] Match! Exp=6, Act=6
# KERNEL: UVM_INFO /home/runner/monitor.sv(57) @ 745: uvm_test_top.env.agent.mon [MON] rst=0 | load =1 | up_down=0 | count_in=6 | count=6 | max_tick=0 | min_tick=0
# KERNEL: UVM_INFO /home/runner/driver.sv(51) @ 745: uvm_test_top.env.agent.drv [DRV] rst=0,load=0 | up_down=1 | count_in=11
# KERNEL: UVM_INFO /home/runner/scoreboard.sv(26) @ 755: uvm_test_top.env.scb [counter_scoreboard] Scoreboard received item
# KERNEL: UVM_INFO /home/runner/scoreboard.sv(31) @ 755: uvm_test_top.env.scb [SCB_PASS] Match! Exp=6, Act=6
# KERNEL: UVM_INFO /home/runner/monitor.sv(57) @ 755: uvm_test_top.env.agent.mon [MON] rst=0 | load =0 | up_down=1 | count_in=11 | count=6 | max_tick=0 | min_tick=0
# KERNEL: UVM_INFO /home/runner/scoreboard.sv(26) @ 765: uvm_test_top.env.scb [counter_scoreboard] Scoreboard received item
# KERNEL: UVM_INFO /home/runner/scoreboard.sv(31) @ 765: uvm_test_top.env.scb [SCB_PASS] Match! Exp=7, Act=7
# KERNEL: UVM_INFO /home/runner/monitor.sv(57) @ 765: uvm_test_top.env.agent.mon [MON] rst=0 | load =0 | up_down=1 | count_in=11 | count=7 | max_tick=0 | min_tick=0
# KERNEL: UVM_INFO /home/runner/driver.sv(51) @ 765: uvm_test_top.env.agent.drv [DRV] rst=0,load=0 | up_down=0 | count_in=3
# KERNEL: UVM_INFO /home/runner/scoreboard.sv(26) @ 775: uvm_test_top.env.scb [counter_scoreboard] Scoreboard received item
# KERNEL: UVM_INFO /home/runner/scoreboard.sv(31) @ 775: uvm_test_top.env.scb [SCB_PASS] Match! Exp=8, Act=8
# KERNEL: UVM_INFO /home/runner/monitor.sv(57) @ 775: uvm_test_top.env.agent.mon [MON] rst=0 | load =0 | up_down=0 | count_in=3 | count=8 | max_tick=0 | min_tick=0
# KERNEL: UVM_INFO /home/runner/scoreboard.sv(26) @ 785: uvm_test_top.env.scb [counter_scoreboard] Scoreboard received item
# KERNEL: UVM_INFO /home/runner/scoreboard.sv(31) @ 785: uvm_test_top.env.scb [SCB_PASS] Match! Exp=7, Act=7
# KERNEL: UVM_INFO /home/runner/monitor.sv(57) @ 785: uvm_test_top.env.agent.mon [MON] rst=0 | load =0 | up_down=0 | count_in=3 | count=7 | max_tick=0 | min_tick=0
# KERNEL: UVM_INFO /home/runner/driver.sv(51) @ 785: uvm_test_top.env.agent.drv [DRV] rst=1,load=1 | up_down=0 | count_in=11
# KERNEL: UVM_INFO /home/runner/monitor.sv(28) @ 795: uvm_test_top.env.agent.mon [MON] Reset Active
# KERNEL: UVM_INFO /home/runner/monitor.sv(40) @ 795: uvm_test_top.env.agent.mon [MON] rst=1 | load =1 | up_down=0 | count_in=11 | count=0 | max_tick=0 | min_tick=1
# KERNEL: UVM_INFO /home/runner/monitor.sv(28) @ 805: uvm_test_top.env.agent.mon [MON] Reset Active
# KERNEL: UVM_INFO /home/runner/monitor.sv(40) @ 805: uvm_test_top.env.agent.mon [MON] rst=1 | load =1 | up_down=0 | count_in=11 | count=0 | max_tick=0 | min_tick=1
# KERNEL: UVM_INFO /home/runner/driver.sv(51) @ 805: uvm_test_top.env.agent.drv [DRV] rst=0,load=0 | up_down=0 | count_in=1
# KERNEL: UVM_INFO /home/runner/scoreboard.sv(26) @ 815: uvm_test_top.env.scb [counter_scoreboard] Scoreboard received item
# KERNEL: UVM_INFO /home/runner/scoreboard.sv(31) @ 815: uvm_test_top.env.scb [SCB_PASS] Match! Exp=0, Act=0
# KERNEL: UVM_INFO /home/runner/monitor.sv(57) @ 815: uvm_test_top.env.agent.mon [MON] rst=0 | load =0 | up_down=0 | count_in=1 | count=0 | max_tick=0 | min_tick=1
# KERNEL: UVM_INFO /home/runner/scoreboard.sv(26) @ 825: uvm_test_top.env.scb [counter_scoreboard] Scoreboard received item
# KERNEL: UVM_INFO /home/runner/scoreboard.sv(31) @ 825: uvm_test_top.env.scb [SCB_PASS] Match! Exp=15, Act=15
# KERNEL: UVM_INFO /home/runner/monitor.sv(57) @ 825: uvm_test_top.env.agent.mon [MON] rst=0 | load =0 | up_down=0 | count_in=1 | count=15 | max_tick=1 | min_tick=0
# KERNEL: UVM_INFO /home/runner/driver.sv(51) @ 825: uvm_test_top.env.agent.drv [DRV] rst=0,load=0 | up_down=1 | count_in=8
# KERNEL: UVM_INFO /home/runner/scoreboard.sv(26) @ 835: uvm_test_top.env.scb [counter_scoreboard] Scoreboard received item
# KERNEL: UVM_INFO /home/runner/scoreboard.sv(31) @ 835: uvm_test_top.env.scb [SCB_PASS] Match! Exp=14, Act=14
# KERNEL: UVM_INFO /home/runner/monitor.sv(57) @ 835: uvm_test_top.env.agent.mon [MON] rst=0 | load =0 | up_down=1 | count_in=8 | count=14 | max_tick=0 | min_tick=0
# KERNEL: UVM_INFO /home/runner/scoreboard.sv(26) @ 845: uvm_test_top.env.scb [counter_scoreboard] Scoreboard received item
# KERNEL: UVM_INFO /home/runner/scoreboard.sv(31) @ 845: uvm_test_top.env.scb [SCB_PASS] Match! Exp=15, Act=15
# KERNEL: UVM_INFO /home/runner/monitor.sv(57) @ 845: uvm_test_top.env.agent.mon [MON] rst=0 | load =0 | up_down=1 | count_in=8 | count=15 | max_tick=1 | min_tick=0
# KERNEL: UVM_INFO /home/runner/driver.sv(51) @ 845: uvm_test_top.env.agent.drv [DRV] rst=0,load=1 | up_down=1 | count_in=13
# KERNEL: UVM_INFO /home/runner/scoreboard.sv(26) @ 855: uvm_test_top.env.scb [counter_scoreboard] Scoreboard received item
# KERNEL: UVM_INFO /home/runner/scoreboard.sv(31) @ 855: uvm_test_top.env.scb [SCB_PASS] Match! Exp=0, Act=0
# KERNEL: UVM_INFO /home/runner/monitor.sv(57) @ 855: uvm_test_top.env.agent.mon [MON] rst=0 | load =1 | up_down=1 | count_in=13 | count=0 | max_tick=0 | min_tick=1
# KERNEL: UVM_INFO /home/runner/scoreboard.sv(26) @ 865: uvm_test_top.env.scb [counter_scoreboard] Scoreboard received item
# KERNEL: UVM_INFO /home/runner/scoreboard.sv(31) @ 865: uvm_test_top.env.scb [SCB_PASS] Match! Exp=13, Act=13
# KERNEL: UVM_INFO /home/runner/monitor.sv(57) @ 865: uvm_test_top.env.agent.mon [MON] rst=0 | load =1 | up_down=1 | count_in=13 | count=13 | max_tick=0 | min_tick=0
# KERNEL: UVM_INFO /home/runner/driver.sv(51) @ 865: uvm_test_top.env.agent.drv [DRV] rst=0,load=0 | up_down=0 | count_in=7
# KERNEL: UVM_INFO /home/runner/scoreboard.sv(26) @ 875: uvm_test_top.env.scb [counter_scoreboard] Scoreboard received item
# KERNEL: UVM_INFO /home/runner/scoreboard.sv(31) @ 875: uvm_test_top.env.scb [SCB_PASS] Match! Exp=13, Act=13
# KERNEL: UVM_INFO /home/runner/monitor.sv(57) @ 875: uvm_test_top.env.agent.mon [MON] rst=0 | load =0 | up_down=0 | count_in=7 | count=13 | max_tick=0 | min_tick=0
# KERNEL: UVM_INFO /home/runner/scoreboard.sv(26) @ 885: uvm_test_top.env.scb [counter_scoreboard] Scoreboard received item
# KERNEL: UVM_INFO /home/runner/scoreboard.sv(31) @ 885: uvm_test_top.env.scb [SCB_PASS] Match! Exp=12, Act=12
# KERNEL: UVM_INFO /home/runner/monitor.sv(57) @ 885: uvm_test_top.env.agent.mon [MON] rst=0 | load =0 | up_down=0 | count_in=7 | count=12 | max_tick=0 | min_tick=0
# KERNEL: UVM_INFO /home/runner/driver.sv(51) @ 885: uvm_test_top.env.agent.drv [DRV] rst=0,load=0 | up_down=0 | count_in=14
# KERNEL: UVM_INFO /home/runner/scoreboard.sv(26) @ 895: uvm_test_top.env.scb [counter_scoreboard] Scoreboard received item
# KERNEL: UVM_INFO /home/runner/scoreboard.sv(31) @ 895: uvm_test_top.env.scb [SCB_PASS] Match! Exp=11, Act=11
# KERNEL: UVM_INFO /home/runner/monitor.sv(57) @ 895: uvm_test_top.env.agent.mon [MON] rst=0 | load =0 | up_down=0 | count_in=14 | count=11 | max_tick=0 | min_tick=0
# KERNEL: UVM_INFO /home/runner/scoreboard.sv(26) @ 905: uvm_test_top.env.scb [counter_scoreboard] Scoreboard received item
# KERNEL: UVM_INFO /home/runner/scoreboard.sv(31) @ 905: uvm_test_top.env.scb [SCB_PASS] Match! Exp=10, Act=10
# KERNEL: UVM_INFO /home/runner/monitor.sv(57) @ 905: uvm_test_top.env.agent.mon [MON] rst=0 | load =0 | up_down=0 | count_in=14 | count=10 | max_tick=0 | min_tick=0
# KERNEL: UVM_INFO /home/runner/driver.sv(51) @ 905: uvm_test_top.env.agent.drv [DRV] rst=0,load=0 | up_down=0 | count_in=5
# KERNEL: UVM_INFO /home/runner/scoreboard.sv(26) @ 915: uvm_test_top.env.scb [counter_scoreboard] Scoreboard received item
# KERNEL: UVM_INFO /home/runner/scoreboard.sv(31) @ 915: uvm_test_top.env.scb [SCB_PASS] Match! Exp=9, Act=9
# KERNEL: UVM_INFO /home/runner/monitor.sv(57) @ 915: uvm_test_top.env.agent.mon [MON] rst=0 | load =0 | up_down=0 | count_in=5 | count=9 | max_tick=0 | min_tick=0
# KERNEL: UVM_INFO /home/runner/scoreboard.sv(26) @ 925: uvm_test_top.env.scb [counter_scoreboard] Scoreboard received item
# KERNEL: UVM_INFO /home/runner/scoreboard.sv(31) @ 925: uvm_test_top.env.scb [SCB_PASS] Match! Exp=8, Act=8
# KERNEL: UVM_INFO /home/runner/monitor.sv(57) @ 925: uvm_test_top.env.agent.mon [MON] rst=0 | load =0 | up_down=0 | count_in=5 | count=8 | max_tick=0 | min_tick=0
# KERNEL: UVM_INFO /home/runner/driver.sv(51) @ 925: uvm_test_top.env.agent.drv [DRV] rst=0,load=0 | up_down=1 | count_in=10
# KERNEL: UVM_INFO /home/runner/scoreboard.sv(26) @ 935: uvm_test_top.env.scb [counter_scoreboard] Scoreboard received item
# KERNEL: UVM_INFO /home/runner/scoreboard.sv(31) @ 935: uvm_test_top.env.scb [SCB_PASS] Match! Exp=7, Act=7
# KERNEL: UVM_INFO /home/runner/monitor.sv(57) @ 935: uvm_test_top.env.agent.mon [MON] rst=0 | load =0 | up_down=1 | count_in=10 | count=7 | max_tick=0 | min_tick=0
# KERNEL: UVM_INFO /home/runner/scoreboard.sv(26) @ 945: uvm_test_top.env.scb [counter_scoreboard] Scoreboard received item
# KERNEL: UVM_INFO /home/runner/scoreboard.sv(31) @ 945: uvm_test_top.env.scb [SCB_PASS] Match! Exp=8, Act=8
# KERNEL: UVM_INFO /home/runner/monitor.sv(57) @ 945: uvm_test_top.env.agent.mon [MON] rst=0 | load =0 | up_down=1 | count_in=10 | count=8 | max_tick=0 | min_tick=0
# KERNEL: UVM_INFO /home/runner/driver.sv(51) @ 945: uvm_test_top.env.agent.drv [DRV] rst=0,load=1 | up_down=0 | count_in=12
# KERNEL: UVM_INFO /home/runner/scoreboard.sv(26) @ 955: uvm_test_top.env.scb [counter_scoreboard] Scoreboard received item
# KERNEL: UVM_INFO /home/runner/scoreboard.sv(31) @ 955: uvm_test_top.env.scb [SCB_PASS] Match! Exp=9, Act=9
# KERNEL: UVM_INFO /home/runner/monitor.sv(57) @ 955: uvm_test_top.env.agent.mon [MON] rst=0 | load =1 | up_down=0 | count_in=12 | count=9 | max_tick=0 | min_tick=0
# KERNEL: UVM_INFO /home/runner/scoreboard.sv(26) @ 965: uvm_test_top.env.scb [counter_scoreboard] Scoreboard received item
# KERNEL: UVM_INFO /home/runner/scoreboard.sv(31) @ 965: uvm_test_top.env.scb [SCB_PASS] Match! Exp=12, Act=12
# KERNEL: UVM_INFO /home/runner/monitor.sv(57) @ 965: uvm_test_top.env.agent.mon [MON] rst=0 | load =1 | up_down=0 | count_in=12 | count=12 | max_tick=0 | min_tick=0
# KERNEL: UVM_INFO /home/runner/driver.sv(51) @ 965: uvm_test_top.env.agent.drv [DRV] rst=0,load=0 | up_down=0 | count_in=9
# KERNEL: UVM_INFO /home/runner/scoreboard.sv(26) @ 975: uvm_test_top.env.scb [counter_scoreboard] Scoreboard received item
# KERNEL: UVM_INFO /home/runner/scoreboard.sv(31) @ 975: uvm_test_top.env.scb [SCB_PASS] Match! Exp=12, Act=12
# KERNEL: UVM_INFO /home/runner/monitor.sv(57) @ 975: uvm_test_top.env.agent.mon [MON] rst=0 | load =0 | up_down=0 | count_in=9 | count=12 | max_tick=0 | min_tick=0
# KERNEL: UVM_INFO /home/runner/scoreboard.sv(26) @ 985: uvm_test_top.env.scb [counter_scoreboard] Scoreboard received item
# KERNEL: UVM_INFO /home/runner/scoreboard.sv(31) @ 985: uvm_test_top.env.scb [SCB_PASS] Match! Exp=11, Act=11
# KERNEL: UVM_INFO /home/runner/monitor.sv(57) @ 985: uvm_test_top.env.agent.mon [MON] rst=0 | load =0 | up_down=0 | count_in=9 | count=11 | max_tick=0 | min_tick=0
# KERNEL: UVM_INFO /home/runner/driver.sv(51) @ 985: uvm_test_top.env.agent.drv [DRV] rst=0,load=0 | up_down=1 | count_in=4
# KERNEL: UVM_INFO /home/runner/scoreboard.sv(26) @ 995: uvm_test_top.env.scb [counter_scoreboard] Scoreboard received item
# KERNEL: UVM_INFO /home/runner/scoreboard.sv(31) @ 995: uvm_test_top.env.scb [SCB_PASS] Match! Exp=10, Act=10
# KERNEL: UVM_INFO /home/runner/monitor.sv(57) @ 995: uvm_test_top.env.agent.mon [MON] rst=0 | load =0 | up_down=1 | count_in=4 | count=10 | max_tick=0 | min_tick=0
# KERNEL: UVM_INFO /home/runner/scoreboard.sv(26) @ 1005: uvm_test_top.env.scb [counter_scoreboard] Scoreboard received item
# KERNEL: UVM_INFO /home/runner/scoreboard.sv(31) @ 1005: uvm_test_top.env.scb [SCB_PASS] Match! Exp=11, Act=11
# KERNEL: UVM_INFO /home/runner/monitor.sv(57) @ 1005: uvm_test_top.env.agent.mon [MON] rst=0 | load =0 | up_down=1 | count_in=4 | count=11 | max_tick=0 | min_tick=0
# KERNEL: UVM_INFO /home/runner/driver.sv(51) @ 1005: uvm_test_top.env.agent.drv [DRV] rst=0,load=0 | up_down=1 | count_in=6
# KERNEL: UVM_INFO /home/runner/scoreboard.sv(26) @ 1015: uvm_test_top.env.scb [counter_scoreboard] Scoreboard received item
# KERNEL: UVM_INFO /home/runner/scoreboard.sv(31) @ 1015: uvm_test_top.env.scb [SCB_PASS] Match! Exp=12, Act=12
# KERNEL: UVM_INFO /home/runner/monitor.sv(57) @ 1015: uvm_test_top.env.agent.mon [MON] rst=0 | load =0 | up_down=1 | count_in=6 | count=12 | max_tick=0 | min_tick=0
# KERNEL: UVM_INFO /home/runner/scoreboard.sv(26) @ 1025: uvm_test_top.env.scb [counter_scoreboard] Scoreboard received item
# KERNEL: UVM_INFO /home/runner/scoreboard.sv(31) @ 1025: uvm_test_top.env.scb [SCB_PASS] Match! Exp=13, Act=13
# KERNEL: UVM_INFO /home/runner/monitor.sv(57) @ 1025: uvm_test_top.env.agent.mon [MON] rst=0 | load =0 | up_down=1 | count_in=6 | count=13 | max_tick=0 | min_tick=0
# KERNEL: UVM_INFO /home/runner/driver.sv(51) @ 1025: uvm_test_top.env.agent.drv [DRV] rst=0,load=0 | up_down=0 | count_in=4
# KERNEL: UVM_INFO /home/runner/scoreboard.sv(26) @ 1035: uvm_test_top.env.scb [counter_scoreboard] Scoreboard received item
# KERNEL: UVM_INFO /home/runner/scoreboard.sv(31) @ 1035: uvm_test_top.env.scb [SCB_PASS] Match! Exp=14, Act=14
# KERNEL: UVM_INFO /home/runner/monitor.sv(57) @ 1035: uvm_test_top.env.agent.mon [MON] rst=0 | load =0 | up_down=0 | count_in=4 | count=14 | max_tick=0 | min_tick=0
# KERNEL: UVM_INFO /home/runner/scoreboard.sv(26) @ 1045: uvm_test_top.env.scb [counter_scoreboard] Scoreboard received item
# KERNEL: UVM_INFO /home/runner/scoreboard.sv(31) @ 1045: uvm_test_top.env.scb [SCB_PASS] Match! Exp=13, Act=13
# KERNEL: UVM_INFO /home/runner/monitor.sv(57) @ 1045: uvm_test_top.env.agent.mon [MON] rst=0 | load =0 | up_down=0 | count_in=4 | count=13 | max_tick=0 | min_tick=0
# KERNEL: UVM_INFO /home/runner/driver.sv(51) @ 1045: uvm_test_top.env.agent.drv [DRV] rst=0,load=0 | up_down=0 | count_in=5
# KERNEL: UVM_INFO /home/runner/scoreboard.sv(26) @ 1055: uvm_test_top.env.scb [counter_scoreboard] Scoreboard received item
# KERNEL: UVM_INFO /home/runner/scoreboard.sv(31) @ 1055: uvm_test_top.env.scb [SCB_PASS] Match! Exp=12, Act=12
# KERNEL: UVM_INFO /home/runner/monitor.sv(57) @ 1055: uvm_test_top.env.agent.mon [MON] rst=0 | load =0 | up_down=0 | count_in=5 | count=12 | max_tick=0 | min_tick=0
# KERNEL: UVM_INFO /home/runner/scoreboard.sv(26) @ 1065: uvm_test_top.env.scb [counter_scoreboard] Scoreboard received item
# KERNEL: UVM_INFO /home/runner/scoreboard.sv(31) @ 1065: uvm_test_top.env.scb [SCB_PASS] Match! Exp=11, Act=11
# KERNEL: UVM_INFO /home/runner/monitor.sv(57) @ 1065: uvm_test_top.env.agent.mon [MON] rst=0 | load =0 | up_down=0 | count_in=5 | count=11 | max_tick=0 | min_tick=0
# KERNEL: UVM_INFO /home/runner/driver.sv(51) @ 1065: uvm_test_top.env.agent.drv [DRV] rst=1,load=0 | up_down=1 | count_in=12
# KERNEL: UVM_INFO /home/runner/monitor.sv(28) @ 1075: uvm_test_top.env.agent.mon [MON] Reset Active
# KERNEL: UVM_INFO /home/runner/monitor.sv(40) @ 1075: uvm_test_top.env.agent.mon [MON] rst=1 | load =0 | up_down=1 | count_in=12 | count=0 | max_tick=0 | min_tick=1
# KERNEL: UVM_INFO /home/runner/monitor.sv(28) @ 1085: uvm_test_top.env.agent.mon [MON] Reset Active
# KERNEL: UVM_INFO /home/runner/monitor.sv(40) @ 1085: uvm_test_top.env.agent.mon [MON] rst=1 | load =0 | up_down=1 | count_in=12 | count=0 | max_tick=0 | min_tick=1
# KERNEL: UVM_INFO /home/runner/driver.sv(51) @ 1085: uvm_test_top.env.agent.drv [DRV] rst=0,load=1 | up_down=0 | count_in=4
# KERNEL: UVM_INFO /home/runner/scoreboard.sv(26) @ 1095: uvm_test_top.env.scb [counter_scoreboard] Scoreboard received item
# KERNEL: UVM_INFO /home/runner/scoreboard.sv(31) @ 1095: uvm_test_top.env.scb [SCB_PASS] Match! Exp=0, Act=0
# KERNEL: UVM_INFO /home/runner/monitor.sv(57) @ 1095: uvm_test_top.env.agent.mon [MON] rst=0 | load =1 | up_down=0 | count_in=4 | count=0 | max_tick=0 | min_tick=1
# KERNEL: UVM_INFO /home/runner/scoreboard.sv(26) @ 1105: uvm_test_top.env.scb [counter_scoreboard] Scoreboard received item
# KERNEL: UVM_INFO /home/runner/scoreboard.sv(31) @ 1105: uvm_test_top.env.scb [SCB_PASS] Match! Exp=4, Act=4
# KERNEL: UVM_INFO /home/runner/monitor.sv(57) @ 1105: uvm_test_top.env.agent.mon [MON] rst=0 | load =1 | up_down=0 | count_in=4 | count=4 | max_tick=0 | min_tick=0
# KERNEL: UVM_INFO /home/runner/driver.sv(51) @ 1105: uvm_test_top.env.agent.drv [DRV] rst=0,load=0 | up_down=0 | count_in=12
# KERNEL: UVM_INFO /home/runner/scoreboard.sv(26) @ 1115: uvm_test_top.env.scb [counter_scoreboard] Scoreboard received item
# KERNEL: UVM_INFO /home/runner/scoreboard.sv(31) @ 1115: uvm_test_top.env.scb [SCB_PASS] Match! Exp=4, Act=4
# KERNEL: UVM_INFO /home/runner/monitor.sv(57) @ 1115: uvm_test_top.env.agent.mon [MON] rst=0 | load =0 | up_down=0 | count_in=12 | count=4 | max_tick=0 | min_tick=0
# KERNEL: UVM_INFO /home/runner/scoreboard.sv(26) @ 1125: uvm_test_top.env.scb [counter_scoreboard] Scoreboard received item
# KERNEL: UVM_INFO /home/runner/scoreboard.sv(31) @ 1125: uvm_test_top.env.scb [SCB_PASS] Match! Exp=3, Act=3
# KERNEL: UVM_INFO /home/runner/monitor.sv(57) @ 1125: uvm_test_top.env.agent.mon [MON] rst=0 | load =0 | up_down=0 | count_in=12 | count=3 | max_tick=0 | min_tick=0
# KERNEL: UVM_INFO /home/runner/driver.sv(51) @ 1125: uvm_test_top.env.agent.drv [DRV] rst=0,load=0 | up_down=0 | count_in=1
# KERNEL: UVM_INFO /home/runner/scoreboard.sv(26) @ 1135: uvm_test_top.env.scb [counter_scoreboard] Scoreboard received item
# KERNEL: UVM_INFO /home/runner/scoreboard.sv(31) @ 1135: uvm_test_top.env.scb [SCB_PASS] Match! Exp=2, Act=2
# KERNEL: UVM_INFO /home/runner/monitor.sv(57) @ 1135: uvm_test_top.env.agent.mon [MON] rst=0 | load =0 | up_down=0 | count_in=1 | count=2 | max_tick=0 | min_tick=0
# KERNEL: UVM_INFO /home/runner/scoreboard.sv(26) @ 1145: uvm_test_top.env.scb [counter_scoreboard] Scoreboard received item
# KERNEL: UVM_INFO /home/runner/scoreboard.sv(31) @ 1145: uvm_test_top.env.scb [SCB_PASS] Match! Exp=1, Act=1
# KERNEL: UVM_INFO /home/runner/monitor.sv(57) @ 1145: uvm_test_top.env.agent.mon [MON] rst=0 | load =0 | up_down=0 | count_in=1 | count=1 | max_tick=0 | min_tick=0
# KERNEL: UVM_INFO /home/runner/driver.sv(51) @ 1145: uvm_test_top.env.agent.drv [DRV] rst=1,load=0 | up_down=1 | count_in=8
# KERNEL: UVM_INFO /home/runner/monitor.sv(28) @ 1155: uvm_test_top.env.agent.mon [MON] Reset Active
# KERNEL: UVM_INFO /home/runner/monitor.sv(40) @ 1155: uvm_test_top.env.agent.mon [MON] rst=1 | load =0 | up_down=1 | count_in=8 | count=0 | max_tick=0 | min_tick=1
# KERNEL: UVM_INFO /home/runner/monitor.sv(28) @ 1165: uvm_test_top.env.agent.mon [MON] Reset Active
# KERNEL: UVM_INFO /home/runner/monitor.sv(40) @ 1165: uvm_test_top.env.agent.mon [MON] rst=1 | load =0 | up_down=1 | count_in=8 | count=0 | max_tick=0 | min_tick=1
# KERNEL: UVM_INFO /home/runner/driver.sv(51) @ 1165: uvm_test_top.env.agent.drv [DRV] rst=0,load=0 | up_down=1 | count_in=14
# KERNEL: UVM_INFO /home/runner/scoreboard.sv(26) @ 1175: uvm_test_top.env.scb [counter_scoreboard] Scoreboard received item
# KERNEL: UVM_INFO /home/runner/scoreboard.sv(31) @ 1175: uvm_test_top.env.scb [SCB_PASS] Match! Exp=0, Act=0
# KERNEL: UVM_INFO /home/runner/monitor.sv(57) @ 1175: uvm_test_top.env.agent.mon [MON] rst=0 | load =0 | up_down=1 | count_in=14 | count=0 | max_tick=0 | min_tick=1
# KERNEL: UVM_INFO /home/runner/scoreboard.sv(26) @ 1185: uvm_test_top.env.scb [counter_scoreboard] Scoreboard received item
# KERNEL: UVM_INFO /home/runner/scoreboard.sv(31) @ 1185: uvm_test_top.env.scb [SCB_PASS] Match! Exp=1, Act=1
# KERNEL: UVM_INFO /home/runner/monitor.sv(57) @ 1185: uvm_test_top.env.agent.mon [MON] rst=0 | load =0 | up_down=1 | count_in=14 | count=1 | max_tick=0 | min_tick=0
# KERNEL: UVM_INFO /home/runner/driver.sv(51) @ 1185: uvm_test_top.env.agent.drv [DRV] rst=0,load=0 | up_down=0 | count_in=4
# KERNEL: UVM_INFO /home/runner/scoreboard.sv(26) @ 1195: uvm_test_top.env.scb [counter_scoreboard] Scoreboard received item
# KERNEL: UVM_INFO /home/runner/scoreboard.sv(31) @ 1195: uvm_test_top.env.scb [SCB_PASS] Match! Exp=2, Act=2
# KERNEL: UVM_INFO /home/runner/monitor.sv(57) @ 1195: uvm_test_top.env.agent.mon [MON] rst=0 | load =0 | up_down=0 | count_in=4 | count=2 | max_tick=0 | min_tick=0
# KERNEL: UVM_INFO /home/runner/scoreboard.sv(26) @ 1205: uvm_test_top.env.scb [counter_scoreboard] Scoreboard received item
# KERNEL: UVM_INFO /home/runner/scoreboard.sv(31) @ 1205: uvm_test_top.env.scb [SCB_PASS] Match! Exp=1, Act=1
# KERNEL: UVM_INFO /home/runner/monitor.sv(57) @ 1205: uvm_test_top.env.agent.mon [MON] rst=0 | load =0 | up_down=0 | count_in=4 | count=1 | max_tick=0 | min_tick=0
# KERNEL: UVM_INFO /home/runner/driver.sv(51) @ 1205: uvm_test_top.env.agent.drv [DRV] rst=0,load=0 | up_down=1 | count_in=11
# KERNEL: UVM_INFO /home/runner/scoreboard.sv(26) @ 1215: uvm_test_top.env.scb [counter_scoreboard] Scoreboard received item
# KERNEL: UVM_INFO /home/runner/scoreboard.sv(31) @ 1215: uvm_test_top.env.scb [SCB_PASS] Match! Exp=0, Act=0
# KERNEL: UVM_INFO /home/runner/monitor.sv(57) @ 1215: uvm_test_top.env.agent.mon [MON] rst=0 | load =0 | up_down=1 | count_in=11 | count=0 | max_tick=0 | min_tick=1
# KERNEL: UVM_INFO /home/runner/scoreboard.sv(26) @ 1225: uvm_test_top.env.scb [counter_scoreboard] Scoreboard received item
# KERNEL: UVM_INFO /home/runner/scoreboard.sv(31) @ 1225: uvm_test_top.env.scb [SCB_PASS] Match! Exp=1, Act=1
# KERNEL: UVM_INFO /home/runner/monitor.sv(57) @ 1225: uvm_test_top.env.agent.mon [MON] rst=0 | load =0 | up_down=1 | count_in=11 | count=1 | max_tick=0 | min_tick=0
# KERNEL: UVM_INFO /home/runner/driver.sv(51) @ 1225: uvm_test_top.env.agent.drv [DRV] rst=0,load=0 | up_down=1 | count_in=8
# KERNEL: UVM_INFO /home/runner/scoreboard.sv(26) @ 1235: uvm_test_top.env.scb [counter_scoreboard] Scoreboard received item
# KERNEL: UVM_INFO /home/runner/scoreboard.sv(31) @ 1235: uvm_test_top.env.scb [SCB_PASS] Match! Exp=2, Act=2
# KERNEL: UVM_INFO /home/runner/monitor.sv(57) @ 1235: uvm_test_top.env.agent.mon [MON] rst=0 | load =0 | up_down=1 | count_in=8 | count=2 | max_tick=0 | min_tick=0
# KERNEL: UVM_INFO /home/runner/scoreboard.sv(26) @ 1245: uvm_test_top.env.scb [counter_scoreboard] Scoreboard received item
# KERNEL: UVM_INFO /home/runner/scoreboard.sv(31) @ 1245: uvm_test_top.env.scb [SCB_PASS] Match! Exp=3, Act=3
# KERNEL: UVM_INFO /home/runner/monitor.sv(57) @ 1245: uvm_test_top.env.agent.mon [MON] rst=0 | load =0 | up_down=1 | count_in=8 | count=3 | max_tick=0 | min_tick=0
# KERNEL: UVM_INFO /home/runner/driver.sv(51) @ 1245: uvm_test_top.env.agent.drv [DRV] rst=0,load=0 | up_down=1 | count_in=10
# KERNEL: UVM_INFO /home/runner/scoreboard.sv(26) @ 1255: uvm_test_top.env.scb [counter_scoreboard] Scoreboard received item
# KERNEL: UVM_INFO /home/runner/scoreboard.sv(31) @ 1255: uvm_test_top.env.scb [SCB_PASS] Match! Exp=4, Act=4
# KERNEL: UVM_INFO /home/runner/monitor.sv(57) @ 1255: uvm_test_top.env.agent.mon [MON] rst=0 | load =0 | up_down=1 | count_in=10 | count=4 | max_tick=0 | min_tick=0
# KERNEL: UVM_INFO /home/runner/scoreboard.sv(26) @ 1265: uvm_test_top.env.scb [counter_scoreboard] Scoreboard received item
# KERNEL: UVM_INFO /home/runner/scoreboard.sv(31) @ 1265: uvm_test_top.env.scb [SCB_PASS] Match! Exp=5, Act=5
# KERNEL: UVM_INFO /home/runner/monitor.sv(57) @ 1265: uvm_test_top.env.agent.mon [MON] rst=0 | load =0 | up_down=1 | count_in=10 | count=5 | max_tick=0 | min_tick=0
# KERNEL: UVM_INFO /home/runner/driver.sv(51) @ 1265: uvm_test_top.env.agent.drv [DRV] rst=0,load=0 | up_down=0 | count_in=11
# KERNEL: UVM_INFO /home/runner/scoreboard.sv(26) @ 1275: uvm_test_top.env.scb [counter_scoreboard] Scoreboard received item
# KERNEL: UVM_INFO /home/runner/scoreboard.sv(31) @ 1275: uvm_test_top.env.scb [SCB_PASS] Match! Exp=6, Act=6
# KERNEL: UVM_INFO /home/runner/monitor.sv(57) @ 1275: uvm_test_top.env.agent.mon [MON] rst=0 | load =0 | up_down=0 | count_in=11 | count=6 | max_tick=0 | min_tick=0
# KERNEL: UVM_INFO /home/runner/scoreboard.sv(26) @ 1285: uvm_test_top.env.scb [counter_scoreboard] Scoreboard received item
# KERNEL: UVM_INFO /home/runner/scoreboard.sv(31) @ 1285: uvm_test_top.env.scb [SCB_PASS] Match! Exp=5, Act=5
# KERNEL: UVM_INFO /home/runner/monitor.sv(57) @ 1285: uvm_test_top.env.agent.mon [MON] rst=0 | load =0 | up_down=0 | count_in=11 | count=5 | max_tick=0 | min_tick=0
# KERNEL: UVM_INFO /home/runner/driver.sv(51) @ 1285: uvm_test_top.env.agent.drv [DRV] rst=0,load=0 | up_down=1 | count_in=4
# KERNEL: UVM_INFO /home/runner/scoreboard.sv(26) @ 1295: uvm_test_top.env.scb [counter_scoreboard] Scoreboard received item
# KERNEL: UVM_INFO /home/runner/scoreboard.sv(31) @ 1295: uvm_test_top.env.scb [SCB_PASS] Match! Exp=4, Act=4
# KERNEL: UVM_INFO /home/runner/monitor.sv(57) @ 1295: uvm_test_top.env.agent.mon [MON] rst=0 | load =0 | up_down=1 | count_in=4 | count=4 | max_tick=0 | min_tick=0
# KERNEL: UVM_INFO /home/runner/scoreboard.sv(26) @ 1305: uvm_test_top.env.scb [counter_scoreboard] Scoreboard received item
# KERNEL: UVM_INFO /home/runner/scoreboard.sv(31) @ 1305: uvm_test_top.env.scb [SCB_PASS] Match! Exp=5, Act=5
# KERNEL: UVM_INFO /home/runner/monitor.sv(57) @ 1305: uvm_test_top.env.agent.mon [MON] rst=0 | load =0 | up_down=1 | count_in=4 | count=5 | max_tick=0 | min_tick=0
# KERNEL: UVM_INFO /home/runner/driver.sv(51) @ 1305: uvm_test_top.env.agent.drv [DRV] rst=0,load=0 | up_down=0 | count_in=9
# KERNEL: UVM_INFO /home/runner/scoreboard.sv(26) @ 1315: uvm_test_top.env.scb [counter_scoreboard] Scoreboard received item
# KERNEL: UVM_INFO /home/runner/scoreboard.sv(31) @ 1315: uvm_test_top.env.scb [SCB_PASS] Match! Exp=6, Act=6
# KERNEL: UVM_INFO /home/runner/monitor.sv(57) @ 1315: uvm_test_top.env.agent.mon [MON] rst=0 | load =0 | up_down=0 | count_in=9 | count=6 | max_tick=0 | min_tick=0
# KERNEL: UVM_INFO /home/runner/scoreboard.sv(26) @ 1325: uvm_test_top.env.scb [counter_scoreboard] Scoreboard received item
# KERNEL: UVM_INFO /home/runner/scoreboard.sv(31) @ 1325: uvm_test_top.env.scb [SCB_PASS] Match! Exp=5, Act=5
# KERNEL: UVM_INFO /home/runner/monitor.sv(57) @ 1325: uvm_test_top.env.agent.mon [MON] rst=0 | load =0 | up_down=0 | count_in=9 | count=5 | max_tick=0 | min_tick=0
# KERNEL: UVM_INFO /home/runner/driver.sv(51) @ 1325: uvm_test_top.env.agent.drv [DRV] rst=0,load=0 | up_down=1 | count_in=5
# KERNEL: UVM_INFO /home/runner/scoreboard.sv(26) @ 1335: uvm_test_top.env.scb [counter_scoreboard] Scoreboard received item
# KERNEL: UVM_INFO /home/runner/scoreboard.sv(31) @ 1335: uvm_test_top.env.scb [SCB_PASS] Match! Exp=4, Act=4
# KERNEL: UVM_INFO /home/runner/monitor.sv(57) @ 1335: uvm_test_top.env.agent.mon [MON] rst=0 | load =0 | up_down=1 | count_in=5 | count=4 | max_tick=0 | min_tick=0
# KERNEL: UVM_INFO /home/runner/scoreboard.sv(26) @ 1345: uvm_test_top.env.scb [counter_scoreboard] Scoreboard received item
# KERNEL: UVM_INFO /home/runner/scoreboard.sv(31) @ 1345: uvm_test_top.env.scb [SCB_PASS] Match! Exp=5, Act=5
# KERNEL: UVM_INFO /home/runner/monitor.sv(57) @ 1345: uvm_test_top.env.agent.mon [MON] rst=0 | load =0 | up_down=1 | count_in=5 | count=5 | max_tick=0 | min_tick=0
# KERNEL: UVM_INFO /home/runner/driver.sv(51) @ 1345: uvm_test_top.env.agent.drv [DRV] rst=0,load=0 | up_down=1 | count_in=10
# KERNEL: UVM_INFO /home/runner/scoreboard.sv(26) @ 1355: uvm_test_top.env.scb [counter_scoreboard] Scoreboard received item
# KERNEL: UVM_INFO /home/runner/scoreboard.sv(31) @ 1355: uvm_test_top.env.scb [SCB_PASS] Match! Exp=6, Act=6
# KERNEL: UVM_INFO /home/runner/monitor.sv(57) @ 1355: uvm_test_top.env.agent.mon [MON] rst=0 | load =0 | up_down=1 | count_in=10 | count=6 | max_tick=0 | min_tick=0
# KERNEL: UVM_INFO /home/runner/scoreboard.sv(26) @ 1365: uvm_test_top.env.scb [counter_scoreboard] Scoreboard received item
# KERNEL: UVM_INFO /home/runner/scoreboard.sv(31) @ 1365: uvm_test_top.env.scb [SCB_PASS] Match! Exp=7, Act=7
# KERNEL: UVM_INFO /home/runner/monitor.sv(57) @ 1365: uvm_test_top.env.agent.mon [MON] rst=0 | load =0 | up_down=1 | count_in=10 | count=7 | max_tick=0 | min_tick=0
# KERNEL: UVM_INFO /home/runner/driver.sv(51) @ 1365: uvm_test_top.env.agent.drv [DRV] rst=0,load=0 | up_down=1 | count_in=7
# KERNEL: UVM_INFO /home/runner/scoreboard.sv(26) @ 1375: uvm_test_top.env.scb [counter_scoreboard] Scoreboard received item
# KERNEL: UVM_INFO /home/runner/scoreboard.sv(31) @ 1375: uvm_test_top.env.scb [SCB_PASS] Match! Exp=8, Act=8
# KERNEL: UVM_INFO /home/runner/monitor.sv(57) @ 1375: uvm_test_top.env.agent.mon [MON] rst=0 | load =0 | up_down=1 | count_in=7 | count=8 | max_tick=0 | min_tick=0
# KERNEL: UVM_INFO /home/runner/scoreboard.sv(26) @ 1385: uvm_test_top.env.scb [counter_scoreboard] Scoreboard received item
# KERNEL: UVM_INFO /home/runner/scoreboard.sv(31) @ 1385: uvm_test_top.env.scb [SCB_PASS] Match! Exp=9, Act=9
# KERNEL: UVM_INFO /home/runner/monitor.sv(57) @ 1385: uvm_test_top.env.agent.mon [MON] rst=0 | load =0 | up_down=1 | count_in=7 | count=9 | max_tick=0 | min_tick=0
# KERNEL: UVM_INFO /home/runner/driver.sv(51) @ 1385: uvm_test_top.env.agent.drv [DRV] rst=0,load=0 | up_down=0 | count_in=14
# KERNEL: UVM_INFO /home/runner/scoreboard.sv(26) @ 1395: uvm_test_top.env.scb [counter_scoreboard] Scoreboard received item
# KERNEL: UVM_INFO /home/runner/scoreboard.sv(31) @ 1395: uvm_test_top.env.scb [SCB_PASS] Match! Exp=10, Act=10
# KERNEL: UVM_INFO /home/runner/monitor.sv(57) @ 1395: uvm_test_top.env.agent.mon [MON] rst=0 | load =0 | up_down=0 | count_in=14 | count=10 | max_tick=0 | min_tick=0
# KERNEL: UVM_INFO /home/runner/scoreboard.sv(26) @ 1405: uvm_test_top.env.scb [counter_scoreboard] Scoreboard received item
# KERNEL: UVM_INFO /home/runner/scoreboard.sv(31) @ 1405: uvm_test_top.env.scb [SCB_PASS] Match! Exp=9, Act=9
# KERNEL: UVM_INFO /home/runner/monitor.sv(57) @ 1405: uvm_test_top.env.agent.mon [MON] rst=0 | load =0 | up_down=0 | count_in=14 | count=9 | max_tick=0 | min_tick=0
# KERNEL: UVM_INFO /home/runner/driver.sv(51) @ 1405: uvm_test_top.env.agent.drv [DRV] rst=0,load=0 | up_down=1 | count_in=2
# KERNEL: UVM_INFO /home/runner/scoreboard.sv(26) @ 1415: uvm_test_top.env.scb [counter_scoreboard] Scoreboard received item
# KERNEL: UVM_INFO /home/runner/scoreboard.sv(31) @ 1415: uvm_test_top.env.scb [SCB_PASS] Match! Exp=8, Act=8
# KERNEL: UVM_INFO /home/runner/monitor.sv(57) @ 1415: uvm_test_top.env.agent.mon [MON] rst=0 | load =0 | up_down=1 | count_in=2 | count=8 | max_tick=0 | min_tick=0
# KERNEL: UVM_INFO /home/runner/scoreboard.sv(26) @ 1425: uvm_test_top.env.scb [counter_scoreboard] Scoreboard received item
# KERNEL: UVM_INFO /home/runner/scoreboard.sv(31) @ 1425: uvm_test_top.env.scb [SCB_PASS] Match! Exp=9, Act=9
# KERNEL: UVM_INFO /home/runner/monitor.sv(57) @ 1425: uvm_test_top.env.agent.mon [MON] rst=0 | load =0 | up_down=1 | count_in=2 | count=9 | max_tick=0 | min_tick=0
# KERNEL: UVM_INFO /home/runner/driver.sv(51) @ 1425: uvm_test_top.env.agent.drv [DRV] rst=0,load=0 | up_down=1 | count_in=13
# KERNEL: UVM_INFO /home/runner/scoreboard.sv(26) @ 1435: uvm_test_top.env.scb [counter_scoreboard] Scoreboard received item
# KERNEL: UVM_INFO /home/runner/scoreboard.sv(31) @ 1435: uvm_test_top.env.scb [SCB_PASS] Match! Exp=10, Act=10
# KERNEL: UVM_INFO /home/runner/monitor.sv(57) @ 1435: uvm_test_top.env.agent.mon [MON] rst=0 | load =0 | up_down=1 | count_in=13 | count=10 | max_tick=0 | min_tick=0
# KERNEL: UVM_INFO /home/runner/scoreboard.sv(26) @ 1445: uvm_test_top.env.scb [counter_scoreboard] Scoreboard received item
# KERNEL: UVM_INFO /home/runner/scoreboard.sv(31) @ 1445: uvm_test_top.env.scb [SCB_PASS] Match! Exp=11, Act=11
# KERNEL: UVM_INFO /home/runner/monitor.sv(57) @ 1445: uvm_test_top.env.agent.mon [MON] rst=0 | load =0 | up_down=1 | count_in=13 | count=11 | max_tick=0 | min_tick=0
# KERNEL: UVM_INFO /home/runner/driver.sv(51) @ 1445: uvm_test_top.env.agent.drv [DRV] rst=0,load=0 | up_down=0 | count_in=2
# KERNEL: UVM_INFO /home/runner/scoreboard.sv(26) @ 1455: uvm_test_top.env.scb [counter_scoreboard] Scoreboard received item
# KERNEL: UVM_INFO /home/runner/scoreboard.sv(31) @ 1455: uvm_test_top.env.scb [SCB_PASS] Match! Exp=12, Act=12
# KERNEL: UVM_INFO /home/runner/monitor.sv(57) @ 1455: uvm_test_top.env.agent.mon [MON] rst=0 | load =0 | up_down=0 | count_in=2 | count=12 | max_tick=0 | min_tick=0
# KERNEL: UVM_INFO /home/runner/scoreboard.sv(26) @ 1465: uvm_test_top.env.scb [counter_scoreboard] Scoreboard received item
# KERNEL: UVM_INFO /home/runner/scoreboard.sv(31) @ 1465: uvm_test_top.env.scb [SCB_PASS] Match! Exp=11, Act=11
# KERNEL: UVM_INFO /home/runner/monitor.sv(57) @ 1465: uvm_test_top.env.agent.mon [MON] rst=0 | load =0 | up_down=0 | count_in=2 | count=11 | max_tick=0 | min_tick=0
# KERNEL: UVM_INFO /home/runner/driver.sv(51) @ 1465: uvm_test_top.env.agent.drv [DRV] rst=0,load=0 | up_down=0 | count_in=2
# KERNEL: UVM_INFO /home/runner/scoreboard.sv(26) @ 1475: uvm_test_top.env.scb [counter_scoreboard] Scoreboard received item
# KERNEL: UVM_INFO /home/runner/scoreboard.sv(31) @ 1475: uvm_test_top.env.scb [SCB_PASS] Match! Exp=10, Act=10
# KERNEL: UVM_INFO /home/runner/monitor.sv(57) @ 1475: uvm_test_top.env.agent.mon [MON] rst=0 | load =0 | up_down=0 | count_in=2 | count=10 | max_tick=0 | min_tick=0
# KERNEL: UVM_INFO /home/runner/scoreboard.sv(26) @ 1485: uvm_test_top.env.scb [counter_scoreboard] Scoreboard received item
# KERNEL: UVM_INFO /home/runner/scoreboard.sv(31) @ 1485: uvm_test_top.env.scb [SCB_PASS] Match! Exp=9, Act=9
# KERNEL: UVM_INFO /home/runner/monitor.sv(57) @ 1485: uvm_test_top.env.agent.mon [MON] rst=0 | load =0 | up_down=0 | count_in=2 | count=9 | max_tick=0 | min_tick=0
# KERNEL: UVM_INFO /home/runner/driver.sv(51) @ 1485: uvm_test_top.env.agent.drv [DRV] rst=0,load=0 | up_down=1 | count_in=14
# KERNEL: UVM_INFO /home/runner/scoreboard.sv(26) @ 1495: uvm_test_top.env.scb [counter_scoreboard] Scoreboard received item
# KERNEL: UVM_INFO /home/runner/scoreboard.sv(31) @ 1495: uvm_test_top.env.scb [SCB_PASS] Match! Exp=8, Act=8
# KERNEL: UVM_INFO /home/runner/monitor.sv(57) @ 1495: uvm_test_top.env.agent.mon [MON] rst=0 | load =0 | up_down=1 | count_in=14 | count=8 | max_tick=0 | min_tick=0
# KERNEL: UVM_INFO /home/runner/scoreboard.sv(26) @ 1505: uvm_test_top.env.scb [counter_scoreboard] Scoreboard received item
# KERNEL: UVM_INFO /home/runner/scoreboard.sv(31) @ 1505: uvm_test_top.env.scb [SCB_PASS] Match! Exp=9, Act=9
# KERNEL: UVM_INFO /home/runner/monitor.sv(57) @ 1505: uvm_test_top.env.agent.mon [MON] rst=0 | load =0 | up_down=1 | count_in=14 | count=9 | max_tick=0 | min_tick=0
# KERNEL: UVM_INFO /home/runner/driver.sv(51) @ 1505: uvm_test_top.env.agent.drv [DRV] rst=0,load=0 | up_down=1 | count_in=1
# KERNEL: UVM_INFO /home/runner/scoreboard.sv(26) @ 1515: uvm_test_top.env.scb [counter_scoreboard] Scoreboard received item
# KERNEL: UVM_INFO /home/runner/scoreboard.sv(31) @ 1515: uvm_test_top.env.scb [SCB_PASS] Match! Exp=10, Act=10
# KERNEL: UVM_INFO /home/runner/monitor.sv(57) @ 1515: uvm_test_top.env.agent.mon [MON] rst=0 | load =0 | up_down=1 | count_in=1 | count=10 | max_tick=0 | min_tick=0
# KERNEL: UVM_INFO /home/runner/scoreboard.sv(26) @ 1525: uvm_test_top.env.scb [counter_scoreboard] Scoreboard received item
# KERNEL: UVM_INFO /home/runner/scoreboard.sv(31) @ 1525: uvm_test_top.env.scb [SCB_PASS] Match! Exp=11, Act=11
# KERNEL: UVM_INFO /home/runner/monitor.sv(57) @ 1525: uvm_test_top.env.agent.mon [MON] rst=0 | load =0 | up_down=1 | count_in=1 | count=11 | max_tick=0 | min_tick=0
# KERNEL: UVM_INFO /home/runner/driver.sv(51) @ 1525: uvm_test_top.env.agent.drv [DRV] rst=1,load=0 | up_down=0 | count_in=14
# KERNEL: UVM_INFO /home/runner/monitor.sv(28) @ 1535: uvm_test_top.env.agent.mon [MON] Reset Active
# KERNEL: UVM_INFO /home/runner/monitor.sv(40) @ 1535: uvm_test_top.env.agent.mon [MON] rst=1 | load =0 | up_down=0 | count_in=14 | count=0 | max_tick=0 | min_tick=1
# KERNEL: UVM_INFO /home/runner/monitor.sv(28) @ 1545: uvm_test_top.env.agent.mon [MON] Reset Active
# KERNEL: UVM_INFO /home/runner/monitor.sv(40) @ 1545: uvm_test_top.env.agent.mon [MON] rst=1 | load =0 | up_down=0 | count_in=14 | count=0 | max_tick=0 | min_tick=1
# KERNEL: UVM_INFO /home/runner/driver.sv(51) @ 1545: uvm_test_top.env.agent.drv [DRV] rst=0,load=0 | up_down=1 | count_in=12
# KERNEL: UVM_INFO /home/runner/scoreboard.sv(26) @ 1555: uvm_test_top.env.scb [counter_scoreboard] Scoreboard received item
# KERNEL: UVM_INFO /home/runner/scoreboard.sv(31) @ 1555: uvm_test_top.env.scb [SCB_PASS] Match! Exp=0, Act=0
# KERNEL: UVM_INFO /home/runner/monitor.sv(57) @ 1555: uvm_test_top.env.agent.mon [MON] rst=0 | load =0 | up_down=1 | count_in=12 | count=0 | max_tick=0 | min_tick=1
# KERNEL: UVM_INFO /home/runner/scoreboard.sv(26) @ 1565: uvm_test_top.env.scb [counter_scoreboard] Scoreboard received item
# KERNEL: UVM_INFO /home/runner/scoreboard.sv(31) @ 1565: uvm_test_top.env.scb [SCB_PASS] Match! Exp=1, Act=1
# KERNEL: UVM_INFO /home/runner/monitor.sv(57) @ 1565: uvm_test_top.env.agent.mon [MON] rst=0 | load =0 | up_down=1 | count_in=12 | count=1 | max_tick=0 | min_tick=0
# KERNEL: UVM_INFO /home/runner/driver.sv(51) @ 1565: uvm_test_top.env.agent.drv [DRV] rst=0,load=1 | up_down=1 | count_in=10
# KERNEL: UVM_INFO /home/runner/scoreboard.sv(26) @ 1575: uvm_test_top.env.scb [counter_scoreboard] Scoreboard received item
# KERNEL: UVM_INFO /home/runner/scoreboard.sv(31) @ 1575: uvm_test_top.env.scb [SCB_PASS] Match! Exp=2, Act=2
# KERNEL: UVM_INFO /home/runner/monitor.sv(57) @ 1575: uvm_test_top.env.agent.mon [MON] rst=0 | load =1 | up_down=1 | count_in=10 | count=2 | max_tick=0 | min_tick=0
# KERNEL: UVM_INFO /home/runner/scoreboard.sv(26) @ 1585: uvm_test_top.env.scb [counter_scoreboard] Scoreboard received item
# KERNEL: UVM_INFO /home/runner/scoreboard.sv(31) @ 1585: uvm_test_top.env.scb [SCB_PASS] Match! Exp=10, Act=10
# KERNEL: UVM_INFO /home/runner/monitor.sv(57) @ 1585: uvm_test_top.env.agent.mon [MON] rst=0 | load =1 | up_down=1 | count_in=10 | count=10 | max_tick=0 | min_tick=0
# KERNEL: UVM_INFO /home/runner/driver.sv(51) @ 1585: uvm_test_top.env.agent.drv [DRV] rst=0,load=0 | up_down=0 | count_in=11
# KERNEL: UVM_INFO /home/runner/scoreboard.sv(26) @ 1595: uvm_test_top.env.scb [counter_scoreboard] Scoreboard received item
# KERNEL: UVM_INFO /home/runner/scoreboard.sv(31) @ 1595: uvm_test_top.env.scb [SCB_PASS] Match! Exp=10, Act=10
# KERNEL: UVM_INFO /home/runner/monitor.sv(57) @ 1595: uvm_test_top.env.agent.mon [MON] rst=0 | load =0 | up_down=0 | count_in=11 | count=10 | max_tick=0 | min_tick=0
# KERNEL: UVM_INFO /home/runner/scoreboard.sv(26) @ 1605: uvm_test_top.env.scb [counter_scoreboard] Scoreboard received item
# KERNEL: UVM_INFO /home/runner/scoreboard.sv(31) @ 1605: uvm_test_top.env.scb [SCB_PASS] Match! Exp=9, Act=9
# KERNEL: UVM_INFO /home/runner/monitor.sv(57) @ 1605: uvm_test_top.env.agent.mon [MON] rst=0 | load =0 | up_down=0 | count_in=11 | count=9 | max_tick=0 | min_tick=0
# KERNEL: UVM_INFO /home/runner/driver.sv(51) @ 1605: uvm_test_top.env.agent.drv [DRV] rst=0,load=0 | up_down=1 | count_in=4
# KERNEL: UVM_INFO /home/runner/scoreboard.sv(26) @ 1615: uvm_test_top.env.scb [counter_scoreboard] Scoreboard received item
# KERNEL: UVM_INFO /home/runner/scoreboard.sv(31) @ 1615: uvm_test_top.env.scb [SCB_PASS] Match! Exp=8, Act=8
# KERNEL: UVM_INFO /home/runner/monitor.sv(57) @ 1615: uvm_test_top.env.agent.mon [MON] rst=0 | load =0 | up_down=1 | count_in=4 | count=8 | max_tick=0 | min_tick=0
# KERNEL: UVM_INFO /home/runner/scoreboard.sv(26) @ 1625: uvm_test_top.env.scb [counter_scoreboard] Scoreboard received item
# KERNEL: UVM_INFO /home/runner/scoreboard.sv(31) @ 1625: uvm_test_top.env.scb [SCB_PASS] Match! Exp=9, Act=9
# KERNEL: UVM_INFO /home/runner/monitor.sv(57) @ 1625: uvm_test_top.env.agent.mon [MON] rst=0 | load =0 | up_down=1 | count_in=4 | count=9 | max_tick=0 | min_tick=0
# KERNEL: UVM_INFO /home/runner/driver.sv(51) @ 1625: uvm_test_top.env.agent.drv [DRV] rst=0,load=0 | up_down=0 | count_in=10
# KERNEL: UVM_INFO /home/runner/scoreboard.sv(26) @ 1635: uvm_test_top.env.scb [counter_scoreboard] Scoreboard received item
# KERNEL: UVM_INFO /home/runner/scoreboard.sv(31) @ 1635: uvm_test_top.env.scb [SCB_PASS] Match! Exp=10, Act=10
# KERNEL: UVM_INFO /home/runner/monitor.sv(57) @ 1635: uvm_test_top.env.agent.mon [MON] rst=0 | load =0 | up_down=0 | count_in=10 | count=10 | max_tick=0 | min_tick=0
# KERNEL: UVM_INFO /home/runner/scoreboard.sv(26) @ 1645: uvm_test_top.env.scb [counter_scoreboard] Scoreboard received item
# KERNEL: UVM_INFO /home/runner/scoreboard.sv(31) @ 1645: uvm_test_top.env.scb [SCB_PASS] Match! Exp=9, Act=9
# KERNEL: UVM_INFO /home/runner/monitor.sv(57) @ 1645: uvm_test_top.env.agent.mon [MON] rst=0 | load =0 | up_down=0 | count_in=10 | count=9 | max_tick=0 | min_tick=0
# KERNEL: UVM_INFO /home/runner/driver.sv(51) @ 1645: uvm_test_top.env.agent.drv [DRV] rst=0,load=0 | up_down=1 | count_in=6
# KERNEL: UVM_INFO /home/runner/scoreboard.sv(26) @ 1655: uvm_test_top.env.scb [counter_scoreboard] Scoreboard received item
# KERNEL: UVM_INFO /home/runner/scoreboard.sv(31) @ 1655: uvm_test_top.env.scb [SCB_PASS] Match! Exp=8, Act=8
# KERNEL: UVM_INFO /home/runner/monitor.sv(57) @ 1655: uvm_test_top.env.agent.mon [MON] rst=0 | load =0 | up_down=1 | count_in=6 | count=8 | max_tick=0 | min_tick=0
# KERNEL: UVM_INFO /home/runner/scoreboard.sv(26) @ 1665: uvm_test_top.env.scb [counter_scoreboard] Scoreboard received item
# KERNEL: UVM_INFO /home/runner/scoreboard.sv(31) @ 1665: uvm_test_top.env.scb [SCB_PASS] Match! Exp=9, Act=9
# KERNEL: UVM_INFO /home/runner/monitor.sv(57) @ 1665: uvm_test_top.env.agent.mon [MON] rst=0 | load =0 | up_down=1 | count_in=6 | count=9 | max_tick=0 | min_tick=0
# KERNEL: UVM_INFO /home/runner/driver.sv(51) @ 1665: uvm_test_top.env.agent.drv [DRV] rst=0,load=1 | up_down=1 | count_in=9
# KERNEL: UVM_INFO /home/runner/scoreboard.sv(26) @ 1675: uvm_test_top.env.scb [counter_scoreboard] Scoreboard received item
# KERNEL: UVM_INFO /home/runner/scoreboard.sv(31) @ 1675: uvm_test_top.env.scb [SCB_PASS] Match! Exp=10, Act=10
# KERNEL: UVM_INFO /home/runner/monitor.sv(57) @ 1675: uvm_test_top.env.agent.mon [MON] rst=0 | load =1 | up_down=1 | count_in=9 | count=10 | max_tick=0 | min_tick=0
# KERNEL: UVM_INFO /home/runner/scoreboard.sv(26) @ 1685: uvm_test_top.env.scb [counter_scoreboard] Scoreboard received item
# KERNEL: UVM_INFO /home/runner/scoreboard.sv(31) @ 1685: uvm_test_top.env.scb [SCB_PASS] Match! Exp=9, Act=9
# KERNEL: UVM_INFO /home/runner/monitor.sv(57) @ 1685: uvm_test_top.env.agent.mon [MON] rst=0 | load =1 | up_down=1 | count_in=9 | count=9 | max_tick=0 | min_tick=0
# KERNEL: UVM_INFO /home/runner/driver.sv(51) @ 1685: uvm_test_top.env.agent.drv [DRV] rst=0,load=0 | up_down=1 | count_in=8
# KERNEL: UVM_INFO /home/runner/scoreboard.sv(26) @ 1695: uvm_test_top.env.scb [counter_scoreboard] Scoreboard received item
# KERNEL: UVM_INFO /home/runner/scoreboard.sv(31) @ 1695: uvm_test_top.env.scb [SCB_PASS] Match! Exp=9, Act=9
# KERNEL: UVM_INFO /home/runner/monitor.sv(57) @ 1695: uvm_test_top.env.agent.mon [MON] rst=0 | load =0 | up_down=1 | count_in=8 | count=9 | max_tick=0 | min_tick=0
# KERNEL: UVM_INFO /home/runner/scoreboard.sv(26) @ 1705: uvm_test_top.env.scb [counter_scoreboard] Scoreboard received item
# KERNEL: UVM_INFO /home/runner/scoreboard.sv(31) @ 1705: uvm_test_top.env.scb [SCB_PASS] Match! Exp=10, Act=10
# KERNEL: UVM_INFO /home/runner/monitor.sv(57) @ 1705: uvm_test_top.env.agent.mon [MON] rst=0 | load =0 | up_down=1 | count_in=8 | count=10 | max_tick=0 | min_tick=0
# KERNEL: UVM_INFO /home/runner/driver.sv(51) @ 1705: uvm_test_top.env.agent.drv [DRV] rst=0,load=0 | up_down=1 | count_in=8
# KERNEL: UVM_INFO /home/runner/scoreboard.sv(26) @ 1715: uvm_test_top.env.scb [counter_scoreboard] Scoreboard received item
# KERNEL: UVM_INFO /home/runner/scoreboard.sv(31) @ 1715: uvm_test_top.env.scb [SCB_PASS] Match! Exp=11, Act=11
# KERNEL: UVM_INFO /home/runner/monitor.sv(57) @ 1715: uvm_test_top.env.agent.mon [MON] rst=0 | load =0 | up_down=1 | count_in=8 | count=11 | max_tick=0 | min_tick=0
# KERNEL: UVM_INFO /home/runner/scoreboard.sv(26) @ 1725: uvm_test_top.env.scb [counter_scoreboard] Scoreboard received item
# KERNEL: UVM_INFO /home/runner/scoreboard.sv(31) @ 1725: uvm_test_top.env.scb [SCB_PASS] Match! Exp=12, Act=12
# KERNEL: UVM_INFO /home/runner/monitor.sv(57) @ 1725: uvm_test_top.env.agent.mon [MON] rst=0 | load =0 | up_down=1 | count_in=8 | count=12 | max_tick=0 | min_tick=0
# KERNEL: UVM_INFO /home/runner/driver.sv(51) @ 1725: uvm_test_top.env.agent.drv [DRV] rst=1,load=0 | up_down=0 | count_in=7
# KERNEL: UVM_INFO /home/runner/monitor.sv(28) @ 1735: uvm_test_top.env.agent.mon [MON] Reset Active
# KERNEL: UVM_INFO /home/runner/monitor.sv(40) @ 1735: uvm_test_top.env.agent.mon [MON] rst=1 | load =0 | up_down=0 | count_in=7 | count=0 | max_tick=0 | min_tick=1
# KERNEL: UVM_INFO /home/runner/monitor.sv(28) @ 1745: uvm_test_top.env.agent.mon [MON] Reset Active
# KERNEL: UVM_INFO /home/runner/monitor.sv(40) @ 1745: uvm_test_top.env.agent.mon [MON] rst=1 | load =0 | up_down=0 | count_in=7 | count=0 | max_tick=0 | min_tick=1
# KERNEL: UVM_INFO /home/runner/driver.sv(51) @ 1745: uvm_test_top.env.agent.drv [DRV] rst=0,load=0 | up_down=1 | count_in=14
# KERNEL: UVM_INFO /home/runner/scoreboard.sv(26) @ 1755: uvm_test_top.env.scb [counter_scoreboard] Scoreboard received item
# KERNEL: UVM_INFO /home/runner/scoreboard.sv(31) @ 1755: uvm_test_top.env.scb [SCB_PASS] Match! Exp=0, Act=0
# KERNEL: UVM_INFO /home/runner/monitor.sv(57) @ 1755: uvm_test_top.env.agent.mon [MON] rst=0 | load =0 | up_down=1 | count_in=14 | count=0 | max_tick=0 | min_tick=1
# KERNEL: UVM_INFO /home/runner/scoreboard.sv(26) @ 1765: uvm_test_top.env.scb [counter_scoreboard] Scoreboard received item
# KERNEL: UVM_INFO /home/runner/scoreboard.sv(31) @ 1765: uvm_test_top.env.scb [SCB_PASS] Match! Exp=1, Act=1
# KERNEL: UVM_INFO /home/runner/monitor.sv(57) @ 1765: uvm_test_top.env.agent.mon [MON] rst=0 | load =0 | up_down=1 | count_in=14 | count=1 | max_tick=0 | min_tick=0
# KERNEL: UVM_INFO /home/runner/driver.sv(51) @ 1765: uvm_test_top.env.agent.drv [DRV] rst=0,load=0 | up_down=0 | count_in=1
# KERNEL: UVM_INFO /home/runner/scoreboard.sv(26) @ 1775: uvm_test_top.env.scb [counter_scoreboard] Scoreboard received item
# KERNEL: UVM_INFO /home/runner/scoreboard.sv(31) @ 1775: uvm_test_top.env.scb [SCB_PASS] Match! Exp=2, Act=2
# KERNEL: UVM_INFO /home/runner/monitor.sv(57) @ 1775: uvm_test_top.env.agent.mon [MON] rst=0 | load =0 | up_down=0 | count_in=1 | count=2 | max_tick=0 | min_tick=0
# KERNEL: UVM_INFO /home/runner/scoreboard.sv(26) @ 1785: uvm_test_top.env.scb [counter_scoreboard] Scoreboard received item
# KERNEL: UVM_INFO /home/runner/scoreboard.sv(31) @ 1785: uvm_test_top.env.scb [SCB_PASS] Match! Exp=1, Act=1
# KERNEL: UVM_INFO /home/runner/monitor.sv(57) @ 1785: uvm_test_top.env.agent.mon [MON] rst=0 | load =0 | up_down=0 | count_in=1 | count=1 | max_tick=0 | min_tick=0
# KERNEL: UVM_INFO /home/runner/driver.sv(51) @ 1785: uvm_test_top.env.agent.drv [DRV] rst=0,load=0 | up_down=1 | count_in=3
# KERNEL: UVM_INFO /home/runner/scoreboard.sv(26) @ 1795: uvm_test_top.env.scb [counter_scoreboard] Scoreboard received item
# KERNEL: UVM_INFO /home/runner/scoreboard.sv(31) @ 1795: uvm_test_top.env.scb [SCB_PASS] Match! Exp=0, Act=0
# KERNEL: UVM_INFO /home/runner/monitor.sv(57) @ 1795: uvm_test_top.env.agent.mon [MON] rst=0 | load =0 | up_down=1 | count_in=3 | count=0 | max_tick=0 | min_tick=1
# KERNEL: UVM_INFO /home/runner/scoreboard.sv(26) @ 1805: uvm_test_top.env.scb [counter_scoreboard] Scoreboard received item
# KERNEL: UVM_INFO /home/runner/scoreboard.sv(31) @ 1805: uvm_test_top.env.scb [SCB_PASS] Match! Exp=1, Act=1
# KERNEL: UVM_INFO /home/runner/monitor.sv(57) @ 1805: uvm_test_top.env.agent.mon [MON] rst=0 | load =0 | up_down=1 | count_in=3 | count=1 | max_tick=0 | min_tick=0
# KERNEL: UVM_INFO /home/runner/driver.sv(51) @ 1805: uvm_test_top.env.agent.drv [DRV] rst=0,load=0 | up_down=1 | count_in=14
# KERNEL: UVM_INFO /home/runner/scoreboard.sv(26) @ 1815: uvm_test_top.env.scb [counter_scoreboard] Scoreboard received item
# KERNEL: UVM_INFO /home/runner/scoreboard.sv(31) @ 1815: uvm_test_top.env.scb [SCB_PASS] Match! Exp=2, Act=2
# KERNEL: UVM_INFO /home/runner/monitor.sv(57) @ 1815: uvm_test_top.env.agent.mon [MON] rst=0 | load =0 | up_down=1 | count_in=14 | count=2 | max_tick=0 | min_tick=0
# KERNEL: UVM_INFO /home/runner/scoreboard.sv(26) @ 1825: uvm_test_top.env.scb [counter_scoreboard] Scoreboard received item
# KERNEL: UVM_INFO /home/runner/scoreboard.sv(31) @ 1825: uvm_test_top.env.scb [SCB_PASS] Match! Exp=3, Act=3
# KERNEL: UVM_INFO /home/runner/monitor.sv(57) @ 1825: uvm_test_top.env.agent.mon [MON] rst=0 | load =0 | up_down=1 | count_in=14 | count=3 | max_tick=0 | min_tick=0
# KERNEL: UVM_INFO /home/runner/driver.sv(51) @ 1825: uvm_test_top.env.agent.drv [DRV] rst=0,load=0 | up_down=1 | count_in=1
# KERNEL: UVM_INFO /home/runner/scoreboard.sv(26) @ 1835: uvm_test_top.env.scb [counter_scoreboard] Scoreboard received item
# KERNEL: UVM_INFO /home/runner/scoreboard.sv(31) @ 1835: uvm_test_top.env.scb [SCB_PASS] Match! Exp=4, Act=4
# KERNEL: UVM_INFO /home/runner/monitor.sv(57) @ 1835: uvm_test_top.env.agent.mon [MON] rst=0 | load =0 | up_down=1 | count_in=1 | count=4 | max_tick=0 | min_tick=0
# KERNEL: UVM_INFO /home/runner/scoreboard.sv(26) @ 1845: uvm_test_top.env.scb [counter_scoreboard] Scoreboard received item
# KERNEL: UVM_INFO /home/runner/scoreboard.sv(31) @ 1845: uvm_test_top.env.scb [SCB_PASS] Match! Exp=5, Act=5
# KERNEL: UVM_INFO /home/runner/monitor.sv(57) @ 1845: uvm_test_top.env.agent.mon [MON] rst=0 | load =0 | up_down=1 | count_in=1 | count=5 | max_tick=0 | min_tick=0
# KERNEL: UVM_INFO /home/runner/driver.sv(51) @ 1845: uvm_test_top.env.agent.drv [DRV] rst=1,load=0 | up_down=0 | count_in=13
# KERNEL: UVM_INFO /home/runner/monitor.sv(28) @ 1855: uvm_test_top.env.agent.mon [MON] Reset Active
# KERNEL: UVM_INFO /home/runner/monitor.sv(40) @ 1855: uvm_test_top.env.agent.mon [MON] rst=1 | load =0 | up_down=0 | count_in=13 | count=0 | max_tick=0 | min_tick=1
# KERNEL: UVM_INFO /home/runner/monitor.sv(28) @ 1865: uvm_test_top.env.agent.mon [MON] Reset Active
# KERNEL: UVM_INFO /home/runner/monitor.sv(40) @ 1865: uvm_test_top.env.agent.mon [MON] rst=1 | load =0 | up_down=0 | count_in=13 | count=0 | max_tick=0 | min_tick=1
# KERNEL: UVM_INFO /home/runner/driver.sv(51) @ 1865: uvm_test_top.env.agent.drv [DRV] rst=0,load=0 | up_down=0 | count_in=5
# KERNEL: UVM_INFO /home/runner/scoreboard.sv(26) @ 1875: uvm_test_top.env.scb [counter_scoreboard] Scoreboard received item
# KERNEL: UVM_INFO /home/runner/scoreboard.sv(31) @ 1875: uvm_test_top.env.scb [SCB_PASS] Match! Exp=0, Act=0
# KERNEL: UVM_INFO /home/runner/monitor.sv(57) @ 1875: uvm_test_top.env.agent.mon [MON] rst=0 | load =0 | up_down=0 | count_in=5 | count=0 | max_tick=0 | min_tick=1
# KERNEL: UVM_INFO /home/runner/scoreboard.sv(26) @ 1885: uvm_test_top.env.scb [counter_scoreboard] Scoreboard received item
# KERNEL: UVM_INFO /home/runner/scoreboard.sv(31) @ 1885: uvm_test_top.env.scb [SCB_PASS] Match! Exp=15, Act=15
# KERNEL: UVM_INFO /home/runner/monitor.sv(57) @ 1885: uvm_test_top.env.agent.mon [MON] rst=0 | load =0 | up_down=0 | count_in=5 | count=15 | max_tick=1 | min_tick=0
# KERNEL: UVM_INFO /home/runner/driver.sv(51) @ 1885: uvm_test_top.env.agent.drv [DRV] rst=0,load=0 | up_down=0 | count_in=3
# KERNEL: UVM_INFO /home/runner/scoreboard.sv(26) @ 1895: uvm_test_top.env.scb [counter_scoreboard] Scoreboard received item
# KERNEL: UVM_INFO /home/runner/scoreboard.sv(31) @ 1895: uvm_test_top.env.scb [SCB_PASS] Match! Exp=14, Act=14
# KERNEL: UVM_INFO /home/runner/monitor.sv(57) @ 1895: uvm_test_top.env.agent.mon [MON] rst=0 | load =0 | up_down=0 | count_in=3 | count=14 | max_tick=0 | min_tick=0
# KERNEL: UVM_INFO /home/runner/scoreboard.sv(26) @ 1905: uvm_test_top.env.scb [counter_scoreboard] Scoreboard received item
# KERNEL: UVM_INFO /home/runner/scoreboard.sv(31) @ 1905: uvm_test_top.env.scb [SCB_PASS] Match! Exp=13, Act=13
# KERNEL: UVM_INFO /home/runner/monitor.sv(57) @ 1905: uvm_test_top.env.agent.mon [MON] rst=0 | load =0 | up_down=0 | count_in=3 | count=13 | max_tick=0 | min_tick=0
# KERNEL: UVM_INFO /home/runner/driver.sv(51) @ 1905: uvm_test_top.env.agent.drv [DRV] rst=0,load=1 | up_down=0 | count_in=7
# KERNEL: UVM_INFO /home/runner/scoreboard.sv(26) @ 1915: uvm_test_top.env.scb [counter_scoreboard] Scoreboard received item
# KERNEL: UVM_INFO /home/runner/scoreboard.sv(31) @ 1915: uvm_test_top.env.scb [SCB_PASS] Match! Exp=12, Act=12
# KERNEL: UVM_INFO /home/runner/monitor.sv(57) @ 1915: uvm_test_top.env.agent.mon [MON] rst=0 | load =1 | up_down=0 | count_in=7 | count=12 | max_tick=0 | min_tick=0
# KERNEL: UVM_INFO /home/runner/scoreboard.sv(26) @ 1925: uvm_test_top.env.scb [counter_scoreboard] Scoreboard received item
# KERNEL: UVM_INFO /home/runner/scoreboard.sv(31) @ 1925: uvm_test_top.env.scb [SCB_PASS] Match! Exp=7, Act=7
# KERNEL: UVM_INFO /home/runner/monitor.sv(57) @ 1925: uvm_test_top.env.agent.mon [MON] rst=0 | load =1 | up_down=0 | count_in=7 | count=7 | max_tick=0 | min_tick=0
# KERNEL: UVM_INFO /home/runner/driver.sv(51) @ 1925: uvm_test_top.env.agent.drv [DRV] rst=0,load=0 | up_down=1 | count_in=8
# KERNEL: UVM_INFO /home/runner/scoreboard.sv(26) @ 1935: uvm_test_top.env.scb [counter_scoreboard] Scoreboard received item
# KERNEL: UVM_INFO /home/runner/scoreboard.sv(31) @ 1935: uvm_test_top.env.scb [SCB_PASS] Match! Exp=7, Act=7
# KERNEL: UVM_INFO /home/runner/monitor.sv(57) @ 1935: uvm_test_top.env.agent.mon [MON] rst=0 | load =0 | up_down=1 | count_in=8 | count=7 | max_tick=0 | min_tick=0
# KERNEL: UVM_INFO /home/runner/scoreboard.sv(26) @ 1945: uvm_test_top.env.scb [counter_scoreboard] Scoreboard received item
# KERNEL: UVM_INFO /home/runner/scoreboard.sv(31) @ 1945: uvm_test_top.env.scb [SCB_PASS] Match! Exp=8, Act=8
# KERNEL: UVM_INFO /home/runner/monitor.sv(57) @ 1945: uvm_test_top.env.agent.mon [MON] rst=0 | load =0 | up_down=1 | count_in=8 | count=8 | max_tick=0 | min_tick=0
# KERNEL: UVM_INFO /home/runner/driver.sv(51) @ 1945: uvm_test_top.env.agent.drv [DRV] rst=0,load=0 | up_down=1 | count_in=7
# KERNEL: UVM_INFO /home/runner/scoreboard.sv(26) @ 1955: uvm_test_top.env.scb [counter_scoreboard] Scoreboard received item
# KERNEL: UVM_INFO /home/runner/scoreboard.sv(31) @ 1955: uvm_test_top.env.scb [SCB_PASS] Match! Exp=9, Act=9
# KERNEL: UVM_INFO /home/runner/monitor.sv(57) @ 1955: uvm_test_top.env.agent.mon [MON] rst=0 | load =0 | up_down=1 | count_in=7 | count=9 | max_tick=0 | min_tick=0
# KERNEL: UVM_INFO /home/runner/scoreboard.sv(26) @ 1965: uvm_test_top.env.scb [counter_scoreboard] Scoreboard received item
# KERNEL: UVM_INFO /home/runner/scoreboard.sv(31) @ 1965: uvm_test_top.env.scb [SCB_PASS] Match! Exp=10, Act=10
# KERNEL: UVM_INFO /home/runner/monitor.sv(57) @ 1965: uvm_test_top.env.agent.mon [MON] rst=0 | load =0 | up_down=1 | count_in=7 | count=10 | max_tick=0 | min_tick=0
# KERNEL: UVM_INFO /home/runner/driver.sv(51) @ 1965: uvm_test_top.env.agent.drv [DRV] rst=0,load=0 | up_down=0 | count_in=7
# KERNEL: UVM_INFO /home/runner/scoreboard.sv(26) @ 1975: uvm_test_top.env.scb [counter_scoreboard] Scoreboard received item
# KERNEL: UVM_INFO /home/runner/scoreboard.sv(31) @ 1975: uvm_test_top.env.scb [SCB_PASS] Match! Exp=11, Act=11
# KERNEL: UVM_INFO /home/runner/monitor.sv(57) @ 1975: uvm_test_top.env.agent.mon [MON] rst=0 | load =0 | up_down=0 | count_in=7 | count=11 | max_tick=0 | min_tick=0
# KERNEL: UVM_INFO /home/runner/scoreboard.sv(26) @ 1985: uvm_test_top.env.scb [counter_scoreboard] Scoreboard received item
# KERNEL: UVM_INFO /home/runner/scoreboard.sv(31) @ 1985: uvm_test_top.env.scb [SCB_PASS] Match! Exp=10, Act=10
# KERNEL: UVM_INFO /home/runner/monitor.sv(57) @ 1985: uvm_test_top.env.agent.mon [MON] rst=0 | load =0 | up_down=0 | count_in=7 | count=10 | max_tick=0 | min_tick=0
# KERNEL: UVM_INFO /home/runner/driver.sv(51) @ 1985: uvm_test_top.env.agent.drv [DRV] rst=0,load=0 | up_down=1 | count_in=9
# KERNEL: UVM_INFO /home/runner/scoreboard.sv(26) @ 1995: uvm_test_top.env.scb [counter_scoreboard] Scoreboard received item
# KERNEL: UVM_INFO /home/runner/scoreboard.sv(31) @ 1995: uvm_test_top.env.scb [SCB_PASS] Match! Exp=9, Act=9
# KERNEL: UVM_INFO /home/runner/monitor.sv(57) @ 1995: uvm_test_top.env.agent.mon [MON] rst=0 | load =0 | up_down=1 | count_in=9 | count=9 | max_tick=0 | min_tick=0
# KERNEL: UVM_INFO /home/runner/scoreboard.sv(26) @ 2005: uvm_test_top.env.scb [counter_scoreboard] Scoreboard received item
# KERNEL: UVM_INFO /home/runner/scoreboard.sv(31) @ 2005: uvm_test_top.env.scb [SCB_PASS] Match! Exp=10, Act=10
# KERNEL: UVM_INFO /home/runner/monitor.sv(57) @ 2005: uvm_test_top.env.agent.mon [MON] rst=0 | load =0 | up_down=1 | count_in=9 | count=10 | max_tick=0 | min_tick=0
# KERNEL: UVM_INFO /home/runner/driver.sv(51) @ 2005: uvm_test_top.env.agent.drv [DRV] rst=0,load=0 | up_down=0 | count_in=6
# KERNEL: UVM_INFO /home/runner/scoreboard.sv(26) @ 2015: uvm_test_top.env.scb [counter_scoreboard] Scoreboard received item
# KERNEL: UVM_INFO /home/runner/scoreboard.sv(31) @ 2015: uvm_test_top.env.scb [SCB_PASS] Match! Exp=11, Act=11
# KERNEL: UVM_INFO /home/runner/monitor.sv(57) @ 2015: uvm_test_top.env.agent.mon [MON] rst=0 | load =0 | up_down=0 | count_in=6 | count=11 | max_tick=0 | min_tick=0
# KERNEL: UVM_INFO /home/runner/sequence1.sv(26) @ 2015: uvm_test_top.env.agent.sqr@@s1 [counter_base_sequence] Sequence body finished
# KERNEL: UVM_INFO /home/runner/scoreboard.sv(26) @ 2025: uvm_test_top.env.scb [counter_scoreboard] Scoreboard received item
# KERNEL: UVM_INFO /home/runner/scoreboard.sv(31) @ 2025: uvm_test_top.env.scb [SCB_PASS] Match! Exp=10, Act=10
# KERNEL: UVM_INFO /home/runner/monitor.sv(57) @ 2025: uvm_test_top.env.agent.mon [MON] rst=0 | load =0 | up_down=0 | count_in=6 | count=10 | max_tick=0 | min_tick=0
# KERNEL: UVM_INFO /home/runner/scoreboard.sv(26) @ 2035: uvm_test_top.env.scb [counter_scoreboard] Scoreboard received item
# KERNEL: UVM_INFO /home/runner/scoreboard.sv(31) @ 2035: uvm_test_top.env.scb [SCB_PASS] Match! Exp=9, Act=9
# KERNEL: UVM_INFO /home/runner/monitor.sv(57) @ 2035: uvm_test_top.env.agent.mon [MON] rst=0 | load =0 | up_down=0 | count_in=6 | count=9 | max_tick=0 | min_tick=0
# KERNEL: UVM_INFO /home/runner/scoreboard.sv(26) @ 2045: uvm_test_top.env.scb [counter_scoreboard] Scoreboard received item
# KERNEL: UVM_INFO /home/runner/scoreboard.sv(31) @ 2045: uvm_test_top.env.scb [SCB_PASS] Match! Exp=8, Act=8
# KERNEL: UVM_INFO /home/runner/monitor.sv(57) @ 2045: uvm_test_top.env.agent.mon [MON] rst=0 | load =0 | up_down=0 | count_in=6 | count=8 | max_tick=0 | min_tick=0
# KERNEL: UVM_INFO /home/runner/scoreboard.sv(26) @ 2055: uvm_test_top.env.scb [counter_scoreboard] Scoreboard received item
# KERNEL: UVM_INFO /home/runner/scoreboard.sv(31) @ 2055: uvm_test_top.env.scb [SCB_PASS] Match! Exp=7, Act=7
# KERNEL: UVM_INFO /home/runner/monitor.sv(57) @ 2055: uvm_test_top.env.agent.mon [MON] rst=0 | load =0 | up_down=0 | count_in=6 | count=7 | max_tick=0 | min_tick=0
# KERNEL: UVM_INFO /home/runner/master_seq.sv(23) @ 2065: uvm_test_top.env.agent.sqr@@seq [MASTER_SEQ] Starting Sequence 2...
# KERNEL: UVM_INFO /home/runner/sequence2.sv(11) @ 2065: uvm_test_top.env.agent.sqr@@s2 [counter_directed_seq] Starting directed test Stimulus for all ports...
# KERNEL: UVM_INFO /home/runner/scoreboard.sv(26) @ 2065: uvm_test_top.env.scb [counter_scoreboard] Scoreboard received item
# KERNEL: UVM_INFO /home/runner/scoreboard.sv(31) @ 2065: uvm_test_top.env.scb [SCB_PASS] Match! Exp=6, Act=6
# KERNEL: UVM_INFO /home/runner/monitor.sv(57) @ 2065: uvm_test_top.env.agent.mon [MON] rst=0 | load =0 | up_down=0 | count_in=6 | count=6 | max_tick=0 | min_tick=0
# KERNEL: UVM_INFO /home/runner/driver.sv(51) @ 2065: uvm_test_top.env.agent.drv [DRV] rst=0,load=1 | up_down=1 | count_in=15
# KERNEL: UVM_INFO /home/runner/scoreboard.sv(26) @ 2075: uvm_test_top.env.scb [counter_scoreboard] Scoreboard received item
# KERNEL: UVM_INFO /home/runner/scoreboard.sv(31) @ 2075: uvm_test_top.env.scb [SCB_PASS] Match! Exp=5, Act=5
# KERNEL: UVM_INFO /home/runner/monitor.sv(57) @ 2075: uvm_test_top.env.agent.mon [MON] rst=0 | load =1 | up_down=1 | count_in=15 | count=5 | max_tick=0 | min_tick=0
# KERNEL: UVM_INFO /home/runner/scoreboard.sv(26) @ 2085: uvm_test_top.env.scb [counter_scoreboard] Scoreboard received item
# KERNEL: UVM_INFO /home/runner/scoreboard.sv(31) @ 2085: uvm_test_top.env.scb [SCB_PASS] Match! Exp=15, Act=15
# KERNEL: UVM_INFO /home/runner/monitor.sv(57) @ 2085: uvm_test_top.env.agent.mon [MON] rst=0 | load =1 | up_down=1 | count_in=15 | count=15 | max_tick=1 | min_tick=0
# KERNEL: UVM_INFO /home/runner/driver.sv(51) @ 2085: uvm_test_top.env.agent.drv [DRV] rst=0,load=0 | up_down=1 | count_in=4
# KERNEL: UVM_INFO /home/runner/scoreboard.sv(26) @ 2095: uvm_test_top.env.scb [counter_scoreboard] Scoreboard received item
# KERNEL: UVM_INFO /home/runner/scoreboard.sv(31) @ 2095: uvm_test_top.env.scb [SCB_PASS] Match! Exp=15, Act=15
# KERNEL: UVM_INFO /home/runner/monitor.sv(57) @ 2095: uvm_test_top.env.agent.mon [MON] rst=0 | load =0 | up_down=1 | count_in=4 | count=15 | max_tick=1 | min_tick=0
# KERNEL: UVM_INFO /home/runner/scoreboard.sv(26) @ 2105: uvm_test_top.env.scb [counter_scoreboard] Scoreboard received item
# KERNEL: UVM_INFO /home/runner/scoreboard.sv(31) @ 2105: uvm_test_top.env.scb [SCB_PASS] Match! Exp=0, Act=0
# KERNEL: UVM_INFO /home/runner/monitor.sv(57) @ 2105: uvm_test_top.env.agent.mon [MON] rst=0 | load =0 | up_down=1 | count_in=4 | count=0 | max_tick=0 | min_tick=1
# KERNEL: UVM_INFO /home/runner/driver.sv(51) @ 2105: uvm_test_top.env.agent.drv [DRV] rst=1,load=1 | up_down=0 | count_in=0
# KERNEL: UVM_INFO /home/runner/monitor.sv(28) @ 2115: uvm_test_top.env.agent.mon [MON] Reset Active
# KERNEL: UVM_INFO /home/runner/monitor.sv(40) @ 2115: uvm_test_top.env.agent.mon [MON] rst=1 | load =1 | up_down=0 | count_in=0 | count=0 | max_tick=0 | min_tick=1
# KERNEL: UVM_INFO /home/runner/monitor.sv(28) @ 2125: uvm_test_top.env.agent.mon [MON] Reset Active
# KERNEL: UVM_INFO /home/runner/monitor.sv(40) @ 2125: uvm_test_top.env.agent.mon [MON] rst=1 | load =1 | up_down=0 | count_in=0 | count=0 | max_tick=0 | min_tick=1
# KERNEL: UVM_INFO /home/runner/driver.sv(51) @ 2125: uvm_test_top.env.agent.drv [DRV] rst=0,load=0 | up_down=0 | count_in=1
# KERNEL: UVM_INFO /home/runner/scoreboard.sv(26) @ 2135: uvm_test_top.env.scb [counter_scoreboard] Scoreboard received item
# KERNEL: UVM_INFO /home/runner/scoreboard.sv(31) @ 2135: uvm_test_top.env.scb [SCB_PASS] Match! Exp=0, Act=0
# KERNEL: UVM_INFO /home/runner/monitor.sv(57) @ 2135: uvm_test_top.env.agent.mon [MON] rst=0 | load =0 | up_down=0 | count_in=1 | count=0 | max_tick=0 | min_tick=1
# KERNEL: UVM_INFO /home/runner/scoreboard.sv(26) @ 2145: uvm_test_top.env.scb [counter_scoreboard] Scoreboard received item
# KERNEL: UVM_INFO /home/runner/scoreboard.sv(31) @ 2145: uvm_test_top.env.scb [SCB_PASS] Match! Exp=15, Act=15
# KERNEL: UVM_INFO /home/runner/monitor.sv(57) @ 2145: uvm_test_top.env.agent.mon [MON] rst=0 | load =0 | up_down=0 | count_in=1 | count=15 | max_tick=1 | min_tick=0
# KERNEL: UVM_INFO /home/runner/driver.sv(51) @ 2145: uvm_test_top.env.agent.drv [DRV] rst=0,load=0 | up_down=1 | count_in=7
# KERNEL: UVM_INFO /home/runner/scoreboard.sv(26) @ 2155: uvm_test_top.env.scb [counter_scoreboard] Scoreboard received item
# KERNEL: UVM_INFO /home/runner/scoreboard.sv(31) @ 2155: uvm_test_top.env.scb [SCB_PASS] Match! Exp=14, Act=14
# KERNEL: UVM_INFO /home/runner/monitor.sv(57) @ 2155: uvm_test_top.env.agent.mon [MON] rst=0 | load =0 | up_down=1 | count_in=7 | count=14 | max_tick=0 | min_tick=0
# KERNEL: UVM_INFO /home/runner/scoreboard.sv(26) @ 2165: uvm_test_top.env.scb [counter_scoreboard] Scoreboard received item
# KERNEL: UVM_INFO /home/runner/scoreboard.sv(31) @ 2165: uvm_test_top.env.scb [SCB_PASS] Match! Exp=15, Act=15
# KERNEL: UVM_INFO /home/runner/monitor.sv(57) @ 2165: uvm_test_top.env.agent.mon [MON] rst=0 | load =0 | up_down=1 | count_in=7 | count=15 | max_tick=1 | min_tick=0
# KERNEL: UVM_INFO /home/runner/driver.sv(51) @ 2165: uvm_test_top.env.agent.drv [DRV] rst=0,load=0 | up_down=1 | count_in=2
# KERNEL: UVM_INFO /home/runner/scoreboard.sv(26) @ 2175: uvm_test_top.env.scb [counter_scoreboard] Scoreboard received item
# KERNEL: UVM_INFO /home/runner/scoreboard.sv(31) @ 2175: uvm_test_top.env.scb [SCB_PASS] Match! Exp=0, Act=0
# KERNEL: UVM_INFO /home/runner/monitor.sv(57) @ 2175: uvm_test_top.env.agent.mon [MON] rst=0 | load =0 | up_down=1 | count_in=2 | count=0 | max_tick=0 | min_tick=1
# KERNEL: UVM_INFO /home/runner/scoreboard.sv(26) @ 2185: uvm_test_top.env.scb [counter_scoreboard] Scoreboard received item
# KERNEL: UVM_INFO /home/runner/scoreboard.sv(31) @ 2185: uvm_test_top.env.scb [SCB_PASS] Match! Exp=1, Act=1
# KERNEL: UVM_INFO /home/runner/monitor.sv(57) @ 2185: uvm_test_top.env.agent.mon [MON] rst=0 | load =0 | up_down=1 | count_in=2 | count=1 | max_tick=0 | min_tick=0
# KERNEL: UVM_INFO /home/runner/driver.sv(51) @ 2185: uvm_test_top.env.agent.drv [DRV] rst=0,load=1 | up_down=0 | count_in=7
# KERNEL: UVM_INFO /home/runner/scoreboard.sv(26) @ 2195: uvm_test_top.env.scb [counter_scoreboard] Scoreboard received item
# KERNEL: UVM_INFO /home/runner/scoreboard.sv(31) @ 2195: uvm_test_top.env.scb [SCB_PASS] Match! Exp=2, Act=2
# KERNEL: UVM_INFO /home/runner/monitor.sv(57) @ 2195: uvm_test_top.env.agent.mon [MON] rst=0 | load =1 | up_down=0 | count_in=7 | count=2 | max_tick=0 | min_tick=0
# KERNEL: UVM_INFO /home/runner/scoreboard.sv(26) @ 2205: uvm_test_top.env.scb [counter_scoreboard] Scoreboard received item
# KERNEL: UVM_INFO /home/runner/scoreboard.sv(31) @ 2205: uvm_test_top.env.scb [SCB_PASS] Match! Exp=7, Act=7
# KERNEL: UVM_INFO /home/runner/monitor.sv(57) @ 2205: uvm_test_top.env.agent.mon [MON] rst=0 | load =1 | up_down=0 | count_in=7 | count=7 | max_tick=0 | min_tick=0
# KERNEL: UVM_INFO /home/runner/driver.sv(51) @ 2205: uvm_test_top.env.agent.drv [DRV] rst=1,load=1 | up_down=1 | count_in=10
# KERNEL: UVM_INFO /home/runner/monitor.sv(28) @ 2215: uvm_test_top.env.agent.mon [MON] Reset Active
# KERNEL: UVM_INFO /home/runner/monitor.sv(40) @ 2215: uvm_test_top.env.agent.mon [MON] rst=1 | load =1 | up_down=1 | count_in=10 | count=0 | max_tick=0 | min_tick=1
# KERNEL: UVM_INFO /home/runner/monitor.sv(28) @ 2225: uvm_test_top.env.agent.mon [MON] Reset Active
# KERNEL: UVM_INFO /home/runner/monitor.sv(40) @ 2225: uvm_test_top.env.agent.mon [MON] rst=1 | load =1 | up_down=1 | count_in=10 | count=0 | max_tick=0 | min_tick=1
# KERNEL: UVM_INFO /home/runner/driver.sv(51) @ 2225: uvm_test_top.env.agent.drv [DRV] rst=0,load=0 | up_down=1 | count_in=7
# KERNEL: UVM_INFO /home/runner/scoreboard.sv(26) @ 2235: uvm_test_top.env.scb [counter_scoreboard] Scoreboard received item
# KERNEL: UVM_INFO /home/runner/scoreboard.sv(31) @ 2235: uvm_test_top.env.scb [SCB_PASS] Match! Exp=0, Act=0
# KERNEL: UVM_INFO /home/runner/monitor.sv(57) @ 2235: uvm_test_top.env.agent.mon [MON] rst=0 | load =0 | up_down=1 | count_in=7 | count=0 | max_tick=0 | min_tick=1
# KERNEL: UVM_INFO /home/runner/scoreboard.sv(26) @ 2245: uvm_test_top.env.scb [counter_scoreboard] Scoreboard received item
# KERNEL: UVM_INFO /home/runner/scoreboard.sv(31) @ 2245: uvm_test_top.env.scb [SCB_PASS] Match! Exp=1, Act=1
# KERNEL: UVM_INFO /home/runner/monitor.sv(57) @ 2245: uvm_test_top.env.agent.mon [MON] rst=0 | load =0 | up_down=1 | count_in=7 | count=1 | max_tick=0 | min_tick=0
# KERNEL: UVM_INFO /home/runner/driver.sv(51) @ 2245: uvm_test_top.env.agent.drv [DRV] rst=0,load=0 | up_down=1 | count_in=10
# KERNEL: UVM_INFO /home/runner/scoreboard.sv(26) @ 2255: uvm_test_top.env.scb [counter_scoreboard] Scoreboard received item
# KERNEL: UVM_INFO /home/runner/scoreboard.sv(31) @ 2255: uvm_test_top.env.scb [SCB_PASS] Match! Exp=2, Act=2
# KERNEL: UVM_INFO /home/runner/monitor.sv(57) @ 2255: uvm_test_top.env.agent.mon [MON] rst=0 | load =0 | up_down=1 | count_in=10 | count=2 | max_tick=0 | min_tick=0
# KERNEL: UVM_INFO /home/runner/scoreboard.sv(26) @ 2265: uvm_test_top.env.scb [counter_scoreboard] Scoreboard received item
# KERNEL: UVM_INFO /home/runner/scoreboard.sv(31) @ 2265: uvm_test_top.env.scb [SCB_PASS] Match! Exp=3, Act=3
# KERNEL: UVM_INFO /home/runner/monitor.sv(57) @ 2265: uvm_test_top.env.agent.mon [MON] rst=0 | load =0 | up_down=1 | count_in=10 | count=3 | max_tick=0 | min_tick=0
# KERNEL: UVM_INFO /home/runner/driver.sv(51) @ 2265: uvm_test_top.env.agent.drv [DRV] rst=0,load=0 | up_down=0 | count_in=2
# KERNEL: UVM_INFO /home/runner/scoreboard.sv(26) @ 2275: uvm_test_top.env.scb [counter_scoreboard] Scoreboard received item
# KERNEL: UVM_INFO /home/runner/scoreboard.sv(31) @ 2275: uvm_test_top.env.scb [SCB_PASS] Match! Exp=4, Act=4
# KERNEL: UVM_INFO /home/runner/monitor.sv(57) @ 2275: uvm_test_top.env.agent.mon [MON] rst=0 | load =0 | up_down=0 | count_in=2 | count=4 | max_tick=0 | min_tick=0
# KERNEL: UVM_INFO /home/runner/scoreboard.sv(26) @ 2285: uvm_test_top.env.scb [counter_scoreboard] Scoreboard received item
# KERNEL: UVM_INFO /home/runner/scoreboard.sv(31) @ 2285: uvm_test_top.env.scb [SCB_PASS] Match! Exp=3, Act=3
# KERNEL: UVM_INFO /home/runner/monitor.sv(57) @ 2285: uvm_test_top.env.agent.mon [MON] rst=0 | load =0 | up_down=0 | count_in=2 | count=3 | max_tick=0 | min_tick=0
# KERNEL: UVM_INFO /home/runner/driver.sv(51) @ 2285: uvm_test_top.env.agent.drv [DRV] rst=0,load=0 | up_down=1 | count_in=5
# KERNEL: UVM_INFO /home/runner/scoreboard.sv(26) @ 2295: uvm_test_top.env.scb [counter_scoreboard] Scoreboard received item
# KERNEL: UVM_INFO /home/runner/scoreboard.sv(31) @ 2295: uvm_test_top.env.scb [SCB_PASS] Match! Exp=2, Act=2
# KERNEL: UVM_INFO /home/runner/monitor.sv(57) @ 2295: uvm_test_top.env.agent.mon [MON] rst=0 | load =0 | up_down=1 | count_in=5 | count=2 | max_tick=0 | min_tick=0
# KERNEL: UVM_INFO /home/runner/scoreboard.sv(26) @ 2305: uvm_test_top.env.scb [counter_scoreboard] Scoreboard received item
# KERNEL: UVM_INFO /home/runner/scoreboard.sv(31) @ 2305: uvm_test_top.env.scb [SCB_PASS] Match! Exp=3, Act=3
# KERNEL: UVM_INFO /home/runner/monitor.sv(57) @ 2305: uvm_test_top.env.agent.mon [MON] rst=0 | load =0 | up_down=1 | count_in=5 | count=3 | max_tick=0 | min_tick=0
# KERNEL: UVM_INFO /home/runner/driver.sv(51) @ 2305: uvm_test_top.env.agent.drv [DRV] rst=0,load=0 | up_down=0 | count_in=3
# KERNEL: UVM_INFO /home/runner/scoreboard.sv(26) @ 2315: uvm_test_top.env.scb [counter_scoreboard] Scoreboard received item
# KERNEL: UVM_INFO /home/runner/scoreboard.sv(31) @ 2315: uvm_test_top.env.scb [SCB_PASS] Match! Exp=4, Act=4
# KERNEL: UVM_INFO /home/runner/monitor.sv(57) @ 2315: uvm_test_top.env.agent.mon [MON] rst=0 | load =0 | up_down=0 | count_in=3 | count=4 | max_tick=0 | min_tick=0
# KERNEL: UVM_INFO /home/runner/scoreboard.sv(26) @ 2325: uvm_test_top.env.scb [counter_scoreboard] Scoreboard received item
# KERNEL: UVM_INFO /home/runner/scoreboard.sv(31) @ 2325: uvm_test_top.env.scb [SCB_PASS] Match! Exp=3, Act=3
# KERNEL: UVM_INFO /home/runner/monitor.sv(57) @ 2325: uvm_test_top.env.agent.mon [MON] rst=0 | load =0 | up_down=0 | count_in=3 | count=3 | max_tick=0 | min_tick=0
# KERNEL: UVM_INFO /home/runner/driver.sv(51) @ 2325: uvm_test_top.env.agent.drv [DRV] rst=0,load=0 | up_down=1 | count_in=4
# KERNEL: UVM_INFO /home/runner/scoreboard.sv(26) @ 2335: uvm_test_top.env.scb [counter_scoreboard] Scoreboard received item
# KERNEL: UVM_INFO /home/runner/scoreboard.sv(31) @ 2335: uvm_test_top.env.scb [SCB_PASS] Match! Exp=2, Act=2
# KERNEL: UVM_INFO /home/runner/monitor.sv(57) @ 2335: uvm_test_top.env.agent.mon [MON] rst=0 | load =0 | up_down=1 | count_in=4 | count=2 | max_tick=0 | min_tick=0
# KERNEL: UVM_INFO /home/runner/scoreboard.sv(26) @ 2345: uvm_test_top.env.scb [counter_scoreboard] Scoreboard received item
# KERNEL: UVM_INFO /home/runner/scoreboard.sv(31) @ 2345: uvm_test_top.env.scb [SCB_PASS] Match! Exp=3, Act=3
# KERNEL: UVM_INFO /home/runner/monitor.sv(57) @ 2345: uvm_test_top.env.agent.mon [MON] rst=0 | load =0 | up_down=1 | count_in=4 | count=3 | max_tick=0 | min_tick=0
# KERNEL: UVM_INFO /home/runner/driver.sv(51) @ 2345: uvm_test_top.env.agent.drv [DRV] rst=0,load=0 | up_down=0 | count_in=10
# KERNEL: UVM_INFO /home/runner/scoreboard.sv(26) @ 2355: uvm_test_top.env.scb [counter_scoreboard] Scoreboard received item
# KERNEL: UVM_INFO /home/runner/scoreboard.sv(31) @ 2355: uvm_test_top.env.scb [SCB_PASS] Match! Exp=4, Act=4
# KERNEL: UVM_INFO /home/runner/monitor.sv(57) @ 2355: uvm_test_top.env.agent.mon [MON] rst=0 | load =0 | up_down=0 | count_in=10 | count=4 | max_tick=0 | min_tick=0
# KERNEL: UVM_INFO /home/runner/scoreboard.sv(26) @ 2365: uvm_test_top.env.scb [counter_scoreboard] Scoreboard received item
# KERNEL: UVM_INFO /home/runner/scoreboard.sv(31) @ 2365: uvm_test_top.env.scb [SCB_PASS] Match! Exp=3, Act=3
# KERNEL: UVM_INFO /home/runner/monitor.sv(57) @ 2365: uvm_test_top.env.agent.mon [MON] rst=0 | load =0 | up_down=0 | count_in=10 | count=3 | max_tick=0 | min_tick=0
# KERNEL: UVM_INFO /home/runner/driver.sv(51) @ 2365: uvm_test_top.env.agent.drv [DRV] rst=0,load=0 | up_down=1 | count_in=0
# KERNEL: UVM_INFO /home/runner/scoreboard.sv(26) @ 2375: uvm_test_top.env.scb [counter_scoreboard] Scoreboard received item
# KERNEL: UVM_INFO /home/runner/scoreboard.sv(31) @ 2375: uvm_test_top.env.scb [SCB_PASS] Match! Exp=2, Act=2
# KERNEL: UVM_INFO /home/runner/monitor.sv(57) @ 2375: uvm_test_top.env.agent.mon [MON] rst=0 | load =0 | up_down=1 | count_in=0 | count=2 | max_tick=0 | min_tick=0
# KERNEL: UVM_INFO /home/runner/scoreboard.sv(26) @ 2385: uvm_test_top.env.scb [counter_scoreboard] Scoreboard received item
# KERNEL: UVM_INFO /home/runner/scoreboard.sv(31) @ 2385: uvm_test_top.env.scb [SCB_PASS] Match! Exp=3, Act=3
# KERNEL: UVM_INFO /home/runner/monitor.sv(57) @ 2385: uvm_test_top.env.agent.mon [MON] rst=0 | load =0 | up_down=1 | count_in=0 | count=3 | max_tick=0 | min_tick=0
# KERNEL: UVM_INFO /home/runner/driver.sv(51) @ 2385: uvm_test_top.env.agent.drv [DRV] rst=0,load=0 | up_down=0 | count_in=4
# KERNEL: UVM_INFO /home/runner/scoreboard.sv(26) @ 2395: uvm_test_top.env.scb [counter_scoreboard] Scoreboard received item
# KERNEL: UVM_INFO /home/runner/scoreboard.sv(31) @ 2395: uvm_test_top.env.scb [SCB_PASS] Match! Exp=4, Act=4
# KERNEL: UVM_INFO /home/runner/monitor.sv(57) @ 2395: uvm_test_top.env.agent.mon [MON] rst=0 | load =0 | up_down=0 | count_in=4 | count=4 | max_tick=0 | min_tick=0
# KERNEL: UVM_INFO /home/runner/scoreboard.sv(26) @ 2405: uvm_test_top.env.scb [counter_scoreboard] Scoreboard received item
# KERNEL: UVM_INFO /home/runner/scoreboard.sv(31) @ 2405: uvm_test_top.env.scb [SCB_PASS] Match! Exp=3, Act=3
# KERNEL: UVM_INFO /home/runner/monitor.sv(57) @ 2405: uvm_test_top.env.agent.mon [MON] rst=0 | load =0 | up_down=0 | count_in=4 | count=3 | max_tick=0 | min_tick=0
# KERNEL: UVM_INFO /home/runner/driver.sv(51) @ 2405: uvm_test_top.env.agent.drv [DRV] rst=0,load=0 | up_down=1 | count_in=10
# KERNEL: UVM_INFO /home/runner/scoreboard.sv(26) @ 2415: uvm_test_top.env.scb [counter_scoreboard] Scoreboard received item
# KERNEL: UVM_INFO /home/runner/scoreboard.sv(31) @ 2415: uvm_test_top.env.scb [SCB_PASS] Match! Exp=2, Act=2
# KERNEL: UVM_INFO /home/runner/monitor.sv(57) @ 2415: uvm_test_top.env.agent.mon [MON] rst=0 | load =0 | up_down=1 | count_in=10 | count=2 | max_tick=0 | min_tick=0
# KERNEL: UVM_INFO /home/runner/scoreboard.sv(26) @ 2425: uvm_test_top.env.scb [counter_scoreboard] Scoreboard received item
# KERNEL: UVM_INFO /home/runner/scoreboard.sv(31) @ 2425: uvm_test_top.env.scb [SCB_PASS] Match! Exp=3, Act=3
# KERNEL: UVM_INFO /home/runner/monitor.sv(57) @ 2425: uvm_test_top.env.agent.mon [MON] rst=0 | load =0 | up_down=1 | count_in=10 | count=3 | max_tick=0 | min_tick=0
# KERNEL: UVM_INFO /home/runner/driver.sv(51) @ 2425: uvm_test_top.env.agent.drv [DRV] rst=0,load=0 | up_down=0 | count_in=12
# KERNEL: UVM_INFO /home/runner/scoreboard.sv(26) @ 2435: uvm_test_top.env.scb [counter_scoreboard] Scoreboard received item
# KERNEL: UVM_INFO /home/runner/scoreboard.sv(31) @ 2435: uvm_test_top.env.scb [SCB_PASS] Match! Exp=4, Act=4
# KERNEL: UVM_INFO /home/runner/monitor.sv(57) @ 2435: uvm_test_top.env.agent.mon [MON] rst=0 | load =0 | up_down=0 | count_in=12 | count=4 | max_tick=0 | min_tick=0
# KERNEL: UVM_INFO /home/runner/scoreboard.sv(26) @ 2445: uvm_test_top.env.scb [counter_scoreboard] Scoreboard received item
# KERNEL: UVM_INFO /home/runner/scoreboard.sv(31) @ 2445: uvm_test_top.env.scb [SCB_PASS] Match! Exp=3, Act=3
# KERNEL: UVM_INFO /home/runner/monitor.sv(57) @ 2445: uvm_test_top.env.agent.mon [MON] rst=0 | load =0 | up_down=0 | count_in=12 | count=3 | max_tick=0 | min_tick=0
# KERNEL: UVM_INFO /home/runner/driver.sv(51) @ 2445: uvm_test_top.env.agent.drv [DRV] rst=0,load=1 | up_down=0 | count_in=5
# KERNEL: UVM_INFO /home/runner/scoreboard.sv(26) @ 2455: uvm_test_top.env.scb [counter_scoreboard] Scoreboard received item
# KERNEL: UVM_INFO /home/runner/scoreboard.sv(31) @ 2455: uvm_test_top.env.scb [SCB_PASS] Match! Exp=2, Act=2
# KERNEL: UVM_INFO /home/runner/monitor.sv(57) @ 2455: uvm_test_top.env.agent.mon [MON] rst=0 | load =1 | up_down=0 | count_in=5 | count=2 | max_tick=0 | min_tick=0
# KERNEL: UVM_INFO /home/runner/scoreboard.sv(26) @ 2465: uvm_test_top.env.scb [counter_scoreboard] Scoreboard received item
# KERNEL: UVM_INFO /home/runner/scoreboard.sv(31) @ 2465: uvm_test_top.env.scb [SCB_PASS] Match! Exp=5, Act=5
# KERNEL: UVM_INFO /home/runner/monitor.sv(57) @ 2465: uvm_test_top.env.agent.mon [MON] rst=0 | load =1 | up_down=0 | count_in=5 | count=5 | max_tick=0 | min_tick=0
# KERNEL: UVM_INFO /home/runner/driver.sv(51) @ 2465: uvm_test_top.env.agent.drv [DRV] rst=0,load=1 | up_down=1 | count_in=5
# KERNEL: UVM_INFO /home/runner/scoreboard.sv(26) @ 2475: uvm_test_top.env.scb [counter_scoreboard] Scoreboard received item
# KERNEL: UVM_INFO /home/runner/scoreboard.sv(31) @ 2475: uvm_test_top.env.scb [SCB_PASS] Match! Exp=5, Act=5
# KERNEL: UVM_INFO /home/runner/monitor.sv(57) @ 2475: uvm_test_top.env.agent.mon [MON] rst=0 | load =1 | up_down=1 | count_in=5 | count=5 | max_tick=0 | min_tick=0
# KERNEL: UVM_INFO /home/runner/scoreboard.sv(26) @ 2485: uvm_test_top.env.scb [counter_scoreboard] Scoreboard received item
# KERNEL: UVM_INFO /home/runner/scoreboard.sv(31) @ 2485: uvm_test_top.env.scb [SCB_PASS] Match! Exp=5, Act=5
# KERNEL: UVM_INFO /home/runner/monitor.sv(57) @ 2485: uvm_test_top.env.agent.mon [MON] rst=0 | load =1 | up_down=1 | count_in=5 | count=5 | max_tick=0 | min_tick=0
# KERNEL: UVM_INFO /home/runner/driver.sv(51) @ 2485: uvm_test_top.env.agent.drv [DRV] rst=1,load=1 | up_down=0 | count_in=5
# KERNEL: UVM_INFO /home/runner/monitor.sv(28) @ 2495: uvm_test_top.env.agent.mon [MON] Reset Active
# KERNEL: UVM_INFO /home/runner/monitor.sv(40) @ 2495: uvm_test_top.env.agent.mon [MON] rst=1 | load =1 | up_down=0 | count_in=5 | count=0 | max_tick=0 | min_tick=1
# KERNEL: UVM_INFO /home/runner/monitor.sv(28) @ 2505: uvm_test_top.env.agent.mon [MON] Reset Active
# KERNEL: UVM_INFO /home/runner/monitor.sv(40) @ 2505: uvm_test_top.env.agent.mon [MON] rst=1 | load =1 | up_down=0 | count_in=5 | count=0 | max_tick=0 | min_tick=1
# KERNEL: UVM_INFO /home/runner/monitor.sv(28) @ 2515: uvm_test_top.env.agent.mon [MON] Reset Active
# KERNEL: UVM_INFO /home/runner/monitor.sv(40) @ 2515: uvm_test_top.env.agent.mon [MON] rst=1 | load =1 | up_down=0 | count_in=5 | count=0 | max_tick=0 | min_tick=1
# KERNEL: UVM_INFO /home/runner/monitor.sv(28) @ 2525: uvm_test_top.env.agent.mon [MON] Reset Active
# KERNEL: UVM_INFO /home/runner/monitor.sv(40) @ 2525: uvm_test_top.env.agent.mon [MON] rst=1 | load =1 | up_down=0 | count_in=5 | count=0 | max_tick=0 | min_tick=1
# KERNEL: UVM_INFO /home/runner/monitor.sv(28) @ 2535: uvm_test_top.env.agent.mon [MON] Reset Active
# KERNEL: UVM_INFO /home/runner/monitor.sv(40) @ 2535: uvm_test_top.env.agent.mon [MON] rst=1 | load =1 | up_down=0 | count_in=5 | count=0 | max_tick=0 | min_tick=1
# KERNEL: UVM_INFO /home/runner/test.sv(26) @ 2545: uvm_test_top [counter_test] Test finished!
# KERNEL: UVM_INFO ./uvm-1.2/src/base/uvm_objection.svh(1271) @ 2545: reporter [TEST_DONE] 'run' phase is ready to proceed to the 'extract' phase
# KERNEL: UVM_INFO ./uvm-1.2/src/base/uvm_report_server.svh(869) @ 2545: reporter [UVM/REPORT/SERVER] 
# KERNEL: --- UVM Report Summary ---
# KERNEL: 
# KERNEL: ** Report counts by severity
# KERNEL: UVM_INFO :  866
# KERNEL: UVM_WARNING :    0
# KERNEL: UVM_ERROR :    0
# KERNEL: UVM_FATAL :    0
# KERNEL: ** Report counts by id
# KERNEL: [DRV]   122
# KERNEL: [MASTER_SEQ]     2
# KERNEL: [MON]   280
# KERNEL: [RNTST]     1
# KERNEL: [SCB_PASS]   227
# KERNEL: [TEST_DONE]     1
# KERNEL: [UVM/RELNOTES]     1
# KERNEL: [counter_base_sequence]     2
# KERNEL: [counter_directed_seq]     1
# KERNEL: [counter_scoreboard]   227
# KERNEL: [counter_test]     2
# KERNEL: 
# RUNTIME: Info: RUNTIME_0068 uvm_root.svh (521): $finish called.
# KERNEL: Time: 2545 ns,  Iteration: 57,  Instance: /tb_top,  Process: @INITIAL#37_1@.
# KERNEL: stopped at time: 2545 ns
# VSIM: Simulation has finished. There are no more test vectors to simulate.
acdb save;
acdb report -db fcover.acdb -txt -o cov.txt -verbose;
# ACDB: Coverage report "cov.txt" was generated successfully.
exec cat cov.txt;
# +++++++++++++++++++++++++++++++++++++++++++++
# ++++++++++       REPORT INFO       ++++++++++
# +++++++++++++++++++++++++++++++++++++++++++++
# 
# 
# SUMMARY
# ===============================================
# |     Property     |          Value           |
# ===============================================
# | User             | runner                   |
# | Host             | cf7d41151fc6             |
# | Tool             | Riviera-PRO 2025.04      |
# | Report file      | /home/runner/cov.txt     |
# | Report date      | 2026-04-03 05:35         |
# | Report arguments | -verbose                 |
# | Input file       | /home/runner/fcover.acdb |
# | Input file date  | 2026-04-03 05:35         |
# | Number of tests  | 1                        |
# ===============================================
# 
# 
# TEST DETAILS
# ==============================================
# | Property |              Value              |
# ==============================================
# | Test     | fcover.acdb:fcover              |
# | Status   | Ok                              |
# | Args     | asim +access+r                  |
# | Simtime  | 2545 ns                         |
# | Cputime  | 2.659 s                         |
# | Seed     | 1                               |
# | Date     | 2026-04-03 05:34                |
# | User     | runner                          |
# | Host     | cf7d41151fc6                    |
# | Host os  | Linux64                         |
# | Tool     | Riviera-PRO 2025.04 (simulator) |
# ==============================================
# 
# 
# +++++++++++++++++++++++++++++++++++++++++++++
# ++++++++++     DESIGN HIERARCHY    ++++++++++
# +++++++++++++++++++++++++++++++++++++++++++++
# 
# 
# CUMULATIVE SUMMARY
# =============================================
# |    Coverage Type    | Weight | Hits/Total |
# =============================================
# | Covergroup Coverage |      1 |   100.000% |
# |---------------------|--------|------------|
# | Types               |        |      1 / 1 |
# =============================================
# CUMULATIVE INSTANCE-BASED COVERAGE: 100.000%
# COVERED INSTANCES: 1 / 1
# FILES: 1
# 
# 
# CLASS - /\package counter_pkg\/counter_coverage : work.counter_pkg/\counter_pkg counter_coverage \
# 
# 
#     SUMMARY
#     =============================================
#     |    Coverage Type    | Weight | Hits/Total |
#     =============================================
#     | Covergroup Coverage |      1 |   100.000% |
#     |---------------------|--------|------------|
#     | Types               |        |      1 / 1 |
#     =============================================
#     WEIGHTED AVERAGE LOCAL: 100.000%
# 
# 
#     COVERGROUP COVERAGE
#     ============================================================================================
#     |                       Covergroup                        |   Hits   |  Goal /  |  Status  |
#     |                                                         |          | At Least |          |
#     ============================================================================================
#     | TYPE /\package counter_pkg\/counter_coverage/counter_cg | 100.000% | 100.000% | Covered  |
#     ============================================================================================
#     | INSTANCE <UNNAMED1>                                     | 100.000% | 100.000% | Covered  |
#     |---------------------------------------------------------|----------|----------|----------|
#     | COVERPOINT <UNNAMED1>::cp_rst                           | 100.000% | 100.000% | Covered  |
#     |---------------------------------------------------------|----------|----------|----------|
#     | bin rst_[0]                                             |      227 |        1 | Covered  |
#     | bin rst_[1]                                             |       26 |        1 | Covered  |
#     |---------------------------------------------------------|----------|----------|----------|
#     | COVERPOINT <UNNAMED1>::cp_load                          | 100.000% | 100.000% | Covered  |
#     |---------------------------------------------------------|----------|----------|----------|
#     | bin load_[0]                                            |      202 |        1 | Covered  |
#     | bin load_[1]                                            |       51 |        1 | Covered  |
#     |---------------------------------------------------------|----------|----------|----------|
#     | COVERPOINT <UNNAMED1>::cp_up_down                       | 100.000% | 100.000% | Covered  |
#     |---------------------------------------------------------|----------|----------|----------|
#     | bin up_down_[0]                                         |      123 |        1 | Covered  |
#     | bin up_down_[1]                                         |      130 |        1 | Covered  |
#     |---------------------------------------------------------|----------|----------|----------|
#     | COVERPOINT <UNNAMED1>::cp_count_in                      | 100.000% | 100.000% | Covered  |
#     |---------------------------------------------------------|----------|----------|----------|
#     | bin count_in_[0]                                        |        8 |        1 | Covered  |
#     | bin count_in_[1]                                        |       16 |        1 | Covered  |
#     | bin count_in_[2]                                        |       10 |        1 | Covered  |
#     | bin count_in_[3]                                        |       12 |        1 | Covered  |
#     | bin count_in_[4]                                        |       30 |        1 | Covered  |
#     | bin count_in_[5]                                        |       25 |        1 | Covered  |
#     | bin count_in_[6]                                        |       20 |        1 | Covered  |
#     | bin count_in_[7]                                        |       22 |        1 | Covered  |
#     | bin count_in_[8]                                        |       22 |        1 | Covered  |
#     | bin count_in_[9]                                        |       10 |        1 | Covered  |
#     | bin count_in_[10]                                       |       22 |        1 | Covered  |
#     | bin count_in_[11]                                       |       14 |        1 | Covered  |
#     | bin count_in_[12]                                       |       14 |        1 | Covered  |
#     | bin count_in_[13]                                       |       12 |        1 | Covered  |
#     | bin count_in_[14]                                       |       14 |        1 | Covered  |
#     | bin count_in_[15]                                       |        2 |        1 | Covered  |
#     |---------------------------------------------------------|----------|----------|----------|
#     | COVERPOINT <UNNAMED1>::cp_count                         | 100.000% | 100.000% | Covered  |
#     |---------------------------------------------------------|----------|----------|----------|
#     | bin count_[0]                                           |       46 |        1 | Covered  |
#     | bin count_[1]                                           |       14 |        1 | Covered  |
#     | bin count_[2]                                           |       17 |        1 | Covered  |
#     | bin count_[3]                                           |       18 |        1 | Covered  |
#     | bin count_[4]                                           |       16 |        1 | Covered  |
#     | bin count_[5]                                           |       12 |        1 | Covered  |
#     | bin count_[6]                                           |        9 |        1 | Covered  |
#     | bin count_[7]                                           |       11 |        1 | Covered  |
#     | bin count_[8]                                           |       17 |        1 | Covered  |
#     | bin count_[9]                                           |       19 |        1 | Covered  |
#     | bin count_[10]                                          |       18 |        1 | Covered  |
#     | bin count_[11]                                          |       14 |        1 | Covered  |
#     | bin count_[12]                                          |       11 |        1 | Covered  |
#     | bin count_[13]                                          |        8 |        1 | Covered  |
#     | bin count_[14]                                          |        9 |        1 | Covered  |
#     | bin count_[15]                                          |       14 |        1 | Covered  |
#     |---------------------------------------------------------|----------|----------|----------|
#     | COVERPOINT <UNNAMED1>::cp_max                           | 100.000% | 100.000% | Covered  |
#     |---------------------------------------------------------|----------|----------|----------|
#     | bin max_tick_[0]                                        |      239 |        1 | Covered  |
#     | bin max_tick_[1]                                        |       14 |        1 | Covered  |
#     |---------------------------------------------------------|----------|----------|----------|
#     | COVERPOINT <UNNAMED1>::cp_min                           | 100.000% | 100.000% | Covered  |
#     |---------------------------------------------------------|----------|----------|----------|
#     | bin min_tick_[0]                                        |      207 |        1 | Covered  |
#     | bin min_tick_[1]                                        |       46 |        1 | Covered  |
#     |---------------------------------------------------------|----------|----------|----------|
#     | COVERPOINT <UNNAMED1>::cp_up_down_toggle                | 100.000% | 100.000% | Covered  |
#     |---------------------------------------------------------|----------|----------|----------|
#     | bin up_to_down                                          |       32 |        1 | Covered  |
#     | bin down_to_up                                          |       32 |        1 | Covered  |
#     |---------------------------------------------------------|----------|----------|----------|
#     | COVERPOINT <UNNAMED1>::cp_wrap_around                   | 100.000% | 100.000% | Covered  |
#     |---------------------------------------------------------|----------|----------|----------|
#     | bin up_wrap                                             |        5 |        1 | Covered  |
#     | bin down_wrap                                           |        7 |        1 | Covered  |
#     |---------------------------------------------------------|----------|----------|----------|
#     | CROSS <UNNAMED1>::cross_rst_count                       | 100.000% | 100.000% | Covered  |
#     |---------------------------------------------------------|----------|----------|----------|
#     | bin <rst_[0],count_[0]>                                 |       20 |        1 | Covered  |
#     | bin <rst_[0],count_[1]>                                 |       14 |        1 | Covered  |
#     | bin <rst_[0],count_[2]>                                 |       17 |        1 | Covered  |
#     | bin <rst_[0],count_[3]>                                 |       18 |        1 | Covered  |
#     | bin <rst_[0],count_[4]>                                 |       16 |        1 | Covered  |
#     | bin <rst_[0],count_[5]>                                 |       12 |        1 | Covered  |
#     | bin <rst_[0],count_[6]>                                 |        9 |        1 | Covered  |
#     | bin <rst_[0],count_[7]>                                 |       11 |        1 | Covered  |
#     | bin <rst_[0],count_[8]>                                 |       17 |        1 | Covered  |
#     | bin <rst_[0],count_[9]>                                 |       19 |        1 | Covered  |
#     | bin <rst_[0],count_[10]>                                |       18 |        1 | Covered  |
#     | bin <rst_[0],count_[11]>                                |       14 |        1 | Covered  |
#     | bin <rst_[0],count_[12]>                                |       11 |        1 | Covered  |
#     | bin <rst_[0],count_[13]>                                |        8 |        1 | Covered  |
#     | bin <rst_[0],count_[14]>                                |        9 |        1 | Covered  |
#     | bin <rst_[0],count_[15]>                                |       14 |        1 | Covered  |
#     | bin <rst_[1],count_[0]>                                 |       26 |        1 | Covered  |
#     |---------------------------------------------------------|----------|----------|----------|
#     | CROSS <UNNAMED1>::cross_rst_during_load                 | 100.000% | 100.000% | Covered  |
#     |---------------------------------------------------------|----------|----------|----------|
#     | bin <rst_[0],load_[0]>                                  |      187 |        1 | Covered  |
#     | bin <rst_[0],load_[1]>                                  |       40 |        1 | Covered  |
#     | bin <rst_[1],load_[0]>                                  |       15 |        1 | Covered  |
#     | bin rst_during_load                                     |       11 |        1 | Covered  |
#     |---------------------------------------------------------|----------|----------|----------|
#     | CROSS <UNNAMED1>::cross_max_15                          | 100.000% | 100.000% | Covered  |
#     |---------------------------------------------------------|----------|----------|----------|
#     | bin max_hit                                             |       14 |        1 | Covered  |
#     | ignore bin max_1_others                                 |      239 |    -     | Occurred |
#     |---------------------------------------------------------|----------|----------|----------|
#     | CROSS <UNNAMED1>::cross_min_0                           | 100.000% | 100.000% | Covered  |
#     |---------------------------------------------------------|----------|----------|----------|
#     | bin min_hit                                             |       46 |        1 | Covered  |
#     | ignore bin min_0_others                                 |      207 |    -     | Occurred |
#     ============================================================================================
# 
# 
# +++++++++++++++++++++++++++++++++++++++++++++
# ++++++++++       DESIGN UNITS      ++++++++++
# +++++++++++++++++++++++++++++++++++++++++++++
# 
# 
# CUMULATIVE SUMMARY
# =============================================
# |    Coverage Type    | Weight | Hits/Total |
# =============================================
# | Covergroup Coverage |      1 |   100.000% |
# |---------------------|--------|------------|
# | Types               |        |      1 / 1 |
# =============================================
# CUMULATIVE DESIGN-BASED COVERAGE: 100.000%
# COVERED DESIGN UNITS: 1 / 1
# FILES: 1
# 
# 
# CLASS - work.counter_pkg/\counter_pkg counter_coverage \
# 
# 
#     SUMMARY
#     =============================================
#     |    Coverage Type    | Weight | Hits/Total |
#     =============================================
#     | Covergroup Coverage |      1 |   100.000% |
#     |---------------------|--------|------------|
#     | Types               |        |      1 / 1 |
#     =============================================
#     WEIGHTED AVERAGE: 100.000%
# 
# 
#     COVERGROUP COVERAGE
#     ============================================================================================
#     |                       Covergroup                        |   Hits   |  Goal /  |  Status  |
#     |                                                         |          | At Least |          |
#     ============================================================================================
#     | TYPE /\package counter_pkg\/counter_coverage/counter_cg | 100.000% | 100.000% | Covered  |
#     ============================================================================================
#     | INSTANCE <UNNAMED1>                                     | 100.000% | 100.000% | Covered  |
#     |---------------------------------------------------------|----------|----------|----------|
#     | COVERPOINT <UNNAMED1>::cp_rst                           | 100.000% | 100.000% | Covered  |
#     |---------------------------------------------------------|----------|----------|----------|
#     | bin rst_[0]                                             |      227 |        1 | Covered  |
#     | bin rst_[1]                                             |       26 |        1 | Covered  |
#     |---------------------------------------------------------|----------|----------|----------|
#     | COVERPOINT <UNNAMED1>::cp_load                          | 100.000% | 100.000% | Covered  |
#     |---------------------------------------------------------|----------|----------|----------|
#     | bin load_[0]                                            |      202 |        1 | Covered  |
#     | bin load_[1]                                            |       51 |        1 | Covered  |
#     |---------------------------------------------------------|----------|----------|----------|
#     | COVERPOINT <UNNAMED1>::cp_up_down                       | 100.000% | 100.000% | Covered  |
#     |---------------------------------------------------------|----------|----------|----------|
#     | bin up_down_[0]                                         |      123 |        1 | Covered  |
#     | bin up_down_[1]                                         |      130 |        1 | Covered  |
#     |---------------------------------------------------------|----------|----------|----------|
#     | COVERPOINT <UNNAMED1>::cp_count_in                      | 100.000% | 100.000% | Covered  |
#     |---------------------------------------------------------|----------|----------|----------|
#     | bin count_in_[0]                                        |        8 |        1 | Covered  |
#     | bin count_in_[1]                                        |       16 |        1 | Covered  |
#     | bin count_in_[2]                                        |       10 |        1 | Covered  |
#     | bin count_in_[3]                                        |       12 |        1 | Covered  |
#     | bin count_in_[4]                                        |       30 |        1 | Covered  |
#     | bin count_in_[5]                                        |       25 |        1 | Covered  |
#     | bin count_in_[6]                                        |       20 |        1 | Covered  |
#     | bin count_in_[7]                                        |       22 |        1 | Covered  |
#     | bin count_in_[8]                                        |       22 |        1 | Covered  |
#     | bin count_in_[9]                                        |       10 |        1 | Covered  |
#     | bin count_in_[10]                                       |       22 |        1 | Covered  |
#     | bin count_in_[11]                                       |       14 |        1 | Covered  |
#     | bin count_in_[12]                                       |       14 |        1 | Covered  |
#     | bin count_in_[13]                                       |       12 |        1 | Covered  |
#     | bin count_in_[14]                                       |       14 |        1 | Covered  |
#     | bin count_in_[15]                                       |        2 |        1 | Covered  |
#     |---------------------------------------------------------|----------|----------|----------|
#     | COVERPOINT <UNNAMED1>::cp_count                         | 100.000% | 100.000% | Covered  |
#     |---------------------------------------------------------|----------|----------|----------|
#     | bin count_[0]                                           |       46 |        1 | Covered  |
#     | bin count_[1]                                           |       14 |        1 | Covered  |
#     | bin count_[2]                                           |       17 |        1 | Covered  |
#     | bin count_[3]                                           |       18 |        1 | Covered  |
#     | bin count_[4]                                           |       16 |        1 | Covered  |
#     | bin count_[5]                                           |       12 |        1 | Covered  |
#     | bin count_[6]                                           |        9 |        1 | Covered  |
#     | bin count_[7]                                           |       11 |        1 | Covered  |
#     | bin count_[8]                                           |       17 |        1 | Covered  |
#     | bin count_[9]                                           |       19 |        1 | Covered  |
#     | bin count_[10]                                          |       18 |        1 | Covered  |
#     | bin count_[11]                                          |       14 |        1 | Covered  |
#     | bin count_[12]                                          |       11 |        1 | Covered  |
#     | bin count_[13]                                          |        8 |        1 | Covered  |
#     | bin count_[14]                                          |        9 |        1 | Covered  |
#     | bin count_[15]                                          |       14 |        1 | Covered  |
#     |---------------------------------------------------------|----------|----------|----------|
#     | COVERPOINT <UNNAMED1>::cp_max                           | 100.000% | 100.000% | Covered  |
#     |---------------------------------------------------------|----------|----------|----------|
#     | bin max_tick_[0]                                        |      239 |        1 | Covered  |
#     | bin max_tick_[1]                                        |       14 |        1 | Covered  |
#     |---------------------------------------------------------|----------|----------|----------|
#     | COVERPOINT <UNNAMED1>::cp_min                           | 100.000% | 100.000% | Covered  |
#     |---------------------------------------------------------|----------|----------|----------|
#     | bin min_tick_[0]                                        |      207 |        1 | Covered  |
#     | bin min_tick_[1]                                        |       46 |        1 | Covered  |
#     |---------------------------------------------------------|----------|----------|----------|
#     | COVERPOINT <UNNAMED1>::cp_up_down_toggle                | 100.000% | 100.000% | Covered  |
#     |---------------------------------------------------------|----------|----------|----------|
#     | bin up_to_down                                          |       32 |        1 | Covered  |
#     | bin down_to_up                                          |       32 |        1 | Covered  |
#     |---------------------------------------------------------|----------|----------|----------|
#     | COVERPOINT <UNNAMED1>::cp_wrap_around                   | 100.000% | 100.000% | Covered  |
#     |---------------------------------------------------------|----------|----------|----------|
#     | bin up_wrap                                             |        5 |        1 | Covered  |
#     | bin down_wrap                                           |        7 |        1 | Covered  |
#     |---------------------------------------------------------|----------|----------|----------|
#     | CROSS <UNNAMED1>::cross_rst_count                       | 100.000% | 100.000% | Covered  |
#     |---------------------------------------------------------|----------|----------|----------|
#     | bin <rst_[0],count_[0]>                                 |       20 |        1 | Covered  |
#     | bin <rst_[0],count_[1]>                                 |       14 |        1 | Covered  |
#     | bin <rst_[0],count_[2]>                                 |       17 |        1 | Covered  |
#     | bin <rst_[0],count_[3]>                                 |       18 |        1 | Covered  |
#     | bin <rst_[0],count_[4]>                                 |       16 |        1 | Covered  |
#     | bin <rst_[0],count_[5]>                                 |       12 |        1 | Covered  |
#     | bin <rst_[0],count_[6]>                                 |        9 |        1 | Covered  |
#     | bin <rst_[0],count_[7]>                                 |       11 |        1 | Covered  |
#     | bin <rst_[0],count_[8]>                                 |       17 |        1 | Covered  |
#     | bin <rst_[0],count_[9]>                                 |       19 |        1 | Covered  |
#     | bin <rst_[0],count_[10]>                                |       18 |        1 | Covered  |
#     | bin <rst_[0],count_[11]>                                |       14 |        1 | Covered  |
#     | bin <rst_[0],count_[12]>                                |       11 |        1 | Covered  |
#     | bin <rst_[0],count_[13]>                                |        8 |        1 | Covered  |
#     | bin <rst_[0],count_[14]>                                |        9 |        1 | Covered  |
#     | bin <rst_[0],count_[15]>                                |       14 |        1 | Covered  |
#     | bin <rst_[1],count_[0]>                                 |       26 |        1 | Covered  |
#     |---------------------------------------------------------|----------|----------|----------|
#     | CROSS <UNNAMED1>::cross_rst_during_load                 | 100.000% | 100.000% | Covered  |
#     |---------------------------------------------------------|----------|----------|----------|
#     | bin <rst_[0],load_[0]>                                  |      187 |        1 | Covered  |
#     | bin <rst_[0],load_[1]>                                  |       40 |        1 | Covered  |
#     | bin <rst_[1],load_[0]>                                  |       15 |        1 | Covered  |
#     | bin rst_during_load                                     |       11 |        1 | Covered  |
#     |---------------------------------------------------------|----------|----------|----------|
#     | CROSS <UNNAMED1>::cross_max_15                          | 100.000% | 100.000% | Covered  |
#     |---------------------------------------------------------|----------|----------|----------|
#     | bin max_hit                                             |       14 |        1 | Covered  |
#     | ignore bin max_1_others                                 |      239 |    -     | Occurred |
#     |---------------------------------------------------------|----------|----------|----------|
#     | CROSS <UNNAMED1>::cross_min_0                           | 100.000% | 100.000% | Covered  |
#     |---------------------------------------------------------|----------|----------|----------|
#     | bin min_hit                                             |       46 |        1 | Covered  |
#     | ignore bin min_0_others                                 |      207 |    -     | Occurred |
#     ============================================================================================
# 
exec cat simulation.log;
# vsim +access+r;
# # ELBREAD: Elaboration process.
# # ELBREAD: Warning: ELBREAD_0049 The "uvm_pkg" design unit does not have a time unit/precision defined but other design units do.
# # ELBREAD: Elaboration time 0.8 [s].
# # KERNEL: Main thread initiated.
# # KERNEL: Kernel process initialization phase.
# # ELAB2: Elaboration final pass...
# # KERNEL: PLI/VHPI kernel's engine initialization done.
# # PLI: Loading library '/usr/share/Riviera-PRO/bin/libsystf.so'
# # ELAB2: Create instances ...
# # KERNEL: Info: Loading library:  /usr/share/Riviera-PRO/bin/uvm_1_2_dpi
# # KERNEL: Time resolution set to 1ns.
# # ELAB2: Create instances complete.
# # SLP: Started
# # SLP: Elaboration phase ...
# # SLP: Elaboration phase ... done : 0.1 [s]
# # SLP: Generation phase ...
# # SLP: Generation phase ... done : 0.1 [s]
# # SLP: Finished : 0.1 [s]
# # SLP: 0 primitives and 4 (21.05%) other processes in SLP
# # SLP: 24 (0.08%) signals in SLP and 84 (0.27%) interface signals
# # ELAB2: Elaboration final pass complete - time: 3.0 [s].
# # KERNEL: SLP loading done - time: 0.0 [s].
# # KERNEL: Warning: You are using the Riviera-PRO EDU Edition. The performance of simulation is reduced.
# # KERNEL: Warning: Contact Aldec for available upgrade options - sales@aldec.com.
# # KERNEL: SLP simulation initialization done - time: 0.0 [s].
# # KERNEL: Kernel process initialization done.
# # Allocation: Simulator allocated 30810 kB (elbread=2130 elab2=23817 kernel=4861 sdf=0)
# # KERNEL: UVM_INFO ./uvm-1.2/src/base/uvm_root.svh(392) @ 0: reporter [UVM/RELNOTES] 
# # KERNEL: ----------------------------------------------------------------
# # KERNEL: UVM-1.2
# # KERNEL: (C) 2007-2014 Mentor Graphics Corporation
# # KERNEL: (C) 2007-2014 Cadence Design Systems, Inc.
# # KERNEL: (C) 2006-2014 Synopsys, Inc.
# # KERNEL: (C) 2011-2013 Cypress Semiconductor Corp.
# # KERNEL: (C) 2013-2014 NVIDIA Corporation
# # KERNEL: ----------------------------------------------------------------
# # KERNEL: 
# # KERNEL:   ***********       IMPORTANT RELEASE NOTES         ************
# # KERNEL: 
# # KERNEL:   You are using a version of the UVM library that has been compiled
# # KERNEL:   with `UVM_NO_DEPRECATED undefined.
# # KERNEL:   See http://www.eda.org/svdb/view.php?id=3313 for more details.
# # KERNEL: 
# # KERNEL:   You are using a version of the UVM library that has been compiled
# # KERNEL:   with `UVM_OBJECT_DO_NOT_NEED_CONSTRUCTOR undefined.
# # KERNEL:   See http://www.eda.org/svdb/view.php?id=3770 for more details.
# # KERNEL: 
# # KERNEL:       (Specify +UVM_NO_RELNOTES to turn off this notice)
# # KERNEL: 
# # KERNEL: ASDB file was created in location /home/runner/dataset.asdb
# run -all;
# # KERNEL: UVM_INFO @ 0: reporter [RNTST] Running test counter_test...
# # KERNEL: UVM_INFO /home/runner/test.sv(21) @ 0: uvm_test_top [counter_test] Starting test...
# # KERNEL: UVM_INFO /home/runner/master_seq.sv(18) @ 0: uvm_test_top.env.agent.sqr@@seq [MASTER_SEQ] Starting Sequence 1...
# # KERNEL: UVM_INFO /home/runner/sequence1.sv(13) @ 0: uvm_test_top.env.agent.sqr@@s1 [counter_base_sequence] Starting sequence body
# # KERNEL: UVM_INFO /home/runner/monitor.sv(57) @ 5: uvm_test_top.env.agent.mon [MON] rst=x | load =x | up_down=x | count_in=x | count=x | max_tick=x | min_tick=x
# # KERNEL: UVM_INFO /home/runner/monitor.sv(28) @ 15: uvm_test_top.env.agent.mon [MON] Reset Active
# # KERNEL: UVM_INFO /home/runner/monitor.sv(40) @ 15: uvm_test_top.env.agent.mon [MON] rst=1 | load =0 | up_down=0 | count_in=0 | count=0 | max_tick=0 | min_tick=1
# # KERNEL: UVM_INFO /home/runner/scoreboard.sv(26) @ 25: uvm_test_top.env.scb [counter_scoreboard] Scoreboard received item
# # KERNEL: UVM_INFO /home/runner/scoreboard.sv(31) @ 25: uvm_test_top.env.scb [SCB_PASS] Match! Exp=0, Act=0
# # KERNEL: UVM_INFO /home/runner/monitor.sv(57) @ 25: uvm_test_top.env.agent.mon [MON] rst=0 | load =0 | up_down=0 | count_in=0 | count=0 | max_tick=0 | min_tick=1
# # KERNEL: UVM_INFO /home/runner/driver.sv(51) @ 25: uvm_test_top.env.agent.drv [DRV] rst=0,load=1 | up_down=1 | count_in=3
# # KERNEL: UVM_INFO /home/runner/scoreboard.sv(26) @ 35: uvm_test_top.env.scb [counter_scoreboard] Scoreboard received item
# # KERNEL: UVM_INFO /home/runner/scoreboard.sv(31) @ 35: uvm_test_top.env.scb [SCB_PASS] Match! Exp=15, Act=15
# # KERNEL: UVM_INFO /home/runner/monitor.sv(57) @ 35: uvm_test_top.env.agent.mon [MON] rst=0 | load =1 | up_down=1 | count_in=3 | count=15 | max_tick=1 | min_tick=0
# # KERNEL: UVM_INFO /home/runner/scoreboard.sv(26) @ 45: uvm_test_top.env.scb [counter_scoreboard] Scoreboard received item
# # KERNEL: UVM_INFO /home/runner/scoreboard.sv(31) @ 45: uvm_test_top.env.scb [SCB_PASS] Match! Exp=3, Act=3
# # KERNEL: UVM_INFO /home/runner/monitor.sv(57) @ 45: uvm_test_top.env.agent.mon [MON] rst=0 | load =1 | up_down=1 | count_in=3 | count=3 | max_tick=0 | min_tick=0
# # KERNEL: UVM_INFO /home/runner/driver.sv(51) @ 45: uvm_test_top.env.agent.drv [DRV] rst=0,load=0 | up_down=1 | count_in=5
# # KERNEL: UVM_INFO /home/runner/scoreboard.sv(26) @ 55: uvm_test_top.env.scb [counter_scoreboard] Scoreboard received item
# # KERNEL: UVM_INFO /home/runner/scoreboard.sv(31) @ 55: uvm_test_top.env.scb [SCB_PASS] Match! Exp=3, Act=3
# # KERNEL: UVM_INFO /home/runner/monitor.sv(57) @ 55: uvm_test_top.env.agent.mon [MON] rst=0 | load =0 | up_down=1 | count_in=5 | count=3 | max_tick=0 | min_tick=0
# # KERNEL: UVM_INFO /home/runner/scoreboard.sv(26) @ 65: uvm_test_top.env.scb [counter_scoreboard] Scoreboard received item
# # KERNEL: UVM_INFO /home/runner/scoreboard.sv(31) @ 65: uvm_test_top.env.scb [SCB_PASS] Match! Exp=4, Act=4
# # KERNEL: UVM_INFO /home/runner/monitor.sv(57) @ 65: uvm_test_top.env.agent.mon [MON] rst=0 | load =0 | up_down=1 | count_in=5 | count=4 | max_tick=0 | min_tick=0
# # KERNEL: UVM_INFO /home/runner/driver.sv(51) @ 65: uvm_test_top.env.agent.drv [DRV] rst=0,load=0 | up_down=0 | count_in=7
# # KERNEL: UVM_INFO /home/runner/scoreboard.sv(26) @ 75: uvm_test_top.env.scb [counter_scoreboard] Scoreboard received item
# # KERNEL: UVM_INFO /home/runner/scoreboard.sv(31) @ 75: uvm_test_top.env.scb [SCB_PASS] Match! Exp=5, Act=5
# # KERNEL: UVM_INFO /home/runner/monitor.sv(57) @ 75: uvm_test_top.env.agent.mon [MON] rst=0 | load =0 | up_down=0 | count_in=7 | count=5 | max_tick=0 | min_tick=0
# # KERNEL: UVM_INFO /home/runner/scoreboard.sv(26) @ 85: uvm_test_top.env.scb [counter_scoreboard] Scoreboard received item
# # KERNEL: UVM_INFO /home/runner/scoreboard.sv(31) @ 85: uvm_test_top.env.scb [SCB_PASS] Match! Exp=4, Act=4
# # KERNEL: UVM_INFO /home/runner/monitor.sv(57) @ 85: uvm_test_top.env.agent.mon [MON] rst=0 | load =0 | up_down=0 | count_in=7 | count=4 | max_tick=0 | min_tick=0
# # KERNEL: UVM_INFO /home/runner/driver.sv(51) @ 85: uvm_test_top.env.agent.drv [DRV] rst=0,load=0 | up_down=0 | count_in=6
# # KERNEL: UVM_INFO /home/runner/scoreboard.sv(26) @ 95: uvm_test_top.env.scb [counter_scoreboard] Scoreboard received item
# # KERNEL: UVM_INFO /home/runner/scoreboard.sv(31) @ 95: uvm_test_top.env.scb [SCB_PASS] Match! Exp=3, Act=3
# # KERNEL: UVM_INFO /home/runner/monitor.sv(57) @ 95: uvm_test_top.env.agent.mon [MON] rst=0 | load =0 | up_down=0 | count_in=6 | count=3 | max_tick=0 | min_tick=0
# # KERNEL: UVM_INFO /home/runner/scoreboard.sv(26) @ 105: uvm_test_top.env.scb [counter_scoreboard] Scoreboard received item
# # KERNEL: UVM_INFO /home/runner/scoreboard.sv(31) @ 105: uvm_test_top.env.scb [SCB_PASS] Match! Exp=2, Act=2
# # KERNEL: UVM_INFO /home/runner/monitor.sv(57) @ 105: uvm_test_top.env.agent.mon [MON] rst=0 | load =0 | up_down=0 | count_in=6 | count=2 | max_tick=0 | min_tick=0
# # KERNEL: UVM_INFO /home/runner/driver.sv(51) @ 105: uvm_test_top.env.agent.drv [DRV] rst=0,load=1 | up_down=1 | count_in=8
# # KERNEL: UVM_INFO /home/runner/scoreboard.sv(26) @ 115: uvm_test_top.env.scb [counter_scoreboard] Scoreboard received item
# # KERNEL: UVM_INFO /home/runner/scoreboard.sv(31) @ 115: uvm_test_top.env.scb [SCB_PASS] Match! Exp=1, Act=1
# # KERNEL: UVM_INFO /home/runner/monitor.sv(57) @ 115: uvm_test_top.env.agent.mon [MON] rst=0 | load =1 | up_down=1 | count_in=8 | count=1 | max_tick=0 | min_tick=0
# # KERNEL: UVM_INFO /home/runner/scoreboard.sv(26) @ 125: uvm_test_top.env.scb [counter_scoreboard] Scoreboard received item
# # KERNEL: UVM_INFO /home/runner/scoreboard.sv(31) @ 125: uvm_test_top.env.scb [SCB_PASS] Match! Exp=8, Act=8
# # KERNEL: UVM_INFO /home/runner/monitor.sv(57) @ 125: uvm_test_top.env.agent.mon [MON] rst=0 | load =1 | up_down=1 | count_in=8 | count=8 | max_tick=0 | min_tick=0
# # KERNEL: UVM_INFO /home/runner/driver.sv(51) @ 125: uvm_test_top.env.agent.drv [DRV] rst=0,load=0 | up_down=1 | count_in=1
# # KERNEL: UVM_INFO /home/runner/scoreboard.sv(26) @ 135: uvm_test_top.env.scb [counter_scoreboard] Scoreboard received item
# # KERNEL: UVM_INFO /home/runner/scoreboard.sv(31) @ 135: uvm_test_top.env.scb [SCB_PASS] Match! Exp=8, Act=8
# # KERNEL: UVM_INFO /home/runner/monitor.sv(57) @ 135: uvm_test_top.env.agent.mon [MON] rst=0 | load =0 | up_down=1 | count_in=1 | count=8 | max_tick=0 | min_tick=0
# # KERNEL: UVM_INFO /home/runner/scoreboard.sv(26) @ 145: uvm_test_top.env.scb [counter_scoreboard] Scoreboard received item
# # KERNEL: UVM_INFO /home/runner/scoreboard.sv(31) @ 145: uvm_test_top.env.scb [SCB_PASS] Match! Exp=9, Act=9
# # KERNEL: UVM_INFO /home/runner/monitor.sv(57) @ 145: uvm_test_top.env.agent.mon [MON] rst=0 | load =0 | up_down=1 | count_in=1 | count=9 | max_tick=0 | min_tick=0
# # KERNEL: UVM_INFO /home/runner/driver.sv(51) @ 145: uvm_test_top.env.agent.drv [DRV] rst=0,load=0 | up_down=1 | count_in=0
# # KERNEL: UVM_INFO /home/runner/scoreboard.sv(26) @ 155: uvm_test_top.env.scb [counter_scoreboard] Scoreboard received item
# # KERNEL: UVM_INFO /home/runner/scoreboard.sv(31) @ 155: uvm_test_top.env.scb [SCB_PASS] Match! Exp=10, Act=10
# # KERNEL: UVM_INFO /home/runner/monitor.sv(57) @ 155: uvm_test_top.env.agent.mon [MON] rst=0 | load =0 | up_down=1 | count_in=0 | count=10 | max_tick=0 | min_tick=0
# # KERNEL: UVM_INFO /home/runner/scoreboard.sv(26) @ 165: uvm_test_top.env.scb [counter_scoreboard] Scoreboard received item
# # KERNEL: UVM_INFO /home/runner/scoreboard.sv(31) @ 165: uvm_test_top.env.scb [SCB_PASS] Match! Exp=11, Act=11
# # KERNEL: UVM_INFO /home/runner/monitor.sv(57) @ 165: uvm_test_top.env.agent.mon [MON] rst=0 | load =0 | up_down=1 | count_in=0 | count=11 | max_tick=0 | min_tick=0
# # KERNEL: UVM_INFO /home/runner/driver.sv(51) @ 165: uvm_test_top.env.agent.drv [DRV] rst=0,load=0 | up_down=1 | count_in=4
# # KERNEL: UVM_INFO /home/runner/scoreboard.sv(26) @ 175: uvm_test_top.env.scb [counter_scoreboard] Scoreboard received item
# # KERNEL: UVM_INFO /home/runner/scoreboard.sv(31) @ 175: uvm_test_top.env.scb [SCB_PASS] Match! Exp=12, Act=12
# # KERNEL: UVM_INFO /home/runner/monitor.sv(57) @ 175: uvm_test_top.env.agent.mon [MON] rst=0 | load =0 | up_down=1 | count_in=4 | count=12 | max_tick=0 | min_tick=0
# # KERNEL: UVM_INFO /home/runner/scoreboard.sv(26) @ 185: uvm_test_top.env.scb [counter_scoreboard] Scoreboard received item
# # KERNEL: UVM_INFO /home/runner/scoreboard.sv(31) @ 185: uvm_test_top.env.scb [SCB_PASS] Match! Exp=13, Act=13
# # KERNEL: UVM_INFO /home/runner/monitor.sv(57) @ 185: uvm_test_top.env.agent.mon [MON] rst=0 | load =0 | up_down=1 | count_in=4 | count=13 | max_tick=0 | min_tick=0
# # KERNEL: UVM_INFO /home/runner/driver.sv(51) @ 185: uvm_test_top.env.agent.drv [DRV] rst=0,load=0 | up_down=1 | count_in=8
# # KERNEL: UVM_INFO /home/runner/scoreboard.sv(26) @ 195: uvm_test_top.env.scb [counter_scoreboard] Scoreboard received item
# # KERNEL: UVM_INFO /home/runner/scoreboard.sv(31) @ 195: uvm_test_top.env.scb [SCB_PASS] Match! Exp=14, Act=14
# # KERNEL: UVM_INFO /home/runner/monitor.sv(57) @ 195: uvm_test_top.env.agent.mon [MON] rst=0 | load =0 | up_down=1 | count_in=8 | count=14 | max_tick=0 | min_tick=0
# # KERNEL: UVM_INFO /home/runner/scoreboard.sv(26) @ 205: uvm_test_top.env.scb [counter_scoreboard] Scoreboard received item
# # KERNEL: UVM_INFO /home/runner/scoreboard.sv(31) @ 205: uvm_test_top.env.scb [SCB_PASS] Match! Exp=15, Act=15
# # KERNEL: UVM_INFO /home/runner/monitor.sv(57) @ 205: uvm_test_top.env.agent.mon [MON] rst=0 | load =0 | up_down=1 | count_in=8 | count=15 | max_tick=1 | min_tick=0
# # KERNEL: UVM_INFO /home/runner/driver.sv(51) @ 205: uvm_test_top.env.agent.drv [DRV] rst=0,load=0 | up_down=0 | count_in=8
# # KERNEL: UVM_INFO /home/runner/scoreboard.sv(26) @ 215: uvm_test_top.env.scb [counter_scoreboard] Scoreboard received item
# # KERNEL: UVM_INFO /home/runner/scoreboard.sv(31) @ 215: uvm_test_top.env.scb [SCB_PASS] Match! Exp=0, Act=0
# # KERNEL: UVM_INFO /home/runner/monitor.sv(57) @ 215: uvm_test_top.env.agent.mon [MON] rst=0 | load =0 | up_down=0 | count_in=8 | count=0 | max_tick=0 | min_tick=1
# # KERNEL: UVM_INFO /home/runner/scoreboard.sv(26) @ 225: uvm_test_top.env.scb [counter_scoreboard] Scoreboard received item
# # KERNEL: UVM_INFO /home/runner/scoreboard.sv(31) @ 225: uvm_test_top.env.scb [SCB_PASS] Match! Exp=15, Act=15
# # KERNEL: UVM_INFO /home/runner/monitor.sv(57) @ 225: uvm_test_top.env.agent.mon [MON] rst=0 | load =0 | up_down=0 | count_in=8 | count=15 | max_tick=1 | min_tick=0
# # KERNEL: UVM_INFO /home/runner/driver.sv(51) @ 225: uvm_test_top.env.agent.drv [DRV] rst=0,load=0 | up_down=0 | count_in=4
# # KERNEL: UVM_INFO /home/runner/scoreboard.sv(26) @ 235: uvm_test_top.env.scb [counter_scoreboard] Scoreboard received item
# # KERNEL: UVM_INFO /home/runner/scoreboard.sv(31) @ 235: uvm_test_top.env.scb [SCB_PASS] Match! Exp=14, Act=14
# # KERNEL: UVM_INFO /home/runner/monitor.sv(57) @ 235: uvm_test_top.env.agent.mon [MON] rst=0 | load =0 | up_down=0 | count_in=4 | count=14 | max_tick=0 | min_tick=0
# # KERNEL: UVM_INFO /home/runner/scoreboard.sv(26) @ 245: uvm_test_top.env.scb [counter_scoreboard] Scoreboard received item
# # KERNEL: UVM_INFO /home/runner/scoreboard.sv(31) @ 245: uvm_test_top.env.scb [SCB_PASS] Match! Exp=13, Act=13
# # KERNEL: UVM_INFO /home/runner/monitor.sv(57) @ 245: uvm_test_top.env.agent.mon [MON] rst=0 | load =0 | up_down=0 | count_in=4 | count=13 | max_tick=0 | min_tick=0
# # KERNEL: UVM_INFO /home/runner/driver.sv(51) @ 245: uvm_test_top.env.agent.drv [DRV] rst=1,load=0 | up_down=0 | count_in=13
# # KERNEL: UVM_INFO /home/runner/monitor.sv(28) @ 255: uvm_test_top.env.agent.mon [MON] Reset Active
# # KERNEL: UVM_INFO /home/runner/monitor.sv(40) @ 255: uvm_test_top.env.agent.mon [MON] rst=1 | load =0 | up_down=0 | count_in=13 | count=0 | max_tick=0 | min_tick=1
# # KERNEL: UVM_INFO /home/runner/monitor.sv(28) @ 265: uvm_test_top.env.agent.mon [MON] Reset Active
# # KERNEL: UVM_INFO /home/runner/monitor.sv(40) @ 265: uvm_test_top.env.agent.mon [MON] rst=1 | load =0 | up_down=0 | count_in=13 | count=0 | max_tick=0 | min_tick=1
# # KERNEL: UVM_INFO /home/runner/driver.sv(51) @ 265: uvm_test_top.env.agent.drv [DRV] rst=0,load=0 | up_down=0 | count_in=6
# # KERNEL: UVM_INFO /home/runner/scoreboard.sv(26) @ 275: uvm_test_top.env.scb [counter_scoreboard] Scoreboard received item
# # KERNEL: UVM_INFO /home/runner/scoreboard.sv(31) @ 275: uvm_test_top.env.scb [SCB_PASS] Match! Exp=0, Act=0
# # KERNEL: UVM_INFO /home/runner/monitor.sv(57) @ 275: uvm_test_top.env.agent.mon [MON] rst=0 | load =0 | up_down=0 | count_in=6 | count=0 | max_tick=0 | min_tick=1
# # KERNEL: UVM_INFO /home/runner/scoreboard.sv(26) @ 285: uvm_test_top.env.scb [counter_scoreboard] Scoreboard received item
# # KERNEL: UVM_INFO /home/runner/scoreboard.sv(31) @ 285: uvm_test_top.env.scb [SCB_PASS] Match! Exp=15, Act=15
# # KERNEL: UVM_INFO /home/runner/monitor.sv(57) @ 285: uvm_test_top.env.agent.mon [MON] rst=0 | load =0 | up_down=0 | count_in=6 | count=15 | max_tick=1 | min_tick=0
# # KERNEL: UVM_INFO /home/runner/driver.sv(51) @ 285: uvm_test_top.env.agent.drv [DRV] rst=0,load=0 | up_down=1 | count_in=9
# # KERNEL: UVM_INFO /home/runner/scoreboard.sv(26) @ 295: uvm_test_top.env.scb [counter_scoreboard] Scoreboard received item
# # KERNEL: UVM_INFO /home/runner/scoreboard.sv(31) @ 295: uvm_test_top.env.scb [SCB_PASS] Match! Exp=14, Act=14
# # KERNEL: UVM_INFO /home/runner/monitor.sv(57) @ 295: uvm_test_top.env.agent.mon [MON] rst=0 | load =0 | up_down=1 | count_in=9 | count=14 | max_tick=0 | min_tick=0
# # KERNEL: UVM_INFO /home/runner/scoreboard.sv(26) @ 305: uvm_test_top.env.scb [counter_scoreboard] Scoreboard received item
# # KERNEL: UVM_INFO /home/runner/scoreboard.sv(31) @ 305: uvm_test_top.env.scb [SCB_PASS] Match! Exp=15, Act=15
# # KERNEL: UVM_INFO /home/runner/monitor.sv(57) @ 305: uvm_test_top.env.agent.mon [MON] rst=0 | load =0 | up_down=1 | count_in=9 | count=15 | max_tick=1 | min_tick=0
# # KERNEL: UVM_INFO /home/runner/driver.sv(51) @ 305: uvm_test_top.env.agent.drv [DRV] rst=0,load=0 | up_down=1 | count_in=6
# # KERNEL: UVM_INFO /home/runner/scoreboard.sv(26) @ 315: uvm_test_top.env.scb [counter_scoreboard] Scoreboard received item
# # KERNEL: UVM_INFO /home/runner/scoreboard.sv(31) @ 315: uvm_test_top.env.scb [SCB_PASS] Match! Exp=0, Act=0
# # KERNEL: UVM_INFO /home/runner/monitor.sv(57) @ 315: uvm_test_top.env.agent.mon [MON] rst=0 | load =0 | up_down=1 | count_in=6 | count=0 | max_tick=0 | min_tick=1
# # KERNEL: UVM_INFO /home/runner/scoreboard.sv(26) @ 325: uvm_test_top.env.scb [counter_scoreboard] Scoreboard received item
# # KERNEL: UVM_INFO /home/runner/scoreboard.sv(31) @ 325: uvm_test_top.env.scb [SCB_PASS] Match! Exp=1, Act=1
# # KERNEL: UVM_INFO /home/runner/monitor.sv(57) @ 325: uvm_test_top.env.agent.mon [MON] rst=0 | load =0 | up_down=1 | count_in=6 | count=1 | max_tick=0 | min_tick=0
# # KERNEL: UVM_INFO /home/runner/driver.sv(51) @ 325: uvm_test_top.env.agent.drv [DRV] rst=0,load=1 | up_down=1 | count_in=8
# # KERNEL: UVM_INFO /home/runner/scoreboard.sv(26) @ 335: uvm_test_top.env.scb [counter_scoreboard] Scoreboard received item
# # KERNEL: UVM_INFO /home/runner/scoreboard.sv(31) @ 335: uvm_test_top.env.scb [SCB_PASS] Match! Exp=2, Act=2
# # KERNEL: UVM_INFO /home/runner/monitor.sv(57) @ 335: uvm_test_top.env.agent.mon [MON] rst=0 | load =1 | up_down=1 | count_in=8 | count=2 | max_tick=0 | min_tick=0
# # KERNEL: UVM_INFO /home/runner/scoreboard.sv(26) @ 345: uvm_test_top.env.scb [counter_scoreboard] Scoreboard received item
# # KERNEL: UVM_INFO /home/runner/scoreboard.sv(31) @ 345: uvm_test_top.env.scb [SCB_PASS] Match! Exp=8, Act=8
# # KERNEL: UVM_INFO /home/runner/monitor.sv(57) @ 345: uvm_test_top.env.agent.mon [MON] rst=0 | load =1 | up_down=1 | count_in=8 | count=8 | max_tick=0 | min_tick=0
# # KERNEL: UVM_INFO /home/runner/driver.sv(51) @ 345: uvm_test_top.env.agent.drv [DRV] rst=0,load=0 | up_down=1 | count_in=4
# # KERNEL: UVM_INFO /home/runner/scoreboard.sv(26) @ 355: uvm_test_top.env.scb [counter_scoreboard] Scoreboard received item
# # KERNEL: UVM_INFO /home/runner/scoreboard.sv(31) @ 355: uvm_test_top.env.scb [SCB_PASS] Match! Exp=8, Act=8
# # KERNEL: UVM_INFO /home/runner/monitor.sv(57) @ 355: uvm_test_top.env.agent.mon [MON] rst=0 | load =0 | up_down=1 | count_in=4 | count=8 | max_tick=0 | min_tick=0
# # KERNEL: UVM_INFO /home/runner/scoreboard.sv(26) @ 365: uvm_test_top.env.scb [counter_scoreboard] Scoreboard received item
# # KERNEL: UVM_INFO /home/runner/scoreboard.sv(31) @ 365: uvm_test_top.env.scb [SCB_PASS] Match! Exp=9, Act=9
# # KERNEL: UVM_INFO /home/runner/monitor.sv(57) @ 365: uvm_test_top.env.agent.mon [MON] rst=0 | load =0 | up_down=1 | count_in=4 | count=9 | max_tick=0 | min_tick=0
# # KERNEL: UVM_INFO /home/runner/driver.sv(51) @ 365: uvm_test_top.env.agent.drv [DRV] rst=0,load=0 | up_down=1 | count_in=5
# # KERNEL: UVM_INFO /home/runner/scoreboard.sv(26) @ 375: uvm_test_top.env.scb [counter_scoreboard] Scoreboard received item
# # KERNEL: UVM_INFO /home/runner/scoreboard.sv(31) @ 375: uvm_test_top.env.scb [SCB_PASS] Match! Exp=10, Act=10
# # KERNEL: UVM_INFO /home/runner/monitor.sv(57) @ 375: uvm_test_top.env.agent.mon [MON] rst=0 | load =0 | up_down=1 | count_in=5 | count=10 | max_tick=0 | min_tick=0
# # KERNEL: UVM_INFO /home/runner/scoreboard.sv(26) @ 385: uvm_test_top.env.scb [counter_scoreboard] Scoreboard received item
# # KERNEL: UVM_INFO /home/runner/scoreboard.sv(31) @ 385: uvm_test_top.env.scb [SCB_PASS] Match! Exp=11, Act=11
# # KERNEL: UVM_INFO /home/runner/monitor.sv(57) @ 385: uvm_test_top.env.agent.mon [MON] rst=0 | load =0 | up_down=1 | count_in=5 | count=11 | max_tick=0 | min_tick=0
# # KERNEL: UVM_INFO /home/runner/driver.sv(51) @ 385: uvm_test_top.env.agent.drv [DRV] rst=1,load=0 | up_down=0 | count_in=4
# # KERNEL: UVM_INFO /home/runner/monitor.sv(28) @ 395: uvm_test_top.env.agent.mon [MON] Reset Active
# # KERNEL: UVM_INFO /home/runner/monitor.sv(40) @ 395: uvm_test_top.env.agent.mon [MON] rst=1 | load =0 | up_down=0 | count_in=4 | count=0 | max_tick=0 | min_tick=1
# # KERNEL: UVM_INFO /home/runner/monitor.sv(28) @ 405: uvm_test_top.env.agent.mon [MON] Reset Active
# # KERNEL: UVM_INFO /home/runner/monitor.sv(40) @ 405: uvm_test_top.env.agent.mon [MON] rst=1 | load =0 | up_down=0 | count_in=4 | count=0 | max_tick=0 | min_tick=1
# # KERNEL: UVM_INFO /home/runner/driver.sv(51) @ 405: uvm_test_top.env.agent.drv [DRV] rst=0,load=1 | up_down=1 | count_in=12
# # KERNEL: UVM_INFO /home/runner/scoreboard.sv(26) @ 415: uvm_test_top.env.scb [counter_scoreboard] Scoreboard received item
# # KERNEL: UVM_INFO /home/runner/scoreboard.sv(31) @ 415: uvm_test_top.env.scb [SCB_PASS] Match! Exp=0, Act=0
# # KERNEL: UVM_INFO /home/runner/monitor.sv(57) @ 415: uvm_test_top.env.agent.mon [MON] rst=0 | load =1 | up_down=1 | count_in=12 | count=0 | max_tick=0 | min_tick=1
# # KERNEL: UVM_INFO /home/runner/scoreboard.sv(26) @ 425: uvm_test_top.env.scb [counter_scoreboard] Scoreboard received item
# # KERNEL: UVM_INFO /home/runner/scoreboard.sv(31) @ 425: uvm_test_top.env.scb [SCB_PASS] Match! Exp=12, Act=12
# # KERNEL: UVM_INFO /home/runner/monitor.sv(57) @ 425: uvm_test_top.env.agent.mon [MON] rst=0 | load =1 | up_down=1 | count_in=12 | count=12 | max_tick=0 | min_tick=0
# # KERNEL: UVM_INFO /home/runner/driver.sv(51) @ 425: uvm_test_top.env.agent.drv [DRV] rst=0,load=1 | up_down=1 | count_in=11
# # KERNEL: UVM_INFO /home/runner/scoreboard.sv(26) @ 435: uvm_test_top.env.scb [counter_scoreboard] Scoreboard received item
# # KERNEL: UVM_INFO /home/runner/scoreboard.sv(31) @ 435: uvm_test_top.env.scb [SCB_PASS] Match! Exp=12, Act=12
# # KERNEL: UVM_INFO /home/runner/monitor.sv(57) @ 435: uvm_test_top.env.agent.mon [MON] rst=0 | load =1 | up_down=1 | count_in=11 | count=12 | max_tick=0 | min_tick=0
# # KERNEL: UVM_INFO /home/runner/scoreboard.sv(26) @ 445: uvm_test_top.env.scb [counter_scoreboard] Scoreboard received item
# # KERNEL: UVM_INFO /home/runner/scoreboard.sv(31) @ 445: uvm_test_top.env.scb [SCB_PASS] Match! Exp=11, Act=11
# # KERNEL: UVM_INFO /home/runner/monitor.sv(57) @ 445: uvm_test_top.env.agent.mon [MON] rst=0 | load =1 | up_down=1 | count_in=11 | count=11 | max_tick=0 | min_tick=0
# # KERNEL: UVM_INFO /home/runner/driver.sv(51) @ 445: uvm_test_top.env.agent.drv [DRV] rst=0,load=1 | up_down=0 | count_in=4
# # KERNEL: UVM_INFO /home/runner/scoreboard.sv(26) @ 455: uvm_test_top.env.scb [counter_scoreboard] Scoreboard received item
# # KERNEL: UVM_INFO /home/runner/scoreboard.sv(31) @ 455: uvm_test_top.env.scb [SCB_PASS] Match! Exp=11, Act=11
# # KERNEL: UVM_INFO /home/runner/monitor.sv(57) @ 455: uvm_test_top.env.agent.mon [MON] rst=0 | load =1 | up_down=0 | count_in=4 | count=11 | max_tick=0 | min_tick=0
# # KERNEL: UVM_INFO /home/runner/scoreboard.sv(26) @ 465: uvm_test_top.env.scb [counter_scoreboard] Scoreboard received item
# # KERNEL: UVM_INFO /home/runner/scoreboard.sv(31) @ 465: uvm_test_top.env.scb [SCB_PASS] Match! Exp=4, Act=4
# # KERNEL: UVM_INFO /home/runner/monitor.sv(57) @ 465: uvm_test_top.env.agent.mon [MON] rst=0 | load =1 | up_down=0 | count_in=4 | count=4 | max_tick=0 | min_tick=0
# # KERNEL: UVM_INFO /home/runner/driver.sv(51) @ 465: uvm_test_top.env.agent.drv [DRV] rst=0,load=0 | up_down=0 | count_in=11
# # KERNEL: UVM_INFO /home/runner/scoreboard.sv(26) @ 475: uvm_test_top.env.scb [counter_scoreboard] Scoreboard received item
# # KERNEL: UVM_INFO /home/runner/scoreboard.sv(31) @ 475: uvm_test_top.env.scb [SCB_PASS] Match! Exp=4, Act=4
# # KERNEL: UVM_INFO /home/runner/monitor.sv(57) @ 475: uvm_test_top.env.agent.mon [MON] rst=0 | load =0 | up_down=0 | count_in=11 | count=4 | max_tick=0 | min_tick=0
# # KERNEL: UVM_INFO /home/runner/scoreboard.sv(26) @ 485: uvm_test_top.env.scb [counter_scoreboard] Scoreboard received item
# # KERNEL: UVM_INFO /home/runner/scoreboard.sv(31) @ 485: uvm_test_top.env.scb [SCB_PASS] Match! Exp=3, Act=3
# # KERNEL: UVM_INFO /home/runner/monitor.sv(57) @ 485: uvm_test_top.env.agent.mon [MON] rst=0 | load =0 | up_down=0 | count_in=11 | count=3 | max_tick=0 | min_tick=0
# # KERNEL: UVM_INFO /home/runner/driver.sv(51) @ 485: uvm_test_top.env.agent.drv [DRV] rst=0,load=0 | up_down=0 | count_in=1
# # KERNEL: UVM_INFO /home/runner/scoreboard.sv(26) @ 495: uvm_test_top.env.scb [counter_scoreboard] Scoreboard received item
# # KERNEL: UVM_INFO /home/runner/scoreboard.sv(31) @ 495: uvm_test_top.env.scb [SCB_PASS] Match! Exp=2, Act=2
# # KERNEL: UVM_INFO /home/runner/monitor.sv(57) @ 495: uvm_test_top.env.agent.mon [MON] rst=0 | load =0 | up_down=0 | count_in=1 | count=2 | max_tick=0 | min_tick=0
# # KERNEL: UVM_INFO /home/runner/scoreboard.sv(26) @ 505: uvm_test_top.env.scb [counter_scoreboard] Scoreboard received item
# # KERNEL: UVM_INFO /home/runner/scoreboard.sv(31) @ 505: uvm_test_top.env.scb [SCB_PASS] Match! Exp=1, Act=1
# # KERNEL: UVM_INFO /home/runner/monitor.sv(57) @ 505: uvm_test_top.env.agent.mon [MON] rst=0 | load =0 | up_down=0 | count_in=1 | count=1 | max_tick=0 | min_tick=0
# # KERNEL: UVM_INFO /home/runner/driver.sv(51) @ 505: uvm_test_top.env.agent.drv [DRV] rst=0,load=1 | up_down=1 | count_in=8
# # KERNEL: UVM_INFO /home/runner/scoreboard.sv(26) @ 515: uvm_test_top.env.scb [counter_scoreboard] Scoreboard received item
# # KERNEL: UVM_INFO /home/runner/scoreboard.sv(31) @ 515: uvm_test_top.env.scb [SCB_PASS] Match! Exp=0, Act=0
# # KERNEL: UVM_INFO /home/runner/monitor.sv(57) @ 515: uvm_test_top.env.agent.mon [MON] rst=0 | load =1 | up_down=1 | count_in=8 | count=0 | max_tick=0 | min_tick=1
# # KERNEL: UVM_INFO /home/runner/scoreboard.sv(26) @ 525: uvm_test_top.env.scb [counter_scoreboard] Scoreboard received item
# # KERNEL: UVM_INFO /home/runner/scoreboard.sv(31) @ 525: uvm_test_top.env.scb [SCB_PASS] Match! Exp=8, Act=8
# # KERNEL: UVM_INFO /home/runner/monitor.sv(57) @ 525: uvm_test_top.env.agent.mon [MON] rst=0 | load =1 | up_down=1 | count_in=8 | count=8 | max_tick=0 | min_tick=0
# # KERNEL: UVM_INFO /home/runner/driver.sv(51) @ 525: uvm_test_top.env.agent.drv [DRV] rst=0,load=0 | up_down=1 | count_in=13
# # KERNEL: UVM_INFO /home/runner/scoreboard.sv(26) @ 535: uvm_test_top.env.scb [counter_scoreboard] Scoreboard received item
# # KERNEL: UVM_INFO /home/runner/scoreboard.sv(31) @ 535: uvm_test_top.env.scb [SCB_PASS] Match! Exp=8, Act=8
# # KERNEL: UVM_INFO /home/runner/monitor.sv(57) @ 535: uvm_test_top.env.agent.mon [MON] rst=0 | load =0 | up_down=1 | count_in=13 | count=8 | max_tick=0 | min_tick=0
# # KERNEL: UVM_INFO /home/runner/scoreboard.sv(26) @ 545: uvm_test_top.env.scb [counter_scoreboard] Scoreboard received item
# # KERNEL: UVM_INFO /home/runner/scoreboard.sv(31) @ 545: uvm_test_top.env.scb [SCB_PASS] Match! Exp=9, Act=9
# # KERNEL: UVM_INFO /home/runner/monitor.sv(57) @ 545: uvm_test_top.env.agent.mon [MON] rst=0 | load =0 | up_down=1 | count_in=13 | count=9 | max_tick=0 | min_tick=0
# # KERNEL: UVM_INFO /home/runner/driver.sv(51) @ 545: uvm_test_top.env.agent.drv [DRV] rst=0,load=1 | up_down=0 | count_in=7
# # KERNEL: UVM_INFO /home/runner/scoreboard.sv(26) @ 555: uvm_test_top.env.scb [counter_scoreboard] Scoreboard received item
# # KERNEL: UVM_INFO /home/runner/scoreboard.sv(31) @ 555: uvm_test_top.env.scb [SCB_PASS] Match! Exp=10, Act=10
# # KERNEL: UVM_INFO /home/runner/monitor.sv(57) @ 555: uvm_test_top.env.agent.mon [MON] rst=0 | load =1 | up_down=0 | count_in=7 | count=10 | max_tick=0 | min_tick=0
# # KERNEL: UVM_INFO /home/runner/scoreboard.sv(26) @ 565: uvm_test_top.env.scb [counter_scoreboard] Scoreboard received item
# # KERNEL: UVM_INFO /home/runner/scoreboard.sv(31) @ 565: uvm_test_top.env.scb [SCB_PASS] Match! Exp=7, Act=7
# # KERNEL: UVM_INFO /home/runner/monitor.sv(57) @ 565: uvm_test_top.env.agent.mon [MON] rst=0 | load =1 | up_down=0 | count_in=7 | count=7 | max_tick=0 | min_tick=0
# # KERNEL: UVM_INFO /home/runner/driver.sv(51) @ 565: uvm_test_top.env.agent.drv [DRV] rst=0,load=0 | up_down=0 | count_in=13
# # KERNEL: UVM_INFO /home/runner/scoreboard.sv(26) @ 575: uvm_test_top.env.scb [counter_scoreboard] Scoreboard received item
# # KERNEL: UVM_INFO /home/runner/scoreboard.sv(31) @ 575: uvm_test_top.env.scb [SCB_PASS] Match! Exp=7, Act=7
# # KERNEL: UVM_INFO /home/runner/monitor.sv(57) @ 575: uvm_test_top.env.agent.mon [MON] rst=0 | load =0 | up_down=0 | count_in=13 | count=7 | max_tick=0 | min_tick=0
# # KERNEL: UVM_INFO /home/runner/scoreboard.sv(26) @ 585: uvm_test_top.env.scb [counter_scoreboard] Scoreboard received item
# # KERNEL: UVM_INFO /home/runner/scoreboard.sv(31) @ 585: uvm_test_top.env.scb [SCB_PASS] Match! Exp=6, Act=6
# # KERNEL: UVM_INFO /home/runner/monitor.sv(57) @ 585: uvm_test_top.env.agent.mon [MON] rst=0 | load =0 | up_down=0 | count_in=13 | count=6 | max_tick=0 | min_tick=0
# # KERNEL: UVM_INFO /home/runner/driver.sv(51) @ 585: uvm_test_top.env.agent.drv [DRV] rst=0,load=0 | up_down=0 | count_in=5
# # KERNEL: UVM_INFO /home/runner/scoreboard.sv(26) @ 595: uvm_test_top.env.scb [counter_scoreboard] Scoreboard received item
# # KERNEL: UVM_INFO /home/runner/scoreboard.sv(31) @ 595: uvm_test_top.env.scb [SCB_PASS] Match! Exp=5, Act=5
# # KERNEL: UVM_INFO /home/runner/monitor.sv(57) @ 595: uvm_test_top.env.agent.mon [MON] rst=0 | load =0 | up_down=0 | count_in=5 | count=5 | max_tick=0 | min_tick=0
# # KERNEL: UVM_INFO /home/runner/scoreboard.sv(26) @ 605: uvm_test_top.env.scb [counter_scoreboard] Scoreboard received item
# # KERNEL: UVM_INFO /home/runner/scoreboard.sv(31) @ 605: uvm_test_top.env.scb [SCB_PASS] Match! Exp=4, Act=4
# # KERNEL: UVM_INFO /home/runner/monitor.sv(57) @ 605: uvm_test_top.env.agent.mon [MON] rst=0 | load =0 | up_down=0 | count_in=5 | count=4 | max_tick=0 | min_tick=0
# # KERNEL: UVM_INFO /home/runner/driver.sv(51) @ 605: uvm_test_top.env.agent.drv [DRV] rst=0,load=0 | up_down=0 | count_in=4
# # KERNEL: UVM_INFO /home/runner/scoreboard.sv(26) @ 615: uvm_test_top.env.scb [counter_scoreboard] Scoreboard received item
# # KERNEL: UVM_INFO /home/runner/scoreboard.sv(31) @ 615: uvm_test_top.env.scb [SCB_PASS] Match! Exp=3, Act=3
# # KERNEL: UVM_INFO /home/runner/monitor.sv(57) @ 615: uvm_test_top.env.agent.mon [MON] rst=0 | load =0 | up_down=0 | count_in=4 | count=3 | max_tick=0 | min_tick=0
# # KERNEL: UVM_INFO /home/runner/scoreboard.sv(26) @ 625: uvm_test_top.env.scb [counter_scoreboard] Scoreboard received item
# # KERNEL: UVM_INFO /home/runner/scoreboard.sv(31) @ 625: uvm_test_top.env.scb [SCB_PASS] Match! Exp=2, Act=2
# # KERNEL: UVM_INFO /home/runner/monitor.sv(57) @ 625: uvm_test_top.env.agent.mon [MON] rst=0 | load =0 | up_down=0 | count_in=4 | count=2 | max_tick=0 | min_tick=0
# # KERNEL: UVM_INFO /home/runner/driver.sv(51) @ 625: uvm_test_top.env.agent.drv [DRV] rst=0,load=0 | up_down=0 | count_in=12
# # KERNEL: UVM_INFO /home/runner/scoreboard.sv(26) @ 635: uvm_test_top.env.scb [counter_scoreboard] Scoreboard received item
# # KERNEL: UVM_INFO /home/runner/scoreboard.sv(31) @ 635: uvm_test_top.env.scb [SCB_PASS] Match! Exp=1, Act=1
# # KERNEL: UVM_INFO /home/runner/monitor.sv(57) @ 635: uvm_test_top.env.agent.mon [MON] rst=0 | load =0 | up_down=0 | count_in=12 | count=1 | max_tick=0 | min_tick=0
# # KERNEL: UVM_INFO /home/runner/scoreboard.sv(26) @ 645: uvm_test_top.env.scb [counter_scoreboard] Scoreboard received item
# # KERNEL: UVM_INFO /home/runner/scoreboard.sv(31) @ 645: uvm_test_top.env.scb [SCB_PASS] Match! Exp=0, Act=0
# # KERNEL: UVM_INFO /home/runner/monitor.sv(57) @ 645: uvm_test_top.env.agent.mon [MON] rst=0 | load =0 | up_down=0 | count_in=12 | count=0 | max_tick=0 | min_tick=1
# # KERNEL: UVM_INFO /home/runner/driver.sv(51) @ 645: uvm_test_top.env.agent.drv [DRV] rst=0,load=0 | up_down=0 | count_in=10
# # KERNEL: UVM_INFO /home/runner/scoreboard.sv(26) @ 655: uvm_test_top.env.scb [counter_scoreboard] Scoreboard received item
# # KERNEL: UVM_INFO /home/runner/scoreboard.sv(31) @ 655: uvm_test_top.env.scb [SCB_PASS] Match! Exp=15, Act=15
# # KERNEL: UVM_INFO /home/runner/monitor.sv(57) @ 655: uvm_test_top.env.agent.mon [MON] rst=0 | load =0 | up_down=0 | count_in=10 | count=15 | max_tick=1 | min_tick=0
# # KERNEL: UVM_INFO /home/runner/scoreboard.sv(26) @ 665: uvm_test_top.env.scb [counter_scoreboard] Scoreboard received item
# # KERNEL: UVM_INFO /home/runner/scoreboard.sv(31) @ 665: uvm_test_top.env.scb [SCB_PASS] Match! Exp=14, Act=14
# # KERNEL: UVM_INFO /home/runner/monitor.sv(57) @ 665: uvm_test_top.env.agent.mon [MON] rst=0 | load =0 | up_down=0 | count_in=10 | count=14 | max_tick=0 | min_tick=0
# # KERNEL: UVM_INFO /home/runner/driver.sv(51) @ 665: uvm_test_top.env.agent.drv [DRV] rst=0,load=0 | up_down=1 | count_in=3
# # KERNEL: UVM_INFO /home/runner/scoreboard.sv(26) @ 675: uvm_test_top.env.scb [counter_scoreboard] Scoreboard received item
# # KERNEL: UVM_INFO /home/runner/scoreboard.sv(31) @ 675: uvm_test_top.env.scb [SCB_PASS] Match! Exp=13, Act=13
# # KERNEL: UVM_INFO /home/runner/monitor.sv(57) @ 675: uvm_test_top.env.agent.mon [MON] rst=0 | load =0 | up_down=1 | count_in=3 | count=13 | max_tick=0 | min_tick=0
# # KERNEL: UVM_INFO /home/runner/scoreboard.sv(26) @ 685: uvm_test_top.env.scb [counter_scoreboard] Scoreboard received item
# # KERNEL: UVM_INFO /home/runner/scoreboard.sv(31) @ 685: uvm_test_top.env.scb [SCB_PASS] Match! Exp=14, Act=14
# # KERNEL: UVM_INFO /home/runner/monitor.sv(57) @ 685: uvm_test_top.env.agent.mon [MON] rst=0 | load =0 | up_down=1 | count_in=3 | count=14 | max_tick=0 | min_tick=0
# # KERNEL: UVM_INFO /home/runner/driver.sv(51) @ 685: uvm_test_top.env.agent.drv [DRV] rst=0,load=1 | up_down=1 | count_in=6
# # KERNEL: UVM_INFO /home/runner/scoreboard.sv(26) @ 695: uvm_test_top.env.scb [counter_scoreboard] Scoreboard received item
# # KERNEL: UVM_INFO /home/runner/scoreboard.sv(31) @ 695: uvm_test_top.env.scb [SCB_PASS] Match! Exp=15, Act=15
# # KERNEL: UVM_INFO /home/runner/monitor.sv(57) @ 695: uvm_test_top.env.agent.mon [MON] rst=0 | load =1 | up_down=1 | count_in=6 | count=15 | max_tick=1 | min_tick=0
# # KERNEL: UVM_INFO /home/runner/scoreboard.sv(26) @ 705: uvm_test_top.env.scb [counter_scoreboard] Scoreboard received item
# # KERNEL: UVM_INFO /home/runner/scoreboard.sv(31) @ 705: uvm_test_top.env.scb [SCB_PASS] Match! Exp=6, Act=6
# # KERNEL: UVM_INFO /home/runner/monitor.sv(57) @ 705: uvm_test_top.env.agent.mon [MON] rst=0 | load =1 | up_down=1 | count_in=6 | count=6 | max_tick=0 | min_tick=0
# # KERNEL: UVM_INFO /home/runner/driver.sv(51) @ 705: uvm_test_top.env.agent.drv [DRV] rst=0,load=0 | up_down=1 | count_in=10
# # KERNEL: UVM_INFO /home/runner/scoreboard.sv(26) @ 715: uvm_test_top.env.scb [counter_scoreboard] Scoreboard received item
# # KERNEL: UVM_INFO /home/runner/scoreboard.sv(31) @ 715: uvm_test_top.env.scb [SCB_PASS] Match! Exp=6, Act=6
# # KERNEL: UVM_INFO /home/runner/monitor.sv(57) @ 715: uvm_test_top.env.agent.mon [MON] rst=0 | load =0 | up_down=1 | count_in=10 | count=6 | max_tick=0 | min_tick=0
# # KERNEL: UVM_INFO /home/runner/scoreboard.sv(26) @ 725: uvm_test_top.env.scb [counter_scoreboard] Scoreboard received item
# # KERNEL: UVM_INFO /home/runner/scoreboard.sv(31) @ 725: uvm_test_top.env.scb [SCB_PASS] Match! Exp=7, Act=7
# # KERNEL: UVM_INFO /home/runner/monitor.sv(57) @ 725: uvm_test_top.env.agent.mon [MON] rst=0 | load =0 | up_down=1 | count_in=10 | count=7 | max_tick=0 | min_tick=0
# # KERNEL: UVM_INFO /home/runner/driver.sv(51) @ 725: uvm_test_top.env.agent.drv [DRV] rst=0,load=1 | up_down=0 | count_in=6
# # KERNEL: UVM_INFO /home/runner/scoreboard.sv(26) @ 735: uvm_test_top.env.scb [counter_scoreboard] Scoreboard received item
# # KERNEL: UVM_INFO /home/runner/scoreboard.sv(31) @ 735: uvm_test_top.env.scb [SCB_PASS] Match! Exp=8, Act=8
# # KERNEL: UVM_INFO /home/runner/monitor.sv(57) @ 735: uvm_test_top.env.agent.mon [MON] rst=0 | load =1 | up_down=0 | count_in=6 | count=8 | max_tick=0 | min_tick=0
# # KERNEL: UVM_INFO /home/runner/scoreboard.sv(26) @ 745: uvm_test_top.env.scb [counter_scoreboard] Scoreboard received item
# # KERNEL: UVM_INFO /home/runner/scoreboard.sv(31) @ 745: uvm_test_top.env.scb [SCB_PASS] Match! Exp=6, Act=6
# # KERNEL: UVM_INFO /home/runner/monitor.sv(57) @ 745: uvm_test_top.env.agent.mon [MON] rst=0 | load =1 | up_down=0 | count_in=6 | count=6 | max_tick=0 | min_tick=0
# # KERNEL: UVM_INFO /home/runner/driver.sv(51) @ 745: uvm_test_top.env.agent.drv [DRV] rst=0,load=0 | up_down=1 | count_in=11
# # KERNEL: UVM_INFO /home/runner/scoreboard.sv(26) @ 755: uvm_test_top.env.scb [counter_scoreboard] Scoreboard received item
# # KERNEL: UVM_INFO /home/runner/scoreboard.sv(31) @ 755: uvm_test_top.env.scb [SCB_PASS] Match! Exp=6, Act=6
# # KERNEL: UVM_INFO /home/runner/monitor.sv(57) @ 755: uvm_test_top.env.agent.mon [MON] rst=0 | load =0 | up_down=1 | count_in=11 | count=6 | max_tick=0 | min_tick=0
# # KERNEL: UVM_INFO /home/runner/scoreboard.sv(26) @ 765: uvm_test_top.env.scb [counter_scoreboard] Scoreboard received item
# # KERNEL: UVM_INFO /home/runner/scoreboard.sv(31) @ 765: uvm_test_top.env.scb [SCB_PASS] Match! Exp=7, Act=7
# # KERNEL: UVM_INFO /home/runner/monitor.sv(57) @ 765: uvm_test_top.env.agent.mon [MON] rst=0 | load =0 | up_down=1 | count_in=11 | count=7 | max_tick=0 | min_tick=0
# # KERNEL: UVM_INFO /home/runner/driver.sv(51) @ 765: uvm_test_top.env.agent.drv [DRV] rst=0,load=0 | up_down=0 | count_in=3
# # KERNEL: UVM_INFO /home/runner/scoreboard.sv(26) @ 775: uvm_test_top.env.scb [counter_scoreboard] Scoreboard received item
# # KERNEL: UVM_INFO /home/runner/scoreboard.sv(31) @ 775: uvm_test_top.env.scb [SCB_PASS] Match! Exp=8, Act=8
# # KERNEL: UVM_INFO /home/runner/monitor.sv(57) @ 775: uvm_test_top.env.agent.mon [MON] rst=0 | load =0 | up_down=0 | count_in=3 | count=8 | max_tick=0 | min_tick=0
# # KERNEL: UVM_INFO /home/runner/scoreboard.sv(26) @ 785: uvm_test_top.env.scb [counter_scoreboard] Scoreboard received item
# # KERNEL: UVM_INFO /home/runner/scoreboard.sv(31) @ 785: uvm_test_top.env.scb [SCB_PASS] Match! Exp=7, Act=7
# # KERNEL: UVM_INFO /home/runner/monitor.sv(57) @ 785: uvm_test_top.env.agent.mon [MON] rst=0 | load =0 | up_down=0 | count_in=3 | count=7 | max_tick=0 | min_tick=0
# # KERNEL: UVM_INFO /home/runner/driver.sv(51) @ 785: uvm_test_top.env.agent.drv [DRV] rst=1,load=1 | up_down=0 | count_in=11
# # KERNEL: UVM_INFO /home/runner/monitor.sv(28) @ 795: uvm_test_top.env.agent.mon [MON] Reset Active
# # KERNEL: UVM_INFO /home/runner/monitor.sv(40) @ 795: uvm_test_top.env.agent.mon [MON] rst=1 | load =1 | up_down=0 | count_in=11 | count=0 | max_tick=0 | min_tick=1
# # KERNEL: UVM_INFO /home/runner/monitor.sv(28) @ 805: uvm_test_top.env.agent.mon [MON] Reset Active
# # KERNEL: UVM_INFO /home/runner/monitor.sv(40) @ 805: uvm_test_top.env.agent.mon [MON] rst=1 | load =1 | up_down=0 | count_in=11 | count=0 | max_tick=0 | min_tick=1
# # KERNEL: UVM_INFO /home/runner/driver.sv(51) @ 805: uvm_test_top.env.agent.drv [DRV] rst=0,load=0 | up_down=0 | count_in=1
# # KERNEL: UVM_INFO /home/runner/scoreboard.sv(26) @ 815: uvm_test_top.env.scb [counter_scoreboard] Scoreboard received item
# # KERNEL: UVM_INFO /home/runner/scoreboard.sv(31) @ 815: uvm_test_top.env.scb [SCB_PASS] Match! Exp=0, Act=0
# # KERNEL: UVM_INFO /home/runner/monitor.sv(57) @ 815: uvm_test_top.env.agent.mon [MON] rst=0 | load =0 | up_down=0 | count_in=1 | count=0 | max_tick=0 | min_tick=1
# # KERNEL: UVM_INFO /home/runner/scoreboard.sv(26) @ 825: uvm_test_top.env.scb [counter_scoreboard] Scoreboard received item
# # KERNEL: UVM_INFO /home/runner/scoreboard.sv(31) @ 825: uvm_test_top.env.scb [SCB_PASS] Match! Exp=15, Act=15
# # KERNEL: UVM_INFO /home/runner/monitor.sv(57) @ 825: uvm_test_top.env.agent.mon [MON] rst=0 | load =0 | up_down=0 | count_in=1 | count=15 | max_tick=1 | min_tick=0
# # KERNEL: UVM_INFO /home/runner/driver.sv(51) @ 825: uvm_test_top.env.agent.drv [DRV] rst=0,load=0 | up_down=1 | count_in=8
# # KERNEL: UVM_INFO /home/runner/scoreboard.sv(26) @ 835: uvm_test_top.env.scb [counter_scoreboard] Scoreboard received item
# # KERNEL: UVM_INFO /home/runner/scoreboard.sv(31) @ 835: uvm_test_top.env.scb [SCB_PASS] Match! Exp=14, Act=14
# # KERNEL: UVM_INFO /home/runner/monitor.sv(57) @ 835: uvm_test_top.env.agent.mon [MON] rst=0 | load =0 | up_down=1 | count_in=8 | count=14 | max_tick=0 | min_tick=0
# # KERNEL: UVM_INFO /home/runner/scoreboard.sv(26) @ 845: uvm_test_top.env.scb [counter_scoreboard] Scoreboard received item
# # KERNEL: UVM_INFO /home/runner/scoreboard.sv(31) @ 845: uvm_test_top.env.scb [SCB_PASS] Match! Exp=15, Act=15
# # KERNEL: UVM_INFO /home/runner/monitor.sv(57) @ 845: uvm_test_top.env.agent.mon [MON] rst=0 | load =0 | up_down=1 | count_in=8 | count=15 | max_tick=1 | min_tick=0
# # KERNEL: UVM_INFO /home/runner/driver.sv(51) @ 845: uvm_test_top.env.agent.drv [DRV] rst=0,load=1 | up_down=1 | count_in=13
# # KERNEL: UVM_INFO /home/runner/scoreboard.sv(26) @ 855: uvm_test_top.env.scb [counter_scoreboard] Scoreboard received item
# # KERNEL: UVM_INFO /home/runner/scoreboard.sv(31) @ 855: uvm_test_top.env.scb [SCB_PASS] Match! Exp=0, Act=0
# # KERNEL: UVM_INFO /home/runner/monitor.sv(57) @ 855: uvm_test_top.env.agent.mon [MON] rst=0 | load =1 | up_down=1 | count_in=13 | count=0 | max_tick=0 | min_tick=1
# # KERNEL: UVM_INFO /home/runner/scoreboard.sv(26) @ 865: uvm_test_top.env.scb [counter_scoreboard] Scoreboard received item
# # KERNEL: UVM_INFO /home/runner/scoreboard.sv(31) @ 865: uvm_test_top.env.scb [SCB_PASS] Match! Exp=13, Act=13
# # KERNEL: UVM_INFO /home/runner/monitor.sv(57) @ 865: uvm_test_top.env.agent.mon [MON] rst=0 | load =1 | up_down=1 | count_in=13 | count=13 | max_tick=0 | min_tick=0
# # KERNEL: UVM_INFO /home/runner/driver.sv(51) @ 865: uvm_test_top.env.agent.drv [DRV] rst=0,load=0 | up_down=0 | count_in=7
# # KERNEL: UVM_INFO /home/runner/scoreboard.sv(26) @ 875: uvm_test_top.env.scb [counter_scoreboard] Scoreboard received item
# # KERNEL: UVM_INFO /home/runner/scoreboard.sv(31) @ 875: uvm_test_top.env.scb [SCB_PASS] Match! Exp=13, Act=13
# # KERNEL: UVM_INFO /home/runner/monitor.sv(57) @ 875: uvm_test_top.env.agent.mon [MON] rst=0 | load =0 | up_down=0 | count_in=7 | count=13 | max_tick=0 | min_tick=0
# # KERNEL: UVM_INFO /home/runner/scoreboard.sv(26) @ 885: uvm_test_top.env.scb [counter_scoreboard] Scoreboard received item
# # KERNEL: UVM_INFO /home/runner/scoreboard.sv(31) @ 885: uvm_test_top.env.scb [SCB_PASS] Match! Exp=12, Act=12
# # KERNEL: UVM_INFO /home/runner/monitor.sv(57) @ 885: uvm_test_top.env.agent.mon [MON] rst=0 | load =0 | up_down=0 | count_in=7 | count=12 | max_tick=0 | min_tick=0
# # KERNEL: UVM_INFO /home/runner/driver.sv(51) @ 885: uvm_test_top.env.agent.drv [DRV] rst=0,load=0 | up_down=0 | count_in=14
# # KERNEL: UVM_INFO /home/runner/scoreboard.sv(26) @ 895: uvm_test_top.env.scb [counter_scoreboard] Scoreboard received item
# # KERNEL: UVM_INFO /home/runner/scoreboard.sv(31) @ 895: uvm_test_top.env.scb [SCB_PASS] Match! Exp=11, Act=11
# # KERNEL: UVM_INFO /home/runner/monitor.sv(57) @ 895: uvm_test_top.env.agent.mon [MON] rst=0 | load =0 | up_down=0 | count_in=14 | count=11 | max_tick=0 | min_tick=0
# # KERNEL: UVM_INFO /home/runner/scoreboard.sv(26) @ 905: uvm_test_top.env.scb [counter_scoreboard] Scoreboard received item
# # KERNEL: UVM_INFO /home/runner/scoreboard.sv(31) @ 905: uvm_test_top.env.scb [SCB_PASS] Match! Exp=10, Act=10
# # KERNEL: UVM_INFO /home/runner/monitor.sv(57) @ 905: uvm_test_top.env.agent.mon [MON] rst=0 | load =0 | up_down=0 | count_in=14 | count=10 | max_tick=0 | min_tick=0
# # KERNEL: UVM_INFO /home/runner/driver.sv(51) @ 905: uvm_test_top.env.agent.drv [DRV] rst=0,load=0 | up_down=0 | count_in=5
# # KERNEL: UVM_INFO /home/runner/scoreboard.sv(26) @ 915: uvm_test_top.env.scb [counter_scoreboard] Scoreboard received item
# # KERNEL: UVM_INFO /home/runner/scoreboard.sv(31) @ 915: uvm_test_top.env.scb [SCB_PASS] Match! Exp=9, Act=9
# # KERNEL: UVM_INFO /home/runner/monitor.sv(57) @ 915: uvm_test_top.env.agent.mon [MON] rst=0 | load =0 | up_down=0 | count_in=5 | count=9 | max_tick=0 | min_tick=0
# # KERNEL: UVM_INFO /home/runner/scoreboard.sv(26) @ 925: uvm_test_top.env.scb [counter_scoreboard] Scoreboard received item
# # KERNEL: UVM_INFO /home/runner/scoreboard.sv(31) @ 925: uvm_test_top.env.scb [SCB_PASS] Match! Exp=8, Act=8
# # KERNEL: UVM_INFO /home/runner/monitor.sv(57) @ 925: uvm_test_top.env.agent.mon [MON] rst=0 | load =0 | up_down=0 | count_in=5 | count=8 | max_tick=0 | min_tick=0
# # KERNEL: UVM_INFO /home/runner/driver.sv(51) @ 925: uvm_test_top.env.agent.drv [DRV] rst=0,load=0 | up_down=1 | count_in=10
# # KERNEL: UVM_INFO /home/runner/scoreboard.sv(26) @ 935: uvm_test_top.env.scb [counter_scoreboard] Scoreboard received item
# # KERNEL: UVM_INFO /home/runner/scoreboard.sv(31) @ 935: uvm_test_top.env.scb [SCB_PASS] Match! Exp=7, Act=7
# # KERNEL: UVM_INFO /home/runner/monitor.sv(57) @ 935: uvm_test_top.env.agent.mon [MON] rst=0 | load =0 | up_down=1 | count_in=10 | count=7 | max_tick=0 | min_tick=0
# # KERNEL: UVM_INFO /home/runner/scoreboard.sv(26) @ 945: uvm_test_top.env.scb [counter_scoreboard] Scoreboard received item
# # KERNEL: UVM_INFO /home/runner/scoreboard.sv(31) @ 945: uvm_test_top.env.scb [SCB_PASS] Match! Exp=8, Act=8
# # KERNEL: UVM_INFO /home/runner/monitor.sv(57) @ 945: uvm_test_top.env.agent.mon [MON] rst=0 | load =0 | up_down=1 | count_in=10 | count=8 | max_tick=0 | min_tick=0
# # KERNEL: UVM_INFO /home/runner/driver.sv(51) @ 945: uvm_test_top.env.agent.drv [DRV] rst=0,load=1 | up_down=0 | count_in=12
# # KERNEL: UVM_INFO /home/runner/scoreboard.sv(26) @ 955: uvm_test_top.env.scb [counter_scoreboard] Scoreboard received item
# # KERNEL: UVM_INFO /home/runner/scoreboard.sv(31) @ 955: uvm_test_top.env.scb [SCB_PASS] Match! Exp=9, Act=9
# # KERNEL: UVM_INFO /home/runner/monitor.sv(57) @ 955: uvm_test_top.env.agent.mon [MON] rst=0 | load =1 | up_down=0 | count_in=12 | count=9 | max_tick=0 | min_tick=0
# # KERNEL: UVM_INFO /home/runner/scoreboard.sv(26) @ 965: uvm_test_top.env.scb [counter_scoreboard] Scoreboard received item
# # KERNEL: UVM_INFO /home/runner/scoreboard.sv(31) @ 965: uvm_test_top.env.scb [SCB_PASS] Match! Exp=12, Act=12
# # KERNEL: UVM_INFO /home/runner/monitor.sv(57) @ 965: uvm_test_top.env.agent.mon [MON] rst=0 | load =1 | up_down=0 | count_in=12 | count=12 | max_tick=0 | min_tick=0
# # KERNEL: UVM_INFO /home/runner/driver.sv(51) @ 965: uvm_test_top.env.agent.drv [DRV] rst=0,load=0 | up_down=0 | count_in=9
# # KERNEL: UVM_INFO /home/runner/scoreboard.sv(26) @ 975: uvm_test_top.env.scb [counter_scoreboard] Scoreboard received item
# # KERNEL: UVM_INFO /home/runner/scoreboard.sv(31) @ 975: uvm_test_top.env.scb [SCB_PASS] Match! Exp=12, Act=12
# # KERNEL: UVM_INFO /home/runner/monitor.sv(57) @ 975: uvm_test_top.env.agent.mon [MON] rst=0 | load =0 | up_down=0 | count_in=9 | count=12 | max_tick=0 | min_tick=0
# # KERNEL: UVM_INFO /home/runner/scoreboard.sv(26) @ 985: uvm_test_top.env.scb [counter_scoreboard] Scoreboard received item
# # KERNEL: UVM_INFO /home/runner/scoreboard.sv(31) @ 985: uvm_test_top.env.scb [SCB_PASS] Match! Exp=11, Act=11
# # KERNEL: UVM_INFO /home/runner/monitor.sv(57) @ 985: uvm_test_top.env.agent.mon [MON] rst=0 | load =0 | up_down=0 | count_in=9 | count=11 | max_tick=0 | min_tick=0
# # KERNEL: UVM_INFO /home/runner/driver.sv(51) @ 985: uvm_test_top.env.agent.drv [DRV] rst=0,load=0 | up_down=1 | count_in=4
# # KERNEL: UVM_INFO /home/runner/scoreboard.sv(26) @ 995: uvm_test_top.env.scb [counter_scoreboard] Scoreboard received item
# # KERNEL: UVM_INFO /home/runner/scoreboard.sv(31) @ 995: uvm_test_top.env.scb [SCB_PASS] Match! Exp=10, Act=10
# # KERNEL: UVM_INFO /home/runner/monitor.sv(57) @ 995: uvm_test_top.env.agent.mon [MON] rst=0 | load =0 | up_down=1 | count_in=4 | count=10 | max_tick=0 | min_tick=0
# # KERNEL: UVM_INFO /home/runner/scoreboard.sv(26) @ 1005: uvm_test_top.env.scb [counter_scoreboard] Scoreboard received item
# # KERNEL: UVM_INFO /home/runner/scoreboard.sv(31) @ 1005: uvm_test_top.env.scb [SCB_PASS] Match! Exp=11, Act=11
# # KERNEL: UVM_INFO /home/runner/monitor.sv(57) @ 1005: uvm_test_top.env.agent.mon [MON] rst=0 | load =0 | up_down=1 | count_in=4 | count=11 | max_tick=0 | min_tick=0
# # KERNEL: UVM_INFO /home/runner/driver.sv(51) @ 1005: uvm_test_top.env.agent.drv [DRV] rst=0,load=0 | up_down=1 | count_in=6
# # KERNEL: UVM_INFO /home/runner/scoreboard.sv(26) @ 1015: uvm_test_top.env.scb [counter_scoreboard] Scoreboard received item
# # KERNEL: UVM_INFO /home/runner/scoreboard.sv(31) @ 1015: uvm_test_top.env.scb [SCB_PASS] Match! Exp=12, Act=12
# # KERNEL: UVM_INFO /home/runner/monitor.sv(57) @ 1015: uvm_test_top.env.agent.mon [MON] rst=0 | load =0 | up_down=1 | count_in=6 | count=12 | max_tick=0 | min_tick=0
# # KERNEL: UVM_INFO /home/runner/scoreboard.sv(26) @ 1025: uvm_test_top.env.scb [counter_scoreboard] Scoreboard received item
# # KERNEL: UVM_INFO /home/runner/scoreboard.sv(31) @ 1025: uvm_test_top.env.scb [SCB_PASS] Match! Exp=13, Act=13
# # KERNEL: UVM_INFO /home/runner/monitor.sv(57) @ 1025: uvm_test_top.env.agent.mon [MON] rst=0 | load =0 | up_down=1 | count_in=6 | count=13 | max_tick=0 | min_tick=0
# # KERNEL: UVM_INFO /home/runner/driver.sv(51) @ 1025: uvm_test_top.env.agent.drv [DRV] rst=0,load=0 | up_down=0 | count_in=4
# # KERNEL: UVM_INFO /home/runner/scoreboard.sv(26) @ 1035: uvm_test_top.env.scb [counter_scoreboard] Scoreboard received item
# # KERNEL: UVM_INFO /home/runner/scoreboard.sv(31) @ 1035: uvm_test_top.env.scb [SCB_PASS] Match! Exp=14, Act=14
# # KERNEL: UVM_INFO /home/runner/monitor.sv(57) @ 1035: uvm_test_top.env.agent.mon [MON] rst=0 | load =0 | up_down=0 | count_in=4 | count=14 | max_tick=0 | min_tick=0
# # KERNEL: UVM_INFO /home/runner/scoreboard.sv(26) @ 1045: uvm_test_top.env.scb [counter_scoreboard] Scoreboard received item
# # KERNEL: UVM_INFO /home/runner/scoreboard.sv(31) @ 1045: uvm_test_top.env.scb [SCB_PASS] Match! Exp=13, Act=13
# # KERNEL: UVM_INFO /home/runner/monitor.sv(57) @ 1045: uvm_test_top.env.agent.mon [MON] rst=0 | load =0 | up_down=0 | count_in=4 | count=13 | max_tick=0 | min_tick=0
# # KERNEL: UVM_INFO /home/runner/driver.sv(51) @ 1045: uvm_test_top.env.agent.drv [DRV] rst=0,load=0 | up_down=0 | count_in=5
# # KERNEL: UVM_INFO /home/runner/scoreboard.sv(26) @ 1055: uvm_test_top.env.scb [counter_scoreboard] Scoreboard received item
# # KERNEL: UVM_INFO /home/runner/scoreboard.sv(31) @ 1055: uvm_test_top.env.scb [SCB_PASS] Match! Exp=12, Act=12
# # KERNEL: UVM_INFO /home/runner/monitor.sv(57) @ 1055: uvm_test_top.env.agent.mon [MON] rst=0 | load =0 | up_down=0 | count_in=5 | count=12 | max_tick=0 | min_tick=0
# # KERNEL: UVM_INFO /home/runner/scoreboard.sv(26) @ 1065: uvm_test_top.env.scb [counter_scoreboard] Scoreboard received item
# # KERNEL: UVM_INFO /home/runner/scoreboard.sv(31) @ 1065: uvm_test_top.env.scb [SCB_PASS] Match! Exp=11, Act=11
# # KERNEL: UVM_INFO /home/runner/monitor.sv(57) @ 1065: uvm_test_top.env.agent.mon [MON] rst=0 | load =0 | up_down=0 | count_in=5 | count=11 | max_tick=0 | min_tick=0
# # KERNEL: UVM_INFO /home/runner/driver.sv(51) @ 1065: uvm_test_top.env.agent.drv [DRV] rst=1,load=0 | up_down=1 | count_in=12
# # KERNEL: UVM_INFO /home/runner/monitor.sv(28) @ 1075: uvm_test_top.env.agent.mon [MON] Reset Active
# # KERNEL: UVM_INFO /home/runner/monitor.sv(40) @ 1075: uvm_test_top.env.agent.mon [MON] rst=1 | load =0 | up_down=1 | count_in=12 | count=0 | max_tick=0 | min_tick=1
# # KERNEL: UVM_INFO /home/runner/monitor.sv(28) @ 1085: uvm_test_top.env.agent.mon [MON] Reset Active
# # KERNEL: UVM_INFO /home/runner/monitor.sv(40) @ 1085: uvm_test_top.env.agent.mon [MON] rst=1 | load =0 | up_down=1 | count_in=12 | count=0 | max_tick=0 | min_tick=1
# # KERNEL: UVM_INFO /home/runner/driver.sv(51) @ 1085: uvm_test_top.env.agent.drv [DRV] rst=0,load=1 | up_down=0 | count_in=4
# # KERNEL: UVM_INFO /home/runner/scoreboard.sv(26) @ 1095: uvm_test_top.env.scb [counter_scoreboard] Scoreboard received item
# # KERNEL: UVM_INFO /home/runner/scoreboard.sv(31) @ 1095: uvm_test_top.env.scb [SCB_PASS] Match! Exp=0, Act=0
# # KERNEL: UVM_INFO /home/runner/monitor.sv(57) @ 1095: uvm_test_top.env.agent.mon [MON] rst=0 | load =1 | up_down=0 | count_in=4 | count=0 | max_tick=0 | min_tick=1
# # KERNEL: UVM_INFO /home/runner/scoreboard.sv(26) @ 1105: uvm_test_top.env.scb [counter_scoreboard] Scoreboard received item
# # KERNEL: UVM_INFO /home/runner/scoreboard.sv(31) @ 1105: uvm_test_top.env.scb [SCB_PASS] Match! Exp=4, Act=4
# # KERNEL: UVM_INFO /home/runner/monitor.sv(57) @ 1105: uvm_test_top.env.agent.mon [MON] rst=0 | load =1 | up_down=0 | count_in=4 | count=4 | max_tick=0 | min_tick=0
# # KERNEL: UVM_INFO /home/runner/driver.sv(51) @ 1105: uvm_test_top.env.agent.drv [DRV] rst=0,load=0 | up_down=0 | count_in=12
# # KERNEL: UVM_INFO /home/runner/scoreboard.sv(26) @ 1115: uvm_test_top.env.scb [counter_scoreboard] Scoreboard received item
# # KERNEL: UVM_INFO /home/runner/scoreboard.sv(31) @ 1115: uvm_test_top.env.scb [SCB_PASS] Match! Exp=4, Act=4
# # KERNEL: UVM_INFO /home/runner/monitor.sv(57) @ 1115: uvm_test_top.env.agent.mon [MON] rst=0 | load =0 | up_down=0 | count_in=12 | count=4 | max_tick=0 | min_tick=0
# # KERNEL: UVM_INFO /home/runner/scoreboard.sv(26) @ 1125: uvm_test_top.env.scb [counter_scoreboard] Scoreboard received item
# # KERNEL: UVM_INFO /home/runner/scoreboard.sv(31) @ 1125: uvm_test_top.env.scb [SCB_PASS] Match! Exp=3, Act=3
# # KERNEL: UVM_INFO /home/runner/monitor.sv(57) @ 1125: uvm_test_top.env.agent.mon [MON] rst=0 | load =0 | up_down=0 | count_in=12 | count=3 | max_tick=0 | min_tick=0
# # KERNEL: UVM_INFO /home/runner/driver.sv(51) @ 1125: uvm_test_top.env.agent.drv [DRV] rst=0,load=0 | up_down=0 | count_in=1
# # KERNEL: UVM_INFO /home/runner/scoreboard.sv(26) @ 1135: uvm_test_top.env.scb [counter_scoreboard] Scoreboard received item
# # KERNEL: UVM_INFO /home/runner/scoreboard.sv(31) @ 1135: uvm_test_top.env.scb [SCB_PASS] Match! Exp=2, Act=2
# # KERNEL: UVM_INFO /home/runner/monitor.sv(57) @ 1135: uvm_test_top.env.agent.mon [MON] rst=0 | load =0 | up_down=0 | count_in=1 | count=2 | max_tick=0 | min_tick=0
# # KERNEL: UVM_INFO /home/runner/scoreboard.sv(26) @ 1145: uvm_test_top.env.scb [counter_scoreboard] Scoreboard received item
# # KERNEL: UVM_INFO /home/runner/scoreboard.sv(31) @ 1145: uvm_test_top.env.scb [SCB_PASS] Match! Exp=1, Act=1
# # KERNEL: UVM_INFO /home/runner/monitor.sv(57) @ 1145: uvm_test_top.env.agent.mon [MON] rst=0 | load =0 | up_down=0 | count_in=1 | count=1 | max_tick=0 | min_tick=0
# # KERNEL: UVM_INFO /home/runner/driver.sv(51) @ 1145: uvm_test_top.env.agent.drv [DRV] rst=1,load=0 | up_down=1 | count_in=8
# # KERNEL: UVM_INFO /home/runner/monitor.sv(28) @ 1155: uvm_test_top.env.agent.mon [MON] Reset Active
# # KERNEL: UVM_INFO /home/runner/monitor.sv(40) @ 1155: uvm_test_top.env.agent.mon [MON] rst=1 | load =0 | up_down=1 | count_in=8 | count=0 | max_tick=0 | min_tick=1
# # KERNEL: UVM_INFO /home/runner/monitor.sv(28) @ 1165: uvm_test_top.env.agent.mon [MON] Reset Active
# # KERNEL: UVM_INFO /home/runner/monitor.sv(40) @ 1165: uvm_test_top.env.agent.mon [MON] rst=1 | load =0 | up_down=1 | count_in=8 | count=0 | max_tick=0 | min_tick=1
# # KERNEL: UVM_INFO /home/runner/driver.sv(51) @ 1165: uvm_test_top.env.agent.drv [DRV] rst=0,load=0 | up_down=1 | count_in=14
# # KERNEL: UVM_INFO /home/runner/scoreboard.sv(26) @ 1175: uvm_test_top.env.scb [counter_scoreboard] Scoreboard received item
# # KERNEL: UVM_INFO /home/runner/scoreboard.sv(31) @ 1175: uvm_test_top.env.scb [SCB_PASS] Match! Exp=0, Act=0
# # KERNEL: UVM_INFO /home/runner/monitor.sv(57) @ 1175: uvm_test_top.env.agent.mon [MON] rst=0 | load =0 | up_down=1 | count_in=14 | count=0 | max_tick=0 | min_tick=1
# # KERNEL: UVM_INFO /home/runner/scoreboard.sv(26) @ 1185: uvm_test_top.env.scb [counter_scoreboard] Scoreboard received item
# # KERNEL: UVM_INFO /home/runner/scoreboard.sv(31) @ 1185: uvm_test_top.env.scb [SCB_PASS] Match! Exp=1, Act=1
# # KERNEL: UVM_INFO /home/runner/monitor.sv(57) @ 1185: uvm_test_top.env.agent.mon [MON] rst=0 | load =0 | up_down=1 | count_in=14 | count=1 | max_tick=0 | min_tick=0
# # KERNEL: UVM_INFO /home/runner/driver.sv(51) @ 1185: uvm_test_top.env.agent.drv [DRV] rst=0,load=0 | up_down=0 | count_in=4
# # KERNEL: UVM_INFO /home/runner/scoreboard.sv(26) @ 1195: uvm_test_top.env.scb [counter_scoreboard] Scoreboard received item
# # KERNEL: UVM_INFO /home/runner/scoreboard.sv(31) @ 1195: uvm_test_top.env.scb [SCB_PASS] Match! Exp=2, Act=2
# # KERNEL: UVM_INFO /home/runner/monitor.sv(57) @ 1195: uvm_test_top.env.agent.mon [MON] rst=0 | load =0 | up_down=0 | count_in=4 | count=2 | max_tick=0 | min_tick=0
# # KERNEL: UVM_INFO /home/runner/scoreboard.sv(26) @ 1205: uvm_test_top.env.scb [counter_scoreboard] Scoreboard received item
# # KERNEL: UVM_INFO /home/runner/scoreboard.sv(31) @ 1205: uvm_test_top.env.scb [SCB_PASS] Match! Exp=1, Act=1
# # KERNEL: UVM_INFO /home/runner/monitor.sv(57) @ 1205: uvm_test_top.env.agent.mon [MON] rst=0 | load =0 | up_down=0 | count_in=4 | count=1 | max_tick=0 | min_tick=0
# # KERNEL: UVM_INFO /home/runner/driver.sv(51) @ 1205: uvm_test_top.env.agent.drv [DRV] rst=0,load=0 | up_down=1 | count_in=11
# # KERNEL: UVM_INFO /home/runner/scoreboard.sv(26) @ 1215: uvm_test_top.env.scb [counter_scoreboard] Scoreboard received item
# # KERNEL: UVM_INFO /home/runner/scoreboard.sv(31) @ 1215: uvm_test_top.env.scb [SCB_PASS] Match! Exp=0, Act=0
# # KERNEL: UVM_INFO /home/runner/monitor.sv(57) @ 1215: uvm_test_top.env.agent.mon [MON] rst=0 | load =0 | up_down=1 | count_in=11 | count=0 | max_tick=0 | min_tick=1
# # KERNEL: UVM_INFO /home/runner/scoreboard.sv(26) @ 1225: uvm_test_top.env.scb [counter_scoreboard] Scoreboard received item
# # KERNEL: UVM_INFO /home/runner/scoreboard.sv(31) @ 1225: uvm_test_top.env.scb [SCB_PASS] Match! Exp=1, Act=1
# # KERNEL: UVM_INFO /home/runner/monitor.sv(57) @ 1225: uvm_test_top.env.agent.mon [MON] rst=0 | load =0 | up_down=1 | count_in=11 | count=1 | max_tick=0 | min_tick=0
# # KERNEL: UVM_INFO /home/runner/driver.sv(51) @ 1225: uvm_test_top.env.agent.drv [DRV] rst=0,load=0 | up_down=1 | count_in=8
# # KERNEL: UVM_INFO /home/runner/scoreboard.sv(26) @ 1235: uvm_test_top.env.scb [counter_scoreboard] Scoreboard received item
# # KERNEL: UVM_INFO /home/runner/scoreboard.sv(31) @ 1235: uvm_test_top.env.scb [SCB_PASS] Match! Exp=2, Act=2
# # KERNEL: UVM_INFO /home/runner/monitor.sv(57) @ 1235: uvm_test_top.env.agent.mon [MON] rst=0 | load =0 | up_down=1 | count_in=8 | count=2 | max_tick=0 | min_tick=0
# # KERNEL: UVM_INFO /home/runner/scoreboard.sv(26) @ 1245: uvm_test_top.env.scb [counter_scoreboard] Scoreboard received item
# # KERNEL: UVM_INFO /home/runner/scoreboard.sv(31) @ 1245: uvm_test_top.env.scb [SCB_PASS] Match! Exp=3, Act=3
# # KERNEL: UVM_INFO /home/runner/monitor.sv(57) @ 1245: uvm_test_top.env.agent.mon [MON] rst=0 | load =0 | up_down=1 | count_in=8 | count=3 | max_tick=0 | min_tick=0
# # KERNEL: UVM_INFO /home/runner/driver.sv(51) @ 1245: uvm_test_top.env.agent.drv [DRV] rst=0,load=0 | up_down=1 | count_in=10
# # KERNEL: UVM_INFO /home/runner/scoreboard.sv(26) @ 1255: uvm_test_top.env.scb [counter_scoreboard] Scoreboard received item
# # KERNEL: UVM_INFO /home/runner/scoreboard.sv(31) @ 1255: uvm_test_top.env.scb [SCB_PASS] Match! Exp=4, Act=4
# # KERNEL: UVM_INFO /home/runner/monitor.sv(57) @ 1255: uvm_test_top.env.agent.mon [MON] rst=0 | load =0 | up_down=1 | count_in=10 | count=4 | max_tick=0 | min_tick=0
# # KERNEL: UVM_INFO /home/runner/scoreboard.sv(26) @ 1265: uvm_test_top.env.scb [counter_scoreboard] Scoreboard received item
# # KERNEL: UVM_INFO /home/runner/scoreboard.sv(31) @ 1265: uvm_test_top.env.scb [SCB_PASS] Match! Exp=5, Act=5
# # KERNEL: UVM_INFO /home/runner/monitor.sv(57) @ 1265: uvm_test_top.env.agent.mon [MON] rst=0 | load =0 | up_down=1 | count_in=10 | count=5 | max_tick=0 | min_tick=0
# # KERNEL: UVM_INFO /home/runner/driver.sv(51) @ 1265: uvm_test_top.env.agent.drv [DRV] rst=0,load=0 | up_down=0 | count_in=11
# # KERNEL: UVM_INFO /home/runner/scoreboard.sv(26) @ 1275: uvm_test_top.env.scb [counter_scoreboard] Scoreboard received item
# # KERNEL: UVM_INFO /home/runner/scoreboard.sv(31) @ 1275: uvm_test_top.env.scb [SCB_PASS] Match! Exp=6, Act=6
# # KERNEL: UVM_INFO /home/runner/monitor.sv(57) @ 1275: uvm_test_top.env.agent.mon [MON] rst=0 | load =0 | up_down=0 | count_in=11 | count=6 | max_tick=0 | min_tick=0
# # KERNEL: UVM_INFO /home/runner/scoreboard.sv(26) @ 1285: uvm_test_top.env.scb [counter_scoreboard] Scoreboard received item
# # KERNEL: UVM_INFO /home/runner/scoreboard.sv(31) @ 1285: uvm_test_top.env.scb [SCB_PASS] Match! Exp=5, Act=5
# # KERNEL: UVM_INFO /home/runner/monitor.sv(57) @ 1285: uvm_test_top.env.agent.mon [MON] rst=0 | load =0 | up_down=0 | count_in=11 | count=5 | max_tick=0 | min_tick=0
# # KERNEL: UVM_INFO /home/runner/driver.sv(51) @ 1285: uvm_test_top.env.agent.drv [DRV] rst=0,load=0 | up_down=1 | count_in=4
# # KERNEL: UVM_INFO /home/runner/scoreboard.sv(26) @ 1295: uvm_test_top.env.scb [counter_scoreboard] Scoreboard received item
# # KERNEL: UVM_INFO /home/runner/scoreboard.sv(31) @ 1295: uvm_test_top.env.scb [SCB_PASS] Match! Exp=4, Act=4
# # KERNEL: UVM_INFO /home/runner/monitor.sv(57) @ 1295: uvm_test_top.env.agent.mon [MON] rst=0 | load =0 | up_down=1 | count_in=4 | count=4 | max_tick=0 | min_tick=0
# # KERNEL: UVM_INFO /home/runner/scoreboard.sv(26) @ 1305: uvm_test_top.env.scb [counter_scoreboard] Scoreboard received item
# # KERNEL: UVM_INFO /home/runner/scoreboard.sv(31) @ 1305: uvm_test_top.env.scb [SCB_PASS] Match! Exp=5, Act=5
# # KERNEL: UVM_INFO /home/runner/monitor.sv(57) @ 1305: uvm_test_top.env.agent.mon [MON] rst=0 | load =0 | up_down=1 | count_in=4 | count=5 | max_tick=0 | min_tick=0
# # KERNEL: UVM_INFO /home/runner/driver.sv(51) @ 1305: uvm_test_top.env.agent.drv [DRV] rst=0,load=0 | up_down=0 | count_in=9
# # KERNEL: UVM_INFO /home/runner/scoreboard.sv(26) @ 1315: uvm_test_top.env.scb [counter_scoreboard] Scoreboard received item
# # KERNEL: UVM_INFO /home/runner/scoreboard.sv(31) @ 1315: uvm_test_top.env.scb [SCB_PASS] Match! Exp=6, Act=6
# # KERNEL: UVM_INFO /home/runner/monitor.sv(57) @ 1315: uvm_test_top.env.agent.mon [MON] rst=0 | load =0 | up_down=0 | count_in=9 | count=6 | max_tick=0 | min_tick=0
# # KERNEL: UVM_INFO /home/runner/scoreboard.sv(26) @ 1325: uvm_test_top.env.scb [counter_scoreboard] Scoreboard received item
# # KERNEL: UVM_INFO /home/runner/scoreboard.sv(31) @ 1325: uvm_test_top.env.scb [SCB_PASS] Match! Exp=5, Act=5
# # KERNEL: UVM_INFO /home/runner/monitor.sv(57) @ 1325: uvm_test_top.env.agent.mon [MON] rst=0 | load =0 | up_down=0 | count_in=9 | count=5 | max_tick=0 | min_tick=0
# # KERNEL: UVM_INFO /home/runner/driver.sv(51) @ 1325: uvm_test_top.env.agent.drv [DRV] rst=0,load=0 | up_down=1 | count_in=5
# # KERNEL: UVM_INFO /home/runner/scoreboard.sv(26) @ 1335: uvm_test_top.env.scb [counter_scoreboard] Scoreboard received item
# # KERNEL: UVM_INFO /home/runner/scoreboard.sv(31) @ 1335: uvm_test_top.env.scb [SCB_PASS] Match! Exp=4, Act=4
# # KERNEL: UVM_INFO /home/runner/monitor.sv(57) @ 1335: uvm_test_top.env.agent.mon [MON] rst=0 | load =0 | up_down=1 | count_in=5 | count=4 | max_tick=0 | min_tick=0
# # KERNEL: UVM_INFO /home/runner/scoreboard.sv(26) @ 1345: uvm_test_top.env.scb [counter_scoreboard] Scoreboard received item
# # KERNEL: UVM_INFO /home/runner/scoreboard.sv(31) @ 1345: uvm_test_top.env.scb [SCB_PASS] Match! Exp=5, Act=5
# # KERNEL: UVM_INFO /home/runner/monitor.sv(57) @ 1345: uvm_test_top.env.agent.mon [MON] rst=0 | load =0 | up_down=1 | count_in=5 | count=5 | max_tick=0 | min_tick=0
# # KERNEL: UVM_INFO /home/runner/driver.sv(51) @ 1345: uvm_test_top.env.agent.drv [DRV] rst=0,load=0 | up_down=1 | count_in=10
# # KERNEL: UVM_INFO /home/runner/scoreboard.sv(26) @ 1355: uvm_test_top.env.scb [counter_scoreboard] Scoreboard received item
# # KERNEL: UVM_INFO /home/runner/scoreboard.sv(31) @ 1355: uvm_test_top.env.scb [SCB_PASS] Match! Exp=6, Act=6
# # KERNEL: UVM_INFO /home/runner/monitor.sv(57) @ 1355: uvm_test_top.env.agent.mon [MON] rst=0 | load =0 | up_down=1 | count_in=10 | count=6 | max_tick=0 | min_tick=0
# # KERNEL: UVM_INFO /home/runner/scoreboard.sv(26) @ 1365: uvm_test_top.env.scb [counter_scoreboard] Scoreboard received item
# # KERNEL: UVM_INFO /home/runner/scoreboard.sv(31) @ 1365: uvm_test_top.env.scb [SCB_PASS] Match! Exp=7, Act=7
# # KERNEL: UVM_INFO /home/runner/monitor.sv(57) @ 1365: uvm_test_top.env.agent.mon [MON] rst=0 | load =0 | up_down=1 | count_in=10 | count=7 | max_tick=0 | min_tick=0
# # KERNEL: UVM_INFO /home/runner/driver.sv(51) @ 1365: uvm_test_top.env.agent.drv [DRV] rst=0,load=0 | up_down=1 | count_in=7
# # KERNEL: UVM_INFO /home/runner/scoreboard.sv(26) @ 1375: uvm_test_top.env.scb [counter_scoreboard] Scoreboard received item
# # KERNEL: UVM_INFO /home/runner/scoreboard.sv(31) @ 1375: uvm_test_top.env.scb [SCB_PASS] Match! Exp=8, Act=8
# # KERNEL: UVM_INFO /home/runner/monitor.sv(57) @ 1375: uvm_test_top.env.agent.mon [MON] rst=0 | load =0 | up_down=1 | count_in=7 | count=8 | max_tick=0 | min_tick=0
# # KERNEL: UVM_INFO /home/runner/scoreboard.sv(26) @ 1385: uvm_test_top.env.scb [counter_scoreboard] Scoreboard received item
# # KERNEL: UVM_INFO /home/runner/scoreboard.sv(31) @ 1385: uvm_test_top.env.scb [SCB_PASS] Match! Exp=9, Act=9
# # KERNEL: UVM_INFO /home/runner/monitor.sv(57) @ 1385: uvm_test_top.env.agent.mon [MON] rst=0 | load =0 | up_down=1 | count_in=7 | count=9 | max_tick=0 | min_tick=0
# # KERNEL: UVM_INFO /home/runner/driver.sv(51) @ 1385: uvm_test_top.env.agent.drv [DRV] rst=0,load=0 | up_down=0 | count_in=14
# # KERNEL: UVM_INFO /home/runner/scoreboard.sv(26) @ 1395: uvm_test_top.env.scb [counter_scoreboard] Scoreboard received item
# # KERNEL: UVM_INFO /home/runner/scoreboard.sv(31) @ 1395: uvm_test_top.env.scb [SCB_PASS] Match! Exp=10, Act=10
# # KERNEL: UVM_INFO /home/runner/monitor.sv(57) @ 1395: uvm_test_top.env.agent.mon [MON] rst=0 | load =0 | up_down=0 | count_in=14 | count=10 | max_tick=0 | min_tick=0
# # KERNEL: UVM_INFO /home/runner/scoreboard.sv(26) @ 1405: uvm_test_top.env.scb [counter_scoreboard] Scoreboard received item
# # KERNEL: UVM_INFO /home/runner/scoreboard.sv(31) @ 1405: uvm_test_top.env.scb [SCB_PASS] Match! Exp=9, Act=9
# # KERNEL: UVM_INFO /home/runner/monitor.sv(57) @ 1405: uvm_test_top.env.agent.mon [MON] rst=0 | load =0 | up_down=0 | count_in=14 | count=9 | max_tick=0 | min_tick=0
# # KERNEL: UVM_INFO /home/runner/driver.sv(51) @ 1405: uvm_test_top.env.agent.drv [DRV] rst=0,load=0 | up_down=1 | count_in=2
# # KERNEL: UVM_INFO /home/runner/scoreboard.sv(26) @ 1415: uvm_test_top.env.scb [counter_scoreboard] Scoreboard received item
# # KERNEL: UVM_INFO /home/runner/scoreboard.sv(31) @ 1415: uvm_test_top.env.scb [SCB_PASS] Match! Exp=8, Act=8
# # KERNEL: UVM_INFO /home/runner/monitor.sv(57) @ 1415: uvm_test_top.env.agent.mon [MON] rst=0 | load =0 | up_down=1 | count_in=2 | count=8 | max_tick=0 | min_tick=0
# # KERNEL: UVM_INFO /home/runner/scoreboard.sv(26) @ 1425: uvm_test_top.env.scb [counter_scoreboard] Scoreboard received item
# # KERNEL: UVM_INFO /home/runner/scoreboard.sv(31) @ 1425: uvm_test_top.env.scb [SCB_PASS] Match! Exp=9, Act=9
# # KERNEL: UVM_INFO /home/runner/monitor.sv(57) @ 1425: uvm_test_top.env.agent.mon [MON] rst=0 | load =0 | up_down=1 | count_in=2 | count=9 | max_tick=0 | min_tick=0
# # KERNEL: UVM_INFO /home/runner/driver.sv(51) @ 1425: uvm_test_top.env.agent.drv [DRV] rst=0,load=0 | up_down=1 | count_in=13
# # KERNEL: UVM_INFO /home/runner/scoreboard.sv(26) @ 1435: uvm_test_top.env.scb [counter_scoreboard] Scoreboard received item
# # KERNEL: UVM_INFO /home/runner/scoreboard.sv(31) @ 1435: uvm_test_top.env.scb [SCB_PASS] Match! Exp=10, Act=10
# # KERNEL: UVM_INFO /home/runner/monitor.sv(57) @ 1435: uvm_test_top.env.agent.mon [MON] rst=0 | load =0 | up_down=1 | count_in=13 | count=10 | max_tick=0 | min_tick=0
# # KERNEL: UVM_INFO /home/runner/scoreboard.sv(26) @ 1445: uvm_test_top.env.scb [counter_scoreboard] Scoreboard received item
# # KERNEL: UVM_INFO /home/runner/scoreboard.sv(31) @ 1445: uvm_test_top.env.scb [SCB_PASS] Match! Exp=11, Act=11
# # KERNEL: UVM_INFO /home/runner/monitor.sv(57) @ 1445: uvm_test_top.env.agent.mon [MON] rst=0 | load =0 | up_down=1 | count_in=13 | count=11 | max_tick=0 | min_tick=0
# # KERNEL: UVM_INFO /home/runner/driver.sv(51) @ 1445: uvm_test_top.env.agent.drv [DRV] rst=0,load=0 | up_down=0 | count_in=2
# # KERNEL: UVM_INFO /home/runner/scoreboard.sv(26) @ 1455: uvm_test_top.env.scb [counter_scoreboard] Scoreboard received item
# # KERNEL: UVM_INFO /home/runner/scoreboard.sv(31) @ 1455: uvm_test_top.env.scb [SCB_PASS] Match! Exp=12, Act=12
# # KERNEL: UVM_INFO /home/runner/monitor.sv(57) @ 1455: uvm_test_top.env.agent.mon [MON] rst=0 | load =0 | up_down=0 | count_in=2 | count=12 | max_tick=0 | min_tick=0
# # KERNEL: UVM_INFO /home/runner/scoreboard.sv(26) @ 1465: uvm_test_top.env.scb [counter_scoreboard] Scoreboard received item
# # KERNEL: UVM_INFO /home/runner/scoreboard.sv(31) @ 1465: uvm_test_top.env.scb [SCB_PASS] Match! Exp=11, Act=11
# # KERNEL: UVM_INFO /home/runner/monitor.sv(57) @ 1465: uvm_test_top.env.agent.mon [MON] rst=0 | load =0 | up_down=0 | count_in=2 | count=11 | max_tick=0 | min_tick=0
# # KERNEL: UVM_INFO /home/runner/driver.sv(51) @ 1465: uvm_test_top.env.agent.drv [DRV] rst=0,load=0 | up_down=0 | count_in=2
# # KERNEL: UVM_INFO /home/runner/scoreboard.sv(26) @ 1475: uvm_test_top.env.scb [counter_scoreboard] Scoreboard received item
# # KERNEL: UVM_INFO /home/runner/scoreboard.sv(31) @ 1475: uvm_test_top.env.scb [SCB_PASS] Match! Exp=10, Act=10
# # KERNEL: UVM_INFO /home/runner/monitor.sv(57) @ 1475: uvm_test_top.env.agent.mon [MON] rst=0 | load =0 | up_down=0 | count_in=2 | count=10 | max_tick=0 | min_tick=0
# # KERNEL: UVM_INFO /home/runner/scoreboard.sv(26) @ 1485: uvm_test_top.env.scb [counter_scoreboard] Scoreboard received item
# # KERNEL: UVM_INFO /home/runner/scoreboard.sv(31) @ 1485: uvm_test_top.env.scb [SCB_PASS] Match! Exp=9, Act=9
# # KERNEL: UVM_INFO /home/runner/monitor.sv(57) @ 1485: uvm_test_top.env.agent.mon [MON] rst=0 | load =0 | up_down=0 | count_in=2 | count=9 | max_tick=0 | min_tick=0
# # KERNEL: UVM_INFO /home/runner/driver.sv(51) @ 1485: uvm_test_top.env.agent.drv [DRV] rst=0,load=0 | up_down=1 | count_in=14
# # KERNEL: UVM_INFO /home/runner/scoreboard.sv(26) @ 1495: uvm_test_top.env.scb [counter_scoreboard] Scoreboard received item
# # KERNEL: UVM_INFO /home/runner/scoreboard.sv(31) @ 1495: uvm_test_top.env.scb [SCB_PASS] Match! Exp=8, Act=8
# # KERNEL: UVM_INFO /home/runner/monitor.sv(57) @ 1495: uvm_test_top.env.agent.mon [MON] rst=0 | load =0 | up_down=1 | count_in=14 | count=8 | max_tick=0 | min_tick=0
# # KERNEL: UVM_INFO /home/runner/scoreboard.sv(26) @ 1505: uvm_test_top.env.scb [counter_scoreboard] Scoreboard received item
# # KERNEL: UVM_INFO /home/runner/scoreboard.sv(31) @ 1505: uvm_test_top.env.scb [SCB_PASS] Match! Exp=9, Act=9
# # KERNEL: UVM_INFO /home/runner/monitor.sv(57) @ 1505: uvm_test_top.env.agent.mon [MON] rst=0 | load =0 | up_down=1 | count_in=14 | count=9 | max_tick=0 | min_tick=0
# # KERNEL: UVM_INFO /home/runner/driver.sv(51) @ 1505: uvm_test_top.env.agent.drv [DRV] rst=0,load=0 | up_down=1 | count_in=1
# # KERNEL: UVM_INFO /home/runner/scoreboard.sv(26) @ 1515: uvm_test_top.env.scb [counter_scoreboard] Scoreboard received item
# # KERNEL: UVM_INFO /home/runner/scoreboard.sv(31) @ 1515: uvm_test_top.env.scb [SCB_PASS] Match! Exp=10, Act=10
# # KERNEL: UVM_INFO /home/runner/monitor.sv(57) @ 1515: uvm_test_top.env.agent.mon [MON] rst=0 | load =0 | up_down=1 | count_in=1 | count=10 | max_tick=0 | min_tick=0
# # KERNEL: UVM_INFO /home/runner/scoreboard.sv(26) @ 1525: uvm_test_top.env.scb [counter_scoreboard] Scoreboard received item
# # KERNEL: UVM_INFO /home/runner/scoreboard.sv(31) @ 1525: uvm_test_top.env.scb [SCB_PASS] Match! Exp=11, Act=11
# # KERNEL: UVM_INFO /home/runner/monitor.sv(57) @ 1525: uvm_test_top.env.agent.mon [MON] rst=0 | load =0 | up_down=1 | count_in=1 | count=11 | max_tick=0 | min_tick=0
# # KERNEL: UVM_INFO /home/runner/driver.sv(51) @ 1525: uvm_test_top.env.agent.drv [DRV] rst=1,load=0 | up_down=0 | count_in=14
# # KERNEL: UVM_INFO /home/runner/monitor.sv(28) @ 1535: uvm_test_top.env.agent.mon [MON] Reset Active
# # KERNEL: UVM_INFO /home/runner/monitor.sv(40) @ 1535: uvm_test_top.env.agent.mon [MON] rst=1 | load =0 | up_down=0 | count_in=14 | count=0 | max_tick=0 | min_tick=1
# # KERNEL: UVM_INFO /home/runner/monitor.sv(28) @ 1545: uvm_test_top.env.agent.mon [MON] Reset Active
# # KERNEL: UVM_INFO /home/runner/monitor.sv(40) @ 1545: uvm_test_top.env.agent.mon [MON] rst=1 | load =0 | up_down=0 | count_in=14 | count=0 | max_tick=0 | min_tick=1
# # KERNEL: UVM_INFO /home/runner/driver.sv(51) @ 1545: uvm_test_top.env.agent.drv [DRV] rst=0,load=0 | up_down=1 | count_in=12
# # KERNEL: UVM_INFO /home/runner/scoreboard.sv(26) @ 1555: uvm_test_top.env.scb [counter_scoreboard] Scoreboard received item
# # KERNEL: UVM_INFO /home/runner/scoreboard.sv(31) @ 1555: uvm_test_top.env.scb [SCB_PASS] Match! Exp=0, Act=0
# # KERNEL: UVM_INFO /home/runner/monitor.sv(57) @ 1555: uvm_test_top.env.agent.mon [MON] rst=0 | load =0 | up_down=1 | count_in=12 | count=0 | max_tick=0 | min_tick=1
# # KERNEL: UVM_INFO /home/runner/scoreboard.sv(26) @ 1565: uvm_test_top.env.scb [counter_scoreboard] Scoreboard received item
# # KERNEL: UVM_INFO /home/runner/scoreboard.sv(31) @ 1565: uvm_test_top.env.scb [SCB_PASS] Match! Exp=1, Act=1
# # KERNEL: UVM_INFO /home/runner/monitor.sv(57) @ 1565: uvm_test_top.env.agent.mon [MON] rst=0 | load =0 | up_down=1 | count_in=12 | count=1 | max_tick=0 | min_tick=0
# # KERNEL: UVM_INFO /home/runner/driver.sv(51) @ 1565: uvm_test_top.env.agent.drv [DRV] rst=0,load=1 | up_down=1 | count_in=10
# # KERNEL: UVM_INFO /home/runner/scoreboard.sv(26) @ 1575: uvm_test_top.env.scb [counter_scoreboard] Scoreboard received item
# # KERNEL: UVM_INFO /home/runner/scoreboard.sv(31) @ 1575: uvm_test_top.env.scb [SCB_PASS] Match! Exp=2, Act=2
# # KERNEL: UVM_INFO /home/runner/monitor.sv(57) @ 1575: uvm_test_top.env.agent.mon [MON] rst=0 | load =1 | up_down=1 | count_in=10 | count=2 | max_tick=0 | min_tick=0
# # KERNEL: UVM_INFO /home/runner/scoreboard.sv(26) @ 1585: uvm_test_top.env.scb [counter_scoreboard] Scoreboard received item
# # KERNEL: UVM_INFO /home/runner/scoreboard.sv(31) @ 1585: uvm_test_top.env.scb [SCB_PASS] Match! Exp=10, Act=10
# # KERNEL: UVM_INFO /home/runner/monitor.sv(57) @ 1585: uvm_test_top.env.agent.mon [MON] rst=0 | load =1 | up_down=1 | count_in=10 | count=10 | max_tick=0 | min_tick=0
# # KERNEL: UVM_INFO /home/runner/driver.sv(51) @ 1585: uvm_test_top.env.agent.drv [DRV] rst=0,load=0 | up_down=0 | count_in=11
# # KERNEL: UVM_INFO /home/runner/scoreboard.sv(26) @ 1595: uvm_test_top.env.scb [counter_scoreboard] Scoreboard received item
# # KERNEL: UVM_INFO /home/runner/scoreboard.sv(31) @ 1595: uvm_test_top.env.scb [SCB_PASS] Match! Exp=10, Act=10
# # KERNEL: UVM_INFO /home/runner/monitor.sv(57) @ 1595: uvm_test_top.env.agent.mon [MON] rst=0 | load =0 | up_down=0 | count_in=11 | count=10 | max_tick=0 | min_tick=0
# # KERNEL: UVM_INFO /home/runner/scoreboard.sv(26) @ 1605: uvm_test_top.env.scb [counter_scoreboard] Scoreboard received item
# # KERNEL: UVM_INFO /home/runner/scoreboard.sv(31) @ 1605: uvm_test_top.env.scb [SCB_PASS] Match! Exp=9, Act=9
# # KERNEL: UVM_INFO /home/runner/monitor.sv(57) @ 1605: uvm_test_top.env.agent.mon [MON] rst=0 | load =0 | up_down=0 | count_in=11 | count=9 | max_tick=0 | min_tick=0
# # KERNEL: UVM_INFO /home/runner/driver.sv(51) @ 1605: uvm_test_top.env.agent.drv [DRV] rst=0,load=0 | up_down=1 | count_in=4
# # KERNEL: UVM_INFO /home/runner/scoreboard.sv(26) @ 1615: uvm_test_top.env.scb [counter_scoreboard] Scoreboard received item
# # KERNEL: UVM_INFO /home/runner/scoreboard.sv(31) @ 1615: uvm_test_top.env.scb [SCB_PASS] Match! Exp=8, Act=8
# # KERNEL: UVM_INFO /home/runner/monitor.sv(57) @ 1615: uvm_test_top.env.agent.mon [MON] rst=0 | load =0 | up_down=1 | count_in=4 | count=8 | max_tick=0 | min_tick=0
# # KERNEL: UVM_INFO /home/runner/scoreboard.sv(26) @ 1625: uvm_test_top.env.scb [counter_scoreboard] Scoreboard received item
# # KERNEL: UVM_INFO /home/runner/scoreboard.sv(31) @ 1625: uvm_test_top.env.scb [SCB_PASS] Match! Exp=9, Act=9
# # KERNEL: UVM_INFO /home/runner/monitor.sv(57) @ 1625: uvm_test_top.env.agent.mon [MON] rst=0 | load =0 | up_down=1 | count_in=4 | count=9 | max_tick=0 | min_tick=0
# # KERNEL: UVM_INFO /home/runner/driver.sv(51) @ 1625: uvm_test_top.env.agent.drv [DRV] rst=0,load=0 | up_down=0 | count_in=10
# # KERNEL: UVM_INFO /home/runner/scoreboard.sv(26) @ 1635: uvm_test_top.env.scb [counter_scoreboard] Scoreboard received item
# # KERNEL: UVM_INFO /home/runner/scoreboard.sv(31) @ 1635: uvm_test_top.env.scb [SCB_PASS] Match! Exp=10, Act=10
# # KERNEL: UVM_INFO /home/runner/monitor.sv(57) @ 1635: uvm_test_top.env.agent.mon [MON] rst=0 | load =0 | up_down=0 | count_in=10 | count=10 | max_tick=0 | min_tick=0
# # KERNEL: UVM_INFO /home/runner/scoreboard.sv(26) @ 1645: uvm_test_top.env.scb [counter_scoreboard] Scoreboard received item
# # KERNEL: UVM_INFO /home/runner/scoreboard.sv(31) @ 1645: uvm_test_top.env.scb [SCB_PASS] Match! Exp=9, Act=9
# # KERNEL: UVM_INFO /home/runner/monitor.sv(57) @ 1645: uvm_test_top.env.agent.mon [MON] rst=0 | load =0 | up_down=0 | count_in=10 | count=9 | max_tick=0 | min_tick=0
# # KERNEL: UVM_INFO /home/runner/driver.sv(51) @ 1645: uvm_test_top.env.agent.drv [DRV] rst=0,load=0 | up_down=1 | count_in=6
# # KERNEL: UVM_INFO /home/runner/scoreboard.sv(26) @ 1655: uvm_test_top.env.scb [counter_scoreboard] Scoreboard received item
# # KERNEL: UVM_INFO /home/runner/scoreboard.sv(31) @ 1655: uvm_test_top.env.scb [SCB_PASS] Match! Exp=8, Act=8
# # KERNEL: UVM_INFO /home/runner/monitor.sv(57) @ 1655: uvm_test_top.env.agent.mon [MON] rst=0 | load =0 | up_down=1 | count_in=6 | count=8 | max_tick=0 | min_tick=0
# # KERNEL: UVM_INFO /home/runner/scoreboard.sv(26) @ 1665: uvm_test_top.env.scb [counter_scoreboard] Scoreboard received item
# # KERNEL: UVM_INFO /home/runner/scoreboard.sv(31) @ 1665: uvm_test_top.env.scb [SCB_PASS] Match! Exp=9, Act=9
# # KERNEL: UVM_INFO /home/runner/monitor.sv(57) @ 1665: uvm_test_top.env.agent.mon [MON] rst=0 | load =0 | up_down=1 | count_in=6 | count=9 | max_tick=0 | min_tick=0
# # KERNEL: UVM_INFO /home/runner/driver.sv(51) @ 1665: uvm_test_top.env.agent.drv [DRV] rst=0,load=1 | up_down=1 | count_in=9
# # KERNEL: UVM_INFO /home/runner/scoreboard.sv(26) @ 1675: uvm_test_top.env.scb [counter_scoreboard] Scoreboard received item
# # KERNEL: UVM_INFO /home/runner/scoreboard.sv(31) @ 1675: uvm_test_top.env.scb [SCB_PASS] Match! Exp=10, Act=10
# # KERNEL: UVM_INFO /home/runner/monitor.sv(57) @ 1675: uvm_test_top.env.agent.mon [MON] rst=0 | load =1 | up_down=1 | count_in=9 | count=10 | max_tick=0 | min_tick=0
# # KERNEL: UVM_INFO /home/runner/scoreboard.sv(26) @ 1685: uvm_test_top.env.scb [counter_scoreboard] Scoreboard received item
# # KERNEL: UVM_INFO /home/runner/scoreboard.sv(31) @ 1685: uvm_test_top.env.scb [SCB_PASS] Match! Exp=9, Act=9
# # KERNEL: UVM_INFO /home/runner/monitor.sv(57) @ 1685: uvm_test_top.env.agent.mon [MON] rst=0 | load =1 | up_down=1 | count_in=9 | count=9 | max_tick=0 | min_tick=0
# # KERNEL: UVM_INFO /home/runner/driver.sv(51) @ 1685: uvm_test_top.env.agent.drv [DRV] rst=0,load=0 | up_down=1 | count_in=8
# # KERNEL: UVM_INFO /home/runner/scoreboard.sv(26) @ 1695: uvm_test_top.env.scb [counter_scoreboard] Scoreboard received item
# # KERNEL: UVM_INFO /home/runner/scoreboard.sv(31) @ 1695: uvm_test_top.env.scb [SCB_PASS] Match! Exp=9, Act=9
# # KERNEL: UVM_INFO /home/runner/monitor.sv(57) @ 1695: uvm_test_top.env.agent.mon [MON] rst=0 | load =0 | up_down=1 | count_in=8 | count=9 | max_tick=0 | min_tick=0
# # KERNEL: UVM_INFO /home/runner/scoreboard.sv(26) @ 1705: uvm_test_top.env.scb [counter_scoreboard] Scoreboard received item
# # KERNEL: UVM_INFO /home/runner/scoreboard.sv(31) @ 1705: uvm_test_top.env.scb [SCB_PASS] Match! Exp=10, Act=10
# # KERNEL: UVM_INFO /home/runner/monitor.sv(57) @ 1705: uvm_test_top.env.agent.mon [MON] rst=0 | load =0 | up_down=1 | count_in=8 | count=10 | max_tick=0 | min_tick=0
# # KERNEL: UVM_INFO /home/runner/driver.sv(51) @ 1705: uvm_test_top.env.agent.drv [DRV] rst=0,load=0 | up_down=1 | count_in=8
# # KERNEL: UVM_INFO /home/runner/scoreboard.sv(26) @ 1715: uvm_test_top.env.scb [counter_scoreboard] Scoreboard received item
# # KERNEL: UVM_INFO /home/runner/scoreboard.sv(31) @ 1715: uvm_test_top.env.scb [SCB_PASS] Match! Exp=11, Act=11
# # KERNEL: UVM_INFO /home/runner/monitor.sv(57) @ 1715: uvm_test_top.env.agent.mon [MON] rst=0 | load =0 | up_down=1 | count_in=8 | count=11 | max_tick=0 | min_tick=0
# # KERNEL: UVM_INFO /home/runner/scoreboard.sv(26) @ 1725: uvm_test_top.env.scb [counter_scoreboard] Scoreboard received item
# # KERNEL: UVM_INFO /home/runner/scoreboard.sv(31) @ 1725: uvm_test_top.env.scb [SCB_PASS] Match! Exp=12, Act=12
# # KERNEL: UVM_INFO /home/runner/monitor.sv(57) @ 1725: uvm_test_top.env.agent.mon [MON] rst=0 | load =0 | up_down=1 | count_in=8 | count=12 | max_tick=0 | min_tick=0
# # KERNEL: UVM_INFO /home/runner/driver.sv(51) @ 1725: uvm_test_top.env.agent.drv [DRV] rst=1,load=0 | up_down=0 | count_in=7
# # KERNEL: UVM_INFO /home/runner/monitor.sv(28) @ 1735: uvm_test_top.env.agent.mon [MON] Reset Active
# # KERNEL: UVM_INFO /home/runner/monitor.sv(40) @ 1735: uvm_test_top.env.agent.mon [MON] rst=1 | load =0 | up_down=0 | count_in=7 | count=0 | max_tick=0 | min_tick=1
# # KERNEL: UVM_INFO /home/runner/monitor.sv(28) @ 1745: uvm_test_top.env.agent.mon [MON] Reset Active
# # KERNEL: UVM_INFO /home/runner/monitor.sv(40) @ 1745: uvm_test_top.env.agent.mon [MON] rst=1 | load =0 | up_down=0 | count_in=7 | count=0 | max_tick=0 | min_tick=1
# # KERNEL: UVM_INFO /home/runner/driver.sv(51) @ 1745: uvm_test_top.env.agent.drv [DRV] rst=0,load=0 | up_down=1 | count_in=14
# # KERNEL: UVM_INFO /home/runner/scoreboard.sv(26) @ 1755: uvm_test_top.env.scb [counter_scoreboard] Scoreboard received item
# # KERNEL: UVM_INFO /home/runner/scoreboard.sv(31) @ 1755: uvm_test_top.env.scb [SCB_PASS] Match! Exp=0, Act=0
# # KERNEL: UVM_INFO /home/runner/monitor.sv(57) @ 1755: uvm_test_top.env.agent.mon [MON] rst=0 | load =0 | up_down=1 | count_in=14 | count=0 | max_tick=0 | min_tick=1
# # KERNEL: UVM_INFO /home/runner/scoreboard.sv(26) @ 1765: uvm_test_top.env.scb [counter_scoreboard] Scoreboard received item
# # KERNEL: UVM_INFO /home/runner/scoreboard.sv(31) @ 1765: uvm_test_top.env.scb [SCB_PASS] Match! Exp=1, Act=1
# # KERNEL: UVM_INFO /home/runner/monitor.sv(57) @ 1765: uvm_test_top.env.agent.mon [MON] rst=0 | load =0 | up_down=1 | count_in=14 | count=1 | max_tick=0 | min_tick=0
# # KERNEL: UVM_INFO /home/runner/driver.sv(51) @ 1765: uvm_test_top.env.agent.drv [DRV] rst=0,load=0 | up_down=0 | count_in=1
# # KERNEL: UVM_INFO /home/runner/scoreboard.sv(26) @ 1775: uvm_test_top.env.scb [counter_scoreboard] Scoreboard received item
# # KERNEL: UVM_INFO /home/runner/scoreboard.sv(31) @ 1775: uvm_test_top.env.scb [SCB_PASS] Match! Exp=2, Act=2
# # KERNEL: UVM_INFO /home/runner/monitor.sv(57) @ 1775: uvm_test_top.env.agent.mon [MON] rst=0 | load =0 | up_down=0 | count_in=1 | count=2 | max_tick=0 | min_tick=0
# # KERNEL: UVM_INFO /home/runner/scoreboard.sv(26) @ 1785: uvm_test_top.env.scb [counter_scoreboard] Scoreboard received item
# # KERNEL: UVM_INFO /home/runner/scoreboard.sv(31) @ 1785: uvm_test_top.env.scb [SCB_PASS] Match! Exp=1, Act=1
# # KERNEL: UVM_INFO /home/runner/monitor.sv(57) @ 1785: uvm_test_top.env.agent.mon [MON] rst=0 | load =0 | up_down=0 | count_in=1 | count=1 | max_tick=0 | min_tick=0
# # KERNEL: UVM_INFO /home/runner/driver.sv(51) @ 1785: uvm_test_top.env.agent.drv [DRV] rst=0,load=0 | up_down=1 | count_in=3
# # KERNEL: UVM_INFO /home/runner/scoreboard.sv(26) @ 1795: uvm_test_top.env.scb [counter_scoreboard] Scoreboard received item
# # KERNEL: UVM_INFO /home/runner/scoreboard.sv(31) @ 1795: uvm_test_top.env.scb [SCB_PASS] Match! Exp=0, Act=0
# # KERNEL: UVM_INFO /home/runner/monitor.sv(57) @ 1795: uvm_test_top.env.agent.mon [MON] rst=0 | load =0 | up_down=1 | count_in=3 | count=0 | max_tick=0 | min_tick=1
# # KERNEL: UVM_INFO /home/runner/scoreboard.sv(26) @ 1805: uvm_test_top.env.scb [counter_scoreboard] Scoreboard received item
# # KERNEL: UVM_INFO /home/runner/scoreboard.sv(31) @ 1805: uvm_test_top.env.scb [SCB_PASS] Match! Exp=1, Act=1
# # KERNEL: UVM_INFO /home/runner/monitor.sv(57) @ 1805: uvm_test_top.env.agent.mon [MON] rst=0 | load =0 | up_down=1 | count_in=3 | count=1 | max_tick=0 | min_tick=0
# # KERNEL: UVM_INFO /home/runner/driver.sv(51) @ 1805: uvm_test_top.env.agent.drv [DRV] rst=0,load=0 | up_down=1 | count_in=14
# # KERNEL: UVM_INFO /home/runner/scoreboard.sv(26) @ 1815: uvm_test_top.env.scb [counter_scoreboard] Scoreboard received item
# # KERNEL: UVM_INFO /home/runner/scoreboard.sv(31) @ 1815: uvm_test_top.env.scb [SCB_PASS] Match! Exp=2, Act=2
# # KERNEL: UVM_INFO /home/runner/monitor.sv(57) @ 1815: uvm_test_top.env.agent.mon [MON] rst=0 | load =0 | up_down=1 | count_in=14 | count=2 | max_tick=0 | min_tick=0
# # KERNEL: UVM_INFO /home/runner/scoreboard.sv(26) @ 1825: uvm_test_top.env.scb [counter_scoreboard] Scoreboard received item
# # KERNEL: UVM_INFO /home/runner/scoreboard.sv(31) @ 1825: uvm_test_top.env.scb [SCB_PASS] Match! Exp=3, Act=3
# # KERNEL: UVM_INFO /home/runner/monitor.sv(57) @ 1825: uvm_test_top.env.agent.mon [MON] rst=0 | load =0 | up_down=1 | count_in=14 | count=3 | max_tick=0 | min_tick=0
# # KERNEL: UVM_INFO /home/runner/driver.sv(51) @ 1825: uvm_test_top.env.agent.drv [DRV] rst=0,load=0 | up_down=1 | count_in=1
# # KERNEL: UVM_INFO /home/runner/scoreboard.sv(26) @ 1835: uvm_test_top.env.scb [counter_scoreboard] Scoreboard received item
# # KERNEL: UVM_INFO /home/runner/scoreboard.sv(31) @ 1835: uvm_test_top.env.scb [SCB_PASS] Match! Exp=4, Act=4
# # KERNEL: UVM_INFO /home/runner/monitor.sv(57) @ 1835: uvm_test_top.env.agent.mon [MON] rst=0 | load =0 | up_down=1 | count_in=1 | count=4 | max_tick=0 | min_tick=0
# # KERNEL: UVM_INFO /home/runner/scoreboard.sv(26) @ 1845: uvm_test_top.env.scb [counter_scoreboard] Scoreboard received item
# # KERNEL: UVM_INFO /home/runner/scoreboard.sv(31) @ 1845: uvm_test_top.env.scb [SCB_PASS] Match! Exp=5, Act=5
# # KERNEL: UVM_INFO /home/runner/monitor.sv(57) @ 1845: uvm_test_top.env.agent.mon [MON] rst=0 | load =0 | up_down=1 | count_in=1 | count=5 | max_tick=0 | min_tick=0
# # KERNEL: UVM_INFO /home/runner/driver.sv(51) @ 1845: uvm_test_top.env.agent.drv [DRV] rst=1,load=0 | up_down=0 | count_in=13
# # KERNEL: UVM_INFO /home/runner/monitor.sv(28) @ 1855: uvm_test_top.env.agent.mon [MON] Reset Active
# # KERNEL: UVM_INFO /home/runner/monitor.sv(40) @ 1855: uvm_test_top.env.agent.mon [MON] rst=1 | load =0 | up_down=0 | count_in=13 | count=0 | max_tick=0 | min_tick=1
# # KERNEL: UVM_INFO /home/runner/monitor.sv(28) @ 1865: uvm_test_top.env.agent.mon [MON] Reset Active
# # KERNEL: UVM_INFO /home/runner/monitor.sv(40) @ 1865: uvm_test_top.env.agent.mon [MON] rst=1 | load =0 | up_down=0 | count_in=13 | count=0 | max_tick=0 | min_tick=1
# # KERNEL: UVM_INFO /home/runner/driver.sv(51) @ 1865: uvm_test_top.env.agent.drv [DRV] rst=0,load=0 | up_down=0 | count_in=5
# # KERNEL: UVM_INFO /home/runner/scoreboard.sv(26) @ 1875: uvm_test_top.env.scb [counter_scoreboard] Scoreboard received item
# # KERNEL: UVM_INFO /home/runner/scoreboard.sv(31) @ 1875: uvm_test_top.env.scb [SCB_PASS] Match! Exp=0, Act=0
# # KERNEL: UVM_INFO /home/runner/monitor.sv(57) @ 1875: uvm_test_top.env.agent.mon [MON] rst=0 | load =0 | up_down=0 | count_in=5 | count=0 | max_tick=0 | min_tick=1
# # KERNEL: UVM_INFO /home/runner/scoreboard.sv(26) @ 1885: uvm_test_top.env.scb [counter_scoreboard] Scoreboard received item
# # KERNEL: UVM_INFO /home/runner/scoreboard.sv(31) @ 1885: uvm_test_top.env.scb [SCB_PASS] Match! Exp=15, Act=15
# # KERNEL: UVM_INFO /home/runner/monitor.sv(57) @ 1885: uvm_test_top.env.agent.mon [MON] rst=0 | load =0 | up_down=0 | count_in=5 | count=15 | max_tick=1 | min_tick=0
# # KERNEL: UVM_INFO /home/runner/driver.sv(51) @ 1885: uvm_test_top.env.agent.drv [DRV] rst=0,load=0 | up_down=0 | count_in=3
# # KERNEL: UVM_INFO /home/runner/scoreboard.sv(26) @ 1895: uvm_test_top.env.scb [counter_scoreboard] Scoreboard received item
# # KERNEL: UVM_INFO /home/runner/scoreboard.sv(31) @ 1895: uvm_test_top.env.scb [SCB_PASS] Match! Exp=14, Act=14
# # KERNEL: UVM_INFO /home/runner/monitor.sv(57) @ 1895: uvm_test_top.env.agent.mon [MON] rst=0 | load =0 | up_down=0 | count_in=3 | count=14 | max_tick=0 | min_tick=0
# # KERNEL: UVM_INFO /home/runner/scoreboard.sv(26) @ 1905: uvm_test_top.env.scb [counter_scoreboard] Scoreboard received item
# # KERNEL: UVM_INFO /home/runner/scoreboard.sv(31) @ 1905: uvm_test_top.env.scb [SCB_PASS] Match! Exp=13, Act=13
# # KERNEL: UVM_INFO /home/runner/monitor.sv(57) @ 1905: uvm_test_top.env.agent.mon [MON] rst=0 | load =0 | up_down=0 | count_in=3 | count=13 | max_tick=0 | min_tick=0
# # KERNEL: UVM_INFO /home/runner/driver.sv(51) @ 1905: uvm_test_top.env.agent.drv [DRV] rst=0,load=1 | up_down=0 | count_in=7
# # KERNEL: UVM_INFO /home/runner/scoreboard.sv(26) @ 1915: uvm_test_top.env.scb [counter_scoreboard] Scoreboard received item
# # KERNEL: UVM_INFO /home/runner/scoreboard.sv(31) @ 1915: uvm_test_top.env.scb [SCB_PASS] Match! Exp=12, Act=12
# # KERNEL: UVM_INFO /home/runner/monitor.sv(57) @ 1915: uvm_test_top.env.agent.mon [MON] rst=0 | load =1 | up_down=0 | count_in=7 | count=12 | max_tick=0 | min_tick=0
# # KERNEL: UVM_INFO /home/runner/scoreboard.sv(26) @ 1925: uvm_test_top.env.scb [counter_scoreboard] Scoreboard received item
# # KERNEL: UVM_INFO /home/runner/scoreboard.sv(31) @ 1925: uvm_test_top.env.scb [SCB_PASS] Match! Exp=7, Act=7
# # KERNEL: UVM_INFO /home/runner/monitor.sv(57) @ 1925: uvm_test_top.env.agent.mon [MON] rst=0 | load =1 | up_down=0 | count_in=7 | count=7 | max_tick=0 | min_tick=0
# # KERNEL: UVM_INFO /home/runner/driver.sv(51) @ 1925: uvm_test_top.env.agent.drv [DRV] rst=0,load=0 | up_down=1 | count_in=8
# # KERNEL: UVM_INFO /home/runner/scoreboard.sv(26) @ 1935: uvm_test_top.env.scb [counter_scoreboard] Scoreboard received item
# # KERNEL: UVM_INFO /home/runner/scoreboard.sv(31) @ 1935: uvm_test_top.env.scb [SCB_PASS] Match! Exp=7, Act=7
# # KERNEL: UVM_INFO /home/runner/monitor.sv(57) @ 1935: uvm_test_top.env.agent.mon [MON] rst=0 | load =0 | up_down=1 | count_in=8 | count=7 | max_tick=0 | min_tick=0
# # KERNEL: UVM_INFO /home/runner/scoreboard.sv(26) @ 1945: uvm_test_top.env.scb [counter_scoreboard] Scoreboard received item
# # KERNEL: UVM_INFO /home/runner/scoreboard.sv(31) @ 1945: uvm_test_top.env.scb [SCB_PASS] Match! Exp=8, Act=8
# # KERNEL: UVM_INFO /home/runner/monitor.sv(57) @ 1945: uvm_test_top.env.agent.mon [MON] rst=0 | load =0 | up_down=1 | count_in=8 | count=8 | max_tick=0 | min_tick=0
# # KERNEL: UVM_INFO /home/runner/driver.sv(51) @ 1945: uvm_test_top.env.agent.drv [DRV] rst=0,load=0 | up_down=1 | count_in=7
# # KERNEL: UVM_INFO /home/runner/scoreboard.sv(26) @ 1955: uvm_test_top.env.scb [counter_scoreboard] Scoreboard received item
# # KERNEL: UVM_INFO /home/runner/scoreboard.sv(31) @ 1955: uvm_test_top.env.scb [SCB_PASS] Match! Exp=9, Act=9
# # KERNEL: UVM_INFO /home/runner/monitor.sv(57) @ 1955: uvm_test_top.env.agent.mon [MON] rst=0 | load =0 | up_down=1 | count_in=7 | count=9 | max_tick=0 | min_tick=0
# # KERNEL: UVM_INFO /home/runner/scoreboard.sv(26) @ 1965: uvm_test_top.env.scb [counter_scoreboard] Scoreboard received item
# # KERNEL: UVM_INFO /home/runner/scoreboard.sv(31) @ 1965: uvm_test_top.env.scb [SCB_PASS] Match! Exp=10, Act=10
# # KERNEL: UVM_INFO /home/runner/monitor.sv(57) @ 1965: uvm_test_top.env.agent.mon [MON] rst=0 | load =0 | up_down=1 | count_in=7 | count=10 | max_tick=0 | min_tick=0
# # KERNEL: UVM_INFO /home/runner/driver.sv(51) @ 1965: uvm_test_top.env.agent.drv [DRV] rst=0,load=0 | up_down=0 | count_in=7
# # KERNEL: UVM_INFO /home/runner/scoreboard.sv(26) @ 1975: uvm_test_top.env.scb [counter_scoreboard] Scoreboard received item
# # KERNEL: UVM_INFO /home/runner/scoreboard.sv(31) @ 1975: uvm_test_top.env.scb [SCB_PASS] Match! Exp=11, Act=11
# # KERNEL: UVM_INFO /home/runner/monitor.sv(57) @ 1975: uvm_test_top.env.agent.mon [MON] rst=0 | load =0 | up_down=0 | count_in=7 | count=11 | max_tick=0 | min_tick=0
# # KERNEL: UVM_INFO /home/runner/scoreboard.sv(26) @ 1985: uvm_test_top.env.scb [counter_scoreboard] Scoreboard received item
# # KERNEL: UVM_INFO /home/runner/scoreboard.sv(31) @ 1985: uvm_test_top.env.scb [SCB_PASS] Match! Exp=10, Act=10
# # KERNEL: UVM_INFO /home/runner/monitor.sv(57) @ 1985: uvm_test_top.env.agent.mon [MON] rst=0 | load =0 | up_down=0 | count_in=7 | count=10 | max_tick=0 | min_tick=0
# # KERNEL: UVM_INFO /home/runner/driver.sv(51) @ 1985: uvm_test_top.env.agent.drv [DRV] rst=0,load=0 | up_down=1 | count_in=9
# # KERNEL: UVM_INFO /home/runner/scoreboard.sv(26) @ 1995: uvm_test_top.env.scb [counter_scoreboard] Scoreboard received item
# # KERNEL: UVM_INFO /home/runner/scoreboard.sv(31) @ 1995: uvm_test_top.env.scb [SCB_PASS] Match! Exp=9, Act=9
# # KERNEL: UVM_INFO /home/runner/monitor.sv(57) @ 1995: uvm_test_top.env.agent.mon [MON] rst=0 | load =0 | up_down=1 | count_in=9 | count=9 | max_tick=0 | min_tick=0
# # KERNEL: UVM_INFO /home/runner/scoreboard.sv(26) @ 2005: uvm_test_top.env.scb [counter_scoreboard] Scoreboard received item
# # KERNEL: UVM_INFO /home/runner/scoreboard.sv(31) @ 2005: uvm_test_top.env.scb [SCB_PASS] Match! Exp=10, Act=10
# # KERNEL: UVM_INFO /home/runner/monitor.sv(57) @ 2005: uvm_test_top.env.agent.mon [MON] rst=0 | load =0 | up_down=1 | count_in=9 | count=10 | max_tick=0 | min_tick=0
# # KERNEL: UVM_INFO /home/runner/driver.sv(51) @ 2005: uvm_test_top.env.agent.drv [DRV] rst=0,load=0 | up_down=0 | count_in=6
# # KERNEL: UVM_INFO /home/runner/scoreboard.sv(26) @ 2015: uvm_test_top.env.scb [counter_scoreboard] Scoreboard received item
# # KERNEL: UVM_INFO /home/runner/scoreboard.sv(31) @ 2015: uvm_test_top.env.scb [SCB_PASS] Match! Exp=11, Act=11
# # KERNEL: UVM_INFO /home/runner/monitor.sv(57) @ 2015: uvm_test_top.env.agent.mon [MON] rst=0 | load =0 | up_down=0 | count_in=6 | count=11 | max_tick=0 | min_tick=0
# # KERNEL: UVM_INFO /home/runner/sequence1.sv(26) @ 2015: uvm_test_top.env.agent.sqr@@s1 [counter_base_sequence] Sequence body finished
# # KERNEL: UVM_INFO /home/runner/scoreboard.sv(26) @ 2025: uvm_test_top.env.scb [counter_scoreboard] Scoreboard received item
# # KERNEL: UVM_INFO /home/runner/scoreboard.sv(31) @ 2025: uvm_test_top.env.scb [SCB_PASS] Match! Exp=10, Act=10
# # KERNEL: UVM_INFO /home/runner/monitor.sv(57) @ 2025: uvm_test_top.env.agent.mon [MON] rst=0 | load =0 | up_down=0 | count_in=6 | count=10 | max_tick=0 | min_tick=0
# # KERNEL: UVM_INFO /home/runner/scoreboard.sv(26) @ 2035: uvm_test_top.env.scb [counter_scoreboard] Scoreboard received item
# # KERNEL: UVM_INFO /home/runner/scoreboard.sv(31) @ 2035: uvm_test_top.env.scb [SCB_PASS] Match! Exp=9, Act=9
# # KERNEL: UVM_INFO /home/runner/monitor.sv(57) @ 2035: uvm_test_top.env.agent.mon [MON] rst=0 | load =0 | up_down=0 | count_in=6 | count=9 | max_tick=0 | min_tick=0
# # KERNEL: UVM_INFO /home/runner/scoreboard.sv(26) @ 2045: uvm_test_top.env.scb [counter_scoreboard] Scoreboard received item
# # KERNEL: UVM_INFO /home/runner/scoreboard.sv(31) @ 2045: uvm_test_top.env.scb [SCB_PASS] Match! Exp=8, Act=8
# # KERNEL: UVM_INFO /home/runner/monitor.sv(57) @ 2045: uvm_test_top.env.agent.mon [MON] rst=0 | load =0 | up_down=0 | count_in=6 | count=8 | max_tick=0 | min_tick=0
# # KERNEL: UVM_INFO /home/runner/scoreboard.sv(26) @ 2055: uvm_test_top.env.scb [counter_scoreboard] Scoreboard received item
# # KERNEL: UVM_INFO /home/runner/scoreboard.sv(31) @ 2055: uvm_test_top.env.scb [SCB_PASS] Match! Exp=7, Act=7
# # KERNEL: UVM_INFO /home/runner/monitor.sv(57) @ 2055: uvm_test_top.env.agent.mon [MON] rst=0 | load =0 | up_down=0 | count_in=6 | count=7 | max_tick=0 | min_tick=0
# # KERNEL: UVM_INFO /home/runner/master_seq.sv(23) @ 2065: uvm_test_top.env.agent.sqr@@seq [MASTER_SEQ] Starting Sequence 2...
# # KERNEL: UVM_INFO /home/runner/sequence2.sv(11) @ 2065: uvm_test_top.env.agent.sqr@@s2 [counter_directed_seq] Starting directed test Stimulus for all ports...
# # KERNEL: UVM_INFO /home/runner/scoreboard.sv(26) @ 2065: uvm_test_top.env.scb [counter_scoreboard] Scoreboard received item
# # KERNEL: UVM_INFO /home/runner/scoreboard.sv(31) @ 2065: uvm_test_top.env.scb [SCB_PASS] Match! Exp=6, Act=6
# # KERNEL: UVM_INFO /home/runner/monitor.sv(57) @ 2065: uvm_test_top.env.agent.mon [MON] rst=0 | load =0 | up_down=0 | count_in=6 | count=6 | max_tick=0 | min_tick=0
# # KERNEL: UVM_INFO /home/runner/driver.sv(51) @ 2065: uvm_test_top.env.agent.drv [DRV] rst=0,load=1 | up_down=1 | count_in=15
# # KERNEL: UVM_INFO /home/runner/scoreboard.sv(26) @ 2075: uvm_test_top.env.scb [counter_scoreboard] Scoreboard received item
# # KERNEL: UVM_INFO /home/runner/scoreboard.sv(31) @ 2075: uvm_test_top.env.scb [SCB_PASS] Match! Exp=5, Act=5
# # KERNEL: UVM_INFO /home/runner/monitor.sv(57) @ 2075: uvm_test_top.env.agent.mon [MON] rst=0 | load =1 | up_down=1 | count_in=15 | count=5 | max_tick=0 | min_tick=0
# # KERNEL: UVM_INFO /home/runner/scoreboard.sv(26) @ 2085: uvm_test_top.env.scb [counter_scoreboard] Scoreboard received item
# # KERNEL: UVM_INFO /home/runner/scoreboard.sv(31) @ 2085: uvm_test_top.env.scb [SCB_PASS] Match! Exp=15, Act=15
# # KERNEL: UVM_INFO /home/runner/monitor.sv(57) @ 2085: uvm_test_top.env.agent.mon [MON] rst=0 | load =1 | up_down=1 | count_in=15 | count=15 | max_tick=1 | min_tick=0
# # KERNEL: UVM_INFO /home/runner/driver.sv(51) @ 2085: uvm_test_top.env.agent.drv [DRV] rst=0,load=0 | up_down=1 | count_in=4
# # KERNEL: UVM_INFO /home/runner/scoreboard.sv(26) @ 2095: uvm_test_top.env.scb [counter_scoreboard] Scoreboard received item
# # KERNEL: UVM_INFO /home/runner/scoreboard.sv(31) @ 2095: uvm_test_top.env.scb [SCB_PASS] Match! Exp=15, Act=15
# # KERNEL: UVM_INFO /home/runner/monitor.sv(57) @ 2095: uvm_test_top.env.agent.mon [MON] rst=0 | load =0 | up_down=1 | count_in=4 | count=15 | max_tick=1 | min_tick=0
# # KERNEL: UVM_INFO /home/runner/scoreboard.sv(26) @ 2105: uvm_test_top.env.scb [counter_scoreboard] Scoreboard received item
# # KERNEL: UVM_INFO /home/runner/scoreboard.sv(31) @ 2105: uvm_test_top.env.scb [SCB_PASS] Match! Exp=0, Act=0
# # KERNEL: UVM_INFO /home/runner/monitor.sv(57) @ 2105: uvm_test_top.env.agent.mon [MON] rst=0 | load =0 | up_down=1 | count_in=4 | count=0 | max_tick=0 | min_tick=1
# # KERNEL: UVM_INFO /home/runner/driver.sv(51) @ 2105: uvm_test_top.env.agent.drv [DRV] rst=1,load=1 | up_down=0 | count_in=0
# # KERNEL: UVM_INFO /home/runner/monitor.sv(28) @ 2115: uvm_test_top.env.agent.mon [MON] Reset Active
# # KERNEL: UVM_INFO /home/runner/monitor.sv(40) @ 2115: uvm_test_top.env.agent.mon [MON] rst=1 | load =1 | up_down=0 | count_in=0 | count=0 | max_tick=0 | min_tick=1
# # KERNEL: UVM_INFO /home/runner/monitor.sv(28) @ 2125: uvm_test_top.env.agent.mon [MON] Reset Active
# # KERNEL: UVM_INFO /home/runner/monitor.sv(40) @ 2125: uvm_test_top.env.agent.mon [MON] rst=1 | load =1 | up_down=0 | count_in=0 | count=0 | max_tick=0 | min_tick=1
# # KERNEL: UVM_INFO /home/runner/driver.sv(51) @ 2125: uvm_test_top.env.agent.drv [DRV] rst=0,load=0 | up_down=0 | count_in=1
# # KERNEL: UVM_INFO /home/runner/scoreboard.sv(26) @ 2135: uvm_test_top.env.scb [counter_scoreboard] Scoreboard received item
# # KERNEL: UVM_INFO /home/runner/scoreboard.sv(31) @ 2135: uvm_test_top.env.scb [SCB_PASS] Match! Exp=0, Act=0
# # KERNEL: UVM_INFO /home/runner/monitor.sv(57) @ 2135: uvm_test_top.env.agent.mon [MON] rst=0 | load =0 | up_down=0 | count_in=1 | count=0 | max_tick=0 | min_tick=1
# # KERNEL: UVM_INFO /home/runner/scoreboard.sv(26) @ 2145: uvm_test_top.env.scb [counter_scoreboard] Scoreboard received item
# # KERNEL: UVM_INFO /home/runner/scoreboard.sv(31) @ 2145: uvm_test_top.env.scb [SCB_PASS] Match! Exp=15, Act=15
# # KERNEL: UVM_INFO /home/runner/monitor.sv(57) @ 2145: uvm_test_top.env.agent.mon [MON] rst=0 | load =0 | up_down=0 | count_in=1 | count=15 | max_tick=1 | min_tick=0
# # KERNEL: UVM_INFO /home/runner/driver.sv(51) @ 2145: uvm_test_top.env.agent.drv [DRV] rst=0,load=0 | up_down=1 | count_in=7
# # KERNEL: UVM_INFO /home/runner/scoreboard.sv(26) @ 2155: uvm_test_top.env.scb [counter_scoreboard] Scoreboard received item
# # KERNEL: UVM_INFO /home/runner/scoreboard.sv(31) @ 2155: uvm_test_top.env.scb [SCB_PASS] Match! Exp=14, Act=14
# # KERNEL: UVM_INFO /home/runner/monitor.sv(57) @ 2155: uvm_test_top.env.agent.mon [MON] rst=0 | load =0 | up_down=1 | count_in=7 | count=14 | max_tick=0 | min_tick=0
# # KERNEL: UVM_INFO /home/runner/scoreboard.sv(26) @ 2165: uvm_test_top.env.scb [counter_scoreboard] Scoreboard received item
# # KERNEL: UVM_INFO /home/runner/scoreboard.sv(31) @ 2165: uvm_test_top.env.scb [SCB_PASS] Match! Exp=15, Act=15
# # KERNEL: UVM_INFO /home/runner/monitor.sv(57) @ 2165: uvm_test_top.env.agent.mon [MON] rst=0 | load =0 | up_down=1 | count_in=7 | count=15 | max_tick=1 | min_tick=0
# # KERNEL: UVM_INFO /home/runner/driver.sv(51) @ 2165: uvm_test_top.env.agent.drv [DRV] rst=0,load=0 | up_down=1 | count_in=2
# # KERNEL: UVM_INFO /home/runner/scoreboard.sv(26) @ 2175: uvm_test_top.env.scb [counter_scoreboard] Scoreboard received item
# # KERNEL: UVM_INFO /home/runner/scoreboard.sv(31) @ 2175: uvm_test_top.env.scb [SCB_PASS] Match! Exp=0, Act=0
# # KERNEL: UVM_INFO /home/runner/monitor.sv(57) @ 2175: uvm_test_top.env.agent.mon [MON] rst=0 | load =0 | up_down=1 | count_in=2 | count=0 | max_tick=0 | min_tick=1
# # KERNEL: UVM_INFO /home/runner/scoreboard.sv(26) @ 2185: uvm_test_top.env.scb [counter_scoreboard] Scoreboard received item
# # KERNEL: UVM_INFO /home/runner/scoreboard.sv(31) @ 2185: uvm_test_top.env.scb [SCB_PASS] Match! Exp=1, Act=1
# # KERNEL: UVM_INFO /home/runner/monitor.sv(57) @ 2185: uvm_test_top.env.agent.mon [MON] rst=0 | load =0 | up_down=1 | count_in=2 | count=1 | max_tick=0 | min_tick=0
# # KERNEL: UVM_INFO /home/runner/driver.sv(51) @ 2185: uvm_test_top.env.agent.drv [DRV] rst=0,load=1 | up_down=0 | count_in=7
# # KERNEL: UVM_INFO /home/runner/scoreboard.sv(26) @ 2195: uvm_test_top.env.scb [counter_scoreboard] Scoreboard received item
# # KERNEL: UVM_INFO /home/runner/scoreboard.sv(31) @ 2195: uvm_test_top.env.scb [SCB_PASS] Match! Exp=2, Act=2
# # KERNEL: UVM_INFO /home/runner/monitor.sv(57) @ 2195: uvm_test_top.env.agent.mon [MON] rst=0 | load =1 | up_down=0 | count_in=7 | count=2 | max_tick=0 | min_tick=0
# # KERNEL: UVM_INFO /home/runner/scoreboard.sv(26) @ 2205: uvm_test_top.env.scb [counter_scoreboard] Scoreboard received item
# # KERNEL: UVM_INFO /home/runner/scoreboard.sv(31) @ 2205: uvm_test_top.env.scb [SCB_PASS] Match! Exp=7, Act=7
# # KERNEL: UVM_INFO /home/runner/monitor.sv(57) @ 2205: uvm_test_top.env.agent.mon [MON] rst=0 | load =1 | up_down=0 | count_in=7 | count=7 | max_tick=0 | min_tick=0
# # KERNEL: UVM_INFO /home/runner/driver.sv(51) @ 2205: uvm_test_top.env.agent.drv [DRV] rst=1,load=1 | up_down=1 | count_in=10
# # KERNEL: UVM_INFO /home/runner/monitor.sv(28) @ 2215: uvm_test_top.env.agent.mon [MON] Reset Active
# # KERNEL: UVM_INFO /home/runner/monitor.sv(40) @ 2215: uvm_test_top.env.agent.mon [MON] rst=1 | load =1 | up_down=1 | count_in=10 | count=0 | max_tick=0 | min_tick=1
# # KERNEL: UVM_INFO /home/runner/monitor.sv(28) @ 2225: uvm_test_top.env.agent.mon [MON] Reset Active
# # KERNEL: UVM_INFO /home/runner/monitor.sv(40) @ 2225: uvm_test_top.env.agent.mon [MON] rst=1 | load =1 | up_down=1 | count_in=10 | count=0 | max_tick=0 | min_tick=1
# # KERNEL: UVM_INFO /home/runner/driver.sv(51) @ 2225: uvm_test_top.env.agent.drv [DRV] rst=0,load=0 | up_down=1 | count_in=7
# # KERNEL: UVM_INFO /home/runner/scoreboard.sv(26) @ 2235: uvm_test_top.env.scb [counter_scoreboard] Scoreboard received item
# # KERNEL: UVM_INFO /home/runner/scoreboard.sv(31) @ 2235: uvm_test_top.env.scb [SCB_PASS] Match! Exp=0, Act=0
# # KERNEL: UVM_INFO /home/runner/monitor.sv(57) @ 2235: uvm_test_top.env.agent.mon [MON] rst=0 | load =0 | up_down=1 | count_in=7 | count=0 | max_tick=0 | min_tick=1
# # KERNEL: UVM_INFO /home/runner/scoreboard.sv(26) @ 2245: uvm_test_top.env.scb [counter_scoreboard] Scoreboard received item
# # KERNEL: UVM_INFO /home/runner/scoreboard.sv(31) @ 2245: uvm_test_top.env.scb [SCB_PASS] Match! Exp=1, Act=1
# # KERNEL: UVM_INFO /home/runner/monitor.sv(57) @ 2245: uvm_test_top.env.agent.mon [MON] rst=0 | load =0 | up_down=1 | count_in=7 | count=1 | max_tick=0 | min_tick=0
# # KERNEL: UVM_INFO /home/runner/driver.sv(51) @ 2245: uvm_test_top.env.agent.drv [DRV] rst=0,load=0 | up_down=1 | count_in=10
# # KERNEL: UVM_INFO /home/runner/scoreboard.sv(26) @ 2255: uvm_test_top.env.scb [counter_scoreboard] Scoreboard received item
# # KERNEL: UVM_INFO /home/runner/scoreboard.sv(31) @ 2255: uvm_test_top.env.scb [SCB_PASS] Match! Exp=2, Act=2
# # KERNEL: UVM_INFO /home/runner/monitor.sv(57) @ 2255: uvm_test_top.env.agent.mon [MON] rst=0 | load =0 | up_down=1 | count_in=10 | count=2 | max_tick=0 | min_tick=0
# # KERNEL: UVM_INFO /home/runner/scoreboard.sv(26) @ 2265: uvm_test_top.env.scb [counter_scoreboard] Scoreboard received item
# # KERNEL: UVM_INFO /home/runner/scoreboard.sv(31) @ 2265: uvm_test_top.env.scb [SCB_PASS] Match! Exp=3, Act=3
# # KERNEL: UVM_INFO /home/runner/monitor.sv(57) @ 2265: uvm_test_top.env.agent.mon [MON] rst=0 | load =0 | up_down=1 | count_in=10 | count=3 | max_tick=0 | min_tick=0
# # KERNEL: UVM_INFO /home/runner/driver.sv(51) @ 2265: uvm_test_top.env.agent.drv [DRV] rst=0,load=0 | up_down=0 | count_in=2
# # KERNEL: UVM_INFO /home/runner/scoreboard.sv(26) @ 2275: uvm_test_top.env.scb [counter_scoreboard] Scoreboard received item
# # KERNEL: UVM_INFO /home/runner/scoreboard.sv(31) @ 2275: uvm_test_top.env.scb [SCB_PASS] Match! Exp=4, Act=4
# # KERNEL: UVM_INFO /home/runner/monitor.sv(57) @ 2275: uvm_test_top.env.agent.mon [MON] rst=0 | load =0 | up_down=0 | count_in=2 | count=4 | max_tick=0 | min_tick=0
# # KERNEL: UVM_INFO /home/runner/scoreboard.sv(26) @ 2285: uvm_test_top.env.scb [counter_scoreboard] Scoreboard received item
# # KERNEL: UVM_INFO /home/runner/scoreboard.sv(31) @ 2285: uvm_test_top.env.scb [SCB_PASS] Match! Exp=3, Act=3
# # KERNEL: UVM_INFO /home/runner/monitor.sv(57) @ 2285: uvm_test_top.env.agent.mon [MON] rst=0 | load =0 | up_down=0 | count_in=2 | count=3 | max_tick=0 | min_tick=0
# # KERNEL: UVM_INFO /home/runner/driver.sv(51) @ 2285: uvm_test_top.env.agent.drv [DRV] rst=0,load=0 | up_down=1 | count_in=5
# # KERNEL: UVM_INFO /home/runner/scoreboard.sv(26) @ 2295: uvm_test_top.env.scb [counter_scoreboard] Scoreboard received item
# # KERNEL: UVM_INFO /home/runner/scoreboard.sv(31) @ 2295: uvm_test_top.env.scb [SCB_PASS] Match! Exp=2, Act=2
# # KERNEL: UVM_INFO /home/runner/monitor.sv(57) @ 2295: uvm_test_top.env.agent.mon [MON] rst=0 | load =0 | up_down=1 | count_in=5 | count=2 | max_tick=0 | min_tick=0
# # KERNEL: UVM_INFO /home/runner/scoreboard.sv(26) @ 2305: uvm_test_top.env.scb [counter_scoreboard] Scoreboard received item
# # KERNEL: UVM_INFO /home/runner/scoreboard.sv(31) @ 2305: uvm_test_top.env.scb [SCB_PASS] Match! Exp=3, Act=3
# # KERNEL: UVM_INFO /home/runner/monitor.sv(57) @ 2305: uvm_test_top.env.agent.mon [MON] rst=0 | load =0 | up_down=1 | count_in=5 | count=3 | max_tick=0 | min_tick=0
# # KERNEL: UVM_INFO /home/runner/driver.sv(51) @ 2305: uvm_test_top.env.agent.drv [DRV] rst=0,load=0 | up_down=0 | count_in=3
# # KERNEL: UVM_INFO /home/runner/scoreboard.sv(26) @ 2315: uvm_test_top.env.scb [counter_scoreboard] Scoreboard received item
# # KERNEL: UVM_INFO /home/runner/scoreboard.sv(31) @ 2315: uvm_test_top.env.scb [SCB_PASS] Match! Exp=4, Act=4
# # KERNEL: UVM_INFO /home/runner/monitor.sv(57) @ 2315: uvm_test_top.env.agent.mon [MON] rst=0 | load =0 | up_down=0 | count_in=3 | count=4 | max_tick=0 | min_tick=0
# # KERNEL: UVM_INFO /home/runner/scoreboard.sv(26) @ 2325: uvm_test_top.env.scb [counter_scoreboard] Scoreboard received item
# # KERNEL: UVM_INFO /home/runner/scoreboard.sv(31) @ 2325: uvm_test_top.env.scb [SCB_PASS] Match! Exp=3, Act=3
# # KERNEL: UVM_INFO /home/runner/monitor.sv(57) @ 2325: uvm_test_top.env.agent.mon [MON] rst=0 | load =0 | up_down=0 | count_in=3 | count=3 | max_tick=0 | min_tick=0
# # KERNEL: UVM_INFO /home/runner/driver.sv(51) @ 2325: uvm_test_top.env.agent.drv [DRV] rst=0,load=0 | up_down=1 | count_in=4
# # KERNEL: UVM_INFO /home/runner/scoreboard.sv(26) @ 2335: uvm_test_top.env.scb [counter_scoreboard] Scoreboard received item
# # KERNEL: UVM_INFO /home/runner/scoreboard.sv(31) @ 2335: uvm_test_top.env.scb [SCB_PASS] Match! Exp=2, Act=2
# # KERNEL: UVM_INFO /home/runner/monitor.sv(57) @ 2335: uvm_test_top.env.agent.mon [MON] rst=0 | load =0 | up_down=1 | count_in=4 | count=2 | max_tick=0 | min_tick=0
# # KERNEL: UVM_INFO /home/runner/scoreboard.sv(26) @ 2345: uvm_test_top.env.scb [counter_scoreboard] Scoreboard received item
# # KERNEL: UVM_INFO /home/runner/scoreboard.sv(31) @ 2345: uvm_test_top.env.scb [SCB_PASS] Match! Exp=3, Act=3
# # KERNEL: UVM_INFO /home/runner/monitor.sv(57) @ 2345: uvm_test_top.env.agent.mon [MON] rst=0 | load =0 | up_down=1 | count_in=4 | count=3 | max_tick=0 | min_tick=0
# # KERNEL: UVM_INFO /home/runner/driver.sv(51) @ 2345: uvm_test_top.env.agent.drv [DRV] rst=0,load=0 | up_down=0 | count_in=10
# # KERNEL: UVM_INFO /home/runner/scoreboard.sv(26) @ 2355: uvm_test_top.env.scb [counter_scoreboard] Scoreboard received item
# # KERNEL: UVM_INFO /home/runner/scoreboard.sv(31) @ 2355: uvm_test_top.env.scb [SCB_PASS] Match! Exp=4, Act=4
# # KERNEL: UVM_INFO /home/runner/monitor.sv(57) @ 2355: uvm_test_top.env.agent.mon [MON] rst=0 | load =0 | up_down=0 | count_in=10 | count=4 | max_tick=0 | min_tick=0
# # KERNEL: UVM_INFO /home/runner/scoreboard.sv(26) @ 2365: uvm_test_top.env.scb [counter_scoreboard] Scoreboard received item
# # KERNEL: UVM_INFO /home/runner/scoreboard.sv(31) @ 2365: uvm_test_top.env.scb [SCB_PASS] Match! Exp=3, Act=3
# # KERNEL: UVM_INFO /home/runner/monitor.sv(57) @ 2365: uvm_test_top.env.agent.mon [MON] rst=0 | load =0 | up_down=0 | count_in=10 | count=3 | max_tick=0 | min_tick=0
# # KERNEL: UVM_INFO /home/runner/driver.sv(51) @ 2365: uvm_test_top.env.agent.drv [DRV] rst=0,load=0 | up_down=1 | count_in=0
# # KERNEL: UVM_INFO /home/runner/scoreboard.sv(26) @ 2375: uvm_test_top.env.scb [counter_scoreboard] Scoreboard received item
# # KERNEL: UVM_INFO /home/runner/scoreboard.sv(31) @ 2375: uvm_test_top.env.scb [SCB_PASS] Match! Exp=2, Act=2
# # KERNEL: UVM_INFO /home/runner/monitor.sv(57) @ 2375: uvm_test_top.env.agent.mon [MON] rst=0 | load =0 | up_down=1 | count_in=0 | count=2 | max_tick=0 | min_tick=0
# # KERNEL: UVM_INFO /home/runner/scoreboard.sv(26) @ 2385: uvm_test_top.env.scb [counter_scoreboard] Scoreboard received item
# # KERNEL: UVM_INFO /home/runner/scoreboard.sv(31) @ 2385: uvm_test_top.env.scb [SCB_PASS] Match! Exp=3, Act=3
# # KERNEL: UVM_INFO /home/runner/monitor.sv(57) @ 2385: uvm_test_top.env.agent.mon [MON] rst=0 | load =0 | up_down=1 | count_in=0 | count=3 | max_tick=0 | min_tick=0
# # KERNEL: UVM_INFO /home/runner/driver.sv(51) @ 2385: uvm_test_top.env.agent.drv [DRV] rst=0,load=0 | up_down=0 | count_in=4
# # KERNEL: UVM_INFO /home/runner/scoreboard.sv(26) @ 2395: uvm_test_top.env.scb [counter_scoreboard] Scoreboard received item
# # KERNEL: UVM_INFO /home/runner/scoreboard.sv(31) @ 2395: uvm_test_top.env.scb [SCB_PASS] Match! Exp=4, Act=4
# # KERNEL: UVM_INFO /home/runner/monitor.sv(57) @ 2395: uvm_test_top.env.agent.mon [MON] rst=0 | load =0 | up_down=0 | count_in=4 | count=4 | max_tick=0 | min_tick=0
# # KERNEL: UVM_INFO /home/runner/scoreboard.sv(26) @ 2405: uvm_test_top.env.scb [counter_scoreboard] Scoreboard received item
# # KERNEL: UVM_INFO /home/runner/scoreboard.sv(31) @ 2405: uvm_test_top.env.scb [SCB_PASS] Match! Exp=3, Act=3
# # KERNEL: UVM_INFO /home/runner/monitor.sv(57) @ 2405: uvm_test_top.env.agent.mon [MON] rst=0 | load =0 | up_down=0 | count_in=4 | count=3 | max_tick=0 | min_tick=0
# # KERNEL: UVM_INFO /home/runner/driver.sv(51) @ 2405: uvm_test_top.env.agent.drv [DRV] rst=0,load=0 | up_down=1 | count_in=10
# # KERNEL: UVM_INFO /home/runner/scoreboard.sv(26) @ 2415: uvm_test_top.env.scb [counter_scoreboard] Scoreboard received item
# # KERNEL: UVM_INFO /home/runner/scoreboard.sv(31) @ 2415: uvm_test_top.env.scb [SCB_PASS] Match! Exp=2, Act=2
# # KERNEL: UVM_INFO /home/runner/monitor.sv(57) @ 2415: uvm_test_top.env.agent.mon [MON] rst=0 | load =0 | up_down=1 | count_in=10 | count=2 | max_tick=0 | min_tick=0
# # KERNEL: UVM_INFO /home/runner/scoreboard.sv(26) @ 2425: uvm_test_top.env.scb [counter_scoreboard] Scoreboard received item
# # KERNEL: UVM_INFO /home/runner/scoreboard.sv(31) @ 2425: uvm_test_top.env.scb [SCB_PASS] Match! Exp=3, Act=3
# # KERNEL: UVM_INFO /home/runner/monitor.sv(57) @ 2425: uvm_test_top.env.agent.mon [MON] rst=0 | load =0 | up_down=1 | count_in=10 | count=3 | max_tick=0 | min_tick=0
# # KERNEL: UVM_INFO /home/runner/driver.sv(51) @ 2425: uvm_test_top.env.agent.drv [DRV] rst=0,load=0 | up_down=0 | count_in=12
# # KERNEL: UVM_INFO /home/runner/scoreboard.sv(26) @ 2435: uvm_test_top.env.scb [counter_scoreboard] Scoreboard received item
# # KERNEL: UVM_INFO /home/runner/scoreboard.sv(31) @ 2435: uvm_test_top.env.scb [SCB_PASS] Match! Exp=4, Act=4
# # KERNEL: UVM_INFO /home/runner/monitor.sv(57) @ 2435: uvm_test_top.env.agent.mon [MON] rst=0 | load =0 | up_down=0 | count_in=12 | count=4 | max_tick=0 | min_tick=0
# # KERNEL: UVM_INFO /home/runner/scoreboard.sv(26) @ 2445: uvm_test_top.env.scb [counter_scoreboard] Scoreboard received item
# # KERNEL: UVM_INFO /home/runner/scoreboard.sv(31) @ 2445: uvm_test_top.env.scb [SCB_PASS] Match! Exp=3, Act=3
# # KERNEL: UVM_INFO /home/runner/monitor.sv(57) @ 2445: uvm_test_top.env.agent.mon [MON] rst=0 | load =0 | up_down=0 | count_in=12 | count=3 | max_tick=0 | min_tick=0
# # KERNEL: UVM_INFO /home/runner/driver.sv(51) @ 2445: uvm_test_top.env.agent.drv [DRV] rst=0,load=1 | up_down=0 | count_in=5
# # KERNEL: UVM_INFO /home/runner/scoreboard.sv(26) @ 2455: uvm_test_top.env.scb [counter_scoreboard] Scoreboard received item
# # KERNEL: UVM_INFO /home/runner/scoreboard.sv(31) @ 2455: uvm_test_top.env.scb [SCB_PASS] Match! Exp=2, Act=2
# # KERNEL: UVM_INFO /home/runner/monitor.sv(57) @ 2455: uvm_test_top.env.agent.mon [MON] rst=0 | load =1 | up_down=0 | count_in=5 | count=2 | max_tick=0 | min_tick=0
# # KERNEL: UVM_INFO /home/runner/scoreboard.sv(26) @ 2465: uvm_test_top.env.scb [counter_scoreboard] Scoreboard received item
# # KERNEL: UVM_INFO /home/runner/scoreboard.sv(31) @ 2465: uvm_test_top.env.scb [SCB_PASS] Match! Exp=5, Act=5
# # KERNEL: UVM_INFO /home/runner/monitor.sv(57) @ 2465: uvm_test_top.env.agent.mon [MON] rst=0 | load =1 | up_down=0 | count_in=5 | count=5 | max_tick=0 | min_tick=0
# # KERNEL: UVM_INFO /home/runner/driver.sv(51) @ 2465: uvm_test_top.env.agent.drv [DRV] rst=0,load=1 | up_down=1 | count_in=5
# # KERNEL: UVM_INFO /home/runner/scoreboard.sv(26) @ 2475: uvm_test_top.env.scb [counter_scoreboard] Scoreboard received item
# # KERNEL: UVM_INFO /home/runner/scoreboard.sv(31) @ 2475: uvm_test_top.env.scb [SCB_PASS] Match! Exp=5, Act=5
# # KERNEL: UVM_INFO /home/runner/monitor.sv(57) @ 2475: uvm_test_top.env.agent.mon [MON] rst=0 | load =1 | up_down=1 | count_in=5 | count=5 | max_tick=0 | min_tick=0
# # KERNEL: UVM_INFO /home/runner/scoreboard.sv(26) @ 2485: uvm_test_top.env.scb [counter_scoreboard] Scoreboard received item
# # KERNEL: UVM_INFO /home/runner/scoreboard.sv(31) @ 2485: uvm_test_top.env.scb [SCB_PASS] Match! Exp=5, Act=5
# # KERNEL: UVM_INFO /home/runner/monitor.sv(57) @ 2485: uvm_test_top.env.agent.mon [MON] rst=0 | load =1 | up_down=1 | count_in=5 | count=5 | max_tick=0 | min_tick=0
# # KERNEL: UVM_INFO /home/runner/driver.sv(51) @ 2485: uvm_test_top.env.agent.drv [DRV] rst=1,load=1 | up_down=0 | count_in=5
# # KERNEL: UVM_INFO /home/runner/monitor.sv(28) @ 2495: uvm_test_top.env.agent.mon [MON] Reset Active
# # KERNEL: UVM_INFO /home/runner/monitor.sv(40) @ 2495: uvm_test_top.env.agent.mon [MON] rst=1 | load =1 | up_down=0 | count_in=5 | count=0 | max_tick=0 | min_tick=1
# # KERNEL: UVM_INFO /home/runner/monitor.sv(28) @ 2505: uvm_test_top.env.agent.mon [MON] Reset Active
# # KERNEL: UVM_INFO /home/runner/monitor.sv(40) @ 2505: uvm_test_top.env.agent.mon [MON] rst=1 | load =1 | up_down=0 | count_in=5 | count=0 | max_tick=0 | min_tick=1
# # KERNEL: UVM_INFO /home/runner/monitor.sv(28) @ 2515: uvm_test_top.env.agent.mon [MON] Reset Active
# # KERNEL: UVM_INFO /home/runner/monitor.sv(40) @ 2515: uvm_test_top.env.agent.mon [MON] rst=1 | load =1 | up_down=0 | count_in=5 | count=0 | max_tick=0 | min_tick=1
# # KERNEL: UVM_INFO /home/runner/monitor.sv(28) @ 2525: uvm_test_top.env.agent.mon [MON] Reset Active
# # KERNEL: UVM_INFO /home/runner/monitor.sv(40) @ 2525: uvm_test_top.env.agent.mon [MON] rst=1 | load =1 | up_down=0 | count_in=5 | count=0 | max_tick=0 | min_tick=1
# # KERNEL: UVM_INFO /home/runner/monitor.sv(28) @ 2535: uvm_test_top.env.agent.mon [MON] Reset Active
# # KERNEL: UVM_INFO /home/runner/monitor.sv(40) @ 2535: uvm_test_top.env.agent.mon [MON] rst=1 | load =1 | up_down=0 | count_in=5 | count=0 | max_tick=0 | min_tick=1
# # KERNEL: UVM_INFO /home/runner/test.sv(26) @ 2545: uvm_test_top [counter_test] Test finished!
# # KERNEL: UVM_INFO ./uvm-1.2/src/base/uvm_objection.svh(1271) @ 2545: reporter [TEST_DONE] 'run' phase is ready to proceed to the 'extract' phase
# # KERNEL: UVM_INFO ./uvm-1.2/src/base/uvm_report_server.svh(869) @ 2545: reporter [UVM/REPORT/SERVER] 
# # KERNEL: --- UVM Report Summary ---
# # KERNEL: 
# # KERNEL: ** Report counts by severity
# # KERNEL: UVM_INFO :  866
# # KERNEL: UVM_WARNING :    0
# # KERNEL: UVM_ERROR :    0
# # KERNEL: UVM_FATAL :    0
# # KERNEL: ** Report counts by id
# # KERNEL: [DRV]   122
# # KERNEL: [MASTER_SEQ]     2
# # KERNEL: [MON]   280
# # KERNEL: [RNTST]     1
# # KERNEL: [SCB_PASS]   227
# # KERNEL: [TEST_DONE]     1
# # KERNEL: [UVM/RELNOTES]     1
# # KERNEL: [counter_base_sequence]     2
# # KERNEL: [counter_directed_seq]     1
# # KERNEL: [counter_scoreboard]   227
# # KERNEL: [counter_test]     2
# # KERNEL: 
# # RUNTIME: Info: RUNTIME_0068 uvm_root.svh (521): $finish called.
# # KERNEL: Time: 2545 ns,  Iteration: 57,  Instance: /tb_top,  Process: @INITIAL#37_1@.
# # KERNEL: stopped at time: 2545 ns
# # VSIM: Simulation has finished. There are no more test vectors to simulate.
