vsim +access+r;
# ELBREAD: Elaboration process.
# ELBREAD: Warning: ELBREAD_0049 The "uvm_pkg" design unit does not have a time unit/precision defined but other design units do.
# ELBREAD: Elaboration time 0.8 [s].
# KERNEL: Main thread initiated.
# KERNEL: Kernel process initialization phase.
# ELAB2: Elaboration final pass...
# KERNEL: PLI/VHPI kernel's engine initialization done.
# PLI: Loading library '/usr/share/Riviera-PRO/bin/libsystf.so'
# ELAB2: Create instances ...
# KERNEL: Info: Loading library:  /usr/share/Riviera-PRO/bin/uvm_1_2_dpi
# KERNEL: Time resolution set to 1ns.
# ELAB2: Create instances complete.
# SLP: Started
# SLP: Elaboration phase ...
# SLP: Elaboration phase ... done : 0.0 [s]
# SLP: Generation phase ...
# SLP: Generation phase ... done : 0.1 [s]
# SLP: Finished : 0.1 [s]
# SLP: 0 primitives and 4 (26.67%) other processes in SLP
# SLP: 24 (0.08%) signals in SLP and 31 (0.10%) interface signals
# ELAB2: Elaboration final pass complete - time: 2.5 [s].
# KERNEL: SLP loading done - time: 0.0 [s].
# KERNEL: Warning: You are using the Riviera-PRO EDU Edition. The performance of simulation is reduced.
# KERNEL: Warning: Contact Aldec for available upgrade options - sales@aldec.com.
# KERNEL: SLP simulation initialization done - time: 0.0 [s].
# KERNEL: Kernel process initialization done.
# Allocation: Simulator allocated 31137 kB (elbread=2151 elab2=24033 kernel=4953 sdf=0)
# KERNEL: UVM_INFO ./uvm-1.2/src/base/uvm_root.svh(392) @ 0: reporter [UVM/RELNOTES] 
# KERNEL: ----------------------------------------------------------------
# KERNEL: UVM-1.2
# KERNEL: (C) 2007-2014 Mentor Graphics Corporation
# KERNEL: (C) 2007-2014 Cadence Design Systems, Inc.
# KERNEL: (C) 2006-2014 Synopsys, Inc.
# KERNEL: (C) 2011-2013 Cypress Semiconductor Corp.
# KERNEL: (C) 2013-2014 NVIDIA Corporation
# KERNEL: ----------------------------------------------------------------
# KERNEL: 
# KERNEL:   ***********       IMPORTANT RELEASE NOTES         ************
# KERNEL: 
# KERNEL:   You are using a version of the UVM library that has been compiled
# KERNEL:   with `UVM_NO_DEPRECATED undefined.
# KERNEL:   See http://www.eda.org/svdb/view.php?id=3313 for more details.
# KERNEL: 
# KERNEL:   You are using a version of the UVM library that has been compiled
# KERNEL:   with `UVM_OBJECT_DO_NOT_NEED_CONSTRUCTOR undefined.
# KERNEL:   See http://www.eda.org/svdb/view.php?id=3770 for more details.
# KERNEL: 
# KERNEL:       (Specify +UVM_NO_RELNOTES to turn off this notice)
# KERNEL: 
# KERNEL: ASDB file was created in location /home/runner/dataset.asdb
run -all;
# KERNEL: UVM_INFO @ 0: reporter [RNTST] Running test demux_test...
# ACDB: Warning: ACDB_0022 demux_coverage.sv (11): An interval '[4:$]' is completely out of coverpoint 'cp_sel' range and will be ignored. HDL instance: "/\package mux_pkg\/demux_coverage". Covergroup type: "demux_cg", covergroup instance: "<UNNAMED1>", coverpoint: "cp_sel".
# ACDB: Warning: ACDB_0030 demux_coverage.sv (11): Bin(s) 'out_of_range' are empty and will be excluded from the coverage report. HDL instance: "/\package mux_pkg\/demux_coverage". Covergroup type: "demux_cg", covergroup instance: "<UNNAMED1>", coverpoint: "cp_sel".
# KERNEL: UVM_INFO /home/runner/master_seq.sv(24) @ 0: uvm_test_top.env.agent.sqr@@seq [MASTER_SEQ] Starting Sequence 1...
# KERNEL: Error: assertion.sv (24): SVAInput D contains X/Z!
# KERNEL: UVM_INFO /home/runner/monitor.sv(33) @ 15: uvm_test_top.env.agent.mon [MON] Sampled data from Interface
# KERNEL: UVM_INFO /home/runner/scoreboard.sv(28) @ 15: uvm_test_top.env.sb [SCB_PASS] sel=0, d=0, y=0
# KERNEL: UVM_INFO /home/runner/scoreboard.sv(28) @ 15: uvm_test_top.env.sb [SCB_PASS] sel=0, d=0, y=0
# KERNEL: UVM_INFO /home/runner/scoreboard.sv(28) @ 15: uvm_test_top.env.sb [SCB_PASS] sel=0, d=0, y=0
# KERNEL: UVM_INFO /home/runner/scoreboard.sv(28) @ 15: uvm_test_top.env.sb [SCB_PASS] sel=0, d=xxxxxxxx, y=xxxxxxxx
# KERNEL: UVM_INFO /home/runner/monitor.sv(33) @ 35: uvm_test_top.env.agent.mon [MON] Sampled data from Interface
# KERNEL: UVM_INFO /home/runner/scoreboard.sv(28) @ 35: uvm_test_top.env.sb [SCB_PASS] sel=2, d=0, y=0
# KERNEL: UVM_INFO /home/runner/scoreboard.sv(28) @ 35: uvm_test_top.env.sb [SCB_PASS] sel=2, d=d9c6b88a, y=d9c6b88a
# KERNEL: UVM_INFO /home/runner/scoreboard.sv(28) @ 35: uvm_test_top.env.sb [SCB_PASS] sel=2, d=0, y=0
# KERNEL: UVM_INFO /home/runner/scoreboard.sv(28) @ 35: uvm_test_top.env.sb [SCB_PASS] sel=2, d=0, y=0
# KERNEL: UVM_INFO /home/runner/monitor.sv(33) @ 55: uvm_test_top.env.agent.mon [MON] Sampled data from Interface
# KERNEL: UVM_INFO /home/runner/scoreboard.sv(28) @ 55: uvm_test_top.env.sb [SCB_PASS] sel=3, d=dcb6d290, y=dcb6d290
# KERNEL: UVM_INFO /home/runner/scoreboard.sv(28) @ 55: uvm_test_top.env.sb [SCB_PASS] sel=3, d=0, y=0
# KERNEL: UVM_INFO /home/runner/scoreboard.sv(28) @ 55: uvm_test_top.env.sb [SCB_PASS] sel=3, d=0, y=0
# KERNEL: UVM_INFO /home/runner/scoreboard.sv(28) @ 55: uvm_test_top.env.sb [SCB_PASS] sel=3, d=0, y=0
# KERNEL: UVM_INFO /home/runner/monitor.sv(33) @ 75: uvm_test_top.env.agent.mon [MON] Sampled data from Interface
# KERNEL: UVM_INFO /home/runner/scoreboard.sv(28) @ 75: uvm_test_top.env.sb [SCB_PASS] sel=1, d=0, y=0
# KERNEL: UVM_INFO /home/runner/scoreboard.sv(28) @ 75: uvm_test_top.env.sb [SCB_PASS] sel=1, d=0, y=0
# KERNEL: UVM_INFO /home/runner/scoreboard.sv(28) @ 75: uvm_test_top.env.sb [SCB_PASS] sel=1, d=c8670169, y=c8670169
# KERNEL: UVM_INFO /home/runner/scoreboard.sv(28) @ 75: uvm_test_top.env.sb [SCB_PASS] sel=1, d=0, y=0
# KERNEL: UVM_INFO /home/runner/monitor.sv(33) @ 95: uvm_test_top.env.agent.mon [MON] Sampled data from Interface
# KERNEL: UVM_INFO /home/runner/scoreboard.sv(28) @ 95: uvm_test_top.env.sb [SCB_PASS] sel=2, d=0, y=0
# KERNEL: UVM_INFO /home/runner/scoreboard.sv(28) @ 95: uvm_test_top.env.sb [SCB_PASS] sel=2, d=5cd74513, y=5cd74513
# KERNEL: UVM_INFO /home/runner/scoreboard.sv(28) @ 95: uvm_test_top.env.sb [SCB_PASS] sel=2, d=0, y=0
# KERNEL: UVM_INFO /home/runner/scoreboard.sv(28) @ 95: uvm_test_top.env.sb [SCB_PASS] sel=2, d=0, y=0
# KERNEL: UVM_INFO /home/runner/monitor.sv(33) @ 115: uvm_test_top.env.agent.mon [MON] Sampled data from Interface
# KERNEL: UVM_INFO /home/runner/scoreboard.sv(28) @ 115: uvm_test_top.env.sb [SCB_PASS] sel=0, d=0, y=0
# KERNEL: UVM_INFO /home/runner/scoreboard.sv(28) @ 115: uvm_test_top.env.sb [SCB_PASS] sel=0, d=0, y=0
# KERNEL: UVM_INFO /home/runner/scoreboard.sv(28) @ 115: uvm_test_top.env.sb [SCB_PASS] sel=0, d=0, y=0
# KERNEL: UVM_INFO /home/runner/scoreboard.sv(28) @ 115: uvm_test_top.env.sb [SCB_PASS] sel=0, d=da079d90, y=da079d90
# KERNEL: UVM_INFO /home/runner/monitor.sv(33) @ 135: uvm_test_top.env.agent.mon [MON] Sampled data from Interface
# KERNEL: UVM_INFO /home/runner/scoreboard.sv(28) @ 135: uvm_test_top.env.sb [SCB_PASS] sel=1, d=0, y=0
# KERNEL: UVM_INFO /home/runner/scoreboard.sv(28) @ 135: uvm_test_top.env.sb [SCB_PASS] sel=1, d=0, y=0
# KERNEL: UVM_INFO /home/runner/scoreboard.sv(28) @ 135: uvm_test_top.env.sb [SCB_PASS] sel=1, d=bff80ade, y=bff80ade
# KERNEL: UVM_INFO /home/runner/scoreboard.sv(28) @ 135: uvm_test_top.env.sb [SCB_PASS] sel=1, d=0, y=0
# KERNEL: UVM_INFO /home/runner/monitor.sv(33) @ 155: uvm_test_top.env.agent.mon [MON] Sampled data from Interface
# KERNEL: UVM_INFO /home/runner/scoreboard.sv(28) @ 155: uvm_test_top.env.sb [SCB_PASS] sel=3, d=7ea88cff, y=7ea88cff
# KERNEL: UVM_INFO /home/runner/scoreboard.sv(28) @ 155: uvm_test_top.env.sb [SCB_PASS] sel=3, d=0, y=0
# KERNEL: UVM_INFO /home/runner/scoreboard.sv(28) @ 155: uvm_test_top.env.sb [SCB_PASS] sel=3, d=0, y=0
# KERNEL: UVM_INFO /home/runner/scoreboard.sv(28) @ 155: uvm_test_top.env.sb [SCB_PASS] sel=3, d=0, y=0
# KERNEL: UVM_INFO /home/runner/monitor.sv(33) @ 175: uvm_test_top.env.agent.mon [MON] Sampled data from Interface
# KERNEL: UVM_INFO /home/runner/scoreboard.sv(28) @ 175: uvm_test_top.env.sb [SCB_PASS] sel=0, d=0, y=0
# KERNEL: UVM_INFO /home/runner/scoreboard.sv(28) @ 175: uvm_test_top.env.sb [SCB_PASS] sel=0, d=0, y=0
# KERNEL: UVM_INFO /home/runner/scoreboard.sv(28) @ 175: uvm_test_top.env.sb [SCB_PASS] sel=0, d=0, y=0
# KERNEL: UVM_INFO /home/runner/scoreboard.sv(28) @ 175: uvm_test_top.env.sb [SCB_PASS] sel=0, d=461923f1, y=461923f1
# KERNEL: UVM_INFO /home/runner/monitor.sv(33) @ 195: uvm_test_top.env.agent.mon [MON] Sampled data from Interface
# KERNEL: UVM_INFO /home/runner/scoreboard.sv(28) @ 195: uvm_test_top.env.sb [SCB_PASS] sel=2, d=0, y=0
# KERNEL: UVM_INFO /home/runner/scoreboard.sv(28) @ 195: uvm_test_top.env.sb [SCB_PASS] sel=2, d=e649cfb6, y=e649cfb6
# KERNEL: UVM_INFO /home/runner/scoreboard.sv(28) @ 195: uvm_test_top.env.sb [SCB_PASS] sel=2, d=0, y=0
# KERNEL: UVM_INFO /home/runner/scoreboard.sv(28) @ 195: uvm_test_top.env.sb [SCB_PASS] sel=2, d=0, y=0
# KERNEL: UVM_INFO /home/runner/monitor.sv(33) @ 215: uvm_test_top.env.agent.mon [MON] Sampled data from Interface
# KERNEL: UVM_INFO /home/runner/scoreboard.sv(28) @ 215: uvm_test_top.env.sb [SCB_PASS] sel=3, d=6f3a904c, y=6f3a904c
# KERNEL: UVM_INFO /home/runner/scoreboard.sv(28) @ 215: uvm_test_top.env.sb [SCB_PASS] sel=3, d=0, y=0
# KERNEL: UVM_INFO /home/runner/scoreboard.sv(28) @ 215: uvm_test_top.env.sb [SCB_PASS] sel=3, d=0, y=0
# KERNEL: UVM_INFO /home/runner/scoreboard.sv(28) @ 215: uvm_test_top.env.sb [SCB_PASS] sel=3, d=0, y=0
# KERNEL: UVM_INFO /home/runner/monitor.sv(33) @ 235: uvm_test_top.env.agent.mon [MON] Sampled data from Interface
# KERNEL: UVM_INFO /home/runner/scoreboard.sv(28) @ 235: uvm_test_top.env.sb [SCB_PASS] sel=1, d=0, y=0
# KERNEL: UVM_INFO /home/runner/scoreboard.sv(28) @ 235: uvm_test_top.env.sb [SCB_PASS] sel=1, d=0, y=0
# KERNEL: UVM_INFO /home/runner/scoreboard.sv(28) @ 235: uvm_test_top.env.sb [SCB_PASS] sel=1, d=e0eb65b5, y=e0eb65b5
# KERNEL: UVM_INFO /home/runner/scoreboard.sv(28) @ 235: uvm_test_top.env.sb [SCB_PASS] sel=1, d=0, y=0
# KERNEL: UVM_INFO /home/runner/monitor.sv(33) @ 255: uvm_test_top.env.agent.mon [MON] Sampled data from Interface
# KERNEL: UVM_INFO /home/runner/scoreboard.sv(28) @ 255: uvm_test_top.env.sb [SCB_PASS] sel=2, d=0, y=0
# KERNEL: UVM_INFO /home/runner/scoreboard.sv(28) @ 255: uvm_test_top.env.sb [SCB_PASS] sel=2, d=3b5c4fef, y=3b5c4fef
# KERNEL: UVM_INFO /home/runner/scoreboard.sv(28) @ 255: uvm_test_top.env.sb [SCB_PASS] sel=2, d=0, y=0
# KERNEL: UVM_INFO /home/runner/scoreboard.sv(28) @ 255: uvm_test_top.env.sb [SCB_PASS] sel=2, d=0, y=0
# KERNEL: UVM_INFO /home/runner/monitor.sv(33) @ 275: uvm_test_top.env.agent.mon [MON] Sampled data from Interface
# KERNEL: UVM_INFO /home/runner/scoreboard.sv(28) @ 275: uvm_test_top.env.sb [SCB_PASS] sel=0, d=0, y=0
# KERNEL: UVM_INFO /home/runner/scoreboard.sv(28) @ 275: uvm_test_top.env.sb [SCB_PASS] sel=0, d=0, y=0
# KERNEL: UVM_INFO /home/runner/scoreboard.sv(28) @ 275: uvm_test_top.env.sb [SCB_PASS] sel=0, d=0, y=0
# KERNEL: UVM_INFO /home/runner/scoreboard.sv(28) @ 275: uvm_test_top.env.sb [SCB_PASS] sel=0, d=fe8d4efc, y=fe8d4efc
# KERNEL: UVM_INFO /home/runner/monitor.sv(33) @ 295: uvm_test_top.env.agent.mon [MON] Sampled data from Interface
# KERNEL: UVM_INFO /home/runner/scoreboard.sv(28) @ 295: uvm_test_top.env.sb [SCB_PASS] sel=1, d=0, y=0
# KERNEL: UVM_INFO /home/runner/scoreboard.sv(28) @ 295: uvm_test_top.env.sb [SCB_PASS] sel=1, d=0, y=0
# KERNEL: UVM_INFO /home/runner/scoreboard.sv(28) @ 295: uvm_test_top.env.sb [SCB_PASS] sel=1, d=aa7e62da, y=aa7e62da
# KERNEL: UVM_INFO /home/runner/scoreboard.sv(28) @ 295: uvm_test_top.env.sb [SCB_PASS] sel=1, d=0, y=0
# KERNEL: UVM_INFO /home/runner/monitor.sv(33) @ 315: uvm_test_top.env.agent.mon [MON] Sampled data from Interface
# KERNEL: UVM_INFO /home/runner/scoreboard.sv(28) @ 315: uvm_test_top.env.sb [SCB_PASS] sel=3, d=ff2f8b8b, y=ff2f8b8b
# KERNEL: UVM_INFO /home/runner/scoreboard.sv(28) @ 315: uvm_test_top.env.sb [SCB_PASS] sel=3, d=0, y=0
# KERNEL: UVM_INFO /home/runner/scoreboard.sv(28) @ 315: uvm_test_top.env.sb [SCB_PASS] sel=3, d=0, y=0
# KERNEL: UVM_INFO /home/runner/scoreboard.sv(28) @ 315: uvm_test_top.env.sb [SCB_PASS] sel=3, d=0, y=0
# KERNEL: UVM_INFO /home/runner/monitor.sv(33) @ 335: uvm_test_top.env.agent.mon [MON] Sampled data from Interface
# KERNEL: UVM_INFO /home/runner/scoreboard.sv(28) @ 335: uvm_test_top.env.sb [SCB_PASS] sel=0, d=0, y=0
# KERNEL: UVM_INFO /home/runner/scoreboard.sv(28) @ 335: uvm_test_top.env.sb [SCB_PASS] sel=0, d=0, y=0
# KERNEL: UVM_INFO /home/runner/scoreboard.sv(28) @ 335: uvm_test_top.env.sb [SCB_PASS] sel=0, d=0, y=0
# KERNEL: UVM_INFO /home/runner/scoreboard.sv(28) @ 335: uvm_test_top.env.sb [SCB_PASS] sel=0, d=3ca0c90d, y=3ca0c90d
# KERNEL: UVM_INFO /home/runner/monitor.sv(33) @ 355: uvm_test_top.env.agent.mon [MON] Sampled data from Interface
# KERNEL: UVM_INFO /home/runner/scoreboard.sv(28) @ 355: uvm_test_top.env.sb [SCB_PASS] sel=2, d=0, y=0
# KERNEL: UVM_INFO /home/runner/scoreboard.sv(28) @ 355: uvm_test_top.env.sb [SCB_PASS] sel=2, d=62d21b62, y=62d21b62
# KERNEL: UVM_INFO /home/runner/scoreboard.sv(28) @ 355: uvm_test_top.env.sb [SCB_PASS] sel=2, d=0, y=0
# KERNEL: UVM_INFO /home/runner/scoreboard.sv(28) @ 355: uvm_test_top.env.sb [SCB_PASS] sel=2, d=0, y=0
# KERNEL: UVM_INFO /home/runner/monitor.sv(33) @ 375: uvm_test_top.env.agent.mon [MON] Sampled data from Interface
# KERNEL: UVM_INFO /home/runner/scoreboard.sv(28) @ 375: uvm_test_top.env.sb [SCB_PASS] sel=3, d=71c38288, y=71c38288
# KERNEL: UVM_INFO /home/runner/scoreboard.sv(28) @ 375: uvm_test_top.env.sb [SCB_PASS] sel=3, d=0, y=0
# KERNEL: UVM_INFO /home/runner/scoreboard.sv(28) @ 375: uvm_test_top.env.sb [SCB_PASS] sel=3, d=0, y=0
# KERNEL: UVM_INFO /home/runner/scoreboard.sv(28) @ 375: uvm_test_top.env.sb [SCB_PASS] sel=3, d=0, y=0
# KERNEL: UVM_INFO /home/runner/monitor.sv(33) @ 395: uvm_test_top.env.agent.mon [MON] Sampled data from Interface
# KERNEL: UVM_INFO /home/runner/scoreboard.sv(28) @ 395: uvm_test_top.env.sb [SCB_PASS] sel=1, d=0, y=0
# KERNEL: UVM_INFO /home/runner/scoreboard.sv(28) @ 395: uvm_test_top.env.sb [SCB_PASS] sel=1, d=0, y=0
# KERNEL: UVM_INFO /home/runner/scoreboard.sv(28) @ 395: uvm_test_top.env.sb [SCB_PASS] sel=1, d=e974fe81, y=e974fe81
# KERNEL: UVM_INFO /home/runner/scoreboard.sv(28) @ 395: uvm_test_top.env.sb [SCB_PASS] sel=1, d=0, y=0
# KERNEL: UVM_INFO /home/runner/monitor.sv(33) @ 415: uvm_test_top.env.agent.mon [MON] Sampled data from Interface
# KERNEL: UVM_INFO /home/runner/scoreboard.sv(28) @ 415: uvm_test_top.env.sb [SCB_PASS] sel=2, d=0, y=0
# KERNEL: UVM_INFO /home/runner/scoreboard.sv(28) @ 415: uvm_test_top.env.sb [SCB_PASS] sel=2, d=49e68f4b, y=49e68f4b
# KERNEL: UVM_INFO /home/runner/scoreboard.sv(28) @ 415: uvm_test_top.env.sb [SCB_PASS] sel=2, d=0, y=0
# KERNEL: UVM_INFO /home/runner/scoreboard.sv(28) @ 415: uvm_test_top.env.sb [SCB_PASS] sel=2, d=0, y=0
# KERNEL: UVM_INFO /home/runner/monitor.sv(33) @ 435: uvm_test_top.env.agent.mon [MON] Sampled data from Interface
# KERNEL: UVM_INFO /home/runner/scoreboard.sv(28) @ 435: uvm_test_top.env.sb [SCB_PASS] sel=0, d=0, y=0
# KERNEL: UVM_INFO /home/runner/scoreboard.sv(28) @ 435: uvm_test_top.env.sb [SCB_PASS] sel=0, d=0, y=0
# KERNEL: UVM_INFO /home/runner/scoreboard.sv(28) @ 435: uvm_test_top.env.sb [SCB_PASS] sel=0, d=0, y=0
# KERNEL: UVM_INFO /home/runner/scoreboard.sv(28) @ 435: uvm_test_top.env.sb [SCB_PASS] sel=0, d=d31834e8, y=d31834e8
# KERNEL: UVM_INFO /home/runner/monitor.sv(33) @ 455: uvm_test_top.env.agent.mon [MON] Sampled data from Interface
# KERNEL: UVM_INFO /home/runner/scoreboard.sv(28) @ 455: uvm_test_top.env.sb [SCB_PASS] sel=1, d=0, y=0
# KERNEL: UVM_INFO /home/runner/scoreboard.sv(28) @ 455: uvm_test_top.env.sb [SCB_PASS] sel=1, d=0, y=0
# KERNEL: UVM_INFO /home/runner/scoreboard.sv(28) @ 455: uvm_test_top.env.sb [SCB_PASS] sel=1, d=4509ef56, y=4509ef56
# KERNEL: UVM_INFO /home/runner/scoreboard.sv(28) @ 455: uvm_test_top.env.sb [SCB_PASS] sel=1, d=0, y=0
# KERNEL: UVM_INFO /home/runner/monitor.sv(33) @ 475: uvm_test_top.env.agent.mon [MON] Sampled data from Interface
# KERNEL: UVM_INFO /home/runner/scoreboard.sv(28) @ 475: uvm_test_top.env.sb [SCB_PASS] sel=3, d=ffbbbe97, y=ffbbbe97
# KERNEL: UVM_INFO /home/runner/scoreboard.sv(28) @ 475: uvm_test_top.env.sb [SCB_PASS] sel=3, d=0, y=0
# KERNEL: UVM_INFO /home/runner/scoreboard.sv(28) @ 475: uvm_test_top.env.sb [SCB_PASS] sel=3, d=0, y=0
# KERNEL: UVM_INFO /home/runner/scoreboard.sv(28) @ 475: uvm_test_top.env.sb [SCB_PASS] sel=3, d=0, y=0
# KERNEL: UVM_INFO /home/runner/monitor.sv(33) @ 495: uvm_test_top.env.agent.mon [MON] Sampled data from Interface
# KERNEL: UVM_INFO /home/runner/scoreboard.sv(28) @ 495: uvm_test_top.env.sb [SCB_PASS] sel=0, d=0, y=0
# KERNEL: UVM_INFO /home/runner/scoreboard.sv(28) @ 495: uvm_test_top.env.sb [SCB_PASS] sel=0, d=0, y=0
# KERNEL: UVM_INFO /home/runner/scoreboard.sv(28) @ 495: uvm_test_top.env.sb [SCB_PASS] sel=0, d=0, y=0
# KERNEL: UVM_INFO /home/runner/scoreboard.sv(28) @ 495: uvm_test_top.env.sb [SCB_PASS] sel=0, d=632da2a9, y=632da2a9
# KERNEL: UVM_INFO /home/runner/master_seq.sv(28) @ 495: uvm_test_top.env.agent.sqr@@seq [MASTER_SEQ] Starting Sequence 2...
# KERNEL: UVM_INFO /home/runner/sequence2.sv(11) @ 495: uvm_test_top.env.agent.sqr@@s2 [SEQ] Starting All-Ones Stimulus for all ports...
# KERNEL: UVM_INFO /home/runner/monitor.sv(33) @ 515: uvm_test_top.env.agent.mon [MON] Sampled data from Interface
# KERNEL: UVM_INFO /home/runner/scoreboard.sv(28) @ 515: uvm_test_top.env.sb [SCB_PASS] sel=2, d=0, y=0
# KERNEL: UVM_INFO /home/runner/scoreboard.sv(28) @ 515: uvm_test_top.env.sb [SCB_PASS] sel=2, d=df5f9b8e, y=df5f9b8e
# KERNEL: UVM_INFO /home/runner/scoreboard.sv(28) @ 515: uvm_test_top.env.sb [SCB_PASS] sel=2, d=0, y=0
# KERNEL: UVM_INFO /home/runner/scoreboard.sv(28) @ 515: uvm_test_top.env.sb [SCB_PASS] sel=2, d=0, y=0
# KERNEL: UVM_INFO /home/runner/monitor.sv(33) @ 535: uvm_test_top.env.agent.mon [MON] Sampled data from Interface
# KERNEL: UVM_INFO /home/runner/scoreboard.sv(28) @ 535: uvm_test_top.env.sb [SCB_PASS] sel=1, d=0, y=0
# KERNEL: UVM_INFO /home/runner/scoreboard.sv(28) @ 535: uvm_test_top.env.sb [SCB_PASS] sel=1, d=0, y=0
# KERNEL: UVM_INFO /home/runner/scoreboard.sv(28) @ 535: uvm_test_top.env.sb [SCB_PASS] sel=1, d=ffffffff, y=ffffffff
# KERNEL: UVM_INFO /home/runner/scoreboard.sv(28) @ 535: uvm_test_top.env.sb [SCB_PASS] sel=1, d=0, y=0
# KERNEL: UVM_INFO /home/runner/monitor.sv(33) @ 555: uvm_test_top.env.agent.mon [MON] Sampled data from Interface
# KERNEL: UVM_INFO /home/runner/scoreboard.sv(28) @ 555: uvm_test_top.env.sb [SCB_PASS] sel=1, d=0, y=0
# KERNEL: UVM_INFO /home/runner/scoreboard.sv(28) @ 555: uvm_test_top.env.sb [SCB_PASS] sel=1, d=0, y=0
# KERNEL: UVM_INFO /home/runner/scoreboard.sv(28) @ 555: uvm_test_top.env.sb [SCB_PASS] sel=1, d=ffffffff, y=ffffffff
# KERNEL: UVM_INFO /home/runner/scoreboard.sv(28) @ 555: uvm_test_top.env.sb [SCB_PASS] sel=1, d=0, y=0
# KERNEL: UVM_INFO /home/runner/monitor.sv(33) @ 575: uvm_test_top.env.agent.mon [MON] Sampled data from Interface
# KERNEL: UVM_INFO /home/runner/scoreboard.sv(28) @ 575: uvm_test_top.env.sb [SCB_PASS] sel=0, d=0, y=0
# KERNEL: UVM_INFO /home/runner/scoreboard.sv(28) @ 575: uvm_test_top.env.sb [SCB_PASS] sel=0, d=0, y=0
# KERNEL: UVM_INFO /home/runner/scoreboard.sv(28) @ 575: uvm_test_top.env.sb [SCB_PASS] sel=0, d=0, y=0
# KERNEL: UVM_INFO /home/runner/scoreboard.sv(28) @ 575: uvm_test_top.env.sb [SCB_PASS] sel=0, d=ffffffff, y=ffffffff
# KERNEL: UVM_INFO /home/runner/monitor.sv(33) @ 595: uvm_test_top.env.agent.mon [MON] Sampled data from Interface
# KERNEL: UVM_INFO /home/runner/scoreboard.sv(28) @ 595: uvm_test_top.env.sb [SCB_PASS] sel=0, d=0, y=0
# KERNEL: UVM_INFO /home/runner/scoreboard.sv(28) @ 595: uvm_test_top.env.sb [SCB_PASS] sel=0, d=0, y=0
# KERNEL: UVM_INFO /home/runner/scoreboard.sv(28) @ 595: uvm_test_top.env.sb [SCB_PASS] sel=0, d=0, y=0
# KERNEL: UVM_INFO /home/runner/scoreboard.sv(28) @ 595: uvm_test_top.env.sb [SCB_PASS] sel=0, d=ffffffff, y=ffffffff
# KERNEL: UVM_INFO /home/runner/monitor.sv(33) @ 615: uvm_test_top.env.agent.mon [MON] Sampled data from Interface
# KERNEL: UVM_INFO /home/runner/scoreboard.sv(28) @ 615: uvm_test_top.env.sb [SCB_PASS] sel=3, d=ffffffff, y=ffffffff
# KERNEL: UVM_INFO /home/runner/scoreboard.sv(28) @ 615: uvm_test_top.env.sb [SCB_PASS] sel=3, d=0, y=0
# KERNEL: UVM_INFO /home/runner/scoreboard.sv(28) @ 615: uvm_test_top.env.sb [SCB_PASS] sel=3, d=0, y=0
# KERNEL: UVM_INFO /home/runner/scoreboard.sv(28) @ 615: uvm_test_top.env.sb [SCB_PASS] sel=3, d=0, y=0
# KERNEL: UVM_INFO /home/runner/monitor.sv(33) @ 635: uvm_test_top.env.agent.mon [MON] Sampled data from Interface
# KERNEL: UVM_INFO /home/runner/scoreboard.sv(28) @ 635: uvm_test_top.env.sb [SCB_PASS] sel=3, d=ffffffff, y=ffffffff
# KERNEL: UVM_INFO /home/runner/scoreboard.sv(28) @ 635: uvm_test_top.env.sb [SCB_PASS] sel=3, d=0, y=0
# KERNEL: UVM_INFO /home/runner/scoreboard.sv(28) @ 635: uvm_test_top.env.sb [SCB_PASS] sel=3, d=0, y=0
# KERNEL: UVM_INFO /home/runner/scoreboard.sv(28) @ 635: uvm_test_top.env.sb [SCB_PASS] sel=3, d=0, y=0
# KERNEL: UVM_INFO /home/runner/monitor.sv(33) @ 655: uvm_test_top.env.agent.mon [MON] Sampled data from Interface
# KERNEL: UVM_INFO /home/runner/scoreboard.sv(28) @ 655: uvm_test_top.env.sb [SCB_PASS] sel=2, d=0, y=0
# KERNEL: UVM_INFO /home/runner/scoreboard.sv(28) @ 655: uvm_test_top.env.sb [SCB_PASS] sel=2, d=ffffffff, y=ffffffff
# KERNEL: UVM_INFO /home/runner/scoreboard.sv(28) @ 655: uvm_test_top.env.sb [SCB_PASS] sel=2, d=0, y=0
# KERNEL: UVM_INFO /home/runner/scoreboard.sv(28) @ 655: uvm_test_top.env.sb [SCB_PASS] sel=2, d=0, y=0
# KERNEL: UVM_INFO /home/runner/monitor.sv(33) @ 675: uvm_test_top.env.agent.mon [MON] Sampled data from Interface
# KERNEL: UVM_INFO /home/runner/scoreboard.sv(28) @ 675: uvm_test_top.env.sb [SCB_PASS] sel=2, d=0, y=0
# KERNEL: UVM_INFO /home/runner/scoreboard.sv(28) @ 675: uvm_test_top.env.sb [SCB_PASS] sel=2, d=ffffffff, y=ffffffff
# KERNEL: UVM_INFO /home/runner/scoreboard.sv(28) @ 675: uvm_test_top.env.sb [SCB_PASS] sel=2, d=0, y=0
# KERNEL: UVM_INFO /home/runner/scoreboard.sv(28) @ 675: uvm_test_top.env.sb [SCB_PASS] sel=2, d=0, y=0
# KERNEL: UVM_INFO /home/runner/monitor.sv(33) @ 695: uvm_test_top.env.agent.mon [MON] Sampled data from Interface
# KERNEL: UVM_INFO /home/runner/scoreboard.sv(28) @ 695: uvm_test_top.env.sb [SCB_PASS] sel=1, d=0, y=0
# KERNEL: UVM_INFO /home/runner/scoreboard.sv(28) @ 695: uvm_test_top.env.sb [SCB_PASS] sel=1, d=0, y=0
# KERNEL: UVM_INFO /home/runner/scoreboard.sv(28) @ 695: uvm_test_top.env.sb [SCB_PASS] sel=1, d=ffffffff, y=ffffffff
# KERNEL: UVM_INFO /home/runner/scoreboard.sv(28) @ 695: uvm_test_top.env.sb [SCB_PASS] sel=1, d=0, y=0
# KERNEL: UVM_INFO /home/runner/master_seq.sv(31) @ 695: uvm_test_top.env.agent.sqr@@seq [MASTER_SEQ] Starting Sequence 3...
# KERNEL: UVM_INFO /home/runner/sequence3.sv(11) @ 695: uvm_test_top.env.agent.sqr@@s3 [SEQ] Starting All-Zeros Stimulus for all ports...
# KERNEL: UVM_INFO /home/runner/monitor.sv(33) @ 715: uvm_test_top.env.agent.mon [MON] Sampled data from Interface
# KERNEL: UVM_INFO /home/runner/scoreboard.sv(28) @ 715: uvm_test_top.env.sb [SCB_PASS] sel=1, d=0, y=0
# KERNEL: UVM_INFO /home/runner/scoreboard.sv(28) @ 715: uvm_test_top.env.sb [SCB_PASS] sel=1, d=0, y=0
# KERNEL: UVM_INFO /home/runner/scoreboard.sv(28) @ 715: uvm_test_top.env.sb [SCB_PASS] sel=1, d=ffffffff, y=ffffffff
# KERNEL: UVM_INFO /home/runner/scoreboard.sv(28) @ 715: uvm_test_top.env.sb [SCB_PASS] sel=1, d=0, y=0
# KERNEL: UVM_INFO /home/runner/monitor.sv(33) @ 735: uvm_test_top.env.agent.mon [MON] Sampled data from Interface
# KERNEL: UVM_INFO /home/runner/scoreboard.sv(28) @ 735: uvm_test_top.env.sb [SCB_PASS] sel=3, d=0, y=0
# KERNEL: UVM_INFO /home/runner/scoreboard.sv(28) @ 735: uvm_test_top.env.sb [SCB_PASS] sel=3, d=0, y=0
# KERNEL: UVM_INFO /home/runner/scoreboard.sv(28) @ 735: uvm_test_top.env.sb [SCB_PASS] sel=3, d=0, y=0
# KERNEL: UVM_INFO /home/runner/scoreboard.sv(28) @ 735: uvm_test_top.env.sb [SCB_PASS] sel=3, d=0, y=0
# KERNEL: UVM_INFO /home/runner/monitor.sv(33) @ 755: uvm_test_top.env.agent.mon [MON] Sampled data from Interface
# KERNEL: UVM_INFO /home/runner/scoreboard.sv(28) @ 755: uvm_test_top.env.sb [SCB_PASS] sel=3, d=0, y=0
# KERNEL: UVM_INFO /home/runner/scoreboard.sv(28) @ 755: uvm_test_top.env.sb [SCB_PASS] sel=3, d=0, y=0
# KERNEL: UVM_INFO /home/runner/scoreboard.sv(28) @ 755: uvm_test_top.env.sb [SCB_PASS] sel=3, d=0, y=0
# KERNEL: UVM_INFO /home/runner/scoreboard.sv(28) @ 755: uvm_test_top.env.sb [SCB_PASS] sel=3, d=0, y=0
# KERNEL: UVM_INFO /home/runner/monitor.sv(33) @ 775: uvm_test_top.env.agent.mon [MON] Sampled data from Interface
# KERNEL: UVM_INFO /home/runner/scoreboard.sv(28) @ 775: uvm_test_top.env.sb [SCB_PASS] sel=2, d=0, y=0
# KERNEL: UVM_INFO /home/runner/scoreboard.sv(28) @ 775: uvm_test_top.env.sb [SCB_PASS] sel=2, d=0, y=0
# KERNEL: UVM_INFO /home/runner/scoreboard.sv(28) @ 775: uvm_test_top.env.sb [SCB_PASS] sel=2, d=0, y=0
# KERNEL: UVM_INFO /home/runner/scoreboard.sv(28) @ 775: uvm_test_top.env.sb [SCB_PASS] sel=2, d=0, y=0
# KERNEL: UVM_INFO /home/runner/monitor.sv(33) @ 795: uvm_test_top.env.agent.mon [MON] Sampled data from Interface
# KERNEL: UVM_INFO /home/runner/scoreboard.sv(28) @ 795: uvm_test_top.env.sb [SCB_PASS] sel=2, d=0, y=0
# KERNEL: UVM_INFO /home/runner/scoreboard.sv(28) @ 795: uvm_test_top.env.sb [SCB_PASS] sel=2, d=0, y=0
# KERNEL: UVM_INFO /home/runner/scoreboard.sv(28) @ 795: uvm_test_top.env.sb [SCB_PASS] sel=2, d=0, y=0
# KERNEL: UVM_INFO /home/runner/scoreboard.sv(28) @ 795: uvm_test_top.env.sb [SCB_PASS] sel=2, d=0, y=0
# KERNEL: UVM_INFO /home/runner/monitor.sv(33) @ 815: uvm_test_top.env.agent.mon [MON] Sampled data from Interface
# KERNEL: UVM_INFO /home/runner/scoreboard.sv(28) @ 815: uvm_test_top.env.sb [SCB_PASS] sel=1, d=0, y=0
# KERNEL: UVM_INFO /home/runner/scoreboard.sv(28) @ 815: uvm_test_top.env.sb [SCB_PASS] sel=1, d=0, y=0
# KERNEL: UVM_INFO /home/runner/scoreboard.sv(28) @ 815: uvm_test_top.env.sb [SCB_PASS] sel=1, d=0, y=0
# KERNEL: UVM_INFO /home/runner/scoreboard.sv(28) @ 815: uvm_test_top.env.sb [SCB_PASS] sel=1, d=0, y=0
# KERNEL: UVM_INFO /home/runner/monitor.sv(33) @ 835: uvm_test_top.env.agent.mon [MON] Sampled data from Interface
# KERNEL: UVM_INFO /home/runner/scoreboard.sv(28) @ 835: uvm_test_top.env.sb [SCB_PASS] sel=1, d=0, y=0
# KERNEL: UVM_INFO /home/runner/scoreboard.sv(28) @ 835: uvm_test_top.env.sb [SCB_PASS] sel=1, d=0, y=0
# KERNEL: UVM_INFO /home/runner/scoreboard.sv(28) @ 835: uvm_test_top.env.sb [SCB_PASS] sel=1, d=0, y=0
# KERNEL: UVM_INFO /home/runner/scoreboard.sv(28) @ 835: uvm_test_top.env.sb [SCB_PASS] sel=1, d=0, y=0
# KERNEL: UVM_INFO /home/runner/monitor.sv(33) @ 855: uvm_test_top.env.agent.mon [MON] Sampled data from Interface
# KERNEL: UVM_INFO /home/runner/scoreboard.sv(28) @ 855: uvm_test_top.env.sb [SCB_PASS] sel=0, d=0, y=0
# KERNEL: UVM_INFO /home/runner/scoreboard.sv(28) @ 855: uvm_test_top.env.sb [SCB_PASS] sel=0, d=0, y=0
# KERNEL: UVM_INFO /home/runner/scoreboard.sv(28) @ 855: uvm_test_top.env.sb [SCB_PASS] sel=0, d=0, y=0
# KERNEL: UVM_INFO /home/runner/scoreboard.sv(28) @ 855: uvm_test_top.env.sb [SCB_PASS] sel=0, d=0, y=0
# KERNEL: UVM_INFO /home/runner/monitor.sv(33) @ 875: uvm_test_top.env.agent.mon [MON] Sampled data from Interface
# KERNEL: UVM_INFO /home/runner/scoreboard.sv(28) @ 875: uvm_test_top.env.sb [SCB_PASS] sel=0, d=0, y=0
# KERNEL: UVM_INFO /home/runner/scoreboard.sv(28) @ 875: uvm_test_top.env.sb [SCB_PASS] sel=0, d=0, y=0
# KERNEL: UVM_INFO /home/runner/scoreboard.sv(28) @ 875: uvm_test_top.env.sb [SCB_PASS] sel=0, d=0, y=0
# KERNEL: UVM_INFO /home/runner/scoreboard.sv(28) @ 875: uvm_test_top.env.sb [SCB_PASS] sel=0, d=0, y=0
# KERNEL: UVM_INFO /home/runner/monitor.sv(33) @ 895: uvm_test_top.env.agent.mon [MON] Sampled data from Interface
# KERNEL: UVM_INFO /home/runner/scoreboard.sv(28) @ 895: uvm_test_top.env.sb [SCB_PASS] sel=3, d=0, y=0
# KERNEL: UVM_INFO /home/runner/scoreboard.sv(28) @ 895: uvm_test_top.env.sb [SCB_PASS] sel=3, d=0, y=0
# KERNEL: UVM_INFO /home/runner/scoreboard.sv(28) @ 895: uvm_test_top.env.sb [SCB_PASS] sel=3, d=0, y=0
# KERNEL: UVM_INFO /home/runner/scoreboard.sv(28) @ 895: uvm_test_top.env.sb [SCB_PASS] sel=3, d=0, y=0
# KERNEL: UVM_INFO /home/runner/master_seq.sv(34) @ 895: uvm_test_top.env.agent.sqr@@seq [MASTER_SEQ] Starting Sequence 4...
# KERNEL: UVM_INFO /home/runner/sequence4.sv(11) @ 895: uvm_test_top.env.agent.sqr@@s4 [SEQ] Starting Select-Unknown Stimulus...
# KERNEL: UVM_INFO /home/runner/monitor.sv(33) @ 915: uvm_test_top.env.agent.mon [MON] Sampled data from Interface
# KERNEL: UVM_INFO /home/runner/scoreboard.sv(28) @ 915: uvm_test_top.env.sb [SCB_PASS] sel=3, d=0, y=0
# KERNEL: UVM_INFO /home/runner/scoreboard.sv(28) @ 915: uvm_test_top.env.sb [SCB_PASS] sel=3, d=0, y=0
# KERNEL: UVM_INFO /home/runner/scoreboard.sv(28) @ 915: uvm_test_top.env.sb [SCB_PASS] sel=3, d=0, y=0
# KERNEL: UVM_INFO /home/runner/scoreboard.sv(28) @ 915: uvm_test_top.env.sb [SCB_PASS] sel=3, d=0, y=0
# KERNEL: Error: assertion.sv (15): SVASEL signal contains X/Z!
# KERNEL: UVM_INFO /home/runner/monitor.sv(33) @ 935: uvm_test_top.env.agent.mon [MON] Sampled data from Interface
# KERNEL: UVM_INFO /home/runner/scoreboard.sv(28) @ 935: uvm_test_top.env.sb [SCB_PASS] sel=x, d=0, y=0
# KERNEL: UVM_INFO /home/runner/scoreboard.sv(28) @ 935: uvm_test_top.env.sb [SCB_PASS] sel=x, d=0, y=0
# KERNEL: UVM_INFO /home/runner/scoreboard.sv(28) @ 935: uvm_test_top.env.sb [SCB_PASS] sel=x, d=0, y=0
# KERNEL: UVM_INFO /home/runner/scoreboard.sv(28) @ 935: uvm_test_top.env.sb [SCB_PASS] sel=x, d=0, y=0
# KERNEL: UVM_INFO /home/runner/monitor.sv(33) @ 955: uvm_test_top.env.agent.mon [MON] Sampled data from Interface
# KERNEL: UVM_INFO /home/runner/scoreboard.sv(28) @ 955: uvm_test_top.env.sb [SCB_PASS] sel=x, d=0, y=0
# KERNEL: UVM_INFO /home/runner/scoreboard.sv(28) @ 955: uvm_test_top.env.sb [SCB_PASS] sel=x, d=0, y=0
# KERNEL: UVM_INFO /home/runner/scoreboard.sv(28) @ 955: uvm_test_top.env.sb [SCB_PASS] sel=x, d=0, y=0
# KERNEL: UVM_INFO /home/runner/scoreboard.sv(28) @ 955: uvm_test_top.env.sb [SCB_PASS] sel=x, d=0, y=0
# KERNEL: UVM_INFO /home/runner/monitor.sv(33) @ 975: uvm_test_top.env.agent.mon [MON] Sampled data from Interface
# KERNEL: UVM_INFO /home/runner/scoreboard.sv(28) @ 975: uvm_test_top.env.sb [SCB_PASS] sel=x, d=0, y=0
# KERNEL: UVM_INFO /home/runner/scoreboard.sv(28) @ 975: uvm_test_top.env.sb [SCB_PASS] sel=x, d=0, y=0
# KERNEL: UVM_INFO /home/runner/scoreboard.sv(28) @ 975: uvm_test_top.env.sb [SCB_PASS] sel=x, d=0, y=0
# KERNEL: UVM_INFO /home/runner/scoreboard.sv(28) @ 975: uvm_test_top.env.sb [SCB_PASS] sel=x, d=0, y=0
# KERNEL: UVM_INFO /home/runner/monitor.sv(33) @ 995: uvm_test_top.env.agent.mon [MON] Sampled data from Interface
# KERNEL: UVM_INFO /home/runner/scoreboard.sv(28) @ 995: uvm_test_top.env.sb [SCB_PASS] sel=x, d=0, y=0
# KERNEL: UVM_INFO /home/runner/scoreboard.sv(28) @ 995: uvm_test_top.env.sb [SCB_PASS] sel=x, d=0, y=0
# KERNEL: UVM_INFO /home/runner/scoreboard.sv(28) @ 995: uvm_test_top.env.sb [SCB_PASS] sel=x, d=0, y=0
# KERNEL: UVM_INFO /home/runner/scoreboard.sv(28) @ 995: uvm_test_top.env.sb [SCB_PASS] sel=x, d=0, y=0
# KERNEL: UVM_INFO /home/runner/master_seq.sv(37) @ 995: uvm_test_top.env.agent.sqr@@seq [MASTER_SEQ] Starting Sequence 5...
# KERNEL: UVM_INFO /home/runner/sequence5.sv(16) @ 995: uvm_test_top.env.agent.sqr@@s5 [SEQ] Starting Pattern Sequence for Toggle Coverage
# KERNEL: UVM_INFO /home/runner/monitor.sv(33) @ 1015: uvm_test_top.env.agent.mon [MON] Sampled data from Interface
# KERNEL: UVM_INFO /home/runner/scoreboard.sv(28) @ 1015: uvm_test_top.env.sb [SCB_PASS] sel=x, d=0, y=0
# KERNEL: UVM_INFO /home/runner/scoreboard.sv(28) @ 1015: uvm_test_top.env.sb [SCB_PASS] sel=x, d=0, y=0
# KERNEL: UVM_INFO /home/runner/scoreboard.sv(28) @ 1015: uvm_test_top.env.sb [SCB_PASS] sel=x, d=0, y=0
# KERNEL: UVM_INFO /home/runner/scoreboard.sv(28) @ 1015: uvm_test_top.env.sb [SCB_PASS] sel=x, d=0, y=0
# KERNEL: UVM_INFO /home/runner/monitor.sv(33) @ 1035: uvm_test_top.env.agent.mon [MON] Sampled data from Interface
# KERNEL: UVM_INFO /home/runner/scoreboard.sv(28) @ 1035: uvm_test_top.env.sb [SCB_PASS] sel=1, d=0, y=0
# KERNEL: UVM_INFO /home/runner/scoreboard.sv(28) @ 1035: uvm_test_top.env.sb [SCB_PASS] sel=1, d=0, y=0
# KERNEL: UVM_INFO /home/runner/scoreboard.sv(28) @ 1035: uvm_test_top.env.sb [SCB_PASS] sel=1, d=55555555, y=55555555
# KERNEL: UVM_INFO /home/runner/scoreboard.sv(28) @ 1035: uvm_test_top.env.sb [SCB_PASS] sel=1, d=0, y=0
# KERNEL: UVM_INFO /home/runner/monitor.sv(33) @ 1055: uvm_test_top.env.agent.mon [MON] Sampled data from Interface
# KERNEL: UVM_INFO /home/runner/scoreboard.sv(28) @ 1055: uvm_test_top.env.sb [SCB_PASS] sel=2, d=0, y=0
# KERNEL: UVM_INFO /home/runner/scoreboard.sv(28) @ 1055: uvm_test_top.env.sb [SCB_PASS] sel=2, d=55555555, y=55555555
# KERNEL: UVM_INFO /home/runner/scoreboard.sv(28) @ 1055: uvm_test_top.env.sb [SCB_PASS] sel=2, d=0, y=0
# KERNEL: UVM_INFO /home/runner/scoreboard.sv(28) @ 1055: uvm_test_top.env.sb [SCB_PASS] sel=2, d=0, y=0
# KERNEL: UVM_INFO /home/runner/monitor.sv(33) @ 1075: uvm_test_top.env.agent.mon [MON] Sampled data from Interface
# KERNEL: UVM_INFO /home/runner/scoreboard.sv(28) @ 1075: uvm_test_top.env.sb [SCB_PASS] sel=0, d=0, y=0
# KERNEL: UVM_INFO /home/runner/scoreboard.sv(28) @ 1075: uvm_test_top.env.sb [SCB_PASS] sel=0, d=0, y=0
# KERNEL: UVM_INFO /home/runner/scoreboard.sv(28) @ 1075: uvm_test_top.env.sb [SCB_PASS] sel=0, d=0, y=0
# KERNEL: UVM_INFO /home/runner/scoreboard.sv(28) @ 1075: uvm_test_top.env.sb [SCB_PASS] sel=0, d=55555555, y=55555555
# KERNEL: UVM_INFO /home/runner/monitor.sv(33) @ 1095: uvm_test_top.env.agent.mon [MON] Sampled data from Interface
# KERNEL: UVM_INFO /home/runner/scoreboard.sv(28) @ 1095: uvm_test_top.env.sb [SCB_PASS] sel=1, d=0, y=0
# KERNEL: UVM_INFO /home/runner/scoreboard.sv(28) @ 1095: uvm_test_top.env.sb [SCB_PASS] sel=1, d=0, y=0
# KERNEL: UVM_INFO /home/runner/scoreboard.sv(28) @ 1095: uvm_test_top.env.sb [SCB_PASS] sel=1, d=55555555, y=55555555
# KERNEL: UVM_INFO /home/runner/scoreboard.sv(28) @ 1095: uvm_test_top.env.sb [SCB_PASS] sel=1, d=0, y=0
# KERNEL: UVM_INFO /home/runner/monitor.sv(33) @ 1115: uvm_test_top.env.agent.mon [MON] Sampled data from Interface
# KERNEL: UVM_INFO /home/runner/scoreboard.sv(28) @ 1115: uvm_test_top.env.sb [SCB_PASS] sel=3, d=55555555, y=55555555
# KERNEL: UVM_INFO /home/runner/scoreboard.sv(28) @ 1115: uvm_test_top.env.sb [SCB_PASS] sel=3, d=0, y=0
# KERNEL: UVM_INFO /home/runner/scoreboard.sv(28) @ 1115: uvm_test_top.env.sb [SCB_PASS] sel=3, d=0, y=0
# KERNEL: UVM_INFO /home/runner/scoreboard.sv(28) @ 1115: uvm_test_top.env.sb [SCB_PASS] sel=3, d=0, y=0
# KERNEL: UVM_INFO /home/runner/monitor.sv(33) @ 1135: uvm_test_top.env.agent.mon [MON] Sampled data from Interface
# KERNEL: UVM_INFO /home/runner/scoreboard.sv(28) @ 1135: uvm_test_top.env.sb [SCB_PASS] sel=0, d=0, y=0
# KERNEL: UVM_INFO /home/runner/scoreboard.sv(28) @ 1135: uvm_test_top.env.sb [SCB_PASS] sel=0, d=0, y=0
# KERNEL: UVM_INFO /home/runner/scoreboard.sv(28) @ 1135: uvm_test_top.env.sb [SCB_PASS] sel=0, d=0, y=0
# KERNEL: UVM_INFO /home/runner/scoreboard.sv(28) @ 1135: uvm_test_top.env.sb [SCB_PASS] sel=0, d=55555555, y=55555555
# KERNEL: UVM_INFO /home/runner/monitor.sv(33) @ 1155: uvm_test_top.env.agent.mon [MON] Sampled data from Interface
# KERNEL: UVM_INFO /home/runner/scoreboard.sv(28) @ 1155: uvm_test_top.env.sb [SCB_PASS] sel=2, d=0, y=0
# KERNEL: UVM_INFO /home/runner/scoreboard.sv(28) @ 1155: uvm_test_top.env.sb [SCB_PASS] sel=2, d=55555555, y=55555555
# KERNEL: UVM_INFO /home/runner/scoreboard.sv(28) @ 1155: uvm_test_top.env.sb [SCB_PASS] sel=2, d=0, y=0
# KERNEL: UVM_INFO /home/runner/scoreboard.sv(28) @ 1155: uvm_test_top.env.sb [SCB_PASS] sel=2, d=0, y=0
# KERNEL: UVM_INFO /home/runner/monitor.sv(33) @ 1175: uvm_test_top.env.agent.mon [MON] Sampled data from Interface
# KERNEL: UVM_INFO /home/runner/scoreboard.sv(28) @ 1175: uvm_test_top.env.sb [SCB_PASS] sel=3, d=55555555, y=55555555
# KERNEL: UVM_INFO /home/runner/scoreboard.sv(28) @ 1175: uvm_test_top.env.sb [SCB_PASS] sel=3, d=0, y=0
# KERNEL: UVM_INFO /home/runner/scoreboard.sv(28) @ 1175: uvm_test_top.env.sb [SCB_PASS] sel=3, d=0, y=0
# KERNEL: UVM_INFO /home/runner/scoreboard.sv(28) @ 1175: uvm_test_top.env.sb [SCB_PASS] sel=3, d=0, y=0
# KERNEL: UVM_INFO /home/runner/monitor.sv(33) @ 1195: uvm_test_top.env.agent.mon [MON] Sampled data from Interface
# KERNEL: UVM_INFO /home/runner/scoreboard.sv(28) @ 1195: uvm_test_top.env.sb [SCB_PASS] sel=1, d=0, y=0
# KERNEL: UVM_INFO /home/runner/scoreboard.sv(28) @ 1195: uvm_test_top.env.sb [SCB_PASS] sel=1, d=0, y=0
# KERNEL: UVM_INFO /home/runner/scoreboard.sv(28) @ 1195: uvm_test_top.env.sb [SCB_PASS] sel=1, d=55555555, y=55555555
# KERNEL: UVM_INFO /home/runner/scoreboard.sv(28) @ 1195: uvm_test_top.env.sb [SCB_PASS] sel=1, d=0, y=0
# KERNEL: UVM_INFO /home/runner/monitor.sv(33) @ 1215: uvm_test_top.env.agent.mon [MON] Sampled data from Interface
# KERNEL: UVM_INFO /home/runner/scoreboard.sv(28) @ 1215: uvm_test_top.env.sb [SCB_PASS] sel=2, d=0, y=0
# KERNEL: UVM_INFO /home/runner/scoreboard.sv(28) @ 1215: uvm_test_top.env.sb [SCB_PASS] sel=2, d=55555555, y=55555555
# KERNEL: UVM_INFO /home/runner/scoreboard.sv(28) @ 1215: uvm_test_top.env.sb [SCB_PASS] sel=2, d=0, y=0
# KERNEL: UVM_INFO /home/runner/scoreboard.sv(28) @ 1215: uvm_test_top.env.sb [SCB_PASS] sel=2, d=0, y=0
# KERNEL: UVM_INFO /home/runner/monitor.sv(33) @ 1235: uvm_test_top.env.agent.mon [MON] Sampled data from Interface
# KERNEL: UVM_INFO /home/runner/scoreboard.sv(28) @ 1235: uvm_test_top.env.sb [SCB_PASS] sel=0, d=0, y=0
# KERNEL: UVM_INFO /home/runner/scoreboard.sv(28) @ 1235: uvm_test_top.env.sb [SCB_PASS] sel=0, d=0, y=0
# KERNEL: UVM_INFO /home/runner/scoreboard.sv(28) @ 1235: uvm_test_top.env.sb [SCB_PASS] sel=0, d=0, y=0
# KERNEL: UVM_INFO /home/runner/scoreboard.sv(28) @ 1235: uvm_test_top.env.sb [SCB_PASS] sel=0, d=55555555, y=55555555
# KERNEL: UVM_INFO /home/runner/monitor.sv(33) @ 1255: uvm_test_top.env.agent.mon [MON] Sampled data from Interface
# KERNEL: UVM_INFO /home/runner/scoreboard.sv(28) @ 1255: uvm_test_top.env.sb [SCB_PASS] sel=1, d=0, y=0
# KERNEL: UVM_INFO /home/runner/scoreboard.sv(28) @ 1255: uvm_test_top.env.sb [SCB_PASS] sel=1, d=0, y=0
# KERNEL: UVM_INFO /home/runner/scoreboard.sv(28) @ 1255: uvm_test_top.env.sb [SCB_PASS] sel=1, d=55555555, y=55555555
# KERNEL: UVM_INFO /home/runner/scoreboard.sv(28) @ 1255: uvm_test_top.env.sb [SCB_PASS] sel=1, d=0, y=0
# KERNEL: UVM_INFO /home/runner/monitor.sv(33) @ 1275: uvm_test_top.env.agent.mon [MON] Sampled data from Interface
# KERNEL: UVM_INFO /home/runner/scoreboard.sv(28) @ 1275: uvm_test_top.env.sb [SCB_PASS] sel=3, d=55555555, y=55555555
# KERNEL: UVM_INFO /home/runner/scoreboard.sv(28) @ 1275: uvm_test_top.env.sb [SCB_PASS] sel=3, d=0, y=0
# KERNEL: UVM_INFO /home/runner/scoreboard.sv(28) @ 1275: uvm_test_top.env.sb [SCB_PASS] sel=3, d=0, y=0
# KERNEL: UVM_INFO /home/runner/scoreboard.sv(28) @ 1275: uvm_test_top.env.sb [SCB_PASS] sel=3, d=0, y=0
# KERNEL: UVM_INFO /home/runner/monitor.sv(33) @ 1295: uvm_test_top.env.agent.mon [MON] Sampled data from Interface
# KERNEL: UVM_INFO /home/runner/scoreboard.sv(28) @ 1295: uvm_test_top.env.sb [SCB_PASS] sel=0, d=0, y=0
# KERNEL: UVM_INFO /home/runner/scoreboard.sv(28) @ 1295: uvm_test_top.env.sb [SCB_PASS] sel=0, d=0, y=0
# KERNEL: UVM_INFO /home/runner/scoreboard.sv(28) @ 1295: uvm_test_top.env.sb [SCB_PASS] sel=0, d=0, y=0
# KERNEL: UVM_INFO /home/runner/scoreboard.sv(28) @ 1295: uvm_test_top.env.sb [SCB_PASS] sel=0, d=55555555, y=55555555
# KERNEL: UVM_INFO /home/runner/monitor.sv(33) @ 1315: uvm_test_top.env.agent.mon [MON] Sampled data from Interface
# KERNEL: UVM_INFO /home/runner/scoreboard.sv(28) @ 1315: uvm_test_top.env.sb [SCB_PASS] sel=2, d=0, y=0
# KERNEL: UVM_INFO /home/runner/scoreboard.sv(28) @ 1315: uvm_test_top.env.sb [SCB_PASS] sel=2, d=55555555, y=55555555
# KERNEL: UVM_INFO /home/runner/scoreboard.sv(28) @ 1315: uvm_test_top.env.sb [SCB_PASS] sel=2, d=0, y=0
# KERNEL: UVM_INFO /home/runner/scoreboard.sv(28) @ 1315: uvm_test_top.env.sb [SCB_PASS] sel=2, d=0, y=0
# KERNEL: UVM_INFO /home/runner/monitor.sv(33) @ 1335: uvm_test_top.env.agent.mon [MON] Sampled data from Interface
# KERNEL: UVM_INFO /home/runner/scoreboard.sv(28) @ 1335: uvm_test_top.env.sb [SCB_PASS] sel=3, d=55555555, y=55555555
# KERNEL: UVM_INFO /home/runner/scoreboard.sv(28) @ 1335: uvm_test_top.env.sb [SCB_PASS] sel=3, d=0, y=0
# KERNEL: UVM_INFO /home/runner/scoreboard.sv(28) @ 1335: uvm_test_top.env.sb [SCB_PASS] sel=3, d=0, y=0
# KERNEL: UVM_INFO /home/runner/scoreboard.sv(28) @ 1335: uvm_test_top.env.sb [SCB_PASS] sel=3, d=0, y=0
# KERNEL: UVM_INFO /home/runner/monitor.sv(33) @ 1355: uvm_test_top.env.agent.mon [MON] Sampled data from Interface
# KERNEL: UVM_INFO /home/runner/scoreboard.sv(28) @ 1355: uvm_test_top.env.sb [SCB_PASS] sel=1, d=0, y=0
# KERNEL: UVM_INFO /home/runner/scoreboard.sv(28) @ 1355: uvm_test_top.env.sb [SCB_PASS] sel=1, d=0, y=0
# KERNEL: UVM_INFO /home/runner/scoreboard.sv(28) @ 1355: uvm_test_top.env.sb [SCB_PASS] sel=1, d=55555555, y=55555555
# KERNEL: UVM_INFO /home/runner/scoreboard.sv(28) @ 1355: uvm_test_top.env.sb [SCB_PASS] sel=1, d=0, y=0
# KERNEL: UVM_INFO /home/runner/monitor.sv(33) @ 1375: uvm_test_top.env.agent.mon [MON] Sampled data from Interface
# KERNEL: UVM_INFO /home/runner/scoreboard.sv(28) @ 1375: uvm_test_top.env.sb [SCB_PASS] sel=2, d=0, y=0
# KERNEL: UVM_INFO /home/runner/scoreboard.sv(28) @ 1375: uvm_test_top.env.sb [SCB_PASS] sel=2, d=55555555, y=55555555
# KERNEL: UVM_INFO /home/runner/scoreboard.sv(28) @ 1375: uvm_test_top.env.sb [SCB_PASS] sel=2, d=0, y=0
# KERNEL: UVM_INFO /home/runner/scoreboard.sv(28) @ 1375: uvm_test_top.env.sb [SCB_PASS] sel=2, d=0, y=0
# KERNEL: UVM_INFO /home/runner/monitor.sv(33) @ 1395: uvm_test_top.env.agent.mon [MON] Sampled data from Interface
# KERNEL: UVM_INFO /home/runner/scoreboard.sv(28) @ 1395: uvm_test_top.env.sb [SCB_PASS] sel=0, d=0, y=0
# KERNEL: UVM_INFO /home/runner/scoreboard.sv(28) @ 1395: uvm_test_top.env.sb [SCB_PASS] sel=0, d=0, y=0
# KERNEL: UVM_INFO /home/runner/scoreboard.sv(28) @ 1395: uvm_test_top.env.sb [SCB_PASS] sel=0, d=0, y=0
# KERNEL: UVM_INFO /home/runner/scoreboard.sv(28) @ 1395: uvm_test_top.env.sb [SCB_PASS] sel=0, d=55555555, y=55555555
# KERNEL: UVM_INFO /home/runner/monitor.sv(33) @ 1415: uvm_test_top.env.agent.mon [MON] Sampled data from Interface
# KERNEL: UVM_INFO /home/runner/scoreboard.sv(28) @ 1415: uvm_test_top.env.sb [SCB_PASS] sel=1, d=0, y=0
# KERNEL: UVM_INFO /home/runner/scoreboard.sv(28) @ 1415: uvm_test_top.env.sb [SCB_PASS] sel=1, d=0, y=0
# KERNEL: UVM_INFO /home/runner/scoreboard.sv(28) @ 1415: uvm_test_top.env.sb [SCB_PASS] sel=1, d=55555555, y=55555555
# KERNEL: UVM_INFO /home/runner/scoreboard.sv(28) @ 1415: uvm_test_top.env.sb [SCB_PASS] sel=1, d=0, y=0
# KERNEL: UVM_INFO /home/runner/monitor.sv(33) @ 1435: uvm_test_top.env.agent.mon [MON] Sampled data from Interface
# KERNEL: UVM_INFO /home/runner/scoreboard.sv(28) @ 1435: uvm_test_top.env.sb [SCB_PASS] sel=3, d=55555555, y=55555555
# KERNEL: UVM_INFO /home/runner/scoreboard.sv(28) @ 1435: uvm_test_top.env.sb [SCB_PASS] sel=3, d=0, y=0
# KERNEL: UVM_INFO /home/runner/scoreboard.sv(28) @ 1435: uvm_test_top.env.sb [SCB_PASS] sel=3, d=0, y=0
# KERNEL: UVM_INFO /home/runner/scoreboard.sv(28) @ 1435: uvm_test_top.env.sb [SCB_PASS] sel=3, d=0, y=0
# KERNEL: UVM_INFO /home/runner/monitor.sv(33) @ 1455: uvm_test_top.env.agent.mon [MON] Sampled data from Interface
# KERNEL: UVM_INFO /home/runner/scoreboard.sv(28) @ 1455: uvm_test_top.env.sb [SCB_PASS] sel=0, d=0, y=0
# KERNEL: UVM_INFO /home/runner/scoreboard.sv(28) @ 1455: uvm_test_top.env.sb [SCB_PASS] sel=0, d=0, y=0
# KERNEL: UVM_INFO /home/runner/scoreboard.sv(28) @ 1455: uvm_test_top.env.sb [SCB_PASS] sel=0, d=0, y=0
# KERNEL: UVM_INFO /home/runner/scoreboard.sv(28) @ 1455: uvm_test_top.env.sb [SCB_PASS] sel=0, d=55555555, y=55555555
# KERNEL: UVM_INFO /home/runner/monitor.sv(33) @ 1475: uvm_test_top.env.agent.mon [MON] Sampled data from Interface
# KERNEL: UVM_INFO /home/runner/scoreboard.sv(28) @ 1475: uvm_test_top.env.sb [SCB_PASS] sel=2, d=0, y=0
# KERNEL: UVM_INFO /home/runner/scoreboard.sv(28) @ 1475: uvm_test_top.env.sb [SCB_PASS] sel=2, d=55555555, y=55555555
# KERNEL: UVM_INFO /home/runner/scoreboard.sv(28) @ 1475: uvm_test_top.env.sb [SCB_PASS] sel=2, d=0, y=0
# KERNEL: UVM_INFO /home/runner/scoreboard.sv(28) @ 1475: uvm_test_top.env.sb [SCB_PASS] sel=2, d=0, y=0
# KERNEL: UVM_INFO /home/runner/monitor.sv(33) @ 1495: uvm_test_top.env.agent.mon [MON] Sampled data from Interface
# KERNEL: UVM_INFO /home/runner/scoreboard.sv(28) @ 1495: uvm_test_top.env.sb [SCB_PASS] sel=3, d=55555555, y=55555555
# KERNEL: UVM_INFO /home/runner/scoreboard.sv(28) @ 1495: uvm_test_top.env.sb [SCB_PASS] sel=3, d=0, y=0
# KERNEL: UVM_INFO /home/runner/scoreboard.sv(28) @ 1495: uvm_test_top.env.sb [SCB_PASS] sel=3, d=0, y=0
# KERNEL: UVM_INFO /home/runner/scoreboard.sv(28) @ 1495: uvm_test_top.env.sb [SCB_PASS] sel=3, d=0, y=0
# KERNEL: UVM_INFO /home/runner/monitor.sv(33) @ 1515: uvm_test_top.env.agent.mon [MON] Sampled data from Interface
# KERNEL: UVM_INFO /home/runner/scoreboard.sv(28) @ 1515: uvm_test_top.env.sb [SCB_PASS] sel=1, d=0, y=0
# KERNEL: UVM_INFO /home/runner/scoreboard.sv(28) @ 1515: uvm_test_top.env.sb [SCB_PASS] sel=1, d=0, y=0
# KERNEL: UVM_INFO /home/runner/scoreboard.sv(28) @ 1515: uvm_test_top.env.sb [SCB_PASS] sel=1, d=55555555, y=55555555
# KERNEL: UVM_INFO /home/runner/scoreboard.sv(28) @ 1515: uvm_test_top.env.sb [SCB_PASS] sel=1, d=0, y=0
# KERNEL: UVM_INFO /home/runner/monitor.sv(33) @ 1535: uvm_test_top.env.agent.mon [MON] Sampled data from Interface
# KERNEL: UVM_INFO /home/runner/scoreboard.sv(28) @ 1535: uvm_test_top.env.sb [SCB_PASS] sel=2, d=0, y=0
# KERNEL: UVM_INFO /home/runner/scoreboard.sv(28) @ 1535: uvm_test_top.env.sb [SCB_PASS] sel=2, d=aaaaaaaa, y=aaaaaaaa
# KERNEL: UVM_INFO /home/runner/scoreboard.sv(28) @ 1535: uvm_test_top.env.sb [SCB_PASS] sel=2, d=0, y=0
# KERNEL: UVM_INFO /home/runner/scoreboard.sv(28) @ 1535: uvm_test_top.env.sb [SCB_PASS] sel=2, d=0, y=0
# KERNEL: UVM_INFO /home/runner/monitor.sv(33) @ 1555: uvm_test_top.env.agent.mon [MON] Sampled data from Interface
# KERNEL: UVM_INFO /home/runner/scoreboard.sv(28) @ 1555: uvm_test_top.env.sb [SCB_PASS] sel=0, d=0, y=0
# KERNEL: UVM_INFO /home/runner/scoreboard.sv(28) @ 1555: uvm_test_top.env.sb [SCB_PASS] sel=0, d=0, y=0
# KERNEL: UVM_INFO /home/runner/scoreboard.sv(28) @ 1555: uvm_test_top.env.sb [SCB_PASS] sel=0, d=0, y=0
# KERNEL: UVM_INFO /home/runner/scoreboard.sv(28) @ 1555: uvm_test_top.env.sb [SCB_PASS] sel=0, d=aaaaaaaa, y=aaaaaaaa
# KERNEL: UVM_INFO /home/runner/monitor.sv(33) @ 1575: uvm_test_top.env.agent.mon [MON] Sampled data from Interface
# KERNEL: UVM_INFO /home/runner/scoreboard.sv(28) @ 1575: uvm_test_top.env.sb [SCB_PASS] sel=1, d=0, y=0
# KERNEL: UVM_INFO /home/runner/scoreboard.sv(28) @ 1575: uvm_test_top.env.sb [SCB_PASS] sel=1, d=0, y=0
# KERNEL: UVM_INFO /home/runner/scoreboard.sv(28) @ 1575: uvm_test_top.env.sb [SCB_PASS] sel=1, d=aaaaaaaa, y=aaaaaaaa
# KERNEL: UVM_INFO /home/runner/scoreboard.sv(28) @ 1575: uvm_test_top.env.sb [SCB_PASS] sel=1, d=0, y=0
# KERNEL: UVM_INFO /home/runner/monitor.sv(33) @ 1595: uvm_test_top.env.agent.mon [MON] Sampled data from Interface
# KERNEL: UVM_INFO /home/runner/scoreboard.sv(28) @ 1595: uvm_test_top.env.sb [SCB_PASS] sel=3, d=aaaaaaaa, y=aaaaaaaa
# KERNEL: UVM_INFO /home/runner/scoreboard.sv(28) @ 1595: uvm_test_top.env.sb [SCB_PASS] sel=3, d=0, y=0
# KERNEL: UVM_INFO /home/runner/scoreboard.sv(28) @ 1595: uvm_test_top.env.sb [SCB_PASS] sel=3, d=0, y=0
# KERNEL: UVM_INFO /home/runner/scoreboard.sv(28) @ 1595: uvm_test_top.env.sb [SCB_PASS] sel=3, d=0, y=0
# KERNEL: UVM_INFO /home/runner/monitor.sv(33) @ 1615: uvm_test_top.env.agent.mon [MON] Sampled data from Interface
# KERNEL: UVM_INFO /home/runner/scoreboard.sv(28) @ 1615: uvm_test_top.env.sb [SCB_PASS] sel=0, d=0, y=0
# KERNEL: UVM_INFO /home/runner/scoreboard.sv(28) @ 1615: uvm_test_top.env.sb [SCB_PASS] sel=0, d=0, y=0
# KERNEL: UVM_INFO /home/runner/scoreboard.sv(28) @ 1615: uvm_test_top.env.sb [SCB_PASS] sel=0, d=0, y=0
# KERNEL: UVM_INFO /home/runner/scoreboard.sv(28) @ 1615: uvm_test_top.env.sb [SCB_PASS] sel=0, d=aaaaaaaa, y=aaaaaaaa
# KERNEL: UVM_INFO /home/runner/monitor.sv(33) @ 1635: uvm_test_top.env.agent.mon [MON] Sampled data from Interface
# KERNEL: UVM_INFO /home/runner/scoreboard.sv(28) @ 1635: uvm_test_top.env.sb [SCB_PASS] sel=2, d=0, y=0
# KERNEL: UVM_INFO /home/runner/scoreboard.sv(28) @ 1635: uvm_test_top.env.sb [SCB_PASS] sel=2, d=aaaaaaaa, y=aaaaaaaa
# KERNEL: UVM_INFO /home/runner/scoreboard.sv(28) @ 1635: uvm_test_top.env.sb [SCB_PASS] sel=2, d=0, y=0
# KERNEL: UVM_INFO /home/runner/scoreboard.sv(28) @ 1635: uvm_test_top.env.sb [SCB_PASS] sel=2, d=0, y=0
# KERNEL: UVM_INFO /home/runner/monitor.sv(33) @ 1655: uvm_test_top.env.agent.mon [MON] Sampled data from Interface
# KERNEL: UVM_INFO /home/runner/scoreboard.sv(28) @ 1655: uvm_test_top.env.sb [SCB_PASS] sel=3, d=aaaaaaaa, y=aaaaaaaa
# KERNEL: UVM_INFO /home/runner/scoreboard.sv(28) @ 1655: uvm_test_top.env.sb [SCB_PASS] sel=3, d=0, y=0
# KERNEL: UVM_INFO /home/runner/scoreboard.sv(28) @ 1655: uvm_test_top.env.sb [SCB_PASS] sel=3, d=0, y=0
# KERNEL: UVM_INFO /home/runner/scoreboard.sv(28) @ 1655: uvm_test_top.env.sb [SCB_PASS] sel=3, d=0, y=0
# KERNEL: UVM_INFO /home/runner/monitor.sv(33) @ 1675: uvm_test_top.env.agent.mon [MON] Sampled data from Interface
# KERNEL: UVM_INFO /home/runner/scoreboard.sv(28) @ 1675: uvm_test_top.env.sb [SCB_PASS] sel=1, d=0, y=0
# KERNEL: UVM_INFO /home/runner/scoreboard.sv(28) @ 1675: uvm_test_top.env.sb [SCB_PASS] sel=1, d=0, y=0
# KERNEL: UVM_INFO /home/runner/scoreboard.sv(28) @ 1675: uvm_test_top.env.sb [SCB_PASS] sel=1, d=aaaaaaaa, y=aaaaaaaa
# KERNEL: UVM_INFO /home/runner/scoreboard.sv(28) @ 1675: uvm_test_top.env.sb [SCB_PASS] sel=1, d=0, y=0
# KERNEL: UVM_INFO /home/runner/monitor.sv(33) @ 1695: uvm_test_top.env.agent.mon [MON] Sampled data from Interface
# KERNEL: UVM_INFO /home/runner/scoreboard.sv(28) @ 1695: uvm_test_top.env.sb [SCB_PASS] sel=2, d=0, y=0
# KERNEL: UVM_INFO /home/runner/scoreboard.sv(28) @ 1695: uvm_test_top.env.sb [SCB_PASS] sel=2, d=aaaaaaaa, y=aaaaaaaa
# KERNEL: UVM_INFO /home/runner/scoreboard.sv(28) @ 1695: uvm_test_top.env.sb [SCB_PASS] sel=2, d=0, y=0
# KERNEL: UVM_INFO /home/runner/scoreboard.sv(28) @ 1695: uvm_test_top.env.sb [SCB_PASS] sel=2, d=0, y=0
# KERNEL: UVM_INFO /home/runner/monitor.sv(33) @ 1715: uvm_test_top.env.agent.mon [MON] Sampled data from Interface
# KERNEL: UVM_INFO /home/runner/scoreboard.sv(28) @ 1715: uvm_test_top.env.sb [SCB_PASS] sel=0, d=0, y=0
# KERNEL: UVM_INFO /home/runner/scoreboard.sv(28) @ 1715: uvm_test_top.env.sb [SCB_PASS] sel=0, d=0, y=0
# KERNEL: UVM_INFO /home/runner/scoreboard.sv(28) @ 1715: uvm_test_top.env.sb [SCB_PASS] sel=0, d=0, y=0
# KERNEL: UVM_INFO /home/runner/scoreboard.sv(28) @ 1715: uvm_test_top.env.sb [SCB_PASS] sel=0, d=aaaaaaaa, y=aaaaaaaa
# KERNEL: UVM_INFO /home/runner/monitor.sv(33) @ 1735: uvm_test_top.env.agent.mon [MON] Sampled data from Interface
# KERNEL: UVM_INFO /home/runner/scoreboard.sv(28) @ 1735: uvm_test_top.env.sb [SCB_PASS] sel=1, d=0, y=0
# KERNEL: UVM_INFO /home/runner/scoreboard.sv(28) @ 1735: uvm_test_top.env.sb [SCB_PASS] sel=1, d=0, y=0
# KERNEL: UVM_INFO /home/runner/scoreboard.sv(28) @ 1735: uvm_test_top.env.sb [SCB_PASS] sel=1, d=aaaaaaaa, y=aaaaaaaa
# KERNEL: UVM_INFO /home/runner/scoreboard.sv(28) @ 1735: uvm_test_top.env.sb [SCB_PASS] sel=1, d=0, y=0
# KERNEL: UVM_INFO /home/runner/monitor.sv(33) @ 1755: uvm_test_top.env.agent.mon [MON] Sampled data from Interface
# KERNEL: UVM_INFO /home/runner/scoreboard.sv(28) @ 1755: uvm_test_top.env.sb [SCB_PASS] sel=3, d=aaaaaaaa, y=aaaaaaaa
# KERNEL: UVM_INFO /home/runner/scoreboard.sv(28) @ 1755: uvm_test_top.env.sb [SCB_PASS] sel=3, d=0, y=0
# KERNEL: UVM_INFO /home/runner/scoreboard.sv(28) @ 1755: uvm_test_top.env.sb [SCB_PASS] sel=3, d=0, y=0
# KERNEL: UVM_INFO /home/runner/scoreboard.sv(28) @ 1755: uvm_test_top.env.sb [SCB_PASS] sel=3, d=0, y=0
# KERNEL: UVM_INFO /home/runner/monitor.sv(33) @ 1775: uvm_test_top.env.agent.mon [MON] Sampled data from Interface
# KERNEL: UVM_INFO /home/runner/scoreboard.sv(28) @ 1775: uvm_test_top.env.sb [SCB_PASS] sel=0, d=0, y=0
# KERNEL: UVM_INFO /home/runner/scoreboard.sv(28) @ 1775: uvm_test_top.env.sb [SCB_PASS] sel=0, d=0, y=0
# KERNEL: UVM_INFO /home/runner/scoreboard.sv(28) @ 1775: uvm_test_top.env.sb [SCB_PASS] sel=0, d=0, y=0
# KERNEL: UVM_INFO /home/runner/scoreboard.sv(28) @ 1775: uvm_test_top.env.sb [SCB_PASS] sel=0, d=aaaaaaaa, y=aaaaaaaa
# KERNEL: UVM_INFO /home/runner/monitor.sv(33) @ 1795: uvm_test_top.env.agent.mon [MON] Sampled data from Interface
# KERNEL: UVM_INFO /home/runner/scoreboard.sv(28) @ 1795: uvm_test_top.env.sb [SCB_PASS] sel=2, d=0, y=0
# KERNEL: UVM_INFO /home/runner/scoreboard.sv(28) @ 1795: uvm_test_top.env.sb [SCB_PASS] sel=2, d=aaaaaaaa, y=aaaaaaaa
# KERNEL: UVM_INFO /home/runner/scoreboard.sv(28) @ 1795: uvm_test_top.env.sb [SCB_PASS] sel=2, d=0, y=0
# KERNEL: UVM_INFO /home/runner/scoreboard.sv(28) @ 1795: uvm_test_top.env.sb [SCB_PASS] sel=2, d=0, y=0
# KERNEL: UVM_INFO /home/runner/monitor.sv(33) @ 1815: uvm_test_top.env.agent.mon [MON] Sampled data from Interface
# KERNEL: UVM_INFO /home/runner/scoreboard.sv(28) @ 1815: uvm_test_top.env.sb [SCB_PASS] sel=3, d=aaaaaaaa, y=aaaaaaaa
# KERNEL: UVM_INFO /home/runner/scoreboard.sv(28) @ 1815: uvm_test_top.env.sb [SCB_PASS] sel=3, d=0, y=0
# KERNEL: UVM_INFO /home/runner/scoreboard.sv(28) @ 1815: uvm_test_top.env.sb [SCB_PASS] sel=3, d=0, y=0
# KERNEL: UVM_INFO /home/runner/scoreboard.sv(28) @ 1815: uvm_test_top.env.sb [SCB_PASS] sel=3, d=0, y=0
# KERNEL: UVM_INFO /home/runner/monitor.sv(33) @ 1835: uvm_test_top.env.agent.mon [MON] Sampled data from Interface
# KERNEL: UVM_INFO /home/runner/scoreboard.sv(28) @ 1835: uvm_test_top.env.sb [SCB_PASS] sel=1, d=0, y=0
# KERNEL: UVM_INFO /home/runner/scoreboard.sv(28) @ 1835: uvm_test_top.env.sb [SCB_PASS] sel=1, d=0, y=0
# KERNEL: UVM_INFO /home/runner/scoreboard.sv(28) @ 1835: uvm_test_top.env.sb [SCB_PASS] sel=1, d=aaaaaaaa, y=aaaaaaaa
# KERNEL: UVM_INFO /home/runner/scoreboard.sv(28) @ 1835: uvm_test_top.env.sb [SCB_PASS] sel=1, d=0, y=0
# KERNEL: UVM_INFO /home/runner/monitor.sv(33) @ 1855: uvm_test_top.env.agent.mon [MON] Sampled data from Interface
# KERNEL: UVM_INFO /home/runner/scoreboard.sv(28) @ 1855: uvm_test_top.env.sb [SCB_PASS] sel=2, d=0, y=0
# KERNEL: UVM_INFO /home/runner/scoreboard.sv(28) @ 1855: uvm_test_top.env.sb [SCB_PASS] sel=2, d=aaaaaaaa, y=aaaaaaaa
# KERNEL: UVM_INFO /home/runner/scoreboard.sv(28) @ 1855: uvm_test_top.env.sb [SCB_PASS] sel=2, d=0, y=0
# KERNEL: UVM_INFO /home/runner/scoreboard.sv(28) @ 1855: uvm_test_top.env.sb [SCB_PASS] sel=2, d=0, y=0
# KERNEL: UVM_INFO /home/runner/monitor.sv(33) @ 1875: uvm_test_top.env.agent.mon [MON] Sampled data from Interface
# KERNEL: UVM_INFO /home/runner/scoreboard.sv(28) @ 1875: uvm_test_top.env.sb [SCB_PASS] sel=0, d=0, y=0
# KERNEL: UVM_INFO /home/runner/scoreboard.sv(28) @ 1875: uvm_test_top.env.sb [SCB_PASS] sel=0, d=0, y=0
# KERNEL: UVM_INFO /home/runner/scoreboard.sv(28) @ 1875: uvm_test_top.env.sb [SCB_PASS] sel=0, d=0, y=0
# KERNEL: UVM_INFO /home/runner/scoreboard.sv(28) @ 1875: uvm_test_top.env.sb [SCB_PASS] sel=0, d=aaaaaaaa, y=aaaaaaaa
# KERNEL: UVM_INFO /home/runner/monitor.sv(33) @ 1895: uvm_test_top.env.agent.mon [MON] Sampled data from Interface
# KERNEL: UVM_INFO /home/runner/scoreboard.sv(28) @ 1895: uvm_test_top.env.sb [SCB_PASS] sel=1, d=0, y=0
# KERNEL: UVM_INFO /home/runner/scoreboard.sv(28) @ 1895: uvm_test_top.env.sb [SCB_PASS] sel=1, d=0, y=0
# KERNEL: UVM_INFO /home/runner/scoreboard.sv(28) @ 1895: uvm_test_top.env.sb [SCB_PASS] sel=1, d=aaaaaaaa, y=aaaaaaaa
# KERNEL: UVM_INFO /home/runner/scoreboard.sv(28) @ 1895: uvm_test_top.env.sb [SCB_PASS] sel=1, d=0, y=0
# KERNEL: UVM_INFO /home/runner/monitor.sv(33) @ 1915: uvm_test_top.env.agent.mon [MON] Sampled data from Interface
# KERNEL: UVM_INFO /home/runner/scoreboard.sv(28) @ 1915: uvm_test_top.env.sb [SCB_PASS] sel=3, d=aaaaaaaa, y=aaaaaaaa
# KERNEL: UVM_INFO /home/runner/scoreboard.sv(28) @ 1915: uvm_test_top.env.sb [SCB_PASS] sel=3, d=0, y=0
# KERNEL: UVM_INFO /home/runner/scoreboard.sv(28) @ 1915: uvm_test_top.env.sb [SCB_PASS] sel=3, d=0, y=0
# KERNEL: UVM_INFO /home/runner/scoreboard.sv(28) @ 1915: uvm_test_top.env.sb [SCB_PASS] sel=3, d=0, y=0
# KERNEL: UVM_INFO /home/runner/monitor.sv(33) @ 1935: uvm_test_top.env.agent.mon [MON] Sampled data from Interface
# KERNEL: UVM_INFO /home/runner/scoreboard.sv(28) @ 1935: uvm_test_top.env.sb [SCB_PASS] sel=0, d=0, y=0
# KERNEL: UVM_INFO /home/runner/scoreboard.sv(28) @ 1935: uvm_test_top.env.sb [SCB_PASS] sel=0, d=0, y=0
# KERNEL: UVM_INFO /home/runner/scoreboard.sv(28) @ 1935: uvm_test_top.env.sb [SCB_PASS] sel=0, d=0, y=0
# KERNEL: UVM_INFO /home/runner/scoreboard.sv(28) @ 1935: uvm_test_top.env.sb [SCB_PASS] sel=0, d=aaaaaaaa, y=aaaaaaaa
# KERNEL: UVM_INFO /home/runner/monitor.sv(33) @ 1955: uvm_test_top.env.agent.mon [MON] Sampled data from Interface
# KERNEL: UVM_INFO /home/runner/scoreboard.sv(28) @ 1955: uvm_test_top.env.sb [SCB_PASS] sel=2, d=0, y=0
# KERNEL: UVM_INFO /home/runner/scoreboard.sv(28) @ 1955: uvm_test_top.env.sb [SCB_PASS] sel=2, d=aaaaaaaa, y=aaaaaaaa
# KERNEL: UVM_INFO /home/runner/scoreboard.sv(28) @ 1955: uvm_test_top.env.sb [SCB_PASS] sel=2, d=0, y=0
# KERNEL: UVM_INFO /home/runner/scoreboard.sv(28) @ 1955: uvm_test_top.env.sb [SCB_PASS] sel=2, d=0, y=0
# KERNEL: UVM_INFO /home/runner/monitor.sv(33) @ 1975: uvm_test_top.env.agent.mon [MON] Sampled data from Interface
# KERNEL: UVM_INFO /home/runner/scoreboard.sv(28) @ 1975: uvm_test_top.env.sb [SCB_PASS] sel=3, d=aaaaaaaa, y=aaaaaaaa
# KERNEL: UVM_INFO /home/runner/scoreboard.sv(28) @ 1975: uvm_test_top.env.sb [SCB_PASS] sel=3, d=0, y=0
# KERNEL: UVM_INFO /home/runner/scoreboard.sv(28) @ 1975: uvm_test_top.env.sb [SCB_PASS] sel=3, d=0, y=0
# KERNEL: UVM_INFO /home/runner/scoreboard.sv(28) @ 1975: uvm_test_top.env.sb [SCB_PASS] sel=3, d=0, y=0
# KERNEL: UVM_INFO /home/runner/monitor.sv(33) @ 1995: uvm_test_top.env.agent.mon [MON] Sampled data from Interface
# KERNEL: UVM_INFO /home/runner/scoreboard.sv(28) @ 1995: uvm_test_top.env.sb [SCB_PASS] sel=1, d=0, y=0
# KERNEL: UVM_INFO /home/runner/scoreboard.sv(28) @ 1995: uvm_test_top.env.sb [SCB_PASS] sel=1, d=0, y=0
# KERNEL: UVM_INFO /home/runner/scoreboard.sv(28) @ 1995: uvm_test_top.env.sb [SCB_PASS] sel=1, d=aaaaaaaa, y=aaaaaaaa
# KERNEL: UVM_INFO /home/runner/scoreboard.sv(28) @ 1995: uvm_test_top.env.sb [SCB_PASS] sel=1, d=0, y=0
# KERNEL: UVM_INFO /home/runner/monitor.sv(33) @ 2015: uvm_test_top.env.agent.mon [MON] Sampled data from Interface
# KERNEL: UVM_INFO /home/runner/scoreboard.sv(28) @ 2015: uvm_test_top.env.sb [SCB_PASS] sel=2, d=0, y=0
# KERNEL: UVM_INFO /home/runner/scoreboard.sv(28) @ 2015: uvm_test_top.env.sb [SCB_PASS] sel=2, d=aaaaaaaa, y=aaaaaaaa
# KERNEL: UVM_INFO /home/runner/scoreboard.sv(28) @ 2015: uvm_test_top.env.sb [SCB_PASS] sel=2, d=0, y=0
# KERNEL: UVM_INFO /home/runner/scoreboard.sv(28) @ 2015: uvm_test_top.env.sb [SCB_PASS] sel=2, d=0, y=0
# KERNEL: UVM_INFO /home/runner/monitor.sv(33) @ 2035: uvm_test_top.env.agent.mon [MON] Sampled data from Interface
# KERNEL: UVM_INFO /home/runner/scoreboard.sv(28) @ 2035: uvm_test_top.env.sb [SCB_PASS] sel=0, d=0, y=0
# KERNEL: UVM_INFO /home/runner/scoreboard.sv(28) @ 2035: uvm_test_top.env.sb [SCB_PASS] sel=0, d=0, y=0
# KERNEL: UVM_INFO /home/runner/scoreboard.sv(28) @ 2035: uvm_test_top.env.sb [SCB_PASS] sel=0, d=0, y=0
# KERNEL: UVM_INFO /home/runner/scoreboard.sv(28) @ 2035: uvm_test_top.env.sb [SCB_PASS] sel=0, d=1, y=1
# KERNEL: UVM_INFO /home/runner/monitor.sv(33) @ 2055: uvm_test_top.env.agent.mon [MON] Sampled data from Interface
# KERNEL: UVM_INFO /home/runner/scoreboard.sv(28) @ 2055: uvm_test_top.env.sb [SCB_PASS] sel=1, d=0, y=0
# KERNEL: UVM_INFO /home/runner/scoreboard.sv(28) @ 2055: uvm_test_top.env.sb [SCB_PASS] sel=1, d=0, y=0
# KERNEL: UVM_INFO /home/runner/scoreboard.sv(28) @ 2055: uvm_test_top.env.sb [SCB_PASS] sel=1, d=1, y=1
# KERNEL: UVM_INFO /home/runner/scoreboard.sv(28) @ 2055: uvm_test_top.env.sb [SCB_PASS] sel=1, d=0, y=0
# KERNEL: UVM_INFO /home/runner/monitor.sv(33) @ 2075: uvm_test_top.env.agent.mon [MON] Sampled data from Interface
# KERNEL: UVM_INFO /home/runner/scoreboard.sv(28) @ 2075: uvm_test_top.env.sb [SCB_PASS] sel=3, d=1, y=1
# KERNEL: UVM_INFO /home/runner/scoreboard.sv(28) @ 2075: uvm_test_top.env.sb [SCB_PASS] sel=3, d=0, y=0
# KERNEL: UVM_INFO /home/runner/scoreboard.sv(28) @ 2075: uvm_test_top.env.sb [SCB_PASS] sel=3, d=0, y=0
# KERNEL: UVM_INFO /home/runner/scoreboard.sv(28) @ 2075: uvm_test_top.env.sb [SCB_PASS] sel=3, d=0, y=0
# KERNEL: UVM_INFO /home/runner/monitor.sv(33) @ 2095: uvm_test_top.env.agent.mon [MON] Sampled data from Interface
# KERNEL: UVM_INFO /home/runner/scoreboard.sv(28) @ 2095: uvm_test_top.env.sb [SCB_PASS] sel=0, d=0, y=0
# KERNEL: UVM_INFO /home/runner/scoreboard.sv(28) @ 2095: uvm_test_top.env.sb [SCB_PASS] sel=0, d=0, y=0
# KERNEL: UVM_INFO /home/runner/scoreboard.sv(28) @ 2095: uvm_test_top.env.sb [SCB_PASS] sel=0, d=0, y=0
# KERNEL: UVM_INFO /home/runner/scoreboard.sv(28) @ 2095: uvm_test_top.env.sb [SCB_PASS] sel=0, d=1, y=1
# KERNEL: UVM_INFO /home/runner/monitor.sv(33) @ 2115: uvm_test_top.env.agent.mon [MON] Sampled data from Interface
# KERNEL: UVM_INFO /home/runner/scoreboard.sv(28) @ 2115: uvm_test_top.env.sb [SCB_PASS] sel=2, d=0, y=0
# KERNEL: UVM_INFO /home/runner/scoreboard.sv(28) @ 2115: uvm_test_top.env.sb [SCB_PASS] sel=2, d=1, y=1
# KERNEL: UVM_INFO /home/runner/scoreboard.sv(28) @ 2115: uvm_test_top.env.sb [SCB_PASS] sel=2, d=0, y=0
# KERNEL: UVM_INFO /home/runner/scoreboard.sv(28) @ 2115: uvm_test_top.env.sb [SCB_PASS] sel=2, d=0, y=0
# KERNEL: UVM_INFO /home/runner/monitor.sv(33) @ 2135: uvm_test_top.env.agent.mon [MON] Sampled data from Interface
# KERNEL: UVM_INFO /home/runner/scoreboard.sv(28) @ 2135: uvm_test_top.env.sb [SCB_PASS] sel=3, d=1, y=1
# KERNEL: UVM_INFO /home/runner/scoreboard.sv(28) @ 2135: uvm_test_top.env.sb [SCB_PASS] sel=3, d=0, y=0
# KERNEL: UVM_INFO /home/runner/scoreboard.sv(28) @ 2135: uvm_test_top.env.sb [SCB_PASS] sel=3, d=0, y=0
# KERNEL: UVM_INFO /home/runner/scoreboard.sv(28) @ 2135: uvm_test_top.env.sb [SCB_PASS] sel=3, d=0, y=0
# KERNEL: UVM_INFO /home/runner/monitor.sv(33) @ 2155: uvm_test_top.env.agent.mon [MON] Sampled data from Interface
# KERNEL: UVM_INFO /home/runner/scoreboard.sv(28) @ 2155: uvm_test_top.env.sb [SCB_PASS] sel=1, d=0, y=0
# KERNEL: UVM_INFO /home/runner/scoreboard.sv(28) @ 2155: uvm_test_top.env.sb [SCB_PASS] sel=1, d=0, y=0
# KERNEL: UVM_INFO /home/runner/scoreboard.sv(28) @ 2155: uvm_test_top.env.sb [SCB_PASS] sel=1, d=1, y=1
# KERNEL: UVM_INFO /home/runner/scoreboard.sv(28) @ 2155: uvm_test_top.env.sb [SCB_PASS] sel=1, d=0, y=0
# KERNEL: UVM_INFO /home/runner/monitor.sv(33) @ 2175: uvm_test_top.env.agent.mon [MON] Sampled data from Interface
# KERNEL: UVM_INFO /home/runner/scoreboard.sv(28) @ 2175: uvm_test_top.env.sb [SCB_PASS] sel=2, d=0, y=0
# KERNEL: UVM_INFO /home/runner/scoreboard.sv(28) @ 2175: uvm_test_top.env.sb [SCB_PASS] sel=2, d=1, y=1
# KERNEL: UVM_INFO /home/runner/scoreboard.sv(28) @ 2175: uvm_test_top.env.sb [SCB_PASS] sel=2, d=0, y=0
# KERNEL: UVM_INFO /home/runner/scoreboard.sv(28) @ 2175: uvm_test_top.env.sb [SCB_PASS] sel=2, d=0, y=0
# KERNEL: UVM_INFO /home/runner/monitor.sv(33) @ 2195: uvm_test_top.env.agent.mon [MON] Sampled data from Interface
# KERNEL: UVM_INFO /home/runner/scoreboard.sv(28) @ 2195: uvm_test_top.env.sb [SCB_PASS] sel=0, d=0, y=0
# KERNEL: UVM_INFO /home/runner/scoreboard.sv(28) @ 2195: uvm_test_top.env.sb [SCB_PASS] sel=0, d=0, y=0
# KERNEL: UVM_INFO /home/runner/scoreboard.sv(28) @ 2195: uvm_test_top.env.sb [SCB_PASS] sel=0, d=0, y=0
# KERNEL: UVM_INFO /home/runner/scoreboard.sv(28) @ 2195: uvm_test_top.env.sb [SCB_PASS] sel=0, d=1, y=1
# KERNEL: UVM_INFO /home/runner/monitor.sv(33) @ 2215: uvm_test_top.env.agent.mon [MON] Sampled data from Interface
# KERNEL: UVM_INFO /home/runner/scoreboard.sv(28) @ 2215: uvm_test_top.env.sb [SCB_PASS] sel=1, d=0, y=0
# KERNEL: UVM_INFO /home/runner/scoreboard.sv(28) @ 2215: uvm_test_top.env.sb [SCB_PASS] sel=1, d=0, y=0
# KERNEL: UVM_INFO /home/runner/scoreboard.sv(28) @ 2215: uvm_test_top.env.sb [SCB_PASS] sel=1, d=1, y=1
# KERNEL: UVM_INFO /home/runner/scoreboard.sv(28) @ 2215: uvm_test_top.env.sb [SCB_PASS] sel=1, d=0, y=0
# KERNEL: UVM_INFO /home/runner/monitor.sv(33) @ 2235: uvm_test_top.env.agent.mon [MON] Sampled data from Interface
# KERNEL: UVM_INFO /home/runner/scoreboard.sv(28) @ 2235: uvm_test_top.env.sb [SCB_PASS] sel=3, d=1, y=1
# KERNEL: UVM_INFO /home/runner/scoreboard.sv(28) @ 2235: uvm_test_top.env.sb [SCB_PASS] sel=3, d=0, y=0
# KERNEL: UVM_INFO /home/runner/scoreboard.sv(28) @ 2235: uvm_test_top.env.sb [SCB_PASS] sel=3, d=0, y=0
# KERNEL: UVM_INFO /home/runner/scoreboard.sv(28) @ 2235: uvm_test_top.env.sb [SCB_PASS] sel=3, d=0, y=0
# KERNEL: UVM_INFO /home/runner/monitor.sv(33) @ 2255: uvm_test_top.env.agent.mon [MON] Sampled data from Interface
# KERNEL: UVM_INFO /home/runner/scoreboard.sv(28) @ 2255: uvm_test_top.env.sb [SCB_PASS] sel=0, d=0, y=0
# KERNEL: UVM_INFO /home/runner/scoreboard.sv(28) @ 2255: uvm_test_top.env.sb [SCB_PASS] sel=0, d=0, y=0
# KERNEL: UVM_INFO /home/runner/scoreboard.sv(28) @ 2255: uvm_test_top.env.sb [SCB_PASS] sel=0, d=0, y=0
# KERNEL: UVM_INFO /home/runner/scoreboard.sv(28) @ 2255: uvm_test_top.env.sb [SCB_PASS] sel=0, d=1, y=1
# KERNEL: UVM_INFO /home/runner/monitor.sv(33) @ 2275: uvm_test_top.env.agent.mon [MON] Sampled data from Interface
# KERNEL: UVM_INFO /home/runner/scoreboard.sv(28) @ 2275: uvm_test_top.env.sb [SCB_PASS] sel=2, d=0, y=0
# KERNEL: UVM_INFO /home/runner/scoreboard.sv(28) @ 2275: uvm_test_top.env.sb [SCB_PASS] sel=2, d=1, y=1
# KERNEL: UVM_INFO /home/runner/scoreboard.sv(28) @ 2275: uvm_test_top.env.sb [SCB_PASS] sel=2, d=0, y=0
# KERNEL: UVM_INFO /home/runner/scoreboard.sv(28) @ 2275: uvm_test_top.env.sb [SCB_PASS] sel=2, d=0, y=0
# KERNEL: UVM_INFO /home/runner/monitor.sv(33) @ 2295: uvm_test_top.env.agent.mon [MON] Sampled data from Interface
# KERNEL: UVM_INFO /home/runner/scoreboard.sv(28) @ 2295: uvm_test_top.env.sb [SCB_PASS] sel=3, d=1, y=1
# KERNEL: UVM_INFO /home/runner/scoreboard.sv(28) @ 2295: uvm_test_top.env.sb [SCB_PASS] sel=3, d=0, y=0
# KERNEL: UVM_INFO /home/runner/scoreboard.sv(28) @ 2295: uvm_test_top.env.sb [SCB_PASS] sel=3, d=0, y=0
# KERNEL: UVM_INFO /home/runner/scoreboard.sv(28) @ 2295: uvm_test_top.env.sb [SCB_PASS] sel=3, d=0, y=0
# KERNEL: UVM_INFO /home/runner/monitor.sv(33) @ 2315: uvm_test_top.env.agent.mon [MON] Sampled data from Interface
# KERNEL: UVM_INFO /home/runner/scoreboard.sv(28) @ 2315: uvm_test_top.env.sb [SCB_PASS] sel=1, d=0, y=0
# KERNEL: UVM_INFO /home/runner/scoreboard.sv(28) @ 2315: uvm_test_top.env.sb [SCB_PASS] sel=1, d=0, y=0
# KERNEL: UVM_INFO /home/runner/scoreboard.sv(28) @ 2315: uvm_test_top.env.sb [SCB_PASS] sel=1, d=1, y=1
# KERNEL: UVM_INFO /home/runner/scoreboard.sv(28) @ 2315: uvm_test_top.env.sb [SCB_PASS] sel=1, d=0, y=0
# KERNEL: UVM_INFO /home/runner/monitor.sv(33) @ 2335: uvm_test_top.env.agent.mon [MON] Sampled data from Interface
# KERNEL: UVM_INFO /home/runner/scoreboard.sv(28) @ 2335: uvm_test_top.env.sb [SCB_PASS] sel=2, d=0, y=0
# KERNEL: UVM_INFO /home/runner/scoreboard.sv(28) @ 2335: uvm_test_top.env.sb [SCB_PASS] sel=2, d=1, y=1
# KERNEL: UVM_INFO /home/runner/scoreboard.sv(28) @ 2335: uvm_test_top.env.sb [SCB_PASS] sel=2, d=0, y=0
# KERNEL: UVM_INFO /home/runner/scoreboard.sv(28) @ 2335: uvm_test_top.env.sb [SCB_PASS] sel=2, d=0, y=0
# KERNEL: UVM_INFO /home/runner/monitor.sv(33) @ 2355: uvm_test_top.env.agent.mon [MON] Sampled data from Interface
# KERNEL: UVM_INFO /home/runner/scoreboard.sv(28) @ 2355: uvm_test_top.env.sb [SCB_PASS] sel=0, d=0, y=0
# KERNEL: UVM_INFO /home/runner/scoreboard.sv(28) @ 2355: uvm_test_top.env.sb [SCB_PASS] sel=0, d=0, y=0
# KERNEL: UVM_INFO /home/runner/scoreboard.sv(28) @ 2355: uvm_test_top.env.sb [SCB_PASS] sel=0, d=0, y=0
# KERNEL: UVM_INFO /home/runner/scoreboard.sv(28) @ 2355: uvm_test_top.env.sb [SCB_PASS] sel=0, d=1, y=1
# KERNEL: UVM_INFO /home/runner/monitor.sv(33) @ 2375: uvm_test_top.env.agent.mon [MON] Sampled data from Interface
# KERNEL: UVM_INFO /home/runner/scoreboard.sv(28) @ 2375: uvm_test_top.env.sb [SCB_PASS] sel=1, d=0, y=0
# KERNEL: UVM_INFO /home/runner/scoreboard.sv(28) @ 2375: uvm_test_top.env.sb [SCB_PASS] sel=1, d=0, y=0
# KERNEL: UVM_INFO /home/runner/scoreboard.sv(28) @ 2375: uvm_test_top.env.sb [SCB_PASS] sel=1, d=1, y=1
# KERNEL: UVM_INFO /home/runner/scoreboard.sv(28) @ 2375: uvm_test_top.env.sb [SCB_PASS] sel=1, d=0, y=0
# KERNEL: UVM_INFO /home/runner/monitor.sv(33) @ 2395: uvm_test_top.env.agent.mon [MON] Sampled data from Interface
# KERNEL: UVM_INFO /home/runner/scoreboard.sv(28) @ 2395: uvm_test_top.env.sb [SCB_PASS] sel=3, d=1, y=1
# KERNEL: UVM_INFO /home/runner/scoreboard.sv(28) @ 2395: uvm_test_top.env.sb [SCB_PASS] sel=3, d=0, y=0
# KERNEL: UVM_INFO /home/runner/scoreboard.sv(28) @ 2395: uvm_test_top.env.sb [SCB_PASS] sel=3, d=0, y=0
# KERNEL: UVM_INFO /home/runner/scoreboard.sv(28) @ 2395: uvm_test_top.env.sb [SCB_PASS] sel=3, d=0, y=0
# KERNEL: UVM_INFO /home/runner/monitor.sv(33) @ 2415: uvm_test_top.env.agent.mon [MON] Sampled data from Interface
# KERNEL: UVM_INFO /home/runner/scoreboard.sv(28) @ 2415: uvm_test_top.env.sb [SCB_PASS] sel=0, d=0, y=0
# KERNEL: UVM_INFO /home/runner/scoreboard.sv(28) @ 2415: uvm_test_top.env.sb [SCB_PASS] sel=0, d=0, y=0
# KERNEL: UVM_INFO /home/runner/scoreboard.sv(28) @ 2415: uvm_test_top.env.sb [SCB_PASS] sel=0, d=0, y=0
# KERNEL: UVM_INFO /home/runner/scoreboard.sv(28) @ 2415: uvm_test_top.env.sb [SCB_PASS] sel=0, d=1, y=1
# KERNEL: UVM_INFO /home/runner/monitor.sv(33) @ 2435: uvm_test_top.env.agent.mon [MON] Sampled data from Interface
# KERNEL: UVM_INFO /home/runner/scoreboard.sv(28) @ 2435: uvm_test_top.env.sb [SCB_PASS] sel=2, d=0, y=0
# KERNEL: UVM_INFO /home/runner/scoreboard.sv(28) @ 2435: uvm_test_top.env.sb [SCB_PASS] sel=2, d=1, y=1
# KERNEL: UVM_INFO /home/runner/scoreboard.sv(28) @ 2435: uvm_test_top.env.sb [SCB_PASS] sel=2, d=0, y=0
# KERNEL: UVM_INFO /home/runner/scoreboard.sv(28) @ 2435: uvm_test_top.env.sb [SCB_PASS] sel=2, d=0, y=0
# KERNEL: UVM_INFO /home/runner/monitor.sv(33) @ 2455: uvm_test_top.env.agent.mon [MON] Sampled data from Interface
# KERNEL: UVM_INFO /home/runner/scoreboard.sv(28) @ 2455: uvm_test_top.env.sb [SCB_PASS] sel=3, d=1, y=1
# KERNEL: UVM_INFO /home/runner/scoreboard.sv(28) @ 2455: uvm_test_top.env.sb [SCB_PASS] sel=3, d=0, y=0
# KERNEL: UVM_INFO /home/runner/scoreboard.sv(28) @ 2455: uvm_test_top.env.sb [SCB_PASS] sel=3, d=0, y=0
# KERNEL: UVM_INFO /home/runner/scoreboard.sv(28) @ 2455: uvm_test_top.env.sb [SCB_PASS] sel=3, d=0, y=0
# KERNEL: UVM_INFO /home/runner/monitor.sv(33) @ 2475: uvm_test_top.env.agent.mon [MON] Sampled data from Interface
# KERNEL: UVM_INFO /home/runner/scoreboard.sv(28) @ 2475: uvm_test_top.env.sb [SCB_PASS] sel=1, d=0, y=0
# KERNEL: UVM_INFO /home/runner/scoreboard.sv(28) @ 2475: uvm_test_top.env.sb [SCB_PASS] sel=1, d=0, y=0
# KERNEL: UVM_INFO /home/runner/scoreboard.sv(28) @ 2475: uvm_test_top.env.sb [SCB_PASS] sel=1, d=1, y=1
# KERNEL: UVM_INFO /home/runner/scoreboard.sv(28) @ 2475: uvm_test_top.env.sb [SCB_PASS] sel=1, d=0, y=0
# KERNEL: UVM_INFO /home/runner/monitor.sv(33) @ 2495: uvm_test_top.env.agent.mon [MON] Sampled data from Interface
# KERNEL: UVM_INFO /home/runner/scoreboard.sv(28) @ 2495: uvm_test_top.env.sb [SCB_PASS] sel=2, d=0, y=0
# KERNEL: UVM_INFO /home/runner/scoreboard.sv(28) @ 2495: uvm_test_top.env.sb [SCB_PASS] sel=2, d=1, y=1
# KERNEL: UVM_INFO /home/runner/scoreboard.sv(28) @ 2495: uvm_test_top.env.sb [SCB_PASS] sel=2, d=0, y=0
# KERNEL: UVM_INFO /home/runner/scoreboard.sv(28) @ 2495: uvm_test_top.env.sb [SCB_PASS] sel=2, d=0, y=0
# KERNEL: UVM_INFO /home/runner/monitor.sv(33) @ 2515: uvm_test_top.env.agent.mon [MON] Sampled data from Interface
# KERNEL: UVM_INFO /home/runner/scoreboard.sv(28) @ 2515: uvm_test_top.env.sb [SCB_PASS] sel=0, d=0, y=0
# KERNEL: UVM_INFO /home/runner/scoreboard.sv(28) @ 2515: uvm_test_top.env.sb [SCB_PASS] sel=0, d=0, y=0
# KERNEL: UVM_INFO /home/runner/scoreboard.sv(28) @ 2515: uvm_test_top.env.sb [SCB_PASS] sel=0, d=0, y=0
# KERNEL: UVM_INFO /home/runner/scoreboard.sv(28) @ 2515: uvm_test_top.env.sb [SCB_PASS] sel=0, d=1, y=1
# KERNEL: UVM_INFO /home/runner/monitor.sv(33) @ 2535: uvm_test_top.env.agent.mon [MON] Sampled data from Interface
# KERNEL: UVM_INFO /home/runner/scoreboard.sv(28) @ 2535: uvm_test_top.env.sb [SCB_PASS] sel=1, d=0, y=0
# KERNEL: UVM_INFO /home/runner/scoreboard.sv(28) @ 2535: uvm_test_top.env.sb [SCB_PASS] sel=1, d=0, y=0
# KERNEL: UVM_INFO /home/runner/scoreboard.sv(28) @ 2535: uvm_test_top.env.sb [SCB_PASS] sel=1, d=2, y=2
# KERNEL: UVM_INFO /home/runner/scoreboard.sv(28) @ 2535: uvm_test_top.env.sb [SCB_PASS] sel=1, d=0, y=0
# KERNEL: UVM_INFO /home/runner/monitor.sv(33) @ 2555: uvm_test_top.env.agent.mon [MON] Sampled data from Interface
# KERNEL: UVM_INFO /home/runner/scoreboard.sv(28) @ 2555: uvm_test_top.env.sb [SCB_PASS] sel=3, d=2, y=2
# KERNEL: UVM_INFO /home/runner/scoreboard.sv(28) @ 2555: uvm_test_top.env.sb [SCB_PASS] sel=3, d=0, y=0
# KERNEL: UVM_INFO /home/runner/scoreboard.sv(28) @ 2555: uvm_test_top.env.sb [SCB_PASS] sel=3, d=0, y=0
# KERNEL: UVM_INFO /home/runner/scoreboard.sv(28) @ 2555: uvm_test_top.env.sb [SCB_PASS] sel=3, d=0, y=0
# KERNEL: UVM_INFO /home/runner/monitor.sv(33) @ 2575: uvm_test_top.env.agent.mon [MON] Sampled data from Interface
# KERNEL: UVM_INFO /home/runner/scoreboard.sv(28) @ 2575: uvm_test_top.env.sb [SCB_PASS] sel=0, d=0, y=0
# KERNEL: UVM_INFO /home/runner/scoreboard.sv(28) @ 2575: uvm_test_top.env.sb [SCB_PASS] sel=0, d=0, y=0
# KERNEL: UVM_INFO /home/runner/scoreboard.sv(28) @ 2575: uvm_test_top.env.sb [SCB_PASS] sel=0, d=0, y=0
# KERNEL: UVM_INFO /home/runner/scoreboard.sv(28) @ 2575: uvm_test_top.env.sb [SCB_PASS] sel=0, d=2, y=2
# KERNEL: UVM_INFO /home/runner/monitor.sv(33) @ 2595: uvm_test_top.env.agent.mon [MON] Sampled data from Interface
# KERNEL: UVM_INFO /home/runner/scoreboard.sv(28) @ 2595: uvm_test_top.env.sb [SCB_PASS] sel=2, d=0, y=0
# KERNEL: UVM_INFO /home/runner/scoreboard.sv(28) @ 2595: uvm_test_top.env.sb [SCB_PASS] sel=2, d=2, y=2
# KERNEL: UVM_INFO /home/runner/scoreboard.sv(28) @ 2595: uvm_test_top.env.sb [SCB_PASS] sel=2, d=0, y=0
# KERNEL: UVM_INFO /home/runner/scoreboard.sv(28) @ 2595: uvm_test_top.env.sb [SCB_PASS] sel=2, d=0, y=0
# KERNEL: UVM_INFO /home/runner/monitor.sv(33) @ 2615: uvm_test_top.env.agent.mon [MON] Sampled data from Interface
# KERNEL: UVM_INFO /home/runner/scoreboard.sv(28) @ 2615: uvm_test_top.env.sb [SCB_PASS] sel=3, d=2, y=2
# KERNEL: UVM_INFO /home/runner/scoreboard.sv(28) @ 2615: uvm_test_top.env.sb [SCB_PASS] sel=3, d=0, y=0
# KERNEL: UVM_INFO /home/runner/scoreboard.sv(28) @ 2615: uvm_test_top.env.sb [SCB_PASS] sel=3, d=0, y=0
# KERNEL: UVM_INFO /home/runner/scoreboard.sv(28) @ 2615: uvm_test_top.env.sb [SCB_PASS] sel=3, d=0, y=0
# KERNEL: UVM_INFO /home/runner/monitor.sv(33) @ 2635: uvm_test_top.env.agent.mon [MON] Sampled data from Interface
# KERNEL: UVM_INFO /home/runner/scoreboard.sv(28) @ 2635: uvm_test_top.env.sb [SCB_PASS] sel=1, d=0, y=0
# KERNEL: UVM_INFO /home/runner/scoreboard.sv(28) @ 2635: uvm_test_top.env.sb [SCB_PASS] sel=1, d=0, y=0
# KERNEL: UVM_INFO /home/runner/scoreboard.sv(28) @ 2635: uvm_test_top.env.sb [SCB_PASS] sel=1, d=2, y=2
# KERNEL: UVM_INFO /home/runner/scoreboard.sv(28) @ 2635: uvm_test_top.env.sb [SCB_PASS] sel=1, d=0, y=0
# KERNEL: UVM_INFO /home/runner/monitor.sv(33) @ 2655: uvm_test_top.env.agent.mon [MON] Sampled data from Interface
# KERNEL: UVM_INFO /home/runner/scoreboard.sv(28) @ 2655: uvm_test_top.env.sb [SCB_PASS] sel=2, d=0, y=0
# KERNEL: UVM_INFO /home/runner/scoreboard.sv(28) @ 2655: uvm_test_top.env.sb [SCB_PASS] sel=2, d=2, y=2
# KERNEL: UVM_INFO /home/runner/scoreboard.sv(28) @ 2655: uvm_test_top.env.sb [SCB_PASS] sel=2, d=0, y=0
# KERNEL: UVM_INFO /home/runner/scoreboard.sv(28) @ 2655: uvm_test_top.env.sb [SCB_PASS] sel=2, d=0, y=0
# KERNEL: UVM_INFO /home/runner/monitor.sv(33) @ 2675: uvm_test_top.env.agent.mon [MON] Sampled data from Interface
# KERNEL: UVM_INFO /home/runner/scoreboard.sv(28) @ 2675: uvm_test_top.env.sb [SCB_PASS] sel=0, d=0, y=0
# KERNEL: UVM_INFO /home/runner/scoreboard.sv(28) @ 2675: uvm_test_top.env.sb [SCB_PASS] sel=0, d=0, y=0
# KERNEL: UVM_INFO /home/runner/scoreboard.sv(28) @ 2675: uvm_test_top.env.sb [SCB_PASS] sel=0, d=0, y=0
# KERNEL: UVM_INFO /home/runner/scoreboard.sv(28) @ 2675: uvm_test_top.env.sb [SCB_PASS] sel=0, d=2, y=2
# KERNEL: UVM_INFO /home/runner/monitor.sv(33) @ 2695: uvm_test_top.env.agent.mon [MON] Sampled data from Interface
# KERNEL: UVM_INFO /home/runner/scoreboard.sv(28) @ 2695: uvm_test_top.env.sb [SCB_PASS] sel=1, d=0, y=0
# KERNEL: UVM_INFO /home/runner/scoreboard.sv(28) @ 2695: uvm_test_top.env.sb [SCB_PASS] sel=1, d=0, y=0
# KERNEL: UVM_INFO /home/runner/scoreboard.sv(28) @ 2695: uvm_test_top.env.sb [SCB_PASS] sel=1, d=2, y=2
# KERNEL: UVM_INFO /home/runner/scoreboard.sv(28) @ 2695: uvm_test_top.env.sb [SCB_PASS] sel=1, d=0, y=0
# KERNEL: UVM_INFO /home/runner/monitor.sv(33) @ 2715: uvm_test_top.env.agent.mon [MON] Sampled data from Interface
# KERNEL: UVM_INFO /home/runner/scoreboard.sv(28) @ 2715: uvm_test_top.env.sb [SCB_PASS] sel=3, d=2, y=2
# KERNEL: UVM_INFO /home/runner/scoreboard.sv(28) @ 2715: uvm_test_top.env.sb [SCB_PASS] sel=3, d=0, y=0
# KERNEL: UVM_INFO /home/runner/scoreboard.sv(28) @ 2715: uvm_test_top.env.sb [SCB_PASS] sel=3, d=0, y=0
# KERNEL: UVM_INFO /home/runner/scoreboard.sv(28) @ 2715: uvm_test_top.env.sb [SCB_PASS] sel=3, d=0, y=0
# KERNEL: UVM_INFO /home/runner/monitor.sv(33) @ 2735: uvm_test_top.env.agent.mon [MON] Sampled data from Interface
# KERNEL: UVM_INFO /home/runner/scoreboard.sv(28) @ 2735: uvm_test_top.env.sb [SCB_PASS] sel=0, d=0, y=0
# KERNEL: UVM_INFO /home/runner/scoreboard.sv(28) @ 2735: uvm_test_top.env.sb [SCB_PASS] sel=0, d=0, y=0
# KERNEL: UVM_INFO /home/runner/scoreboard.sv(28) @ 2735: uvm_test_top.env.sb [SCB_PASS] sel=0, d=0, y=0
# KERNEL: UVM_INFO /home/runner/scoreboard.sv(28) @ 2735: uvm_test_top.env.sb [SCB_PASS] sel=0, d=2, y=2
# KERNEL: UVM_INFO /home/runner/monitor.sv(33) @ 2755: uvm_test_top.env.agent.mon [MON] Sampled data from Interface
# KERNEL: UVM_INFO /home/runner/scoreboard.sv(28) @ 2755: uvm_test_top.env.sb [SCB_PASS] sel=2, d=0, y=0
# KERNEL: UVM_INFO /home/runner/scoreboard.sv(28) @ 2755: uvm_test_top.env.sb [SCB_PASS] sel=2, d=2, y=2
# KERNEL: UVM_INFO /home/runner/scoreboard.sv(28) @ 2755: uvm_test_top.env.sb [SCB_PASS] sel=2, d=0, y=0
# KERNEL: UVM_INFO /home/runner/scoreboard.sv(28) @ 2755: uvm_test_top.env.sb [SCB_PASS] sel=2, d=0, y=0
# KERNEL: UVM_INFO /home/runner/monitor.sv(33) @ 2775: uvm_test_top.env.agent.mon [MON] Sampled data from Interface
# KERNEL: UVM_INFO /home/runner/scoreboard.sv(28) @ 2775: uvm_test_top.env.sb [SCB_PASS] sel=3, d=2, y=2
# KERNEL: UVM_INFO /home/runner/scoreboard.sv(28) @ 2775: uvm_test_top.env.sb [SCB_PASS] sel=3, d=0, y=0
# KERNEL: UVM_INFO /home/runner/scoreboard.sv(28) @ 2775: uvm_test_top.env.sb [SCB_PASS] sel=3, d=0, y=0
# KERNEL: UVM_INFO /home/runner/scoreboard.sv(28) @ 2775: uvm_test_top.env.sb [SCB_PASS] sel=3, d=0, y=0
# KERNEL: UVM_INFO /home/runner/monitor.sv(33) @ 2795: uvm_test_top.env.agent.mon [MON] Sampled data from Interface
# KERNEL: UVM_INFO /home/runner/scoreboard.sv(28) @ 2795: uvm_test_top.env.sb [SCB_PASS] sel=1, d=0, y=0
# KERNEL: UVM_INFO /home/runner/scoreboard.sv(28) @ 2795: uvm_test_top.env.sb [SCB_PASS] sel=1, d=0, y=0
# KERNEL: UVM_INFO /home/runner/scoreboard.sv(28) @ 2795: uvm_test_top.env.sb [SCB_PASS] sel=1, d=2, y=2
# KERNEL: UVM_INFO /home/runner/scoreboard.sv(28) @ 2795: uvm_test_top.env.sb [SCB_PASS] sel=1, d=0, y=0
# KERNEL: UVM_INFO /home/runner/monitor.sv(33) @ 2815: uvm_test_top.env.agent.mon [MON] Sampled data from Interface
# KERNEL: UVM_INFO /home/runner/scoreboard.sv(28) @ 2815: uvm_test_top.env.sb [SCB_PASS] sel=2, d=0, y=0
# KERNEL: UVM_INFO /home/runner/scoreboard.sv(28) @ 2815: uvm_test_top.env.sb [SCB_PASS] sel=2, d=2, y=2
# KERNEL: UVM_INFO /home/runner/scoreboard.sv(28) @ 2815: uvm_test_top.env.sb [SCB_PASS] sel=2, d=0, y=0
# KERNEL: UVM_INFO /home/runner/scoreboard.sv(28) @ 2815: uvm_test_top.env.sb [SCB_PASS] sel=2, d=0, y=0
# KERNEL: UVM_INFO /home/runner/monitor.sv(33) @ 2835: uvm_test_top.env.agent.mon [MON] Sampled data from Interface
# KERNEL: UVM_INFO /home/runner/scoreboard.sv(28) @ 2835: uvm_test_top.env.sb [SCB_PASS] sel=0, d=0, y=0
# KERNEL: UVM_INFO /home/runner/scoreboard.sv(28) @ 2835: uvm_test_top.env.sb [SCB_PASS] sel=0, d=0, y=0
# KERNEL: UVM_INFO /home/runner/scoreboard.sv(28) @ 2835: uvm_test_top.env.sb [SCB_PASS] sel=0, d=0, y=0
# KERNEL: UVM_INFO /home/runner/scoreboard.sv(28) @ 2835: uvm_test_top.env.sb [SCB_PASS] sel=0, d=2, y=2
# KERNEL: UVM_INFO /home/runner/monitor.sv(33) @ 2855: uvm_test_top.env.agent.mon [MON] Sampled data from Interface
# KERNEL: UVM_INFO /home/runner/scoreboard.sv(28) @ 2855: uvm_test_top.env.sb [SCB_PASS] sel=1, d=0, y=0
# KERNEL: UVM_INFO /home/runner/scoreboard.sv(28) @ 2855: uvm_test_top.env.sb [SCB_PASS] sel=1, d=0, y=0
# KERNEL: UVM_INFO /home/runner/scoreboard.sv(28) @ 2855: uvm_test_top.env.sb [SCB_PASS] sel=1, d=2, y=2
# KERNEL: UVM_INFO /home/runner/scoreboard.sv(28) @ 2855: uvm_test_top.env.sb [SCB_PASS] sel=1, d=0, y=0
# KERNEL: UVM_INFO /home/runner/monitor.sv(33) @ 2875: uvm_test_top.env.agent.mon [MON] Sampled data from Interface
# KERNEL: UVM_INFO /home/runner/scoreboard.sv(28) @ 2875: uvm_test_top.env.sb [SCB_PASS] sel=3, d=2, y=2
# KERNEL: UVM_INFO /home/runner/scoreboard.sv(28) @ 2875: uvm_test_top.env.sb [SCB_PASS] sel=3, d=0, y=0
# KERNEL: UVM_INFO /home/runner/scoreboard.sv(28) @ 2875: uvm_test_top.env.sb [SCB_PASS] sel=3, d=0, y=0
# KERNEL: UVM_INFO /home/runner/scoreboard.sv(28) @ 2875: uvm_test_top.env.sb [SCB_PASS] sel=3, d=0, y=0
# KERNEL: UVM_INFO /home/runner/monitor.sv(33) @ 2895: uvm_test_top.env.agent.mon [MON] Sampled data from Interface
# KERNEL: UVM_INFO /home/runner/scoreboard.sv(28) @ 2895: uvm_test_top.env.sb [SCB_PASS] sel=0, d=0, y=0
# KERNEL: UVM_INFO /home/runner/scoreboard.sv(28) @ 2895: uvm_test_top.env.sb [SCB_PASS] sel=0, d=0, y=0
# KERNEL: UVM_INFO /home/runner/scoreboard.sv(28) @ 2895: uvm_test_top.env.sb [SCB_PASS] sel=0, d=0, y=0
# KERNEL: UVM_INFO /home/runner/scoreboard.sv(28) @ 2895: uvm_test_top.env.sb [SCB_PASS] sel=0, d=2, y=2
# KERNEL: UVM_INFO /home/runner/monitor.sv(33) @ 2915: uvm_test_top.env.agent.mon [MON] Sampled data from Interface
# KERNEL: UVM_INFO /home/runner/scoreboard.sv(28) @ 2915: uvm_test_top.env.sb [SCB_PASS] sel=2, d=0, y=0
# KERNEL: UVM_INFO /home/runner/scoreboard.sv(28) @ 2915: uvm_test_top.env.sb [SCB_PASS] sel=2, d=2, y=2
# KERNEL: UVM_INFO /home/runner/scoreboard.sv(28) @ 2915: uvm_test_top.env.sb [SCB_PASS] sel=2, d=0, y=0
# KERNEL: UVM_INFO /home/runner/scoreboard.sv(28) @ 2915: uvm_test_top.env.sb [SCB_PASS] sel=2, d=0, y=0
# KERNEL: UVM_INFO /home/runner/monitor.sv(33) @ 2935: uvm_test_top.env.agent.mon [MON] Sampled data from Interface
# KERNEL: UVM_INFO /home/runner/scoreboard.sv(28) @ 2935: uvm_test_top.env.sb [SCB_PASS] sel=3, d=2, y=2
# KERNEL: UVM_INFO /home/runner/scoreboard.sv(28) @ 2935: uvm_test_top.env.sb [SCB_PASS] sel=3, d=0, y=0
# KERNEL: UVM_INFO /home/runner/scoreboard.sv(28) @ 2935: uvm_test_top.env.sb [SCB_PASS] sel=3, d=0, y=0
# KERNEL: UVM_INFO /home/runner/scoreboard.sv(28) @ 2935: uvm_test_top.env.sb [SCB_PASS] sel=3, d=0, y=0
# KERNEL: UVM_INFO /home/runner/monitor.sv(33) @ 2955: uvm_test_top.env.agent.mon [MON] Sampled data from Interface
# KERNEL: UVM_INFO /home/runner/scoreboard.sv(28) @ 2955: uvm_test_top.env.sb [SCB_PASS] sel=1, d=0, y=0
# KERNEL: UVM_INFO /home/runner/scoreboard.sv(28) @ 2955: uvm_test_top.env.sb [SCB_PASS] sel=1, d=0, y=0
# KERNEL: UVM_INFO /home/runner/scoreboard.sv(28) @ 2955: uvm_test_top.env.sb [SCB_PASS] sel=1, d=2, y=2
# KERNEL: UVM_INFO /home/runner/scoreboard.sv(28) @ 2955: uvm_test_top.env.sb [SCB_PASS] sel=1, d=0, y=0
# KERNEL: UVM_INFO /home/runner/monitor.sv(33) @ 2975: uvm_test_top.env.agent.mon [MON] Sampled data from Interface
# KERNEL: UVM_INFO /home/runner/scoreboard.sv(28) @ 2975: uvm_test_top.env.sb [SCB_PASS] sel=2, d=0, y=0
# KERNEL: UVM_INFO /home/runner/scoreboard.sv(28) @ 2975: uvm_test_top.env.sb [SCB_PASS] sel=2, d=2, y=2
# KERNEL: UVM_INFO /home/runner/scoreboard.sv(28) @ 2975: uvm_test_top.env.sb [SCB_PASS] sel=2, d=0, y=0
# KERNEL: UVM_INFO /home/runner/scoreboard.sv(28) @ 2975: uvm_test_top.env.sb [SCB_PASS] sel=2, d=0, y=0
# KERNEL: UVM_INFO /home/runner/monitor.sv(33) @ 2995: uvm_test_top.env.agent.mon [MON] Sampled data from Interface
# KERNEL: UVM_INFO /home/runner/scoreboard.sv(28) @ 2995: uvm_test_top.env.sb [SCB_PASS] sel=0, d=0, y=0
# KERNEL: UVM_INFO /home/runner/scoreboard.sv(28) @ 2995: uvm_test_top.env.sb [SCB_PASS] sel=0, d=0, y=0
# KERNEL: UVM_INFO /home/runner/scoreboard.sv(28) @ 2995: uvm_test_top.env.sb [SCB_PASS] sel=0, d=0, y=0
# KERNEL: UVM_INFO /home/runner/scoreboard.sv(28) @ 2995: uvm_test_top.env.sb [SCB_PASS] sel=0, d=2, y=2
# KERNEL: UVM_INFO /home/runner/monitor.sv(33) @ 3015: uvm_test_top.env.agent.mon [MON] Sampled data from Interface
# KERNEL: UVM_INFO /home/runner/scoreboard.sv(28) @ 3015: uvm_test_top.env.sb [SCB_PASS] sel=1, d=0, y=0
# KERNEL: UVM_INFO /home/runner/scoreboard.sv(28) @ 3015: uvm_test_top.env.sb [SCB_PASS] sel=1, d=0, y=0
# KERNEL: UVM_INFO /home/runner/scoreboard.sv(28) @ 3015: uvm_test_top.env.sb [SCB_PASS] sel=1, d=2, y=2
# KERNEL: UVM_INFO /home/runner/scoreboard.sv(28) @ 3015: uvm_test_top.env.sb [SCB_PASS] sel=1, d=0, y=0
# KERNEL: UVM_INFO /home/runner/monitor.sv(33) @ 3035: uvm_test_top.env.agent.mon [MON] Sampled data from Interface
# KERNEL: UVM_INFO /home/runner/scoreboard.sv(28) @ 3035: uvm_test_top.env.sb [SCB_PASS] sel=3, d=4, y=4
# KERNEL: UVM_INFO /home/runner/scoreboard.sv(28) @ 3035: uvm_test_top.env.sb [SCB_PASS] sel=3, d=0, y=0
# KERNEL: UVM_INFO /home/runner/scoreboard.sv(28) @ 3035: uvm_test_top.env.sb [SCB_PASS] sel=3, d=0, y=0
# KERNEL: UVM_INFO /home/runner/scoreboard.sv(28) @ 3035: uvm_test_top.env.sb [SCB_PASS] sel=3, d=0, y=0
# KERNEL: UVM_INFO /home/runner/monitor.sv(33) @ 3055: uvm_test_top.env.agent.mon [MON] Sampled data from Interface
# KERNEL: UVM_INFO /home/runner/scoreboard.sv(28) @ 3055: uvm_test_top.env.sb [SCB_PASS] sel=0, d=0, y=0
# KERNEL: UVM_INFO /home/runner/scoreboard.sv(28) @ 3055: uvm_test_top.env.sb [SCB_PASS] sel=0, d=0, y=0
# KERNEL: UVM_INFO /home/runner/scoreboard.sv(28) @ 3055: uvm_test_top.env.sb [SCB_PASS] sel=0, d=0, y=0
# KERNEL: UVM_INFO /home/runner/scoreboard.sv(28) @ 3055: uvm_test_top.env.sb [SCB_PASS] sel=0, d=4, y=4
# KERNEL: UVM_INFO /home/runner/monitor.sv(33) @ 3075: uvm_test_top.env.agent.mon [MON] Sampled data from Interface
# KERNEL: UVM_INFO /home/runner/scoreboard.sv(28) @ 3075: uvm_test_top.env.sb [SCB_PASS] sel=2, d=0, y=0
# KERNEL: UVM_INFO /home/runner/scoreboard.sv(28) @ 3075: uvm_test_top.env.sb [SCB_PASS] sel=2, d=4, y=4
# KERNEL: UVM_INFO /home/runner/scoreboard.sv(28) @ 3075: uvm_test_top.env.sb [SCB_PASS] sel=2, d=0, y=0
# KERNEL: UVM_INFO /home/runner/scoreboard.sv(28) @ 3075: uvm_test_top.env.sb [SCB_PASS] sel=2, d=0, y=0
# KERNEL: UVM_INFO /home/runner/monitor.sv(33) @ 3095: uvm_test_top.env.agent.mon [MON] Sampled data from Interface
# KERNEL: UVM_INFO /home/runner/scoreboard.sv(28) @ 3095: uvm_test_top.env.sb [SCB_PASS] sel=3, d=4, y=4
# KERNEL: UVM_INFO /home/runner/scoreboard.sv(28) @ 3095: uvm_test_top.env.sb [SCB_PASS] sel=3, d=0, y=0
# KERNEL: UVM_INFO /home/runner/scoreboard.sv(28) @ 3095: uvm_test_top.env.sb [SCB_PASS] sel=3, d=0, y=0
# KERNEL: UVM_INFO /home/runner/scoreboard.sv(28) @ 3095: uvm_test_top.env.sb [SCB_PASS] sel=3, d=0, y=0
# KERNEL: UVM_INFO /home/runner/monitor.sv(33) @ 3115: uvm_test_top.env.agent.mon [MON] Sampled data from Interface
# KERNEL: UVM_INFO /home/runner/scoreboard.sv(28) @ 3115: uvm_test_top.env.sb [SCB_PASS] sel=1, d=0, y=0
# KERNEL: UVM_INFO /home/runner/scoreboard.sv(28) @ 3115: uvm_test_top.env.sb [SCB_PASS] sel=1, d=0, y=0
# KERNEL: UVM_INFO /home/runner/scoreboard.sv(28) @ 3115: uvm_test_top.env.sb [SCB_PASS] sel=1, d=4, y=4
# KERNEL: UVM_INFO /home/runner/scoreboard.sv(28) @ 3115: uvm_test_top.env.sb [SCB_PASS] sel=1, d=0, y=0
# KERNEL: UVM_INFO /home/runner/monitor.sv(33) @ 3135: uvm_test_top.env.agent.mon [MON] Sampled data from Interface
# KERNEL: UVM_INFO /home/runner/scoreboard.sv(28) @ 3135: uvm_test_top.env.sb [SCB_PASS] sel=2, d=0, y=0
# KERNEL: UVM_INFO /home/runner/scoreboard.sv(28) @ 3135: uvm_test_top.env.sb [SCB_PASS] sel=2, d=4, y=4
# KERNEL: UVM_INFO /home/runner/scoreboard.sv(28) @ 3135: uvm_test_top.env.sb [SCB_PASS] sel=2, d=0, y=0
# KERNEL: UVM_INFO /home/runner/scoreboard.sv(28) @ 3135: uvm_test_top.env.sb [SCB_PASS] sel=2, d=0, y=0
# KERNEL: UVM_INFO /home/runner/monitor.sv(33) @ 3155: uvm_test_top.env.agent.mon [MON] Sampled data from Interface
# KERNEL: UVM_INFO /home/runner/scoreboard.sv(28) @ 3155: uvm_test_top.env.sb [SCB_PASS] sel=0, d=0, y=0
# KERNEL: UVM_INFO /home/runner/scoreboard.sv(28) @ 3155: uvm_test_top.env.sb [SCB_PASS] sel=0, d=0, y=0
# KERNEL: UVM_INFO /home/runner/scoreboard.sv(28) @ 3155: uvm_test_top.env.sb [SCB_PASS] sel=0, d=0, y=0
# KERNEL: UVM_INFO /home/runner/scoreboard.sv(28) @ 3155: uvm_test_top.env.sb [SCB_PASS] sel=0, d=4, y=4
# KERNEL: UVM_INFO /home/runner/monitor.sv(33) @ 3175: uvm_test_top.env.agent.mon [MON] Sampled data from Interface
# KERNEL: UVM_INFO /home/runner/scoreboard.sv(28) @ 3175: uvm_test_top.env.sb [SCB_PASS] sel=1, d=0, y=0
# KERNEL: UVM_INFO /home/runner/scoreboard.sv(28) @ 3175: uvm_test_top.env.sb [SCB_PASS] sel=1, d=0, y=0
# KERNEL: UVM_INFO /home/runner/scoreboard.sv(28) @ 3175: uvm_test_top.env.sb [SCB_PASS] sel=1, d=4, y=4
# KERNEL: UVM_INFO /home/runner/scoreboard.sv(28) @ 3175: uvm_test_top.env.sb [SCB_PASS] sel=1, d=0, y=0
# KERNEL: UVM_INFO /home/runner/monitor.sv(33) @ 3195: uvm_test_top.env.agent.mon [MON] Sampled data from Interface
# KERNEL: UVM_INFO /home/runner/scoreboard.sv(28) @ 3195: uvm_test_top.env.sb [SCB_PASS] sel=3, d=4, y=4
# KERNEL: UVM_INFO /home/runner/scoreboard.sv(28) @ 3195: uvm_test_top.env.sb [SCB_PASS] sel=3, d=0, y=0
# KERNEL: UVM_INFO /home/runner/scoreboard.sv(28) @ 3195: uvm_test_top.env.sb [SCB_PASS] sel=3, d=0, y=0
# KERNEL: UVM_INFO /home/runner/scoreboard.sv(28) @ 3195: uvm_test_top.env.sb [SCB_PASS] sel=3, d=0, y=0
# KERNEL: UVM_INFO /home/runner/monitor.sv(33) @ 3215: uvm_test_top.env.agent.mon [MON] Sampled data from Interface
# KERNEL: UVM_INFO /home/runner/scoreboard.sv(28) @ 3215: uvm_test_top.env.sb [SCB_PASS] sel=0, d=0, y=0
# KERNEL: UVM_INFO /home/runner/scoreboard.sv(28) @ 3215: uvm_test_top.env.sb [SCB_PASS] sel=0, d=0, y=0
# KERNEL: UVM_INFO /home/runner/scoreboard.sv(28) @ 3215: uvm_test_top.env.sb [SCB_PASS] sel=0, d=0, y=0
# KERNEL: UVM_INFO /home/runner/scoreboard.sv(28) @ 3215: uvm_test_top.env.sb [SCB_PASS] sel=0, d=4, y=4
# KERNEL: UVM_INFO /home/runner/monitor.sv(33) @ 3235: uvm_test_top.env.agent.mon [MON] Sampled data from Interface
# KERNEL: UVM_INFO /home/runner/scoreboard.sv(28) @ 3235: uvm_test_top.env.sb [SCB_PASS] sel=2, d=0, y=0
# KERNEL: UVM_INFO /home/runner/scoreboard.sv(28) @ 3235: uvm_test_top.env.sb [SCB_PASS] sel=2, d=4, y=4
# KERNEL: UVM_INFO /home/runner/scoreboard.sv(28) @ 3235: uvm_test_top.env.sb [SCB_PASS] sel=2, d=0, y=0
# KERNEL: UVM_INFO /home/runner/scoreboard.sv(28) @ 3235: uvm_test_top.env.sb [SCB_PASS] sel=2, d=0, y=0
# KERNEL: UVM_INFO /home/runner/monitor.sv(33) @ 3255: uvm_test_top.env.agent.mon [MON] Sampled data from Interface
# KERNEL: UVM_INFO /home/runner/scoreboard.sv(28) @ 3255: uvm_test_top.env.sb [SCB_PASS] sel=3, d=4, y=4
# KERNEL: UVM_INFO /home/runner/scoreboard.sv(28) @ 3255: uvm_test_top.env.sb [SCB_PASS] sel=3, d=0, y=0
# KERNEL: UVM_INFO /home/runner/scoreboard.sv(28) @ 3255: uvm_test_top.env.sb [SCB_PASS] sel=3, d=0, y=0
# KERNEL: UVM_INFO /home/runner/scoreboard.sv(28) @ 3255: uvm_test_top.env.sb [SCB_PASS] sel=3, d=0, y=0
# KERNEL: UVM_INFO /home/runner/monitor.sv(33) @ 3275: uvm_test_top.env.agent.mon [MON] Sampled data from Interface
# KERNEL: UVM_INFO /home/runner/scoreboard.sv(28) @ 3275: uvm_test_top.env.sb [SCB_PASS] sel=1, d=0, y=0
# KERNEL: UVM_INFO /home/runner/scoreboard.sv(28) @ 3275: uvm_test_top.env.sb [SCB_PASS] sel=1, d=0, y=0
# KERNEL: UVM_INFO /home/runner/scoreboard.sv(28) @ 3275: uvm_test_top.env.sb [SCB_PASS] sel=1, d=4, y=4
# KERNEL: UVM_INFO /home/runner/scoreboard.sv(28) @ 3275: uvm_test_top.env.sb [SCB_PASS] sel=1, d=0, y=0
# KERNEL: UVM_INFO /home/runner/monitor.sv(33) @ 3295: uvm_test_top.env.agent.mon [MON] Sampled data from Interface
# KERNEL: UVM_INFO /home/runner/scoreboard.sv(28) @ 3295: uvm_test_top.env.sb [SCB_PASS] sel=2, d=0, y=0
# KERNEL: UVM_INFO /home/runner/scoreboard.sv(28) @ 3295: uvm_test_top.env.sb [SCB_PASS] sel=2, d=4, y=4
# KERNEL: UVM_INFO /home/runner/scoreboard.sv(28) @ 3295: uvm_test_top.env.sb [SCB_PASS] sel=2, d=0, y=0
# KERNEL: UVM_INFO /home/runner/scoreboard.sv(28) @ 3295: uvm_test_top.env.sb [SCB_PASS] sel=2, d=0, y=0
# KERNEL: UVM_INFO /home/runner/monitor.sv(33) @ 3315: uvm_test_top.env.agent.mon [MON] Sampled data from Interface
# KERNEL: UVM_INFO /home/runner/scoreboard.sv(28) @ 3315: uvm_test_top.env.sb [SCB_PASS] sel=0, d=0, y=0
# KERNEL: UVM_INFO /home/runner/scoreboard.sv(28) @ 3315: uvm_test_top.env.sb [SCB_PASS] sel=0, d=0, y=0
# KERNEL: UVM_INFO /home/runner/scoreboard.sv(28) @ 3315: uvm_test_top.env.sb [SCB_PASS] sel=0, d=0, y=0
# KERNEL: UVM_INFO /home/runner/scoreboard.sv(28) @ 3315: uvm_test_top.env.sb [SCB_PASS] sel=0, d=4, y=4
# KERNEL: UVM_INFO /home/runner/monitor.sv(33) @ 3335: uvm_test_top.env.agent.mon [MON] Sampled data from Interface
# KERNEL: UVM_INFO /home/runner/scoreboard.sv(28) @ 3335: uvm_test_top.env.sb [SCB_PASS] sel=1, d=0, y=0
# KERNEL: UVM_INFO /home/runner/scoreboard.sv(28) @ 3335: uvm_test_top.env.sb [SCB_PASS] sel=1, d=0, y=0
# KERNEL: UVM_INFO /home/runner/scoreboard.sv(28) @ 3335: uvm_test_top.env.sb [SCB_PASS] sel=1, d=4, y=4
# KERNEL: UVM_INFO /home/runner/scoreboard.sv(28) @ 3335: uvm_test_top.env.sb [SCB_PASS] sel=1, d=0, y=0
# KERNEL: UVM_INFO /home/runner/monitor.sv(33) @ 3355: uvm_test_top.env.agent.mon [MON] Sampled data from Interface
# KERNEL: UVM_INFO /home/runner/scoreboard.sv(28) @ 3355: uvm_test_top.env.sb [SCB_PASS] sel=3, d=4, y=4
# KERNEL: UVM_INFO /home/runner/scoreboard.sv(28) @ 3355: uvm_test_top.env.sb [SCB_PASS] sel=3, d=0, y=0
# KERNEL: UVM_INFO /home/runner/scoreboard.sv(28) @ 3355: uvm_test_top.env.sb [SCB_PASS] sel=3, d=0, y=0
# KERNEL: UVM_INFO /home/runner/scoreboard.sv(28) @ 3355: uvm_test_top.env.sb [SCB_PASS] sel=3, d=0, y=0
# KERNEL: UVM_INFO /home/runner/monitor.sv(33) @ 3375: uvm_test_top.env.agent.mon [MON] Sampled data from Interface
# KERNEL: UVM_INFO /home/runner/scoreboard.sv(28) @ 3375: uvm_test_top.env.sb [SCB_PASS] sel=0, d=0, y=0
# KERNEL: UVM_INFO /home/runner/scoreboard.sv(28) @ 3375: uvm_test_top.env.sb [SCB_PASS] sel=0, d=0, y=0
# KERNEL: UVM_INFO /home/runner/scoreboard.sv(28) @ 3375: uvm_test_top.env.sb [SCB_PASS] sel=0, d=0, y=0
# KERNEL: UVM_INFO /home/runner/scoreboard.sv(28) @ 3375: uvm_test_top.env.sb [SCB_PASS] sel=0, d=4, y=4
# KERNEL: UVM_INFO /home/runner/monitor.sv(33) @ 3395: uvm_test_top.env.agent.mon [MON] Sampled data from Interface
# KERNEL: UVM_INFO /home/runner/scoreboard.sv(28) @ 3395: uvm_test_top.env.sb [SCB_PASS] sel=2, d=0, y=0
# KERNEL: UVM_INFO /home/runner/scoreboard.sv(28) @ 3395: uvm_test_top.env.sb [SCB_PASS] sel=2, d=4, y=4
# KERNEL: UVM_INFO /home/runner/scoreboard.sv(28) @ 3395: uvm_test_top.env.sb [SCB_PASS] sel=2, d=0, y=0
# KERNEL: UVM_INFO /home/runner/scoreboard.sv(28) @ 3395: uvm_test_top.env.sb [SCB_PASS] sel=2, d=0, y=0
# KERNEL: UVM_INFO /home/runner/monitor.sv(33) @ 3415: uvm_test_top.env.agent.mon [MON] Sampled data from Interface
# KERNEL: UVM_INFO /home/runner/scoreboard.sv(28) @ 3415: uvm_test_top.env.sb [SCB_PASS] sel=3, d=4, y=4
# KERNEL: UVM_INFO /home/runner/scoreboard.sv(28) @ 3415: uvm_test_top.env.sb [SCB_PASS] sel=3, d=0, y=0
# KERNEL: UVM_INFO /home/runner/scoreboard.sv(28) @ 3415: uvm_test_top.env.sb [SCB_PASS] sel=3, d=0, y=0
# KERNEL: UVM_INFO /home/runner/scoreboard.sv(28) @ 3415: uvm_test_top.env.sb [SCB_PASS] sel=3, d=0, y=0
# KERNEL: UVM_INFO /home/runner/monitor.sv(33) @ 3435: uvm_test_top.env.agent.mon [MON] Sampled data from Interface
# KERNEL: UVM_INFO /home/runner/scoreboard.sv(28) @ 3435: uvm_test_top.env.sb [SCB_PASS] sel=1, d=0, y=0
# KERNEL: UVM_INFO /home/runner/scoreboard.sv(28) @ 3435: uvm_test_top.env.sb [SCB_PASS] sel=1, d=0, y=0
# KERNEL: UVM_INFO /home/runner/scoreboard.sv(28) @ 3435: uvm_test_top.env.sb [SCB_PASS] sel=1, d=4, y=4
# KERNEL: UVM_INFO /home/runner/scoreboard.sv(28) @ 3435: uvm_test_top.env.sb [SCB_PASS] sel=1, d=0, y=0
# KERNEL: UVM_INFO /home/runner/monitor.sv(33) @ 3455: uvm_test_top.env.agent.mon [MON] Sampled data from Interface
# KERNEL: UVM_INFO /home/runner/scoreboard.sv(28) @ 3455: uvm_test_top.env.sb [SCB_PASS] sel=2, d=0, y=0
# KERNEL: UVM_INFO /home/runner/scoreboard.sv(28) @ 3455: uvm_test_top.env.sb [SCB_PASS] sel=2, d=4, y=4
# KERNEL: UVM_INFO /home/runner/scoreboard.sv(28) @ 3455: uvm_test_top.env.sb [SCB_PASS] sel=2, d=0, y=0
# KERNEL: UVM_INFO /home/runner/scoreboard.sv(28) @ 3455: uvm_test_top.env.sb [SCB_PASS] sel=2, d=0, y=0
# KERNEL: UVM_INFO /home/runner/monitor.sv(33) @ 3475: uvm_test_top.env.agent.mon [MON] Sampled data from Interface
# KERNEL: UVM_INFO /home/runner/scoreboard.sv(28) @ 3475: uvm_test_top.env.sb [SCB_PASS] sel=0, d=0, y=0
# KERNEL: UVM_INFO /home/runner/scoreboard.sv(28) @ 3475: uvm_test_top.env.sb [SCB_PASS] sel=0, d=0, y=0
# KERNEL: UVM_INFO /home/runner/scoreboard.sv(28) @ 3475: uvm_test_top.env.sb [SCB_PASS] sel=0, d=0, y=0
# KERNEL: UVM_INFO /home/runner/scoreboard.sv(28) @ 3475: uvm_test_top.env.sb [SCB_PASS] sel=0, d=4, y=4
# KERNEL: UVM_INFO /home/runner/monitor.sv(33) @ 3495: uvm_test_top.env.agent.mon [MON] Sampled data from Interface
# KERNEL: UVM_INFO /home/runner/scoreboard.sv(28) @ 3495: uvm_test_top.env.sb [SCB_PASS] sel=1, d=0, y=0
# KERNEL: UVM_INFO /home/runner/scoreboard.sv(28) @ 3495: uvm_test_top.env.sb [SCB_PASS] sel=1, d=0, y=0
# KERNEL: UVM_INFO /home/runner/scoreboard.sv(28) @ 3495: uvm_test_top.env.sb [SCB_PASS] sel=1, d=4, y=4
# KERNEL: UVM_INFO /home/runner/scoreboard.sv(28) @ 3495: uvm_test_top.env.sb [SCB_PASS] sel=1, d=0, y=0
# KERNEL: UVM_INFO /home/runner/monitor.sv(33) @ 3515: uvm_test_top.env.agent.mon [MON] Sampled data from Interface
# KERNEL: UVM_INFO /home/runner/scoreboard.sv(28) @ 3515: uvm_test_top.env.sb [SCB_PASS] sel=3, d=4, y=4
# KERNEL: UVM_INFO /home/runner/scoreboard.sv(28) @ 3515: uvm_test_top.env.sb [SCB_PASS] sel=3, d=0, y=0
# KERNEL: UVM_INFO /home/runner/scoreboard.sv(28) @ 3515: uvm_test_top.env.sb [SCB_PASS] sel=3, d=0, y=0
# KERNEL: UVM_INFO /home/runner/scoreboard.sv(28) @ 3515: uvm_test_top.env.sb [SCB_PASS] sel=3, d=0, y=0
# KERNEL: UVM_INFO /home/runner/monitor.sv(33) @ 3535: uvm_test_top.env.agent.mon [MON] Sampled data from Interface
# KERNEL: UVM_INFO /home/runner/scoreboard.sv(28) @ 3535: uvm_test_top.env.sb [SCB_PASS] sel=0, d=0, y=0
# KERNEL: UVM_INFO /home/runner/scoreboard.sv(28) @ 3535: uvm_test_top.env.sb [SCB_PASS] sel=0, d=0, y=0
# KERNEL: UVM_INFO /home/runner/scoreboard.sv(28) @ 3535: uvm_test_top.env.sb [SCB_PASS] sel=0, d=0, y=0
# KERNEL: UVM_INFO /home/runner/scoreboard.sv(28) @ 3535: uvm_test_top.env.sb [SCB_PASS] sel=0, d=8, y=8
# KERNEL: UVM_INFO /home/runner/monitor.sv(33) @ 3555: uvm_test_top.env.agent.mon [MON] Sampled data from Interface
# KERNEL: UVM_INFO /home/runner/scoreboard.sv(28) @ 3555: uvm_test_top.env.sb [SCB_PASS] sel=2, d=0, y=0
# KERNEL: UVM_INFO /home/runner/scoreboard.sv(28) @ 3555: uvm_test_top.env.sb [SCB_PASS] sel=2, d=8, y=8
# KERNEL: UVM_INFO /home/runner/scoreboard.sv(28) @ 3555: uvm_test_top.env.sb [SCB_PASS] sel=2, d=0, y=0
# KERNEL: UVM_INFO /home/runner/scoreboard.sv(28) @ 3555: uvm_test_top.env.sb [SCB_PASS] sel=2, d=0, y=0
# KERNEL: UVM_INFO /home/runner/monitor.sv(33) @ 3575: uvm_test_top.env.agent.mon [MON] Sampled data from Interface
# KERNEL: UVM_INFO /home/runner/scoreboard.sv(28) @ 3575: uvm_test_top.env.sb [SCB_PASS] sel=3, d=8, y=8
# KERNEL: UVM_INFO /home/runner/scoreboard.sv(28) @ 3575: uvm_test_top.env.sb [SCB_PASS] sel=3, d=0, y=0
# KERNEL: UVM_INFO /home/runner/scoreboard.sv(28) @ 3575: uvm_test_top.env.sb [SCB_PASS] sel=3, d=0, y=0
# KERNEL: UVM_INFO /home/runner/scoreboard.sv(28) @ 3575: uvm_test_top.env.sb [SCB_PASS] sel=3, d=0, y=0
# KERNEL: UVM_INFO /home/runner/monitor.sv(33) @ 3595: uvm_test_top.env.agent.mon [MON] Sampled data from Interface
# KERNEL: UVM_INFO /home/runner/scoreboard.sv(28) @ 3595: uvm_test_top.env.sb [SCB_PASS] sel=1, d=0, y=0
# KERNEL: UVM_INFO /home/runner/scoreboard.sv(28) @ 3595: uvm_test_top.env.sb [SCB_PASS] sel=1, d=0, y=0
# KERNEL: UVM_INFO /home/runner/scoreboard.sv(28) @ 3595: uvm_test_top.env.sb [SCB_PASS] sel=1, d=8, y=8
# KERNEL: UVM_INFO /home/runner/scoreboard.sv(28) @ 3595: uvm_test_top.env.sb [SCB_PASS] sel=1, d=0, y=0
# KERNEL: UVM_INFO /home/runner/monitor.sv(33) @ 3615: uvm_test_top.env.agent.mon [MON] Sampled data from Interface
# KERNEL: UVM_INFO /home/runner/scoreboard.sv(28) @ 3615: uvm_test_top.env.sb [SCB_PASS] sel=2, d=0, y=0
# KERNEL: UVM_INFO /home/runner/scoreboard.sv(28) @ 3615: uvm_test_top.env.sb [SCB_PASS] sel=2, d=8, y=8
# KERNEL: UVM_INFO /home/runner/scoreboard.sv(28) @ 3615: uvm_test_top.env.sb [SCB_PASS] sel=2, d=0, y=0
# KERNEL: UVM_INFO /home/runner/scoreboard.sv(28) @ 3615: uvm_test_top.env.sb [SCB_PASS] sel=2, d=0, y=0
# KERNEL: UVM_INFO /home/runner/monitor.sv(33) @ 3635: uvm_test_top.env.agent.mon [MON] Sampled data from Interface
# KERNEL: UVM_INFO /home/runner/scoreboard.sv(28) @ 3635: uvm_test_top.env.sb [SCB_PASS] sel=0, d=0, y=0
# KERNEL: UVM_INFO /home/runner/scoreboard.sv(28) @ 3635: uvm_test_top.env.sb [SCB_PASS] sel=0, d=0, y=0
# KERNEL: UVM_INFO /home/runner/scoreboard.sv(28) @ 3635: uvm_test_top.env.sb [SCB_PASS] sel=0, d=0, y=0
# KERNEL: UVM_INFO /home/runner/scoreboard.sv(28) @ 3635: uvm_test_top.env.sb [SCB_PASS] sel=0, d=8, y=8
# KERNEL: UVM_INFO /home/runner/monitor.sv(33) @ 3655: uvm_test_top.env.agent.mon [MON] Sampled data from Interface
# KERNEL: UVM_INFO /home/runner/scoreboard.sv(28) @ 3655: uvm_test_top.env.sb [SCB_PASS] sel=1, d=0, y=0
# KERNEL: UVM_INFO /home/runner/scoreboard.sv(28) @ 3655: uvm_test_top.env.sb [SCB_PASS] sel=1, d=0, y=0
# KERNEL: UVM_INFO /home/runner/scoreboard.sv(28) @ 3655: uvm_test_top.env.sb [SCB_PASS] sel=1, d=8, y=8
# KERNEL: UVM_INFO /home/runner/scoreboard.sv(28) @ 3655: uvm_test_top.env.sb [SCB_PASS] sel=1, d=0, y=0
# KERNEL: UVM_INFO /home/runner/monitor.sv(33) @ 3675: uvm_test_top.env.agent.mon [MON] Sampled data from Interface
# KERNEL: UVM_INFO /home/runner/scoreboard.sv(28) @ 3675: uvm_test_top.env.sb [SCB_PASS] sel=3, d=8, y=8
# KERNEL: UVM_INFO /home/runner/scoreboard.sv(28) @ 3675: uvm_test_top.env.sb [SCB_PASS] sel=3, d=0, y=0
# KERNEL: UVM_INFO /home/runner/scoreboard.sv(28) @ 3675: uvm_test_top.env.sb [SCB_PASS] sel=3, d=0, y=0
# KERNEL: UVM_INFO /home/runner/scoreboard.sv(28) @ 3675: uvm_test_top.env.sb [SCB_PASS] sel=3, d=0, y=0
# KERNEL: UVM_INFO /home/runner/monitor.sv(33) @ 3695: uvm_test_top.env.agent.mon [MON] Sampled data from Interface
# KERNEL: UVM_INFO /home/runner/scoreboard.sv(28) @ 3695: uvm_test_top.env.sb [SCB_PASS] sel=0, d=0, y=0
# KERNEL: UVM_INFO /home/runner/scoreboard.sv(28) @ 3695: uvm_test_top.env.sb [SCB_PASS] sel=0, d=0, y=0
# KERNEL: UVM_INFO /home/runner/scoreboard.sv(28) @ 3695: uvm_test_top.env.sb [SCB_PASS] sel=0, d=0, y=0
# KERNEL: UVM_INFO /home/runner/scoreboard.sv(28) @ 3695: uvm_test_top.env.sb [SCB_PASS] sel=0, d=8, y=8
# KERNEL: UVM_INFO /home/runner/monitor.sv(33) @ 3715: uvm_test_top.env.agent.mon [MON] Sampled data from Interface
# KERNEL: UVM_INFO /home/runner/scoreboard.sv(28) @ 3715: uvm_test_top.env.sb [SCB_PASS] sel=2, d=0, y=0
# KERNEL: UVM_INFO /home/runner/scoreboard.sv(28) @ 3715: uvm_test_top.env.sb [SCB_PASS] sel=2, d=8, y=8
# KERNEL: UVM_INFO /home/runner/scoreboard.sv(28) @ 3715: uvm_test_top.env.sb [SCB_PASS] sel=2, d=0, y=0
# KERNEL: UVM_INFO /home/runner/scoreboard.sv(28) @ 3715: uvm_test_top.env.sb [SCB_PASS] sel=2, d=0, y=0
# KERNEL: UVM_INFO /home/runner/monitor.sv(33) @ 3735: uvm_test_top.env.agent.mon [MON] Sampled data from Interface
# KERNEL: UVM_INFO /home/runner/scoreboard.sv(28) @ 3735: uvm_test_top.env.sb [SCB_PASS] sel=3, d=8, y=8
# KERNEL: UVM_INFO /home/runner/scoreboard.sv(28) @ 3735: uvm_test_top.env.sb [SCB_PASS] sel=3, d=0, y=0
# KERNEL: UVM_INFO /home/runner/scoreboard.sv(28) @ 3735: uvm_test_top.env.sb [SCB_PASS] sel=3, d=0, y=0
# KERNEL: UVM_INFO /home/runner/scoreboard.sv(28) @ 3735: uvm_test_top.env.sb [SCB_PASS] sel=3, d=0, y=0
# KERNEL: UVM_INFO /home/runner/monitor.sv(33) @ 3755: uvm_test_top.env.agent.mon [MON] Sampled data from Interface
# KERNEL: UVM_INFO /home/runner/scoreboard.sv(28) @ 3755: uvm_test_top.env.sb [SCB_PASS] sel=1, d=0, y=0
# KERNEL: UVM_INFO /home/runner/scoreboard.sv(28) @ 3755: uvm_test_top.env.sb [SCB_PASS] sel=1, d=0, y=0
# KERNEL: UVM_INFO /home/runner/scoreboard.sv(28) @ 3755: uvm_test_top.env.sb [SCB_PASS] sel=1, d=8, y=8
# KERNEL: UVM_INFO /home/runner/scoreboard.sv(28) @ 3755: uvm_test_top.env.sb [SCB_PASS] sel=1, d=0, y=0
# KERNEL: UVM_INFO /home/runner/monitor.sv(33) @ 3775: uvm_test_top.env.agent.mon [MON] Sampled data from Interface
# KERNEL: UVM_INFO /home/runner/scoreboard.sv(28) @ 3775: uvm_test_top.env.sb [SCB_PASS] sel=2, d=0, y=0
# KERNEL: UVM_INFO /home/runner/scoreboard.sv(28) @ 3775: uvm_test_top.env.sb [SCB_PASS] sel=2, d=8, y=8
# KERNEL: UVM_INFO /home/runner/scoreboard.sv(28) @ 3775: uvm_test_top.env.sb [SCB_PASS] sel=2, d=0, y=0
# KERNEL: UVM_INFO /home/runner/scoreboard.sv(28) @ 3775: uvm_test_top.env.sb [SCB_PASS] sel=2, d=0, y=0
# KERNEL: UVM_INFO /home/runner/monitor.sv(33) @ 3795: uvm_test_top.env.agent.mon [MON] Sampled data from Interface
# KERNEL: UVM_INFO /home/runner/scoreboard.sv(28) @ 3795: uvm_test_top.env.sb [SCB_PASS] sel=3, d=8, y=8
# KERNEL: UVM_INFO /home/runner/scoreboard.sv(28) @ 3795: uvm_test_top.env.sb [SCB_PASS] sel=3, d=0, y=0
# KERNEL: UVM_INFO /home/runner/scoreboard.sv(28) @ 3795: uvm_test_top.env.sb [SCB_PASS] sel=3, d=0, y=0
# KERNEL: UVM_INFO /home/runner/scoreboard.sv(28) @ 3795: uvm_test_top.env.sb [SCB_PASS] sel=3, d=0, y=0
# KERNEL: UVM_INFO /home/runner/monitor.sv(33) @ 3815: uvm_test_top.env.agent.mon [MON] Sampled data from Interface
# KERNEL: UVM_INFO /home/runner/scoreboard.sv(28) @ 3815: uvm_test_top.env.sb [SCB_PASS] sel=3, d=8, y=8
# KERNEL: UVM_INFO /home/runner/scoreboard.sv(28) @ 3815: uvm_test_top.env.sb [SCB_PASS] sel=3, d=0, y=0
# KERNEL: UVM_INFO /home/runner/scoreboard.sv(28) @ 3815: uvm_test_top.env.sb [SCB_PASS] sel=3, d=0, y=0
# KERNEL: UVM_INFO /home/runner/scoreboard.sv(28) @ 3815: uvm_test_top.env.sb [SCB_PASS] sel=3, d=0, y=0
# KERNEL: UVM_INFO /home/runner/monitor.sv(33) @ 3835: uvm_test_top.env.agent.mon [MON] Sampled data from Interface
# KERNEL: UVM_INFO /home/runner/scoreboard.sv(28) @ 3835: uvm_test_top.env.sb [SCB_PASS] sel=2, d=0, y=0
# KERNEL: UVM_INFO /home/runner/scoreboard.sv(28) @ 3835: uvm_test_top.env.sb [SCB_PASS] sel=2, d=8, y=8
# KERNEL: UVM_INFO /home/runner/scoreboard.sv(28) @ 3835: uvm_test_top.env.sb [SCB_PASS] sel=2, d=0, y=0
# KERNEL: UVM_INFO /home/runner/scoreboard.sv(28) @ 3835: uvm_test_top.env.sb [SCB_PASS] sel=2, d=0, y=0
# KERNEL: UVM_INFO /home/runner/monitor.sv(33) @ 3855: uvm_test_top.env.agent.mon [MON] Sampled data from Interface
# KERNEL: UVM_INFO /home/runner/scoreboard.sv(28) @ 3855: uvm_test_top.env.sb [SCB_PASS] sel=2, d=0, y=0
# KERNEL: UVM_INFO /home/runner/scoreboard.sv(28) @ 3855: uvm_test_top.env.sb [SCB_PASS] sel=2, d=8, y=8
# KERNEL: UVM_INFO /home/runner/scoreboard.sv(28) @ 3855: uvm_test_top.env.sb [SCB_PASS] sel=2, d=0, y=0
# KERNEL: UVM_INFO /home/runner/scoreboard.sv(28) @ 3855: uvm_test_top.env.sb [SCB_PASS] sel=2, d=0, y=0
# KERNEL: UVM_INFO /home/runner/monitor.sv(33) @ 3875: uvm_test_top.env.agent.mon [MON] Sampled data from Interface
# KERNEL: UVM_INFO /home/runner/scoreboard.sv(28) @ 3875: uvm_test_top.env.sb [SCB_PASS] sel=1, d=0, y=0
# KERNEL: UVM_INFO /home/runner/scoreboard.sv(28) @ 3875: uvm_test_top.env.sb [SCB_PASS] sel=1, d=0, y=0
# KERNEL: UVM_INFO /home/runner/scoreboard.sv(28) @ 3875: uvm_test_top.env.sb [SCB_PASS] sel=1, d=8, y=8
# KERNEL: UVM_INFO /home/runner/scoreboard.sv(28) @ 3875: uvm_test_top.env.sb [SCB_PASS] sel=1, d=0, y=0
# KERNEL: UVM_INFO /home/runner/monitor.sv(33) @ 3895: uvm_test_top.env.agent.mon [MON] Sampled data from Interface
# KERNEL: UVM_INFO /home/runner/scoreboard.sv(28) @ 3895: uvm_test_top.env.sb [SCB_PASS] sel=1, d=0, y=0
# KERNEL: UVM_INFO /home/runner/scoreboard.sv(28) @ 3895: uvm_test_top.env.sb [SCB_PASS] sel=1, d=0, y=0
# KERNEL: UVM_INFO /home/runner/scoreboard.sv(28) @ 3895: uvm_test_top.env.sb [SCB_PASS] sel=1, d=8, y=8
# KERNEL: UVM_INFO /home/runner/scoreboard.sv(28) @ 3895: uvm_test_top.env.sb [SCB_PASS] sel=1, d=0, y=0
# KERNEL: UVM_INFO /home/runner/monitor.sv(33) @ 3915: uvm_test_top.env.agent.mon [MON] Sampled data from Interface
# KERNEL: UVM_INFO /home/runner/scoreboard.sv(28) @ 3915: uvm_test_top.env.sb [SCB_PASS] sel=0, d=0, y=0
# KERNEL: UVM_INFO /home/runner/scoreboard.sv(28) @ 3915: uvm_test_top.env.sb [SCB_PASS] sel=0, d=0, y=0
# KERNEL: UVM_INFO /home/runner/scoreboard.sv(28) @ 3915: uvm_test_top.env.sb [SCB_PASS] sel=0, d=0, y=0
# KERNEL: UVM_INFO /home/runner/scoreboard.sv(28) @ 3915: uvm_test_top.env.sb [SCB_PASS] sel=0, d=8, y=8
# KERNEL: UVM_INFO /home/runner/monitor.sv(33) @ 3935: uvm_test_top.env.agent.mon [MON] Sampled data from Interface
# KERNEL: UVM_INFO /home/runner/scoreboard.sv(28) @ 3935: uvm_test_top.env.sb [SCB_PASS] sel=0, d=0, y=0
# KERNEL: UVM_INFO /home/runner/scoreboard.sv(28) @ 3935: uvm_test_top.env.sb [SCB_PASS] sel=0, d=0, y=0
# KERNEL: UVM_INFO /home/runner/scoreboard.sv(28) @ 3935: uvm_test_top.env.sb [SCB_PASS] sel=0, d=0, y=0
# KERNEL: UVM_INFO /home/runner/scoreboard.sv(28) @ 3935: uvm_test_top.env.sb [SCB_PASS] sel=0, d=8, y=8
# KERNEL: UVM_INFO /home/runner/monitor.sv(33) @ 3955: uvm_test_top.env.agent.mon [MON] Sampled data from Interface
# KERNEL: UVM_INFO /home/runner/scoreboard.sv(28) @ 3955: uvm_test_top.env.sb [SCB_PASS] sel=3, d=8, y=8
# KERNEL: UVM_INFO /home/runner/scoreboard.sv(28) @ 3955: uvm_test_top.env.sb [SCB_PASS] sel=3, d=0, y=0
# KERNEL: UVM_INFO /home/runner/scoreboard.sv(28) @ 3955: uvm_test_top.env.sb [SCB_PASS] sel=3, d=0, y=0
# KERNEL: UVM_INFO /home/runner/scoreboard.sv(28) @ 3955: uvm_test_top.env.sb [SCB_PASS] sel=3, d=0, y=0
# KERNEL: UVM_INFO /home/runner/monitor.sv(33) @ 3975: uvm_test_top.env.agent.mon [MON] Sampled data from Interface
# KERNEL: UVM_INFO /home/runner/scoreboard.sv(28) @ 3975: uvm_test_top.env.sb [SCB_PASS] sel=3, d=8, y=8
# KERNEL: UVM_INFO /home/runner/scoreboard.sv(28) @ 3975: uvm_test_top.env.sb [SCB_PASS] sel=3, d=0, y=0
# KERNEL: UVM_INFO /home/runner/scoreboard.sv(28) @ 3975: uvm_test_top.env.sb [SCB_PASS] sel=3, d=0, y=0
# KERNEL: UVM_INFO /home/runner/scoreboard.sv(28) @ 3975: uvm_test_top.env.sb [SCB_PASS] sel=3, d=0, y=0
# KERNEL: UVM_INFO /home/runner/monitor.sv(33) @ 3995: uvm_test_top.env.agent.mon [MON] Sampled data from Interface
# KERNEL: UVM_INFO /home/runner/scoreboard.sv(28) @ 3995: uvm_test_top.env.sb [SCB_PASS] sel=2, d=0, y=0
# KERNEL: UVM_INFO /home/runner/scoreboard.sv(28) @ 3995: uvm_test_top.env.sb [SCB_PASS] sel=2, d=8, y=8
# KERNEL: UVM_INFO /home/runner/scoreboard.sv(28) @ 3995: uvm_test_top.env.sb [SCB_PASS] sel=2, d=0, y=0
# KERNEL: UVM_INFO /home/runner/scoreboard.sv(28) @ 3995: uvm_test_top.env.sb [SCB_PASS] sel=2, d=0, y=0
# KERNEL: UVM_INFO /home/runner/monitor.sv(33) @ 4015: uvm_test_top.env.agent.mon [MON] Sampled data from Interface
# KERNEL: UVM_INFO /home/runner/scoreboard.sv(28) @ 4015: uvm_test_top.env.sb [SCB_PASS] sel=2, d=0, y=0
# KERNEL: UVM_INFO /home/runner/scoreboard.sv(28) @ 4015: uvm_test_top.env.sb [SCB_PASS] sel=2, d=8, y=8
# KERNEL: UVM_INFO /home/runner/scoreboard.sv(28) @ 4015: uvm_test_top.env.sb [SCB_PASS] sel=2, d=0, y=0
# KERNEL: UVM_INFO /home/runner/scoreboard.sv(28) @ 4015: uvm_test_top.env.sb [SCB_PASS] sel=2, d=0, y=0
# KERNEL: UVM_INFO /home/runner/monitor.sv(33) @ 4035: uvm_test_top.env.agent.mon [MON] Sampled data from Interface
# KERNEL: UVM_INFO /home/runner/scoreboard.sv(28) @ 4035: uvm_test_top.env.sb [SCB_PASS] sel=1, d=0, y=0
# KERNEL: UVM_INFO /home/runner/scoreboard.sv(28) @ 4035: uvm_test_top.env.sb [SCB_PASS] sel=1, d=0, y=0
# KERNEL: UVM_INFO /home/runner/scoreboard.sv(28) @ 4035: uvm_test_top.env.sb [SCB_PASS] sel=1, d=10, y=10
# KERNEL: UVM_INFO /home/runner/scoreboard.sv(28) @ 4035: uvm_test_top.env.sb [SCB_PASS] sel=1, d=0, y=0
# KERNEL: UVM_INFO /home/runner/monitor.sv(33) @ 4055: uvm_test_top.env.agent.mon [MON] Sampled data from Interface
# KERNEL: UVM_INFO /home/runner/scoreboard.sv(28) @ 4055: uvm_test_top.env.sb [SCB_PASS] sel=1, d=0, y=0
# KERNEL: UVM_INFO /home/runner/scoreboard.sv(28) @ 4055: uvm_test_top.env.sb [SCB_PASS] sel=1, d=0, y=0
# KERNEL: UVM_INFO /home/runner/scoreboard.sv(28) @ 4055: uvm_test_top.env.sb [SCB_PASS] sel=1, d=10, y=10
# KERNEL: UVM_INFO /home/runner/scoreboard.sv(28) @ 4055: uvm_test_top.env.sb [SCB_PASS] sel=1, d=0, y=0
# KERNEL: UVM_INFO /home/runner/monitor.sv(33) @ 4075: uvm_test_top.env.agent.mon [MON] Sampled data from Interface
# KERNEL: UVM_INFO /home/runner/scoreboard.sv(28) @ 4075: uvm_test_top.env.sb [SCB_PASS] sel=0, d=0, y=0
# KERNEL: UVM_INFO /home/runner/scoreboard.sv(28) @ 4075: uvm_test_top.env.sb [SCB_PASS] sel=0, d=0, y=0
# KERNEL: UVM_INFO /home/runner/scoreboard.sv(28) @ 4075: uvm_test_top.env.sb [SCB_PASS] sel=0, d=0, y=0
# KERNEL: UVM_INFO /home/runner/scoreboard.sv(28) @ 4075: uvm_test_top.env.sb [SCB_PASS] sel=0, d=10, y=10
# KERNEL: UVM_INFO /home/runner/monitor.sv(33) @ 4095: uvm_test_top.env.agent.mon [MON] Sampled data from Interface
# KERNEL: UVM_INFO /home/runner/scoreboard.sv(28) @ 4095: uvm_test_top.env.sb [SCB_PASS] sel=0, d=0, y=0
# KERNEL: UVM_INFO /home/runner/scoreboard.sv(28) @ 4095: uvm_test_top.env.sb [SCB_PASS] sel=0, d=0, y=0
# KERNEL: UVM_INFO /home/runner/scoreboard.sv(28) @ 4095: uvm_test_top.env.sb [SCB_PASS] sel=0, d=0, y=0
# KERNEL: UVM_INFO /home/runner/scoreboard.sv(28) @ 4095: uvm_test_top.env.sb [SCB_PASS] sel=0, d=10, y=10
# KERNEL: UVM_INFO /home/runner/monitor.sv(33) @ 4115: uvm_test_top.env.agent.mon [MON] Sampled data from Interface
# KERNEL: UVM_INFO /home/runner/scoreboard.sv(28) @ 4115: uvm_test_top.env.sb [SCB_PASS] sel=3, d=10, y=10
# KERNEL: UVM_INFO /home/runner/scoreboard.sv(28) @ 4115: uvm_test_top.env.sb [SCB_PASS] sel=3, d=0, y=0
# KERNEL: UVM_INFO /home/runner/scoreboard.sv(28) @ 4115: uvm_test_top.env.sb [SCB_PASS] sel=3, d=0, y=0
# KERNEL: UVM_INFO /home/runner/scoreboard.sv(28) @ 4115: uvm_test_top.env.sb [SCB_PASS] sel=3, d=0, y=0
# KERNEL: UVM_INFO /home/runner/monitor.sv(33) @ 4135: uvm_test_top.env.agent.mon [MON] Sampled data from Interface
# KERNEL: UVM_INFO /home/runner/scoreboard.sv(28) @ 4135: uvm_test_top.env.sb [SCB_PASS] sel=3, d=10, y=10
# KERNEL: UVM_INFO /home/runner/scoreboard.sv(28) @ 4135: uvm_test_top.env.sb [SCB_PASS] sel=3, d=0, y=0
# KERNEL: UVM_INFO /home/runner/scoreboard.sv(28) @ 4135: uvm_test_top.env.sb [SCB_PASS] sel=3, d=0, y=0
# KERNEL: UVM_INFO /home/runner/scoreboard.sv(28) @ 4135: uvm_test_top.env.sb [SCB_PASS] sel=3, d=0, y=0
# KERNEL: UVM_INFO /home/runner/monitor.sv(33) @ 4155: uvm_test_top.env.agent.mon [MON] Sampled data from Interface
# KERNEL: UVM_INFO /home/runner/scoreboard.sv(28) @ 4155: uvm_test_top.env.sb [SCB_PASS] sel=2, d=0, y=0
# KERNEL: UVM_INFO /home/runner/scoreboard.sv(28) @ 4155: uvm_test_top.env.sb [SCB_PASS] sel=2, d=10, y=10
# KERNEL: UVM_INFO /home/runner/scoreboard.sv(28) @ 4155: uvm_test_top.env.sb [SCB_PASS] sel=2, d=0, y=0
# KERNEL: UVM_INFO /home/runner/scoreboard.sv(28) @ 4155: uvm_test_top.env.sb [SCB_PASS] sel=2, d=0, y=0
# KERNEL: UVM_INFO /home/runner/monitor.sv(33) @ 4175: uvm_test_top.env.agent.mon [MON] Sampled data from Interface
# KERNEL: UVM_INFO /home/runner/scoreboard.sv(28) @ 4175: uvm_test_top.env.sb [SCB_PASS] sel=2, d=0, y=0
# KERNEL: UVM_INFO /home/runner/scoreboard.sv(28) @ 4175: uvm_test_top.env.sb [SCB_PASS] sel=2, d=10, y=10
# KERNEL: UVM_INFO /home/runner/scoreboard.sv(28) @ 4175: uvm_test_top.env.sb [SCB_PASS] sel=2, d=0, y=0
# KERNEL: UVM_INFO /home/runner/scoreboard.sv(28) @ 4175: uvm_test_top.env.sb [SCB_PASS] sel=2, d=0, y=0
# KERNEL: UVM_INFO /home/runner/monitor.sv(33) @ 4195: uvm_test_top.env.agent.mon [MON] Sampled data from Interface
# KERNEL: UVM_INFO /home/runner/scoreboard.sv(28) @ 4195: uvm_test_top.env.sb [SCB_PASS] sel=1, d=0, y=0
# KERNEL: UVM_INFO /home/runner/scoreboard.sv(28) @ 4195: uvm_test_top.env.sb [SCB_PASS] sel=1, d=0, y=0
# KERNEL: UVM_INFO /home/runner/scoreboard.sv(28) @ 4195: uvm_test_top.env.sb [SCB_PASS] sel=1, d=10, y=10
# KERNEL: UVM_INFO /home/runner/scoreboard.sv(28) @ 4195: uvm_test_top.env.sb [SCB_PASS] sel=1, d=0, y=0
# KERNEL: UVM_INFO /home/runner/monitor.sv(33) @ 4215: uvm_test_top.env.agent.mon [MON] Sampled data from Interface
# KERNEL: UVM_INFO /home/runner/scoreboard.sv(28) @ 4215: uvm_test_top.env.sb [SCB_PASS] sel=1, d=0, y=0
# KERNEL: UVM_INFO /home/runner/scoreboard.sv(28) @ 4215: uvm_test_top.env.sb [SCB_PASS] sel=1, d=0, y=0
# KERNEL: UVM_INFO /home/runner/scoreboard.sv(28) @ 4215: uvm_test_top.env.sb [SCB_PASS] sel=1, d=10, y=10
# KERNEL: UVM_INFO /home/runner/scoreboard.sv(28) @ 4215: uvm_test_top.env.sb [SCB_PASS] sel=1, d=0, y=0
# KERNEL: UVM_INFO /home/runner/monitor.sv(33) @ 4235: uvm_test_top.env.agent.mon [MON] Sampled data from Interface
# KERNEL: UVM_INFO /home/runner/scoreboard.sv(28) @ 4235: uvm_test_top.env.sb [SCB_PASS] sel=0, d=0, y=0
# KERNEL: UVM_INFO /home/runner/scoreboard.sv(28) @ 4235: uvm_test_top.env.sb [SCB_PASS] sel=0, d=0, y=0
# KERNEL: UVM_INFO /home/runner/scoreboard.sv(28) @ 4235: uvm_test_top.env.sb [SCB_PASS] sel=0, d=0, y=0
# KERNEL: UVM_INFO /home/runner/scoreboard.sv(28) @ 4235: uvm_test_top.env.sb [SCB_PASS] sel=0, d=10, y=10
# KERNEL: UVM_INFO /home/runner/monitor.sv(33) @ 4255: uvm_test_top.env.agent.mon [MON] Sampled data from Interface
# KERNEL: UVM_INFO /home/runner/scoreboard.sv(28) @ 4255: uvm_test_top.env.sb [SCB_PASS] sel=0, d=0, y=0
# KERNEL: UVM_INFO /home/runner/scoreboard.sv(28) @ 4255: uvm_test_top.env.sb [SCB_PASS] sel=0, d=0, y=0
# KERNEL: UVM_INFO /home/runner/scoreboard.sv(28) @ 4255: uvm_test_top.env.sb [SCB_PASS] sel=0, d=0, y=0
# KERNEL: UVM_INFO /home/runner/scoreboard.sv(28) @ 4255: uvm_test_top.env.sb [SCB_PASS] sel=0, d=10, y=10
# KERNEL: UVM_INFO /home/runner/monitor.sv(33) @ 4275: uvm_test_top.env.agent.mon [MON] Sampled data from Interface
# KERNEL: UVM_INFO /home/runner/scoreboard.sv(28) @ 4275: uvm_test_top.env.sb [SCB_PASS] sel=3, d=10, y=10
# KERNEL: UVM_INFO /home/runner/scoreboard.sv(28) @ 4275: uvm_test_top.env.sb [SCB_PASS] sel=3, d=0, y=0
# KERNEL: UVM_INFO /home/runner/scoreboard.sv(28) @ 4275: uvm_test_top.env.sb [SCB_PASS] sel=3, d=0, y=0
# KERNEL: UVM_INFO /home/runner/scoreboard.sv(28) @ 4275: uvm_test_top.env.sb [SCB_PASS] sel=3, d=0, y=0
# KERNEL: UVM_INFO /home/runner/monitor.sv(33) @ 4295: uvm_test_top.env.agent.mon [MON] Sampled data from Interface
# KERNEL: UVM_INFO /home/runner/scoreboard.sv(28) @ 4295: uvm_test_top.env.sb [SCB_PASS] sel=3, d=10, y=10
# KERNEL: UVM_INFO /home/runner/scoreboard.sv(28) @ 4295: uvm_test_top.env.sb [SCB_PASS] sel=3, d=0, y=0
# KERNEL: UVM_INFO /home/runner/scoreboard.sv(28) @ 4295: uvm_test_top.env.sb [SCB_PASS] sel=3, d=0, y=0
# KERNEL: UVM_INFO /home/runner/scoreboard.sv(28) @ 4295: uvm_test_top.env.sb [SCB_PASS] sel=3, d=0, y=0
# KERNEL: UVM_INFO /home/runner/monitor.sv(33) @ 4315: uvm_test_top.env.agent.mon [MON] Sampled data from Interface
# KERNEL: UVM_INFO /home/runner/scoreboard.sv(28) @ 4315: uvm_test_top.env.sb [SCB_PASS] sel=2, d=0, y=0
# KERNEL: UVM_INFO /home/runner/scoreboard.sv(28) @ 4315: uvm_test_top.env.sb [SCB_PASS] sel=2, d=10, y=10
# KERNEL: UVM_INFO /home/runner/scoreboard.sv(28) @ 4315: uvm_test_top.env.sb [SCB_PASS] sel=2, d=0, y=0
# KERNEL: UVM_INFO /home/runner/scoreboard.sv(28) @ 4315: uvm_test_top.env.sb [SCB_PASS] sel=2, d=0, y=0
# KERNEL: UVM_INFO /home/runner/monitor.sv(33) @ 4335: uvm_test_top.env.agent.mon [MON] Sampled data from Interface
# KERNEL: UVM_INFO /home/runner/scoreboard.sv(28) @ 4335: uvm_test_top.env.sb [SCB_PASS] sel=2, d=0, y=0
# KERNEL: UVM_INFO /home/runner/scoreboard.sv(28) @ 4335: uvm_test_top.env.sb [SCB_PASS] sel=2, d=10, y=10
# KERNEL: UVM_INFO /home/runner/scoreboard.sv(28) @ 4335: uvm_test_top.env.sb [SCB_PASS] sel=2, d=0, y=0
# KERNEL: UVM_INFO /home/runner/scoreboard.sv(28) @ 4335: uvm_test_top.env.sb [SCB_PASS] sel=2, d=0, y=0
# KERNEL: UVM_INFO /home/runner/monitor.sv(33) @ 4355: uvm_test_top.env.agent.mon [MON] Sampled data from Interface
# KERNEL: UVM_INFO /home/runner/scoreboard.sv(28) @ 4355: uvm_test_top.env.sb [SCB_PASS] sel=1, d=0, y=0
# KERNEL: UVM_INFO /home/runner/scoreboard.sv(28) @ 4355: uvm_test_top.env.sb [SCB_PASS] sel=1, d=0, y=0
# KERNEL: UVM_INFO /home/runner/scoreboard.sv(28) @ 4355: uvm_test_top.env.sb [SCB_PASS] sel=1, d=10, y=10
# KERNEL: UVM_INFO /home/runner/scoreboard.sv(28) @ 4355: uvm_test_top.env.sb [SCB_PASS] sel=1, d=0, y=0
# KERNEL: UVM_INFO /home/runner/monitor.sv(33) @ 4375: uvm_test_top.env.agent.mon [MON] Sampled data from Interface
# KERNEL: UVM_INFO /home/runner/scoreboard.sv(28) @ 4375: uvm_test_top.env.sb [SCB_PASS] sel=1, d=0, y=0
# KERNEL: UVM_INFO /home/runner/scoreboard.sv(28) @ 4375: uvm_test_top.env.sb [SCB_PASS] sel=1, d=0, y=0
# KERNEL: UVM_INFO /home/runner/scoreboard.sv(28) @ 4375: uvm_test_top.env.sb [SCB_PASS] sel=1, d=10, y=10
# KERNEL: UVM_INFO /home/runner/scoreboard.sv(28) @ 4375: uvm_test_top.env.sb [SCB_PASS] sel=1, d=0, y=0
# KERNEL: UVM_INFO /home/runner/monitor.sv(33) @ 4395: uvm_test_top.env.agent.mon [MON] Sampled data from Interface
# KERNEL: UVM_INFO /home/runner/scoreboard.sv(28) @ 4395: uvm_test_top.env.sb [SCB_PASS] sel=0, d=0, y=0
# KERNEL: UVM_INFO /home/runner/scoreboard.sv(28) @ 4395: uvm_test_top.env.sb [SCB_PASS] sel=0, d=0, y=0
# KERNEL: UVM_INFO /home/runner/scoreboard.sv(28) @ 4395: uvm_test_top.env.sb [SCB_PASS] sel=0, d=0, y=0
# KERNEL: UVM_INFO /home/runner/scoreboard.sv(28) @ 4395: uvm_test_top.env.sb [SCB_PASS] sel=0, d=10, y=10
# KERNEL: UVM_INFO /home/runner/monitor.sv(33) @ 4415: uvm_test_top.env.agent.mon [MON] Sampled data from Interface
# KERNEL: UVM_INFO /home/runner/scoreboard.sv(28) @ 4415: uvm_test_top.env.sb [SCB_PASS] sel=0, d=0, y=0
# KERNEL: UVM_INFO /home/runner/scoreboard.sv(28) @ 4415: uvm_test_top.env.sb [SCB_PASS] sel=0, d=0, y=0
# KERNEL: UVM_INFO /home/runner/scoreboard.sv(28) @ 4415: uvm_test_top.env.sb [SCB_PASS] sel=0, d=0, y=0
# KERNEL: UVM_INFO /home/runner/scoreboard.sv(28) @ 4415: uvm_test_top.env.sb [SCB_PASS] sel=0, d=10, y=10
# KERNEL: UVM_INFO /home/runner/monitor.sv(33) @ 4435: uvm_test_top.env.agent.mon [MON] Sampled data from Interface
# KERNEL: UVM_INFO /home/runner/scoreboard.sv(28) @ 4435: uvm_test_top.env.sb [SCB_PASS] sel=3, d=10, y=10
# KERNEL: UVM_INFO /home/runner/scoreboard.sv(28) @ 4435: uvm_test_top.env.sb [SCB_PASS] sel=3, d=0, y=0
# KERNEL: UVM_INFO /home/runner/scoreboard.sv(28) @ 4435: uvm_test_top.env.sb [SCB_PASS] sel=3, d=0, y=0
# KERNEL: UVM_INFO /home/runner/scoreboard.sv(28) @ 4435: uvm_test_top.env.sb [SCB_PASS] sel=3, d=0, y=0
# KERNEL: UVM_INFO /home/runner/monitor.sv(33) @ 4455: uvm_test_top.env.agent.mon [MON] Sampled data from Interface
# KERNEL: UVM_INFO /home/runner/scoreboard.sv(28) @ 4455: uvm_test_top.env.sb [SCB_PASS] sel=3, d=10, y=10
# KERNEL: UVM_INFO /home/runner/scoreboard.sv(28) @ 4455: uvm_test_top.env.sb [SCB_PASS] sel=3, d=0, y=0
# KERNEL: UVM_INFO /home/runner/scoreboard.sv(28) @ 4455: uvm_test_top.env.sb [SCB_PASS] sel=3, d=0, y=0
# KERNEL: UVM_INFO /home/runner/scoreboard.sv(28) @ 4455: uvm_test_top.env.sb [SCB_PASS] sel=3, d=0, y=0
# KERNEL: UVM_INFO /home/runner/monitor.sv(33) @ 4475: uvm_test_top.env.agent.mon [MON] Sampled data from Interface
# KERNEL: UVM_INFO /home/runner/scoreboard.sv(28) @ 4475: uvm_test_top.env.sb [SCB_PASS] sel=2, d=0, y=0
# KERNEL: UVM_INFO /home/runner/scoreboard.sv(28) @ 4475: uvm_test_top.env.sb [SCB_PASS] sel=2, d=10, y=10
# KERNEL: UVM_INFO /home/runner/scoreboard.sv(28) @ 4475: uvm_test_top.env.sb [SCB_PASS] sel=2, d=0, y=0
# KERNEL: UVM_INFO /home/runner/scoreboard.sv(28) @ 4475: uvm_test_top.env.sb [SCB_PASS] sel=2, d=0, y=0
# KERNEL: UVM_INFO /home/runner/monitor.sv(33) @ 4495: uvm_test_top.env.agent.mon [MON] Sampled data from Interface
# KERNEL: UVM_INFO /home/runner/scoreboard.sv(28) @ 4495: uvm_test_top.env.sb [SCB_PASS] sel=2, d=0, y=0
# KERNEL: UVM_INFO /home/runner/scoreboard.sv(28) @ 4495: uvm_test_top.env.sb [SCB_PASS] sel=2, d=10, y=10
# KERNEL: UVM_INFO /home/runner/scoreboard.sv(28) @ 4495: uvm_test_top.env.sb [SCB_PASS] sel=2, d=0, y=0
# KERNEL: UVM_INFO /home/runner/scoreboard.sv(28) @ 4495: uvm_test_top.env.sb [SCB_PASS] sel=2, d=0, y=0
# KERNEL: UVM_INFO /home/runner/monitor.sv(33) @ 4515: uvm_test_top.env.agent.mon [MON] Sampled data from Interface
# KERNEL: UVM_INFO /home/runner/scoreboard.sv(28) @ 4515: uvm_test_top.env.sb [SCB_PASS] sel=1, d=0, y=0
# KERNEL: UVM_INFO /home/runner/scoreboard.sv(28) @ 4515: uvm_test_top.env.sb [SCB_PASS] sel=1, d=0, y=0
# KERNEL: UVM_INFO /home/runner/scoreboard.sv(28) @ 4515: uvm_test_top.env.sb [SCB_PASS] sel=1, d=10, y=10
# KERNEL: UVM_INFO /home/runner/scoreboard.sv(28) @ 4515: uvm_test_top.env.sb [SCB_PASS] sel=1, d=0, y=0
# KERNEL: UVM_INFO /home/runner/monitor.sv(33) @ 4535: uvm_test_top.env.agent.mon [MON] Sampled data from Interface
# KERNEL: UVM_INFO /home/runner/scoreboard.sv(28) @ 4535: uvm_test_top.env.sb [SCB_PASS] sel=1, d=0, y=0
# KERNEL: UVM_INFO /home/runner/scoreboard.sv(28) @ 4535: uvm_test_top.env.sb [SCB_PASS] sel=1, d=0, y=0
# KERNEL: UVM_INFO /home/runner/scoreboard.sv(28) @ 4535: uvm_test_top.env.sb [SCB_PASS] sel=1, d=20, y=20
# KERNEL: UVM_INFO /home/runner/scoreboard.sv(28) @ 4535: uvm_test_top.env.sb [SCB_PASS] sel=1, d=0, y=0
# KERNEL: UVM_INFO /home/runner/monitor.sv(33) @ 4555: uvm_test_top.env.agent.mon [MON] Sampled data from Interface
# KERNEL: UVM_INFO /home/runner/scoreboard.sv(28) @ 4555: uvm_test_top.env.sb [SCB_PASS] sel=0, d=0, y=0
# KERNEL: UVM_INFO /home/runner/scoreboard.sv(28) @ 4555: uvm_test_top.env.sb [SCB_PASS] sel=0, d=0, y=0
# KERNEL: UVM_INFO /home/runner/scoreboard.sv(28) @ 4555: uvm_test_top.env.sb [SCB_PASS] sel=0, d=0, y=0
# KERNEL: UVM_INFO /home/runner/scoreboard.sv(28) @ 4555: uvm_test_top.env.sb [SCB_PASS] sel=0, d=20, y=20
# KERNEL: UVM_INFO /home/runner/monitor.sv(33) @ 4575: uvm_test_top.env.agent.mon [MON] Sampled data from Interface
# KERNEL: UVM_INFO /home/runner/scoreboard.sv(28) @ 4575: uvm_test_top.env.sb [SCB_PASS] sel=0, d=0, y=0
# KERNEL: UVM_INFO /home/runner/scoreboard.sv(28) @ 4575: uvm_test_top.env.sb [SCB_PASS] sel=0, d=0, y=0
# KERNEL: UVM_INFO /home/runner/scoreboard.sv(28) @ 4575: uvm_test_top.env.sb [SCB_PASS] sel=0, d=0, y=0
# KERNEL: UVM_INFO /home/runner/scoreboard.sv(28) @ 4575: uvm_test_top.env.sb [SCB_PASS] sel=0, d=20, y=20
# KERNEL: UVM_INFO /home/runner/monitor.sv(33) @ 4595: uvm_test_top.env.agent.mon [MON] Sampled data from Interface
# KERNEL: UVM_INFO /home/runner/scoreboard.sv(28) @ 4595: uvm_test_top.env.sb [SCB_PASS] sel=3, d=20, y=20
# KERNEL: UVM_INFO /home/runner/scoreboard.sv(28) @ 4595: uvm_test_top.env.sb [SCB_PASS] sel=3, d=0, y=0
# KERNEL: UVM_INFO /home/runner/scoreboard.sv(28) @ 4595: uvm_test_top.env.sb [SCB_PASS] sel=3, d=0, y=0
# KERNEL: UVM_INFO /home/runner/scoreboard.sv(28) @ 4595: uvm_test_top.env.sb [SCB_PASS] sel=3, d=0, y=0
# KERNEL: UVM_INFO /home/runner/monitor.sv(33) @ 4615: uvm_test_top.env.agent.mon [MON] Sampled data from Interface
# KERNEL: UVM_INFO /home/runner/scoreboard.sv(28) @ 4615: uvm_test_top.env.sb [SCB_PASS] sel=3, d=20, y=20
# KERNEL: UVM_INFO /home/runner/scoreboard.sv(28) @ 4615: uvm_test_top.env.sb [SCB_PASS] sel=3, d=0, y=0
# KERNEL: UVM_INFO /home/runner/scoreboard.sv(28) @ 4615: uvm_test_top.env.sb [SCB_PASS] sel=3, d=0, y=0
# KERNEL: UVM_INFO /home/runner/scoreboard.sv(28) @ 4615: uvm_test_top.env.sb [SCB_PASS] sel=3, d=0, y=0
# KERNEL: UVM_INFO /home/runner/monitor.sv(33) @ 4635: uvm_test_top.env.agent.mon [MON] Sampled data from Interface
# KERNEL: UVM_INFO /home/runner/scoreboard.sv(28) @ 4635: uvm_test_top.env.sb [SCB_PASS] sel=2, d=0, y=0
# KERNEL: UVM_INFO /home/runner/scoreboard.sv(28) @ 4635: uvm_test_top.env.sb [SCB_PASS] sel=2, d=20, y=20
# KERNEL: UVM_INFO /home/runner/scoreboard.sv(28) @ 4635: uvm_test_top.env.sb [SCB_PASS] sel=2, d=0, y=0
# KERNEL: UVM_INFO /home/runner/scoreboard.sv(28) @ 4635: uvm_test_top.env.sb [SCB_PASS] sel=2, d=0, y=0
# KERNEL: UVM_INFO /home/runner/monitor.sv(33) @ 4655: uvm_test_top.env.agent.mon [MON] Sampled data from Interface
# KERNEL: UVM_INFO /home/runner/scoreboard.sv(28) @ 4655: uvm_test_top.env.sb [SCB_PASS] sel=2, d=0, y=0
# KERNEL: UVM_INFO /home/runner/scoreboard.sv(28) @ 4655: uvm_test_top.env.sb [SCB_PASS] sel=2, d=20, y=20
# KERNEL: UVM_INFO /home/runner/scoreboard.sv(28) @ 4655: uvm_test_top.env.sb [SCB_PASS] sel=2, d=0, y=0
# KERNEL: UVM_INFO /home/runner/scoreboard.sv(28) @ 4655: uvm_test_top.env.sb [SCB_PASS] sel=2, d=0, y=0
# KERNEL: UVM_INFO /home/runner/monitor.sv(33) @ 4675: uvm_test_top.env.agent.mon [MON] Sampled data from Interface
# KERNEL: UVM_INFO /home/runner/scoreboard.sv(28) @ 4675: uvm_test_top.env.sb [SCB_PASS] sel=1, d=0, y=0
# KERNEL: UVM_INFO /home/runner/scoreboard.sv(28) @ 4675: uvm_test_top.env.sb [SCB_PASS] sel=1, d=0, y=0
# KERNEL: UVM_INFO /home/runner/scoreboard.sv(28) @ 4675: uvm_test_top.env.sb [SCB_PASS] sel=1, d=20, y=20
# KERNEL: UVM_INFO /home/runner/scoreboard.sv(28) @ 4675: uvm_test_top.env.sb [SCB_PASS] sel=1, d=0, y=0
# KERNEL: UVM_INFO /home/runner/monitor.sv(33) @ 4695: uvm_test_top.env.agent.mon [MON] Sampled data from Interface
# KERNEL: UVM_INFO /home/runner/scoreboard.sv(28) @ 4695: uvm_test_top.env.sb [SCB_PASS] sel=1, d=0, y=0
# KERNEL: UVM_INFO /home/runner/scoreboard.sv(28) @ 4695: uvm_test_top.env.sb [SCB_PASS] sel=1, d=0, y=0
# KERNEL: UVM_INFO /home/runner/scoreboard.sv(28) @ 4695: uvm_test_top.env.sb [SCB_PASS] sel=1, d=20, y=20
# KERNEL: UVM_INFO /home/runner/scoreboard.sv(28) @ 4695: uvm_test_top.env.sb [SCB_PASS] sel=1, d=0, y=0
# KERNEL: UVM_INFO /home/runner/monitor.sv(33) @ 4715: uvm_test_top.env.agent.mon [MON] Sampled data from Interface
# KERNEL: UVM_INFO /home/runner/scoreboard.sv(28) @ 4715: uvm_test_top.env.sb [SCB_PASS] sel=0, d=0, y=0
# KERNEL: UVM_INFO /home/runner/scoreboard.sv(28) @ 4715: uvm_test_top.env.sb [SCB_PASS] sel=0, d=0, y=0
# KERNEL: UVM_INFO /home/runner/scoreboard.sv(28) @ 4715: uvm_test_top.env.sb [SCB_PASS] sel=0, d=0, y=0
# KERNEL: UVM_INFO /home/runner/scoreboard.sv(28) @ 4715: uvm_test_top.env.sb [SCB_PASS] sel=0, d=20, y=20
# KERNEL: UVM_INFO /home/runner/monitor.sv(33) @ 4735: uvm_test_top.env.agent.mon [MON] Sampled data from Interface
# KERNEL: UVM_INFO /home/runner/scoreboard.sv(28) @ 4735: uvm_test_top.env.sb [SCB_PASS] sel=0, d=0, y=0
# KERNEL: UVM_INFO /home/runner/scoreboard.sv(28) @ 4735: uvm_test_top.env.sb [SCB_PASS] sel=0, d=0, y=0
# KERNEL: UVM_INFO /home/runner/scoreboard.sv(28) @ 4735: uvm_test_top.env.sb [SCB_PASS] sel=0, d=0, y=0
# KERNEL: UVM_INFO /home/runner/scoreboard.sv(28) @ 4735: uvm_test_top.env.sb [SCB_PASS] sel=0, d=20, y=20
# KERNEL: UVM_INFO /home/runner/monitor.sv(33) @ 4755: uvm_test_top.env.agent.mon [MON] Sampled data from Interface
# KERNEL: UVM_INFO /home/runner/scoreboard.sv(28) @ 4755: uvm_test_top.env.sb [SCB_PASS] sel=3, d=20, y=20
# KERNEL: UVM_INFO /home/runner/scoreboard.sv(28) @ 4755: uvm_test_top.env.sb [SCB_PASS] sel=3, d=0, y=0
# KERNEL: UVM_INFO /home/runner/scoreboard.sv(28) @ 4755: uvm_test_top.env.sb [SCB_PASS] sel=3, d=0, y=0
# KERNEL: UVM_INFO /home/runner/scoreboard.sv(28) @ 4755: uvm_test_top.env.sb [SCB_PASS] sel=3, d=0, y=0
# KERNEL: UVM_INFO /home/runner/monitor.sv(33) @ 4775: uvm_test_top.env.agent.mon [MON] Sampled data from Interface
# KERNEL: UVM_INFO /home/runner/scoreboard.sv(28) @ 4775: uvm_test_top.env.sb [SCB_PASS] sel=3, d=20, y=20
# KERNEL: UVM_INFO /home/runner/scoreboard.sv(28) @ 4775: uvm_test_top.env.sb [SCB_PASS] sel=3, d=0, y=0
# KERNEL: UVM_INFO /home/runner/scoreboard.sv(28) @ 4775: uvm_test_top.env.sb [SCB_PASS] sel=3, d=0, y=0
# KERNEL: UVM_INFO /home/runner/scoreboard.sv(28) @ 4775: uvm_test_top.env.sb [SCB_PASS] sel=3, d=0, y=0
# KERNEL: UVM_INFO /home/runner/monitor.sv(33) @ 4795: uvm_test_top.env.agent.mon [MON] Sampled data from Interface
# KERNEL: UVM_INFO /home/runner/scoreboard.sv(28) @ 4795: uvm_test_top.env.sb [SCB_PASS] sel=2, d=0, y=0
# KERNEL: UVM_INFO /home/runner/scoreboard.sv(28) @ 4795: uvm_test_top.env.sb [SCB_PASS] sel=2, d=20, y=20
# KERNEL: UVM_INFO /home/runner/scoreboard.sv(28) @ 4795: uvm_test_top.env.sb [SCB_PASS] sel=2, d=0, y=0
# KERNEL: UVM_INFO /home/runner/scoreboard.sv(28) @ 4795: uvm_test_top.env.sb [SCB_PASS] sel=2, d=0, y=0
# KERNEL: UVM_INFO /home/runner/monitor.sv(33) @ 4815: uvm_test_top.env.agent.mon [MON] Sampled data from Interface
# KERNEL: UVM_INFO /home/runner/scoreboard.sv(28) @ 4815: uvm_test_top.env.sb [SCB_PASS] sel=2, d=0, y=0
# KERNEL: UVM_INFO /home/runner/scoreboard.sv(28) @ 4815: uvm_test_top.env.sb [SCB_PASS] sel=2, d=20, y=20
# KERNEL: UVM_INFO /home/runner/scoreboard.sv(28) @ 4815: uvm_test_top.env.sb [SCB_PASS] sel=2, d=0, y=0
# KERNEL: UVM_INFO /home/runner/scoreboard.sv(28) @ 4815: uvm_test_top.env.sb [SCB_PASS] sel=2, d=0, y=0
# KERNEL: UVM_INFO /home/runner/monitor.sv(33) @ 4835: uvm_test_top.env.agent.mon [MON] Sampled data from Interface
# KERNEL: UVM_INFO /home/runner/scoreboard.sv(28) @ 4835: uvm_test_top.env.sb [SCB_PASS] sel=1, d=0, y=0
# KERNEL: UVM_INFO /home/runner/scoreboard.sv(28) @ 4835: uvm_test_top.env.sb [SCB_PASS] sel=1, d=0, y=0
# KERNEL: UVM_INFO /home/runner/scoreboard.sv(28) @ 4835: uvm_test_top.env.sb [SCB_PASS] sel=1, d=20, y=20
# KERNEL: UVM_INFO /home/runner/scoreboard.sv(28) @ 4835: uvm_test_top.env.sb [SCB_PASS] sel=1, d=0, y=0
# KERNEL: UVM_INFO /home/runner/monitor.sv(33) @ 4855: uvm_test_top.env.agent.mon [MON] Sampled data from Interface
# KERNEL: UVM_INFO /home/runner/scoreboard.sv(28) @ 4855: uvm_test_top.env.sb [SCB_PASS] sel=1, d=0, y=0
# KERNEL: UVM_INFO /home/runner/scoreboard.sv(28) @ 4855: uvm_test_top.env.sb [SCB_PASS] sel=1, d=0, y=0
# KERNEL: UVM_INFO /home/runner/scoreboard.sv(28) @ 4855: uvm_test_top.env.sb [SCB_PASS] sel=1, d=20, y=20
# KERNEL: UVM_INFO /home/runner/scoreboard.sv(28) @ 4855: uvm_test_top.env.sb [SCB_PASS] sel=1, d=0, y=0
# KERNEL: UVM_INFO /home/runner/monitor.sv(33) @ 4875: uvm_test_top.env.agent.mon [MON] Sampled data from Interface
# KERNEL: UVM_INFO /home/runner/scoreboard.sv(28) @ 4875: uvm_test_top.env.sb [SCB_PASS] sel=0, d=0, y=0
# KERNEL: UVM_INFO /home/runner/scoreboard.sv(28) @ 4875: uvm_test_top.env.sb [SCB_PASS] sel=0, d=0, y=0
# KERNEL: UVM_INFO /home/runner/scoreboard.sv(28) @ 4875: uvm_test_top.env.sb [SCB_PASS] sel=0, d=0, y=0
# KERNEL: UVM_INFO /home/runner/scoreboard.sv(28) @ 4875: uvm_test_top.env.sb [SCB_PASS] sel=0, d=20, y=20
# KERNEL: UVM_INFO /home/runner/monitor.sv(33) @ 4895: uvm_test_top.env.agent.mon [MON] Sampled data from Interface
# KERNEL: UVM_INFO /home/runner/scoreboard.sv(28) @ 4895: uvm_test_top.env.sb [SCB_PASS] sel=0, d=0, y=0
# KERNEL: UVM_INFO /home/runner/scoreboard.sv(28) @ 4895: uvm_test_top.env.sb [SCB_PASS] sel=0, d=0, y=0
# KERNEL: UVM_INFO /home/runner/scoreboard.sv(28) @ 4895: uvm_test_top.env.sb [SCB_PASS] sel=0, d=0, y=0
# KERNEL: UVM_INFO /home/runner/scoreboard.sv(28) @ 4895: uvm_test_top.env.sb [SCB_PASS] sel=0, d=20, y=20
# KERNEL: UVM_INFO /home/runner/monitor.sv(33) @ 4915: uvm_test_top.env.agent.mon [MON] Sampled data from Interface
# KERNEL: UVM_INFO /home/runner/scoreboard.sv(28) @ 4915: uvm_test_top.env.sb [SCB_PASS] sel=3, d=20, y=20
# KERNEL: UVM_INFO /home/runner/scoreboard.sv(28) @ 4915: uvm_test_top.env.sb [SCB_PASS] sel=3, d=0, y=0
# KERNEL: UVM_INFO /home/runner/scoreboard.sv(28) @ 4915: uvm_test_top.env.sb [SCB_PASS] sel=3, d=0, y=0
# KERNEL: UVM_INFO /home/runner/scoreboard.sv(28) @ 4915: uvm_test_top.env.sb [SCB_PASS] sel=3, d=0, y=0
# KERNEL: UVM_INFO /home/runner/monitor.sv(33) @ 4935: uvm_test_top.env.agent.mon [MON] Sampled data from Interface
# KERNEL: UVM_INFO /home/runner/scoreboard.sv(28) @ 4935: uvm_test_top.env.sb [SCB_PASS] sel=3, d=20, y=20
# KERNEL: UVM_INFO /home/runner/scoreboard.sv(28) @ 4935: uvm_test_top.env.sb [SCB_PASS] sel=3, d=0, y=0
# KERNEL: UVM_INFO /home/runner/scoreboard.sv(28) @ 4935: uvm_test_top.env.sb [SCB_PASS] sel=3, d=0, y=0
# KERNEL: UVM_INFO /home/runner/scoreboard.sv(28) @ 4935: uvm_test_top.env.sb [SCB_PASS] sel=3, d=0, y=0
# KERNEL: UVM_INFO /home/runner/monitor.sv(33) @ 4955: uvm_test_top.env.agent.mon [MON] Sampled data from Interface
# KERNEL: UVM_INFO /home/runner/scoreboard.sv(28) @ 4955: uvm_test_top.env.sb [SCB_PASS] sel=2, d=0, y=0
# KERNEL: UVM_INFO /home/runner/scoreboard.sv(28) @ 4955: uvm_test_top.env.sb [SCB_PASS] sel=2, d=20, y=20
# KERNEL: UVM_INFO /home/runner/scoreboard.sv(28) @ 4955: uvm_test_top.env.sb [SCB_PASS] sel=2, d=0, y=0
# KERNEL: UVM_INFO /home/runner/scoreboard.sv(28) @ 4955: uvm_test_top.env.sb [SCB_PASS] sel=2, d=0, y=0
# KERNEL: UVM_INFO /home/runner/monitor.sv(33) @ 4975: uvm_test_top.env.agent.mon [MON] Sampled data from Interface
# KERNEL: UVM_INFO /home/runner/scoreboard.sv(28) @ 4975: uvm_test_top.env.sb [SCB_PASS] sel=2, d=0, y=0
# KERNEL: UVM_INFO /home/runner/scoreboard.sv(28) @ 4975: uvm_test_top.env.sb [SCB_PASS] sel=2, d=20, y=20
# KERNEL: UVM_INFO /home/runner/scoreboard.sv(28) @ 4975: uvm_test_top.env.sb [SCB_PASS] sel=2, d=0, y=0
# KERNEL: UVM_INFO /home/runner/scoreboard.sv(28) @ 4975: uvm_test_top.env.sb [SCB_PASS] sel=2, d=0, y=0
# KERNEL: UVM_INFO /home/runner/monitor.sv(33) @ 4995: uvm_test_top.env.agent.mon [MON] Sampled data from Interface
# KERNEL: UVM_INFO /home/runner/scoreboard.sv(28) @ 4995: uvm_test_top.env.sb [SCB_PASS] sel=1, d=0, y=0
# KERNEL: UVM_INFO /home/runner/scoreboard.sv(28) @ 4995: uvm_test_top.env.sb [SCB_PASS] sel=1, d=0, y=0
# KERNEL: UVM_INFO /home/runner/scoreboard.sv(28) @ 4995: uvm_test_top.env.sb [SCB_PASS] sel=1, d=20, y=20
# KERNEL: UVM_INFO /home/runner/scoreboard.sv(28) @ 4995: uvm_test_top.env.sb [SCB_PASS] sel=1, d=0, y=0
# KERNEL: UVM_INFO /home/runner/monitor.sv(33) @ 5015: uvm_test_top.env.agent.mon [MON] Sampled data from Interface
# KERNEL: UVM_INFO /home/runner/scoreboard.sv(28) @ 5015: uvm_test_top.env.sb [SCB_PASS] sel=1, d=0, y=0
# KERNEL: UVM_INFO /home/runner/scoreboard.sv(28) @ 5015: uvm_test_top.env.sb [SCB_PASS] sel=1, d=0, y=0
# KERNEL: UVM_INFO /home/runner/scoreboard.sv(28) @ 5015: uvm_test_top.env.sb [SCB_PASS] sel=1, d=20, y=20
# KERNEL: UVM_INFO /home/runner/scoreboard.sv(28) @ 5015: uvm_test_top.env.sb [SCB_PASS] sel=1, d=0, y=0
# KERNEL: UVM_INFO /home/runner/monitor.sv(33) @ 5035: uvm_test_top.env.agent.mon [MON] Sampled data from Interface
# KERNEL: UVM_INFO /home/runner/scoreboard.sv(28) @ 5035: uvm_test_top.env.sb [SCB_PASS] sel=0, d=0, y=0
# KERNEL: UVM_INFO /home/runner/scoreboard.sv(28) @ 5035: uvm_test_top.env.sb [SCB_PASS] sel=0, d=0, y=0
# KERNEL: UVM_INFO /home/runner/scoreboard.sv(28) @ 5035: uvm_test_top.env.sb [SCB_PASS] sel=0, d=0, y=0
# KERNEL: UVM_INFO /home/runner/scoreboard.sv(28) @ 5035: uvm_test_top.env.sb [SCB_PASS] sel=0, d=40, y=40
# KERNEL: UVM_INFO /home/runner/monitor.sv(33) @ 5055: uvm_test_top.env.agent.mon [MON] Sampled data from Interface
# KERNEL: UVM_INFO /home/runner/scoreboard.sv(28) @ 5055: uvm_test_top.env.sb [SCB_PASS] sel=0, d=0, y=0
# KERNEL: UVM_INFO /home/runner/scoreboard.sv(28) @ 5055: uvm_test_top.env.sb [SCB_PASS] sel=0, d=0, y=0
# KERNEL: UVM_INFO /home/runner/scoreboard.sv(28) @ 5055: uvm_test_top.env.sb [SCB_PASS] sel=0, d=0, y=0
# KERNEL: UVM_INFO /home/runner/scoreboard.sv(28) @ 5055: uvm_test_top.env.sb [SCB_PASS] sel=0, d=40, y=40
# KERNEL: UVM_INFO /home/runner/monitor.sv(33) @ 5075: uvm_test_top.env.agent.mon [MON] Sampled data from Interface
# KERNEL: UVM_INFO /home/runner/scoreboard.sv(28) @ 5075: uvm_test_top.env.sb [SCB_PASS] sel=3, d=40, y=40
# KERNEL: UVM_INFO /home/runner/scoreboard.sv(28) @ 5075: uvm_test_top.env.sb [SCB_PASS] sel=3, d=0, y=0
# KERNEL: UVM_INFO /home/runner/scoreboard.sv(28) @ 5075: uvm_test_top.env.sb [SCB_PASS] sel=3, d=0, y=0
# KERNEL: UVM_INFO /home/runner/scoreboard.sv(28) @ 5075: uvm_test_top.env.sb [SCB_PASS] sel=3, d=0, y=0
# KERNEL: UVM_INFO /home/runner/monitor.sv(33) @ 5095: uvm_test_top.env.agent.mon [MON] Sampled data from Interface
# KERNEL: UVM_INFO /home/runner/scoreboard.sv(28) @ 5095: uvm_test_top.env.sb [SCB_PASS] sel=3, d=40, y=40
# KERNEL: UVM_INFO /home/runner/scoreboard.sv(28) @ 5095: uvm_test_top.env.sb [SCB_PASS] sel=3, d=0, y=0
# KERNEL: UVM_INFO /home/runner/scoreboard.sv(28) @ 5095: uvm_test_top.env.sb [SCB_PASS] sel=3, d=0, y=0
# KERNEL: UVM_INFO /home/runner/scoreboard.sv(28) @ 5095: uvm_test_top.env.sb [SCB_PASS] sel=3, d=0, y=0
# KERNEL: UVM_INFO /home/runner/monitor.sv(33) @ 5115: uvm_test_top.env.agent.mon [MON] Sampled data from Interface
# KERNEL: UVM_INFO /home/runner/scoreboard.sv(28) @ 5115: uvm_test_top.env.sb [SCB_PASS] sel=2, d=0, y=0
# KERNEL: UVM_INFO /home/runner/scoreboard.sv(28) @ 5115: uvm_test_top.env.sb [SCB_PASS] sel=2, d=40, y=40
# KERNEL: UVM_INFO /home/runner/scoreboard.sv(28) @ 5115: uvm_test_top.env.sb [SCB_PASS] sel=2, d=0, y=0
# KERNEL: UVM_INFO /home/runner/scoreboard.sv(28) @ 5115: uvm_test_top.env.sb [SCB_PASS] sel=2, d=0, y=0
# KERNEL: UVM_INFO /home/runner/monitor.sv(33) @ 5135: uvm_test_top.env.agent.mon [MON] Sampled data from Interface
# KERNEL: UVM_INFO /home/runner/scoreboard.sv(28) @ 5135: uvm_test_top.env.sb [SCB_PASS] sel=2, d=0, y=0
# KERNEL: UVM_INFO /home/runner/scoreboard.sv(28) @ 5135: uvm_test_top.env.sb [SCB_PASS] sel=2, d=40, y=40
# KERNEL: UVM_INFO /home/runner/scoreboard.sv(28) @ 5135: uvm_test_top.env.sb [SCB_PASS] sel=2, d=0, y=0
# KERNEL: UVM_INFO /home/runner/scoreboard.sv(28) @ 5135: uvm_test_top.env.sb [SCB_PASS] sel=2, d=0, y=0
# KERNEL: UVM_INFO /home/runner/monitor.sv(33) @ 5155: uvm_test_top.env.agent.mon [MON] Sampled data from Interface
# KERNEL: UVM_INFO /home/runner/scoreboard.sv(28) @ 5155: uvm_test_top.env.sb [SCB_PASS] sel=1, d=0, y=0
# KERNEL: UVM_INFO /home/runner/scoreboard.sv(28) @ 5155: uvm_test_top.env.sb [SCB_PASS] sel=1, d=0, y=0
# KERNEL: UVM_INFO /home/runner/scoreboard.sv(28) @ 5155: uvm_test_top.env.sb [SCB_PASS] sel=1, d=40, y=40
# KERNEL: UVM_INFO /home/runner/scoreboard.sv(28) @ 5155: uvm_test_top.env.sb [SCB_PASS] sel=1, d=0, y=0
# KERNEL: UVM_INFO /home/runner/monitor.sv(33) @ 5175: uvm_test_top.env.agent.mon [MON] Sampled data from Interface
# KERNEL: UVM_INFO /home/runner/scoreboard.sv(28) @ 5175: uvm_test_top.env.sb [SCB_PASS] sel=1, d=0, y=0
# KERNEL: UVM_INFO /home/runner/scoreboard.sv(28) @ 5175: uvm_test_top.env.sb [SCB_PASS] sel=1, d=0, y=0
# KERNEL: UVM_INFO /home/runner/scoreboard.sv(28) @ 5175: uvm_test_top.env.sb [SCB_PASS] sel=1, d=40, y=40
# KERNEL: UVM_INFO /home/runner/scoreboard.sv(28) @ 5175: uvm_test_top.env.sb [SCB_PASS] sel=1, d=0, y=0
# KERNEL: UVM_INFO /home/runner/monitor.sv(33) @ 5195: uvm_test_top.env.agent.mon [MON] Sampled data from Interface
# KERNEL: UVM_INFO /home/runner/scoreboard.sv(28) @ 5195: uvm_test_top.env.sb [SCB_PASS] sel=0, d=0, y=0
# KERNEL: UVM_INFO /home/runner/scoreboard.sv(28) @ 5195: uvm_test_top.env.sb [SCB_PASS] sel=0, d=0, y=0
# KERNEL: UVM_INFO /home/runner/scoreboard.sv(28) @ 5195: uvm_test_top.env.sb [SCB_PASS] sel=0, d=0, y=0
# KERNEL: UVM_INFO /home/runner/scoreboard.sv(28) @ 5195: uvm_test_top.env.sb [SCB_PASS] sel=0, d=40, y=40
# KERNEL: UVM_INFO /home/runner/monitor.sv(33) @ 5215: uvm_test_top.env.agent.mon [MON] Sampled data from Interface
# KERNEL: UVM_INFO /home/runner/scoreboard.sv(28) @ 5215: uvm_test_top.env.sb [SCB_PASS] sel=0, d=0, y=0
# KERNEL: UVM_INFO /home/runner/scoreboard.sv(28) @ 5215: uvm_test_top.env.sb [SCB_PASS] sel=0, d=0, y=0
# KERNEL: UVM_INFO /home/runner/scoreboard.sv(28) @ 5215: uvm_test_top.env.sb [SCB_PASS] sel=0, d=0, y=0
# KERNEL: UVM_INFO /home/runner/scoreboard.sv(28) @ 5215: uvm_test_top.env.sb [SCB_PASS] sel=0, d=40, y=40
# KERNEL: UVM_INFO /home/runner/monitor.sv(33) @ 5235: uvm_test_top.env.agent.mon [MON] Sampled data from Interface
# KERNEL: UVM_INFO /home/runner/scoreboard.sv(28) @ 5235: uvm_test_top.env.sb [SCB_PASS] sel=3, d=40, y=40
# KERNEL: UVM_INFO /home/runner/scoreboard.sv(28) @ 5235: uvm_test_top.env.sb [SCB_PASS] sel=3, d=0, y=0
# KERNEL: UVM_INFO /home/runner/scoreboard.sv(28) @ 5235: uvm_test_top.env.sb [SCB_PASS] sel=3, d=0, y=0
# KERNEL: UVM_INFO /home/runner/scoreboard.sv(28) @ 5235: uvm_test_top.env.sb [SCB_PASS] sel=3, d=0, y=0
# KERNEL: UVM_INFO /home/runner/monitor.sv(33) @ 5255: uvm_test_top.env.agent.mon [MON] Sampled data from Interface
# KERNEL: UVM_INFO /home/runner/scoreboard.sv(28) @ 5255: uvm_test_top.env.sb [SCB_PASS] sel=3, d=40, y=40
# KERNEL: UVM_INFO /home/runner/scoreboard.sv(28) @ 5255: uvm_test_top.env.sb [SCB_PASS] sel=3, d=0, y=0
# KERNEL: UVM_INFO /home/runner/scoreboard.sv(28) @ 5255: uvm_test_top.env.sb [SCB_PASS] sel=3, d=0, y=0
# KERNEL: UVM_INFO /home/runner/scoreboard.sv(28) @ 5255: uvm_test_top.env.sb [SCB_PASS] sel=3, d=0, y=0
# KERNEL: UVM_INFO /home/runner/monitor.sv(33) @ 5275: uvm_test_top.env.agent.mon [MON] Sampled data from Interface
# KERNEL: UVM_INFO /home/runner/scoreboard.sv(28) @ 5275: uvm_test_top.env.sb [SCB_PASS] sel=2, d=0, y=0
# KERNEL: UVM_INFO /home/runner/scoreboard.sv(28) @ 5275: uvm_test_top.env.sb [SCB_PASS] sel=2, d=40, y=40
# KERNEL: UVM_INFO /home/runner/scoreboard.sv(28) @ 5275: uvm_test_top.env.sb [SCB_PASS] sel=2, d=0, y=0
# KERNEL: UVM_INFO /home/runner/scoreboard.sv(28) @ 5275: uvm_test_top.env.sb [SCB_PASS] sel=2, d=0, y=0
# KERNEL: UVM_INFO /home/runner/monitor.sv(33) @ 5295: uvm_test_top.env.agent.mon [MON] Sampled data from Interface
# KERNEL: UVM_INFO /home/runner/scoreboard.sv(28) @ 5295: uvm_test_top.env.sb [SCB_PASS] sel=2, d=0, y=0
# KERNEL: UVM_INFO /home/runner/scoreboard.sv(28) @ 5295: uvm_test_top.env.sb [SCB_PASS] sel=2, d=40, y=40
# KERNEL: UVM_INFO /home/runner/scoreboard.sv(28) @ 5295: uvm_test_top.env.sb [SCB_PASS] sel=2, d=0, y=0
# KERNEL: UVM_INFO /home/runner/scoreboard.sv(28) @ 5295: uvm_test_top.env.sb [SCB_PASS] sel=2, d=0, y=0
# KERNEL: UVM_INFO /home/runner/monitor.sv(33) @ 5315: uvm_test_top.env.agent.mon [MON] Sampled data from Interface
# KERNEL: UVM_INFO /home/runner/scoreboard.sv(28) @ 5315: uvm_test_top.env.sb [SCB_PASS] sel=1, d=0, y=0
# KERNEL: UVM_INFO /home/runner/scoreboard.sv(28) @ 5315: uvm_test_top.env.sb [SCB_PASS] sel=1, d=0, y=0
# KERNEL: UVM_INFO /home/runner/scoreboard.sv(28) @ 5315: uvm_test_top.env.sb [SCB_PASS] sel=1, d=40, y=40
# KERNEL: UVM_INFO /home/runner/scoreboard.sv(28) @ 5315: uvm_test_top.env.sb [SCB_PASS] sel=1, d=0, y=0
# KERNEL: UVM_INFO /home/runner/monitor.sv(33) @ 5335: uvm_test_top.env.agent.mon [MON] Sampled data from Interface
# KERNEL: UVM_INFO /home/runner/scoreboard.sv(28) @ 5335: uvm_test_top.env.sb [SCB_PASS] sel=1, d=0, y=0
# KERNEL: UVM_INFO /home/runner/scoreboard.sv(28) @ 5335: uvm_test_top.env.sb [SCB_PASS] sel=1, d=0, y=0
# KERNEL: UVM_INFO /home/runner/scoreboard.sv(28) @ 5335: uvm_test_top.env.sb [SCB_PASS] sel=1, d=40, y=40
# KERNEL: UVM_INFO /home/runner/scoreboard.sv(28) @ 5335: uvm_test_top.env.sb [SCB_PASS] sel=1, d=0, y=0
# KERNEL: UVM_INFO /home/runner/monitor.sv(33) @ 5355: uvm_test_top.env.agent.mon [MON] Sampled data from Interface
# KERNEL: UVM_INFO /home/runner/scoreboard.sv(28) @ 5355: uvm_test_top.env.sb [SCB_PASS] sel=0, d=0, y=0
# KERNEL: UVM_INFO /home/runner/scoreboard.sv(28) @ 5355: uvm_test_top.env.sb [SCB_PASS] sel=0, d=0, y=0
# KERNEL: UVM_INFO /home/runner/scoreboard.sv(28) @ 5355: uvm_test_top.env.sb [SCB_PASS] sel=0, d=0, y=0
# KERNEL: UVM_INFO /home/runner/scoreboard.sv(28) @ 5355: uvm_test_top.env.sb [SCB_PASS] sel=0, d=40, y=40
# KERNEL: UVM_INFO /home/runner/monitor.sv(33) @ 5375: uvm_test_top.env.agent.mon [MON] Sampled data from Interface
# KERNEL: UVM_INFO /home/runner/scoreboard.sv(28) @ 5375: uvm_test_top.env.sb [SCB_PASS] sel=0, d=0, y=0
# KERNEL: UVM_INFO /home/runner/scoreboard.sv(28) @ 5375: uvm_test_top.env.sb [SCB_PASS] sel=0, d=0, y=0
# KERNEL: UVM_INFO /home/runner/scoreboard.sv(28) @ 5375: uvm_test_top.env.sb [SCB_PASS] sel=0, d=0, y=0
# KERNEL: UVM_INFO /home/runner/scoreboard.sv(28) @ 5375: uvm_test_top.env.sb [SCB_PASS] sel=0, d=40, y=40
# KERNEL: UVM_INFO /home/runner/monitor.sv(33) @ 5395: uvm_test_top.env.agent.mon [MON] Sampled data from Interface
# KERNEL: UVM_INFO /home/runner/scoreboard.sv(28) @ 5395: uvm_test_top.env.sb [SCB_PASS] sel=3, d=40, y=40
# KERNEL: UVM_INFO /home/runner/scoreboard.sv(28) @ 5395: uvm_test_top.env.sb [SCB_PASS] sel=3, d=0, y=0
# KERNEL: UVM_INFO /home/runner/scoreboard.sv(28) @ 5395: uvm_test_top.env.sb [SCB_PASS] sel=3, d=0, y=0
# KERNEL: UVM_INFO /home/runner/scoreboard.sv(28) @ 5395: uvm_test_top.env.sb [SCB_PASS] sel=3, d=0, y=0
# KERNEL: UVM_INFO /home/runner/monitor.sv(33) @ 5415: uvm_test_top.env.agent.mon [MON] Sampled data from Interface
# KERNEL: UVM_INFO /home/runner/scoreboard.sv(28) @ 5415: uvm_test_top.env.sb [SCB_PASS] sel=3, d=40, y=40
# KERNEL: UVM_INFO /home/runner/scoreboard.sv(28) @ 5415: uvm_test_top.env.sb [SCB_PASS] sel=3, d=0, y=0
# KERNEL: UVM_INFO /home/runner/scoreboard.sv(28) @ 5415: uvm_test_top.env.sb [SCB_PASS] sel=3, d=0, y=0
# KERNEL: UVM_INFO /home/runner/scoreboard.sv(28) @ 5415: uvm_test_top.env.sb [SCB_PASS] sel=3, d=0, y=0
# KERNEL: UVM_INFO /home/runner/monitor.sv(33) @ 5435: uvm_test_top.env.agent.mon [MON] Sampled data from Interface
# KERNEL: UVM_INFO /home/runner/scoreboard.sv(28) @ 5435: uvm_test_top.env.sb [SCB_PASS] sel=2, d=0, y=0
# KERNEL: UVM_INFO /home/runner/scoreboard.sv(28) @ 5435: uvm_test_top.env.sb [SCB_PASS] sel=2, d=40, y=40
# KERNEL: UVM_INFO /home/runner/scoreboard.sv(28) @ 5435: uvm_test_top.env.sb [SCB_PASS] sel=2, d=0, y=0
# KERNEL: UVM_INFO /home/runner/scoreboard.sv(28) @ 5435: uvm_test_top.env.sb [SCB_PASS] sel=2, d=0, y=0
# KERNEL: UVM_INFO /home/runner/monitor.sv(33) @ 5455: uvm_test_top.env.agent.mon [MON] Sampled data from Interface
# KERNEL: UVM_INFO /home/runner/scoreboard.sv(28) @ 5455: uvm_test_top.env.sb [SCB_PASS] sel=2, d=0, y=0
# KERNEL: UVM_INFO /home/runner/scoreboard.sv(28) @ 5455: uvm_test_top.env.sb [SCB_PASS] sel=2, d=40, y=40
# KERNEL: UVM_INFO /home/runner/scoreboard.sv(28) @ 5455: uvm_test_top.env.sb [SCB_PASS] sel=2, d=0, y=0
# KERNEL: UVM_INFO /home/runner/scoreboard.sv(28) @ 5455: uvm_test_top.env.sb [SCB_PASS] sel=2, d=0, y=0
# KERNEL: UVM_INFO /home/runner/monitor.sv(33) @ 5475: uvm_test_top.env.agent.mon [MON] Sampled data from Interface
# KERNEL: UVM_INFO /home/runner/scoreboard.sv(28) @ 5475: uvm_test_top.env.sb [SCB_PASS] sel=1, d=0, y=0
# KERNEL: UVM_INFO /home/runner/scoreboard.sv(28) @ 5475: uvm_test_top.env.sb [SCB_PASS] sel=1, d=0, y=0
# KERNEL: UVM_INFO /home/runner/scoreboard.sv(28) @ 5475: uvm_test_top.env.sb [SCB_PASS] sel=1, d=40, y=40
# KERNEL: UVM_INFO /home/runner/scoreboard.sv(28) @ 5475: uvm_test_top.env.sb [SCB_PASS] sel=1, d=0, y=0
# KERNEL: UVM_INFO /home/runner/monitor.sv(33) @ 5495: uvm_test_top.env.agent.mon [MON] Sampled data from Interface
# KERNEL: UVM_INFO /home/runner/scoreboard.sv(28) @ 5495: uvm_test_top.env.sb [SCB_PASS] sel=1, d=0, y=0
# KERNEL: UVM_INFO /home/runner/scoreboard.sv(28) @ 5495: uvm_test_top.env.sb [SCB_PASS] sel=1, d=0, y=0
# KERNEL: UVM_INFO /home/runner/scoreboard.sv(28) @ 5495: uvm_test_top.env.sb [SCB_PASS] sel=1, d=40, y=40
# KERNEL: UVM_INFO /home/runner/scoreboard.sv(28) @ 5495: uvm_test_top.env.sb [SCB_PASS] sel=1, d=0, y=0
# KERNEL: UVM_INFO /home/runner/monitor.sv(33) @ 5515: uvm_test_top.env.agent.mon [MON] Sampled data from Interface
# KERNEL: UVM_INFO /home/runner/scoreboard.sv(28) @ 5515: uvm_test_top.env.sb [SCB_PASS] sel=0, d=0, y=0
# KERNEL: UVM_INFO /home/runner/scoreboard.sv(28) @ 5515: uvm_test_top.env.sb [SCB_PASS] sel=0, d=0, y=0
# KERNEL: UVM_INFO /home/runner/scoreboard.sv(28) @ 5515: uvm_test_top.env.sb [SCB_PASS] sel=0, d=0, y=0
# KERNEL: UVM_INFO /home/runner/scoreboard.sv(28) @ 5515: uvm_test_top.env.sb [SCB_PASS] sel=0, d=40, y=40
# KERNEL: UVM_INFO /home/runner/monitor.sv(33) @ 5535: uvm_test_top.env.agent.mon [MON] Sampled data from Interface
# KERNEL: UVM_INFO /home/runner/scoreboard.sv(28) @ 5535: uvm_test_top.env.sb [SCB_PASS] sel=0, d=0, y=0
# KERNEL: UVM_INFO /home/runner/scoreboard.sv(28) @ 5535: uvm_test_top.env.sb [SCB_PASS] sel=0, d=0, y=0
# KERNEL: UVM_INFO /home/runner/scoreboard.sv(28) @ 5535: uvm_test_top.env.sb [SCB_PASS] sel=0, d=0, y=0
# KERNEL: UVM_INFO /home/runner/scoreboard.sv(28) @ 5535: uvm_test_top.env.sb [SCB_PASS] sel=0, d=80, y=80
# KERNEL: UVM_INFO /home/runner/monitor.sv(33) @ 5555: uvm_test_top.env.agent.mon [MON] Sampled data from Interface
# KERNEL: UVM_INFO /home/runner/scoreboard.sv(28) @ 5555: uvm_test_top.env.sb [SCB_PASS] sel=3, d=80, y=80
# KERNEL: UVM_INFO /home/runner/scoreboard.sv(28) @ 5555: uvm_test_top.env.sb [SCB_PASS] sel=3, d=0, y=0
# KERNEL: UVM_INFO /home/runner/scoreboard.sv(28) @ 5555: uvm_test_top.env.sb [SCB_PASS] sel=3, d=0, y=0
# KERNEL: UVM_INFO /home/runner/scoreboard.sv(28) @ 5555: uvm_test_top.env.sb [SCB_PASS] sel=3, d=0, y=0
# KERNEL: UVM_INFO /home/runner/monitor.sv(33) @ 5575: uvm_test_top.env.agent.mon [MON] Sampled data from Interface
# KERNEL: UVM_INFO /home/runner/scoreboard.sv(28) @ 5575: uvm_test_top.env.sb [SCB_PASS] sel=3, d=80, y=80
# KERNEL: UVM_INFO /home/runner/scoreboard.sv(28) @ 5575: uvm_test_top.env.sb [SCB_PASS] sel=3, d=0, y=0
# KERNEL: UVM_INFO /home/runner/scoreboard.sv(28) @ 5575: uvm_test_top.env.sb [SCB_PASS] sel=3, d=0, y=0
# KERNEL: UVM_INFO /home/runner/scoreboard.sv(28) @ 5575: uvm_test_top.env.sb [SCB_PASS] sel=3, d=0, y=0
# KERNEL: UVM_INFO /home/runner/monitor.sv(33) @ 5595: uvm_test_top.env.agent.mon [MON] Sampled data from Interface
# KERNEL: UVM_INFO /home/runner/scoreboard.sv(28) @ 5595: uvm_test_top.env.sb [SCB_PASS] sel=0, d=0, y=0
# KERNEL: UVM_INFO /home/runner/scoreboard.sv(28) @ 5595: uvm_test_top.env.sb [SCB_PASS] sel=0, d=0, y=0
# KERNEL: UVM_INFO /home/runner/scoreboard.sv(28) @ 5595: uvm_test_top.env.sb [SCB_PASS] sel=0, d=0, y=0
# KERNEL: UVM_INFO /home/runner/scoreboard.sv(28) @ 5595: uvm_test_top.env.sb [SCB_PASS] sel=0, d=80, y=80
# KERNEL: UVM_INFO /home/runner/monitor.sv(33) @ 5615: uvm_test_top.env.agent.mon [MON] Sampled data from Interface
# KERNEL: UVM_INFO /home/runner/scoreboard.sv(28) @ 5615: uvm_test_top.env.sb [SCB_PASS] sel=1, d=0, y=0
# KERNEL: UVM_INFO /home/runner/scoreboard.sv(28) @ 5615: uvm_test_top.env.sb [SCB_PASS] sel=1, d=0, y=0
# KERNEL: UVM_INFO /home/runner/scoreboard.sv(28) @ 5615: uvm_test_top.env.sb [SCB_PASS] sel=1, d=80, y=80
# KERNEL: UVM_INFO /home/runner/scoreboard.sv(28) @ 5615: uvm_test_top.env.sb [SCB_PASS] sel=1, d=0, y=0
# KERNEL: UVM_INFO /home/runner/monitor.sv(33) @ 5635: uvm_test_top.env.agent.mon [MON] Sampled data from Interface
# KERNEL: UVM_INFO /home/runner/scoreboard.sv(28) @ 5635: uvm_test_top.env.sb [SCB_PASS] sel=3, d=80, y=80
# KERNEL: UVM_INFO /home/runner/scoreboard.sv(28) @ 5635: uvm_test_top.env.sb [SCB_PASS] sel=3, d=0, y=0
# KERNEL: UVM_INFO /home/runner/scoreboard.sv(28) @ 5635: uvm_test_top.env.sb [SCB_PASS] sel=3, d=0, y=0
# KERNEL: UVM_INFO /home/runner/scoreboard.sv(28) @ 5635: uvm_test_top.env.sb [SCB_PASS] sel=3, d=0, y=0
# KERNEL: UVM_INFO /home/runner/monitor.sv(33) @ 5655: uvm_test_top.env.agent.mon [MON] Sampled data from Interface
# KERNEL: UVM_INFO /home/runner/scoreboard.sv(28) @ 5655: uvm_test_top.env.sb [SCB_PASS] sel=0, d=0, y=0
# KERNEL: UVM_INFO /home/runner/scoreboard.sv(28) @ 5655: uvm_test_top.env.sb [SCB_PASS] sel=0, d=0, y=0
# KERNEL: UVM_INFO /home/runner/scoreboard.sv(28) @ 5655: uvm_test_top.env.sb [SCB_PASS] sel=0, d=0, y=0
# KERNEL: UVM_INFO /home/runner/scoreboard.sv(28) @ 5655: uvm_test_top.env.sb [SCB_PASS] sel=0, d=80, y=80
# KERNEL: UVM_INFO /home/runner/monitor.sv(33) @ 5675: uvm_test_top.env.agent.mon [MON] Sampled data from Interface
# KERNEL: UVM_INFO /home/runner/scoreboard.sv(28) @ 5675: uvm_test_top.env.sb [SCB_PASS] sel=2, d=0, y=0
# KERNEL: UVM_INFO /home/runner/scoreboard.sv(28) @ 5675: uvm_test_top.env.sb [SCB_PASS] sel=2, d=80, y=80
# KERNEL: UVM_INFO /home/runner/scoreboard.sv(28) @ 5675: uvm_test_top.env.sb [SCB_PASS] sel=2, d=0, y=0
# KERNEL: UVM_INFO /home/runner/scoreboard.sv(28) @ 5675: uvm_test_top.env.sb [SCB_PASS] sel=2, d=0, y=0
# KERNEL: UVM_INFO /home/runner/monitor.sv(33) @ 5695: uvm_test_top.env.agent.mon [MON] Sampled data from Interface
# KERNEL: UVM_INFO /home/runner/scoreboard.sv(28) @ 5695: uvm_test_top.env.sb [SCB_PASS] sel=3, d=80, y=80
# KERNEL: UVM_INFO /home/runner/scoreboard.sv(28) @ 5695: uvm_test_top.env.sb [SCB_PASS] sel=3, d=0, y=0
# KERNEL: UVM_INFO /home/runner/scoreboard.sv(28) @ 5695: uvm_test_top.env.sb [SCB_PASS] sel=3, d=0, y=0
# KERNEL: UVM_INFO /home/runner/scoreboard.sv(28) @ 5695: uvm_test_top.env.sb [SCB_PASS] sel=3, d=0, y=0
# KERNEL: UVM_INFO /home/runner/monitor.sv(33) @ 5715: uvm_test_top.env.agent.mon [MON] Sampled data from Interface
# KERNEL: UVM_INFO /home/runner/scoreboard.sv(28) @ 5715: uvm_test_top.env.sb [SCB_PASS] sel=1, d=0, y=0
# KERNEL: UVM_INFO /home/runner/scoreboard.sv(28) @ 5715: uvm_test_top.env.sb [SCB_PASS] sel=1, d=0, y=0
# KERNEL: UVM_INFO /home/runner/scoreboard.sv(28) @ 5715: uvm_test_top.env.sb [SCB_PASS] sel=1, d=80, y=80
# KERNEL: UVM_INFO /home/runner/scoreboard.sv(28) @ 5715: uvm_test_top.env.sb [SCB_PASS] sel=1, d=0, y=0
# KERNEL: UVM_INFO /home/runner/monitor.sv(33) @ 5735: uvm_test_top.env.agent.mon [MON] Sampled data from Interface
# KERNEL: UVM_INFO /home/runner/scoreboard.sv(28) @ 5735: uvm_test_top.env.sb [SCB_PASS] sel=2, d=0, y=0
# KERNEL: UVM_INFO /home/runner/scoreboard.sv(28) @ 5735: uvm_test_top.env.sb [SCB_PASS] sel=2, d=80, y=80
# KERNEL: UVM_INFO /home/runner/scoreboard.sv(28) @ 5735: uvm_test_top.env.sb [SCB_PASS] sel=2, d=0, y=0
# KERNEL: UVM_INFO /home/runner/scoreboard.sv(28) @ 5735: uvm_test_top.env.sb [SCB_PASS] sel=2, d=0, y=0
# KERNEL: UVM_INFO /home/runner/monitor.sv(33) @ 5755: uvm_test_top.env.agent.mon [MON] Sampled data from Interface
# KERNEL: UVM_INFO /home/runner/scoreboard.sv(28) @ 5755: uvm_test_top.env.sb [SCB_PASS] sel=0, d=0, y=0
# KERNEL: UVM_INFO /home/runner/scoreboard.sv(28) @ 5755: uvm_test_top.env.sb [SCB_PASS] sel=0, d=0, y=0
# KERNEL: UVM_INFO /home/runner/scoreboard.sv(28) @ 5755: uvm_test_top.env.sb [SCB_PASS] sel=0, d=0, y=0
# KERNEL: UVM_INFO /home/runner/scoreboard.sv(28) @ 5755: uvm_test_top.env.sb [SCB_PASS] sel=0, d=80, y=80
# KERNEL: UVM_INFO /home/runner/monitor.sv(33) @ 5775: uvm_test_top.env.agent.mon [MON] Sampled data from Interface
# KERNEL: UVM_INFO /home/runner/scoreboard.sv(28) @ 5775: uvm_test_top.env.sb [SCB_PASS] sel=1, d=0, y=0
# KERNEL: UVM_INFO /home/runner/scoreboard.sv(28) @ 5775: uvm_test_top.env.sb [SCB_PASS] sel=1, d=0, y=0
# KERNEL: UVM_INFO /home/runner/scoreboard.sv(28) @ 5775: uvm_test_top.env.sb [SCB_PASS] sel=1, d=80, y=80
# KERNEL: UVM_INFO /home/runner/scoreboard.sv(28) @ 5775: uvm_test_top.env.sb [SCB_PASS] sel=1, d=0, y=0
# KERNEL: UVM_INFO /home/runner/monitor.sv(33) @ 5795: uvm_test_top.env.agent.mon [MON] Sampled data from Interface
# KERNEL: UVM_INFO /home/runner/scoreboard.sv(28) @ 5795: uvm_test_top.env.sb [SCB_PASS] sel=3, d=80, y=80
# KERNEL: UVM_INFO /home/runner/scoreboard.sv(28) @ 5795: uvm_test_top.env.sb [SCB_PASS] sel=3, d=0, y=0
# KERNEL: UVM_INFO /home/runner/scoreboard.sv(28) @ 5795: uvm_test_top.env.sb [SCB_PASS] sel=3, d=0, y=0
# KERNEL: UVM_INFO /home/runner/scoreboard.sv(28) @ 5795: uvm_test_top.env.sb [SCB_PASS] sel=3, d=0, y=0
# KERNEL: UVM_INFO /home/runner/monitor.sv(33) @ 5815: uvm_test_top.env.agent.mon [MON] Sampled data from Interface
# KERNEL: UVM_INFO /home/runner/scoreboard.sv(28) @ 5815: uvm_test_top.env.sb [SCB_PASS] sel=0, d=0, y=0
# KERNEL: UVM_INFO /home/runner/scoreboard.sv(28) @ 5815: uvm_test_top.env.sb [SCB_PASS] sel=0, d=0, y=0
# KERNEL: UVM_INFO /home/runner/scoreboard.sv(28) @ 5815: uvm_test_top.env.sb [SCB_PASS] sel=0, d=0, y=0
# KERNEL: UVM_INFO /home/runner/scoreboard.sv(28) @ 5815: uvm_test_top.env.sb [SCB_PASS] sel=0, d=80, y=80
# KERNEL: UVM_INFO /home/runner/monitor.sv(33) @ 5835: uvm_test_top.env.agent.mon [MON] Sampled data from Interface
# KERNEL: UVM_INFO /home/runner/scoreboard.sv(28) @ 5835: uvm_test_top.env.sb [SCB_PASS] sel=2, d=0, y=0
# KERNEL: UVM_INFO /home/runner/scoreboard.sv(28) @ 5835: uvm_test_top.env.sb [SCB_PASS] sel=2, d=80, y=80
# KERNEL: UVM_INFO /home/runner/scoreboard.sv(28) @ 5835: uvm_test_top.env.sb [SCB_PASS] sel=2, d=0, y=0
# KERNEL: UVM_INFO /home/runner/scoreboard.sv(28) @ 5835: uvm_test_top.env.sb [SCB_PASS] sel=2, d=0, y=0
# KERNEL: UVM_INFO /home/runner/monitor.sv(33) @ 5855: uvm_test_top.env.agent.mon [MON] Sampled data from Interface
# KERNEL: UVM_INFO /home/runner/scoreboard.sv(28) @ 5855: uvm_test_top.env.sb [SCB_PASS] sel=3, d=80, y=80
# KERNEL: UVM_INFO /home/runner/scoreboard.sv(28) @ 5855: uvm_test_top.env.sb [SCB_PASS] sel=3, d=0, y=0
# KERNEL: UVM_INFO /home/runner/scoreboard.sv(28) @ 5855: uvm_test_top.env.sb [SCB_PASS] sel=3, d=0, y=0
# KERNEL: UVM_INFO /home/runner/scoreboard.sv(28) @ 5855: uvm_test_top.env.sb [SCB_PASS] sel=3, d=0, y=0
# KERNEL: UVM_INFO /home/runner/monitor.sv(33) @ 5875: uvm_test_top.env.agent.mon [MON] Sampled data from Interface
# KERNEL: UVM_INFO /home/runner/scoreboard.sv(28) @ 5875: uvm_test_top.env.sb [SCB_PASS] sel=1, d=0, y=0
# KERNEL: UVM_INFO /home/runner/scoreboard.sv(28) @ 5875: uvm_test_top.env.sb [SCB_PASS] sel=1, d=0, y=0
# KERNEL: UVM_INFO /home/runner/scoreboard.sv(28) @ 5875: uvm_test_top.env.sb [SCB_PASS] sel=1, d=80, y=80
# KERNEL: UVM_INFO /home/runner/scoreboard.sv(28) @ 5875: uvm_test_top.env.sb [SCB_PASS] sel=1, d=0, y=0
# KERNEL: UVM_INFO /home/runner/monitor.sv(33) @ 5895: uvm_test_top.env.agent.mon [MON] Sampled data from Interface
# KERNEL: UVM_INFO /home/runner/scoreboard.sv(28) @ 5895: uvm_test_top.env.sb [SCB_PASS] sel=2, d=0, y=0
# KERNEL: UVM_INFO /home/runner/scoreboard.sv(28) @ 5895: uvm_test_top.env.sb [SCB_PASS] sel=2, d=80, y=80
# KERNEL: UVM_INFO /home/runner/scoreboard.sv(28) @ 5895: uvm_test_top.env.sb [SCB_PASS] sel=2, d=0, y=0
# KERNEL: UVM_INFO /home/runner/scoreboard.sv(28) @ 5895: uvm_test_top.env.sb [SCB_PASS] sel=2, d=0, y=0
# KERNEL: UVM_INFO /home/runner/monitor.sv(33) @ 5915: uvm_test_top.env.agent.mon [MON] Sampled data from Interface
# KERNEL: UVM_INFO /home/runner/scoreboard.sv(28) @ 5915: uvm_test_top.env.sb [SCB_PASS] sel=0, d=0, y=0
# KERNEL: UVM_INFO /home/runner/scoreboard.sv(28) @ 5915: uvm_test_top.env.sb [SCB_PASS] sel=0, d=0, y=0
# KERNEL: UVM_INFO /home/runner/scoreboard.sv(28) @ 5915: uvm_test_top.env.sb [SCB_PASS] sel=0, d=0, y=0
# KERNEL: UVM_INFO /home/runner/scoreboard.sv(28) @ 5915: uvm_test_top.env.sb [SCB_PASS] sel=0, d=80, y=80
# KERNEL: UVM_INFO /home/runner/monitor.sv(33) @ 5935: uvm_test_top.env.agent.mon [MON] Sampled data from Interface
# KERNEL: UVM_INFO /home/runner/scoreboard.sv(28) @ 5935: uvm_test_top.env.sb [SCB_PASS] sel=1, d=0, y=0
# KERNEL: UVM_INFO /home/runner/scoreboard.sv(28) @ 5935: uvm_test_top.env.sb [SCB_PASS] sel=1, d=0, y=0
# KERNEL: UVM_INFO /home/runner/scoreboard.sv(28) @ 5935: uvm_test_top.env.sb [SCB_PASS] sel=1, d=80, y=80
# KERNEL: UVM_INFO /home/runner/scoreboard.sv(28) @ 5935: uvm_test_top.env.sb [SCB_PASS] sel=1, d=0, y=0
# KERNEL: UVM_INFO /home/runner/monitor.sv(33) @ 5955: uvm_test_top.env.agent.mon [MON] Sampled data from Interface
# KERNEL: UVM_INFO /home/runner/scoreboard.sv(28) @ 5955: uvm_test_top.env.sb [SCB_PASS] sel=3, d=80, y=80
# KERNEL: UVM_INFO /home/runner/scoreboard.sv(28) @ 5955: uvm_test_top.env.sb [SCB_PASS] sel=3, d=0, y=0
# KERNEL: UVM_INFO /home/runner/scoreboard.sv(28) @ 5955: uvm_test_top.env.sb [SCB_PASS] sel=3, d=0, y=0
# KERNEL: UVM_INFO /home/runner/scoreboard.sv(28) @ 5955: uvm_test_top.env.sb [SCB_PASS] sel=3, d=0, y=0
# KERNEL: UVM_INFO /home/runner/monitor.sv(33) @ 5975: uvm_test_top.env.agent.mon [MON] Sampled data from Interface
# KERNEL: UVM_INFO /home/runner/scoreboard.sv(28) @ 5975: uvm_test_top.env.sb [SCB_PASS] sel=0, d=0, y=0
# KERNEL: UVM_INFO /home/runner/scoreboard.sv(28) @ 5975: uvm_test_top.env.sb [SCB_PASS] sel=0, d=0, y=0
# KERNEL: UVM_INFO /home/runner/scoreboard.sv(28) @ 5975: uvm_test_top.env.sb [SCB_PASS] sel=0, d=0, y=0
# KERNEL: UVM_INFO /home/runner/scoreboard.sv(28) @ 5975: uvm_test_top.env.sb [SCB_PASS] sel=0, d=80, y=80
# KERNEL: UVM_INFO /home/runner/monitor.sv(33) @ 5995: uvm_test_top.env.agent.mon [MON] Sampled data from Interface
# KERNEL: UVM_INFO /home/runner/scoreboard.sv(28) @ 5995: uvm_test_top.env.sb [SCB_PASS] sel=2, d=0, y=0
# KERNEL: UVM_INFO /home/runner/scoreboard.sv(28) @ 5995: uvm_test_top.env.sb [SCB_PASS] sel=2, d=80, y=80
# KERNEL: UVM_INFO /home/runner/scoreboard.sv(28) @ 5995: uvm_test_top.env.sb [SCB_PASS] sel=2, d=0, y=0
# KERNEL: UVM_INFO /home/runner/scoreboard.sv(28) @ 5995: uvm_test_top.env.sb [SCB_PASS] sel=2, d=0, y=0
# KERNEL: UVM_INFO ./uvm-1.2/src/base/uvm_objection.svh(1271) @ 6005: reporter [TEST_DONE] 'run' phase is ready to proceed to the 'extract' phase
# KERNEL: UVM_INFO ./uvm-1.2/src/base/uvm_report_server.svh(869) @ 6005: reporter [UVM/REPORT/SERVER] 
# KERNEL: --- UVM Report Summary ---
# KERNEL: 
# KERNEL: ** Report counts by severity
# KERNEL: UVM_INFO : 1512
# KERNEL: UVM_WARNING :    0
# KERNEL: UVM_ERROR :    0
# KERNEL: UVM_FATAL :    0
# KERNEL: ** Report counts by id
# KERNEL: [MASTER_SEQ]     5
# KERNEL: [MON]   300
# KERNEL: [RNTST]     1
# KERNEL: [SCB_PASS]  1200
# KERNEL: [SEQ]     4
# KERNEL: [TEST_DONE]     1
# KERNEL: [UVM/RELNOTES]     1
# KERNEL: 
# RUNTIME: Info: RUNTIME_0068 uvm_root.svh (521): $finish called.
# KERNEL: Time: 6005 ns,  Iteration: 57,  Instance: /top,  Process: @INITIAL#31_2@.
# KERNEL: stopped at time: 6005 ns
# VSIM: Simulation has finished. There are no more test vectors to simulate.
acdb save;
acdb report -db fcover.acdb -txt -o cov.txt -verbose;
# ACDB: Coverage report "cov.txt" was generated successfully.
exec cat cov.txt;
# +++++++++++++++++++++++++++++++++++++++++++++
# ++++++++++       REPORT INFO       ++++++++++
# +++++++++++++++++++++++++++++++++++++++++++++
# 
# 
# SUMMARY
# ===============================================
# |     Property     |          Value           |
# ===============================================
# | User             | runner                   |
# | Host             | 6f8621e8c34f             |
# | Tool             | Riviera-PRO 2025.04      |
# | Report file      | /home/runner/cov.txt     |
# | Report date      | 2026-04-03 07:29         |
# | Report arguments | -verbose                 |
# | Input file       | /home/runner/fcover.acdb |
# | Input file date  | 2026-04-03 07:29         |
# | Number of tests  | 1                        |
# ===============================================
# 
# 
# TEST DETAILS
# ==============================================
# | Property |              Value              |
# ==============================================
# | Test     | fcover.acdb:fcover              |
# | Status   | Error                           |
# | Args     | asim +access+r                  |
# | Simtime  | 6005 ns                         |
# | Cputime  | 5.188 s                         |
# | Seed     | 1                               |
# | Date     | 2026-04-03 07:29                |
# | User     | runner                          |
# | Host     | 6f8621e8c34f                    |
# | Host os  | Linux64                         |
# | Tool     | Riviera-PRO 2025.04 (simulator) |
# ==============================================
# 
# 
# +++++++++++++++++++++++++++++++++++++++++++++
# ++++++++++     DESIGN HIERARCHY    ++++++++++
# +++++++++++++++++++++++++++++++++++++++++++++
# 
# 
# CUMULATIVE SUMMARY
# =============================================
# |    Coverage Type    | Weight | Hits/Total |
# =============================================
# | Covergroup Coverage |      1 |   100.000% |
# |---------------------|--------|------------|
# | Types               |        |      1 / 1 |
# =============================================
# CUMULATIVE INSTANCE-BASED COVERAGE: 100.000%
# COVERED INSTANCES: 1 / 1
# FILES: 1
# 
# 
# CLASS - /\package mux_pkg\/demux_coverage : work.mux_pkg/\mux_pkg demux_coverage \
# 
# 
#     SUMMARY
#     =============================================
#     |    Coverage Type    | Weight | Hits/Total |
#     =============================================
#     | Covergroup Coverage |      1 |   100.000% |
#     |---------------------|--------|------------|
#     | Types               |        |      1 / 1 |
#     =============================================
#     WEIGHTED AVERAGE LOCAL: 100.000%
# 
# 
#     COVERGROUP COVERAGE
#     ===================================================================================
#     |                   Covergroup                    |   Hits   |  Goal /  | Status  |
#     |                                                 |          | At Least |         |
#     ===================================================================================
#     | TYPE /\package mux_pkg\/demux_coverage/demux_cg | 100.000% | 100.000% | Covered |
#     ===================================================================================
#     | INSTANCE <UNNAMED1>                             | 100.000% | 100.000% | Covered |
#     |-------------------------------------------------|----------|----------|---------|
#     | COVERPOINT <UNNAMED1>::cp_sel                   | 100.000% | 100.000% | Covered |
#     |-------------------------------------------------|----------|----------|---------|
#     | bin all_inputs[0]                               |       73 |        1 | Covered |
#     | bin all_inputs[1]                               |       74 |        1 | Covered |
#     | bin all_inputs[2]                               |       73 |        1 | Covered |
#     | bin all_inputs[3]                               |       75 |        1 | Covered |
#     |-------------------------------------------------|----------|----------|---------|
#     | COVERPOINT <UNNAMED1>::cp_sel_states            | 100.000% | 100.000% | Covered |
#     |-------------------------------------------------|----------|----------|---------|
#     | bin valid[0]                                    |       73 |        1 | Covered |
#     | bin valid[1]                                    |       74 |        1 | Covered |
#     | bin valid[2]                                    |       73 |        1 | Covered |
#     | bin valid[3]                                    |       75 |        1 | Covered |
#     | bin unknown                                     |        5 |        1 | Covered |
#     |-------------------------------------------------|----------|----------|---------|
#     | COVERPOINT <UNNAMED1>::cp_d                     | 100.000% | 100.000% | Covered |
#     |-------------------------------------------------|----------|----------|---------|
#     | bin zero                                        |       10 |        1 | Covered |
#     | bin max                                         |       10 |        1 | Covered |
#     | bin walking_1                                   |      199 |        1 | Covered |
#     | bin others                                      |      279 |        1 | Covered |
#     |-------------------------------------------------|----------|----------|---------|
#     | COVERPOINT <UNNAMED1>::cp_y                     | 100.000% | 100.000% | Covered |
#     |-------------------------------------------------|----------|----------|---------|
#     | bin y_zero                                      |       10 |        1 | Covered |
#     | bin y_max                                       |       10 |        1 | Covered |
#     | bin y_walking_1                                 |      199 |        1 | Covered |
#     | bin y_others                                    |      274 |        1 | Covered |
#     |-------------------------------------------------|----------|----------|---------|
#     | COVERPOINT <UNNAMED1>::cp_sel_transitions       | 100.000% | 100.000% | Covered |
#     |-------------------------------------------------|----------|----------|---------|
#     | bin transitions_0[0]                            |       13 |        1 | Covered |
#     | bin transitions_0[1]                            |       23 |        1 | Covered |
#     | bin transitions_0[2]                            |       24 |        1 | Covered |
#     | bin transitions_0[3]                            |       13 |        1 | Covered |
#     | bin transitions_1[0]                            |       13 |        1 | Covered |
#     | bin transitions_1[1]                            |       14 |        1 | Covered |
#     | bin transitions_1[2]                            |       23 |        1 | Covered |
#     | bin transitions_1[3]                            |       24 |        1 | Covered |
#     | bin transitions_2[0]                            |       22 |        1 | Covered |
#     | bin transitions_2[1]                            |       14 |        1 | Covered |
#     | bin transitions_2[2]                            |       13 |        1 | Covered |
#     | bin transitions_2[3]                            |       23 |        1 | Covered |
#     | bin transitions_3[0]                            |       24 |        1 | Covered |
#     | bin transitions_3[1]                            |       22 |        1 | Covered |
#     | bin transitions_3[2]                            |       13 |        1 | Covered |
#     | bin transitions_3[3]                            |       15 |        1 | Covered |
#     |-------------------------------------------------|----------|----------|---------|
#     | COVERPOINT <UNNAMED1>::cp_y_toggles             | 100.000% | 100.000% | Covered |
#     |-------------------------------------------------|----------|----------|---------|
#     | bin all_zeros                                   |       10 |        1 | Covered |
#     | bin all_ones                                    |       10 |        1 | Covered |
#     | bin alternating_1                               |       25 |        1 | Covered |
#     | bin alternating_2                               |       25 |        1 | Covered |
#     |-------------------------------------------------|----------|----------|---------|
#     | CROSS <UNNAMED1>::cross_sel_d                   | 100.000% | 100.000% | Covered |
#     |-------------------------------------------------|----------|----------|---------|
#     | bin <all_inputs[0],zero>                        |        2 |        1 | Covered |
#     | bin <all_inputs[0],max>                         |        2 |        1 | Covered |
#     | bin <all_inputs[0],walking_1>                   |       50 |        1 | Covered |
#     | bin <all_inputs[0],others>                      |       68 |        1 | Covered |
#     | bin <all_inputs[1],zero>                        |        2 |        1 | Covered |
#     | bin <all_inputs[1],max>                         |        4 |        1 | Covered |
#     | bin <all_inputs[1],walking_1>                   |       49 |        1 | Covered |
#     | bin <all_inputs[1],others>                      |       68 |        1 | Covered |
#     | bin <all_inputs[2],zero>                        |        2 |        1 | Covered |
#     | bin <all_inputs[2],max>                         |        2 |        1 | Covered |
#     | bin <all_inputs[2],walking_1>                   |       49 |        1 | Covered |
#     | bin <all_inputs[2],others>                      |       69 |        1 | Covered |
#     | bin <all_inputs[3],zero>                        |        4 |        1 | Covered |
#     | bin <all_inputs[3],max>                         |        2 |        1 | Covered |
#     | bin <all_inputs[3],walking_1>                   |       51 |        1 | Covered |
#     | bin <all_inputs[3],others>                      |       69 |        1 | Covered |
#     |-------------------------------------------------|----------|----------|---------|
#     | CROSS <UNNAMED1>::cross_sel_y                   | 100.000% | 100.000% | Covered |
#     |-------------------------------------------------|----------|----------|---------|
#     | bin <all_inputs[0],y_zero>                      |        2 |        1 | Covered |
#     | bin <all_inputs[0],y_max>                       |        2 |        1 | Covered |
#     | bin <all_inputs[0],y_walking_1>                 |       50 |        1 | Covered |
#     | bin <all_inputs[0],y_others>                    |       68 |        1 | Covered |
#     | bin <all_inputs[1],y_zero>                      |        2 |        1 | Covered |
#     | bin <all_inputs[1],y_max>                       |        4 |        1 | Covered |
#     | bin <all_inputs[1],y_walking_1>                 |       49 |        1 | Covered |
#     | bin <all_inputs[1],y_others>                    |       68 |        1 | Covered |
#     | bin <all_inputs[2],y_zero>                      |        2 |        1 | Covered |
#     | bin <all_inputs[2],y_max>                       |        2 |        1 | Covered |
#     | bin <all_inputs[2],y_walking_1>                 |       49 |        1 | Covered |
#     | bin <all_inputs[2],y_others>                    |       69 |        1 | Covered |
#     | bin <all_inputs[3],y_zero>                      |        4 |        1 | Covered |
#     | bin <all_inputs[3],y_max>                       |        2 |        1 | Covered |
#     | bin <all_inputs[3],y_walking_1>                 |       51 |        1 | Covered |
#     | bin <all_inputs[3],y_others>                    |       69 |        1 | Covered |
#     |-------------------------------------------------|----------|----------|---------|
#     | CROSS <UNNAMED1>::cross_sel_toggle              | 100.000% | 100.000% | Covered |
#     |-------------------------------------------------|----------|----------|---------|
#     | bin <all_inputs[0],all_zeros>                   |        2 |        1 | Covered |
#     | bin <all_inputs[0],all_ones>                    |        2 |        1 | Covered |
#     | bin <all_inputs[0],alternating_1>               |        6 |        1 | Covered |
#     | bin <all_inputs[0],alternating_2>               |        6 |        1 | Covered |
#     | bin <all_inputs[1],all_zeros>                   |        2 |        1 | Covered |
#     | bin <all_inputs[1],all_ones>                    |        4 |        1 | Covered |
#     | bin <all_inputs[1],alternating_1>               |        7 |        1 | Covered |
#     | bin <all_inputs[1],alternating_2>               |        6 |        1 | Covered |
#     | bin <all_inputs[2],all_zeros>                   |        2 |        1 | Covered |
#     | bin <all_inputs[2],all_ones>                    |        2 |        1 | Covered |
#     | bin <all_inputs[2],alternating_1>               |        6 |        1 | Covered |
#     | bin <all_inputs[2],alternating_2>               |        7 |        1 | Covered |
#     | bin <all_inputs[3],all_zeros>                   |        4 |        1 | Covered |
#     | bin <all_inputs[3],all_ones>                    |        2 |        1 | Covered |
#     | bin <all_inputs[3],alternating_1>               |        6 |        1 | Covered |
#     | bin <all_inputs[3],alternating_2>               |        6 |        1 | Covered |
#     ===================================================================================
# 
# 
# +++++++++++++++++++++++++++++++++++++++++++++
# ++++++++++       DESIGN UNITS      ++++++++++
# +++++++++++++++++++++++++++++++++++++++++++++
# 
# 
# CUMULATIVE SUMMARY
# =============================================
# |    Coverage Type    | Weight | Hits/Total |
# =============================================
# | Covergroup Coverage |      1 |   100.000% |
# |---------------------|--------|------------|
# | Types               |        |      1 / 1 |
# =============================================
# CUMULATIVE DESIGN-BASED COVERAGE: 100.000%
# COVERED DESIGN UNITS: 1 / 1
# FILES: 1
# 
# 
# CLASS - work.mux_pkg/\mux_pkg demux_coverage \
# 
# 
#     SUMMARY
#     =============================================
#     |    Coverage Type    | Weight | Hits/Total |
#     =============================================
#     | Covergroup Coverage |      1 |   100.000% |
#     |---------------------|--------|------------|
#     | Types               |        |      1 / 1 |
#     =============================================
#     WEIGHTED AVERAGE: 100.000%
# 
# 
#     COVERGROUP COVERAGE
#     ===================================================================================
#     |                   Covergroup                    |   Hits   |  Goal /  | Status  |
#     |                                                 |          | At Least |         |
#     ===================================================================================
#     | TYPE /\package mux_pkg\/demux_coverage/demux_cg | 100.000% | 100.000% | Covered |
#     ===================================================================================
#     | INSTANCE <UNNAMED1>                             | 100.000% | 100.000% | Covered |
#     |-------------------------------------------------|----------|----------|---------|
#     | COVERPOINT <UNNAMED1>::cp_sel                   | 100.000% | 100.000% | Covered |
#     |-------------------------------------------------|----------|----------|---------|
#     | bin all_inputs[0]                               |       73 |        1 | Covered |
#     | bin all_inputs[1]                               |       74 |        1 | Covered |
#     | bin all_inputs[2]                               |       73 |        1 | Covered |
#     | bin all_inputs[3]                               |       75 |        1 | Covered |
#     |-------------------------------------------------|----------|----------|---------|
#     | COVERPOINT <UNNAMED1>::cp_sel_states            | 100.000% | 100.000% | Covered |
#     |-------------------------------------------------|----------|----------|---------|
#     | bin valid[0]                                    |       73 |        1 | Covered |
#     | bin valid[1]                                    |       74 |        1 | Covered |
#     | bin valid[2]                                    |       73 |        1 | Covered |
#     | bin valid[3]                                    |       75 |        1 | Covered |
#     | bin unknown                                     |        5 |        1 | Covered |
#     |-------------------------------------------------|----------|----------|---------|
#     | COVERPOINT <UNNAMED1>::cp_d                     | 100.000% | 100.000% | Covered |
#     |-------------------------------------------------|----------|----------|---------|
#     | bin zero                                        |       10 |        1 | Covered |
#     | bin max                                         |       10 |        1 | Covered |
#     | bin walking_1                                   |      199 |        1 | Covered |
#     | bin others                                      |      279 |        1 | Covered |
#     |-------------------------------------------------|----------|----------|---------|
#     | COVERPOINT <UNNAMED1>::cp_y                     | 100.000% | 100.000% | Covered |
#     |-------------------------------------------------|----------|----------|---------|
#     | bin y_zero                                      |       10 |        1 | Covered |
#     | bin y_max                                       |       10 |        1 | Covered |
#     | bin y_walking_1                                 |      199 |        1 | Covered |
#     | bin y_others                                    |      274 |        1 | Covered |
#     |-------------------------------------------------|----------|----------|---------|
#     | COVERPOINT <UNNAMED1>::cp_sel_transitions       | 100.000% | 100.000% | Covered |
#     |-------------------------------------------------|----------|----------|---------|
#     | bin transitions_0[0]                            |       13 |        1 | Covered |
#     | bin transitions_0[1]                            |       23 |        1 | Covered |
#     | bin transitions_0[2]                            |       24 |        1 | Covered |
#     | bin transitions_0[3]                            |       13 |        1 | Covered |
#     | bin transitions_1[0]                            |       13 |        1 | Covered |
#     | bin transitions_1[1]                            |       14 |        1 | Covered |
#     | bin transitions_1[2]                            |       23 |        1 | Covered |
#     | bin transitions_1[3]                            |       24 |        1 | Covered |
#     | bin transitions_2[0]                            |       22 |        1 | Covered |
#     | bin transitions_2[1]                            |       14 |        1 | Covered |
#     | bin transitions_2[2]                            |       13 |        1 | Covered |
#     | bin transitions_2[3]                            |       23 |        1 | Covered |
#     | bin transitions_3[0]                            |       24 |        1 | Covered |
#     | bin transitions_3[1]                            |       22 |        1 | Covered |
#     | bin transitions_3[2]                            |       13 |        1 | Covered |
#     | bin transitions_3[3]                            |       15 |        1 | Covered |
#     |-------------------------------------------------|----------|----------|---------|
#     | COVERPOINT <UNNAMED1>::cp_y_toggles             | 100.000% | 100.000% | Covered |
#     |-------------------------------------------------|----------|----------|---------|
#     | bin all_zeros                                   |       10 |        1 | Covered |
#     | bin all_ones                                    |       10 |        1 | Covered |
#     | bin alternating_1                               |       25 |        1 | Covered |
#     | bin alternating_2                               |       25 |        1 | Covered |
#     |-------------------------------------------------|----------|----------|---------|
#     | CROSS <UNNAMED1>::cross_sel_d                   | 100.000% | 100.000% | Covered |
#     |-------------------------------------------------|----------|----------|---------|
#     | bin <all_inputs[0],zero>                        |        2 |        1 | Covered |
#     | bin <all_inputs[0],max>                         |        2 |        1 | Covered |
#     | bin <all_inputs[0],walking_1>                   |       50 |        1 | Covered |
#     | bin <all_inputs[0],others>                      |       68 |        1 | Covered |
#     | bin <all_inputs[1],zero>                        |        2 |        1 | Covered |
#     | bin <all_inputs[1],max>                         |        4 |        1 | Covered |
#     | bin <all_inputs[1],walking_1>                   |       49 |        1 | Covered |
#     | bin <all_inputs[1],others>                      |       68 |        1 | Covered |
#     | bin <all_inputs[2],zero>                        |        2 |        1 | Covered |
#     | bin <all_inputs[2],max>                         |        2 |        1 | Covered |
#     | bin <all_inputs[2],walking_1>                   |       49 |        1 | Covered |
#     | bin <all_inputs[2],others>                      |       69 |        1 | Covered |
#     | bin <all_inputs[3],zero>                        |        4 |        1 | Covered |
#     | bin <all_inputs[3],max>                         |        2 |        1 | Covered |
#     | bin <all_inputs[3],walking_1>                   |       51 |        1 | Covered |
#     | bin <all_inputs[3],others>                      |       69 |        1 | Covered |
#     |-------------------------------------------------|----------|----------|---------|
#     | CROSS <UNNAMED1>::cross_sel_y                   | 100.000% | 100.000% | Covered |
#     |-------------------------------------------------|----------|----------|---------|
#     | bin <all_inputs[0],y_zero>                      |        2 |        1 | Covered |
#     | bin <all_inputs[0],y_max>                       |        2 |        1 | Covered |
#     | bin <all_inputs[0],y_walking_1>                 |       50 |        1 | Covered |
#     | bin <all_inputs[0],y_others>                    |       68 |        1 | Covered |
#     | bin <all_inputs[1],y_zero>                      |        2 |        1 | Covered |
#     | bin <all_inputs[1],y_max>                       |        4 |        1 | Covered |
#     | bin <all_inputs[1],y_walking_1>                 |       49 |        1 | Covered |
#     | bin <all_inputs[1],y_others>                    |       68 |        1 | Covered |
#     | bin <all_inputs[2],y_zero>                      |        2 |        1 | Covered |
#     | bin <all_inputs[2],y_max>                       |        2 |        1 | Covered |
#     | bin <all_inputs[2],y_walking_1>                 |       49 |        1 | Covered |
#     | bin <all_inputs[2],y_others>                    |       69 |        1 | Covered |
#     | bin <all_inputs[3],y_zero>                      |        4 |        1 | Covered |
#     | bin <all_inputs[3],y_max>                       |        2 |        1 | Covered |
#     | bin <all_inputs[3],y_walking_1>                 |       51 |        1 | Covered |
#     | bin <all_inputs[3],y_others>                    |       69 |        1 | Covered |
#     |-------------------------------------------------|----------|----------|---------|
#     | CROSS <UNNAMED1>::cross_sel_toggle              | 100.000% | 100.000% | Covered |
#     |-------------------------------------------------|----------|----------|---------|
#     | bin <all_inputs[0],all_zeros>                   |        2 |        1 | Covered |
#     | bin <all_inputs[0],all_ones>                    |        2 |        1 | Covered |
#     | bin <all_inputs[0],alternating_1>               |        6 |        1 | Covered |
#     | bin <all_inputs[0],alternating_2>               |        6 |        1 | Covered |
#     | bin <all_inputs[1],all_zeros>                   |        2 |        1 | Covered |
#     | bin <all_inputs[1],all_ones>                    |        4 |        1 | Covered |
#     | bin <all_inputs[1],alternating_1>               |        7 |        1 | Covered |
#     | bin <all_inputs[1],alternating_2>               |        6 |        1 | Covered |
#     | bin <all_inputs[2],all_zeros>                   |        2 |        1 | Covered |
#     | bin <all_inputs[2],all_ones>                    |        2 |        1 | Covered |
#     | bin <all_inputs[2],alternating_1>               |        6 |        1 | Covered |
#     | bin <all_inputs[2],alternating_2>               |        7 |        1 | Covered |
#     | bin <all_inputs[3],all_zeros>                   |        4 |        1 | Covered |
#     | bin <all_inputs[3],all_ones>                    |        2 |        1 | Covered |
#     | bin <all_inputs[3],alternating_1>               |        6 |        1 | Covered |
#     | bin <all_inputs[3],alternating_2>               |        6 |        1 | Covered |
#     ===================================================================================
# 
exec cat simulation.log;
# vsim +access+r;
# # ELBREAD: Elaboration process.
# # ELBREAD: Warning: ELBREAD_0049 The "uvm_pkg" design unit does not have a time unit/precision defined but other design units do.
# # ELBREAD: Elaboration time 0.8 [s].
# # KERNEL: Main thread initiated.
# # KERNEL: Kernel process initialization phase.
# # ELAB2: Elaboration final pass...
# # KERNEL: PLI/VHPI kernel's engine initialization done.
# # PLI: Loading library '/usr/share/Riviera-PRO/bin/libsystf.so'
# # ELAB2: Create instances ...
# # KERNEL: Info: Loading library:  /usr/share/Riviera-PRO/bin/uvm_1_2_dpi
# # KERNEL: Time resolution set to 1ns.
# # ELAB2: Create instances complete.
# # SLP: Started
# # SLP: Elaboration phase ...
# # SLP: Elaboration phase ... done : 0.0 [s]
# # SLP: Generation phase ...
# # SLP: Generation phase ... done : 0.1 [s]
# # SLP: Finished : 0.1 [s]
# # SLP: 0 primitives and 4 (26.67%) other processes in SLP
# # SLP: 24 (0.08%) signals in SLP and 31 (0.10%) interface signals
# # ELAB2: Elaboration final pass complete - time: 2.5 [s].
# # KERNEL: SLP loading done - time: 0.0 [s].
# # KERNEL: Warning: You are using the Riviera-PRO EDU Edition. The performance of simulation is reduced.
# # KERNEL: Warning: Contact Aldec for available upgrade options - sales@aldec.com.
# # KERNEL: SLP simulation initialization done - time: 0.0 [s].
# # KERNEL: Kernel process initialization done.
# # Allocation: Simulator allocated 31137 kB (elbread=2151 elab2=24033 kernel=4953 sdf=0)
# # KERNEL: UVM_INFO ./uvm-1.2/src/base/uvm_root.svh(392) @ 0: reporter [UVM/RELNOTES] 
# # KERNEL: ----------------------------------------------------------------
# # KERNEL: UVM-1.2
# # KERNEL: (C) 2007-2014 Mentor Graphics Corporation
# # KERNEL: (C) 2007-2014 Cadence Design Systems, Inc.
# # KERNEL: (C) 2006-2014 Synopsys, Inc.
# # KERNEL: (C) 2011-2013 Cypress Semiconductor Corp.
# # KERNEL: (C) 2013-2014 NVIDIA Corporation
# # KERNEL: ----------------------------------------------------------------
# # KERNEL: 
# # KERNEL:   ***********       IMPORTANT RELEASE NOTES         ************
# # KERNEL: 
# # KERNEL:   You are using a version of the UVM library that has been compiled
# # KERNEL:   with `UVM_NO_DEPRECATED undefined.
# # KERNEL:   See http://www.eda.org/svdb/view.php?id=3313 for more details.
# # KERNEL: 
# # KERNEL:   You are using a version of the UVM library that has been compiled
# # KERNEL:   with `UVM_OBJECT_DO_NOT_NEED_CONSTRUCTOR undefined.
# # KERNEL:   See http://www.eda.org/svdb/view.php?id=3770 for more details.
# # KERNEL: 
# # KERNEL:       (Specify +UVM_NO_RELNOTES to turn off this notice)
# # KERNEL: 
# # KERNEL: ASDB file was created in location /home/runner/dataset.asdb
# run -all;
# # KERNEL: UVM_INFO @ 0: reporter [RNTST] Running test demux_test...
# # ACDB: Warning: ACDB_0022 demux_coverage.sv (11): An interval '[4:$]' is completely out of coverpoint 'cp_sel' range and will be ignored. HDL instance: "/\package mux_pkg\/demux_coverage". Covergroup type: "demux_cg", covergroup instance: "<UNNAMED1>", coverpoint: "cp_sel".
# # ACDB: Warning: ACDB_0030 demux_coverage.sv (11): Bin(s) 'out_of_range' are empty and will be excluded from the coverage report. HDL instance: "/\package mux_pkg\/demux_coverage". Covergroup type: "demux_cg", covergroup instance: "<UNNAMED1>", coverpoint: "cp_sel".
# # KERNEL: UVM_INFO /home/runner/master_seq.sv(24) @ 0: uvm_test_top.env.agent.sqr@@seq [MASTER_SEQ] Starting Sequence 1...
# # KERNEL: Error: assertion.sv (24): SVAInput D contains X/Z!
# # KERNEL: UVM_INFO /home/runner/monitor.sv(33) @ 15: uvm_test_top.env.agent.mon [MON] Sampled data from Interface
# # KERNEL: UVM_INFO /home/runner/scoreboard.sv(28) @ 15: uvm_test_top.env.sb [SCB_PASS] sel=0, d=0, y=0
# # KERNEL: UVM_INFO /home/runner/scoreboard.sv(28) @ 15: uvm_test_top.env.sb [SCB_PASS] sel=0, d=0, y=0
# # KERNEL: UVM_INFO /home/runner/scoreboard.sv(28) @ 15: uvm_test_top.env.sb [SCB_PASS] sel=0, d=0, y=0
# # KERNEL: UVM_INFO /home/runner/scoreboard.sv(28) @ 15: uvm_test_top.env.sb [SCB_PASS] sel=0, d=xxxxxxxx, y=xxxxxxxx
# # KERNEL: UVM_INFO /home/runner/monitor.sv(33) @ 35: uvm_test_top.env.agent.mon [MON] Sampled data from Interface
# # KERNEL: UVM_INFO /home/runner/scoreboard.sv(28) @ 35: uvm_test_top.env.sb [SCB_PASS] sel=2, d=0, y=0
# # KERNEL: UVM_INFO /home/runner/scoreboard.sv(28) @ 35: uvm_test_top.env.sb [SCB_PASS] sel=2, d=d9c6b88a, y=d9c6b88a
# # KERNEL: UVM_INFO /home/runner/scoreboard.sv(28) @ 35: uvm_test_top.env.sb [SCB_PASS] sel=2, d=0, y=0
# # KERNEL: UVM_INFO /home/runner/scoreboard.sv(28) @ 35: uvm_test_top.env.sb [SCB_PASS] sel=2, d=0, y=0
# # KERNEL: UVM_INFO /home/runner/monitor.sv(33) @ 55: uvm_test_top.env.agent.mon [MON] Sampled data from Interface
# # KERNEL: UVM_INFO /home/runner/scoreboard.sv(28) @ 55: uvm_test_top.env.sb [SCB_PASS] sel=3, d=dcb6d290, y=dcb6d290
# # KERNEL: UVM_INFO /home/runner/scoreboard.sv(28) @ 55: uvm_test_top.env.sb [SCB_PASS] sel=3, d=0, y=0
# # KERNEL: UVM_INFO /home/runner/scoreboard.sv(28) @ 55: uvm_test_top.env.sb [SCB_PASS] sel=3, d=0, y=0
# # KERNEL: UVM_INFO /home/runner/scoreboard.sv(28) @ 55: uvm_test_top.env.sb [SCB_PASS] sel=3, d=0, y=0
# # KERNEL: UVM_INFO /home/runner/monitor.sv(33) @ 75: uvm_test_top.env.agent.mon [MON] Sampled data from Interface
# # KERNEL: UVM_INFO /home/runner/scoreboard.sv(28) @ 75: uvm_test_top.env.sb [SCB_PASS] sel=1, d=0, y=0
# # KERNEL: UVM_INFO /home/runner/scoreboard.sv(28) @ 75: uvm_test_top.env.sb [SCB_PASS] sel=1, d=0, y=0
# # KERNEL: UVM_INFO /home/runner/scoreboard.sv(28) @ 75: uvm_test_top.env.sb [SCB_PASS] sel=1, d=c8670169, y=c8670169
# # KERNEL: UVM_INFO /home/runner/scoreboard.sv(28) @ 75: uvm_test_top.env.sb [SCB_PASS] sel=1, d=0, y=0
# # KERNEL: UVM_INFO /home/runner/monitor.sv(33) @ 95: uvm_test_top.env.agent.mon [MON] Sampled data from Interface
# # KERNEL: UVM_INFO /home/runner/scoreboard.sv(28) @ 95: uvm_test_top.env.sb [SCB_PASS] sel=2, d=0, y=0
# # KERNEL: UVM_INFO /home/runner/scoreboard.sv(28) @ 95: uvm_test_top.env.sb [SCB_PASS] sel=2, d=5cd74513, y=5cd74513
# # KERNEL: UVM_INFO /home/runner/scoreboard.sv(28) @ 95: uvm_test_top.env.sb [SCB_PASS] sel=2, d=0, y=0
# # KERNEL: UVM_INFO /home/runner/scoreboard.sv(28) @ 95: uvm_test_top.env.sb [SCB_PASS] sel=2, d=0, y=0
# # KERNEL: UVM_INFO /home/runner/monitor.sv(33) @ 115: uvm_test_top.env.agent.mon [MON] Sampled data from Interface
# # KERNEL: UVM_INFO /home/runner/scoreboard.sv(28) @ 115: uvm_test_top.env.sb [SCB_PASS] sel=0, d=0, y=0
# # KERNEL: UVM_INFO /home/runner/scoreboard.sv(28) @ 115: uvm_test_top.env.sb [SCB_PASS] sel=0, d=0, y=0
# # KERNEL: UVM_INFO /home/runner/scoreboard.sv(28) @ 115: uvm_test_top.env.sb [SCB_PASS] sel=0, d=0, y=0
# # KERNEL: UVM_INFO /home/runner/scoreboard.sv(28) @ 115: uvm_test_top.env.sb [SCB_PASS] sel=0, d=da079d90, y=da079d90
# # KERNEL: UVM_INFO /home/runner/monitor.sv(33) @ 135: uvm_test_top.env.agent.mon [MON] Sampled data from Interface
# # KERNEL: UVM_INFO /home/runner/scoreboard.sv(28) @ 135: uvm_test_top.env.sb [SCB_PASS] sel=1, d=0, y=0
# # KERNEL: UVM_INFO /home/runner/scoreboard.sv(28) @ 135: uvm_test_top.env.sb [SCB_PASS] sel=1, d=0, y=0
# # KERNEL: UVM_INFO /home/runner/scoreboard.sv(28) @ 135: uvm_test_top.env.sb [SCB_PASS] sel=1, d=bff80ade, y=bff80ade
# # KERNEL: UVM_INFO /home/runner/scoreboard.sv(28) @ 135: uvm_test_top.env.sb [SCB_PASS] sel=1, d=0, y=0
# # KERNEL: UVM_INFO /home/runner/monitor.sv(33) @ 155: uvm_test_top.env.agent.mon [MON] Sampled data from Interface
# # KERNEL: UVM_INFO /home/runner/scoreboard.sv(28) @ 155: uvm_test_top.env.sb [SCB_PASS] sel=3, d=7ea88cff, y=7ea88cff
# # KERNEL: UVM_INFO /home/runner/scoreboard.sv(28) @ 155: uvm_test_top.env.sb [SCB_PASS] sel=3, d=0, y=0
# # KERNEL: UVM_INFO /home/runner/scoreboard.sv(28) @ 155: uvm_test_top.env.sb [SCB_PASS] sel=3, d=0, y=0
# # KERNEL: UVM_INFO /home/runner/scoreboard.sv(28) @ 155: uvm_test_top.env.sb [SCB_PASS] sel=3, d=0, y=0
# # KERNEL: UVM_INFO /home/runner/monitor.sv(33) @ 175: uvm_test_top.env.agent.mon [MON] Sampled data from Interface
# # KERNEL: UVM_INFO /home/runner/scoreboard.sv(28) @ 175: uvm_test_top.env.sb [SCB_PASS] sel=0, d=0, y=0
# # KERNEL: UVM_INFO /home/runner/scoreboard.sv(28) @ 175: uvm_test_top.env.sb [SCB_PASS] sel=0, d=0, y=0
# # KERNEL: UVM_INFO /home/runner/scoreboard.sv(28) @ 175: uvm_test_top.env.sb [SCB_PASS] sel=0, d=0, y=0
# # KERNEL: UVM_INFO /home/runner/scoreboard.sv(28) @ 175: uvm_test_top.env.sb [SCB_PASS] sel=0, d=461923f1, y=461923f1
# # KERNEL: UVM_INFO /home/runner/monitor.sv(33) @ 195: uvm_test_top.env.agent.mon [MON] Sampled data from Interface
# # KERNEL: UVM_INFO /home/runner/scoreboard.sv(28) @ 195: uvm_test_top.env.sb [SCB_PASS] sel=2, d=0, y=0
# # KERNEL: UVM_INFO /home/runner/scoreboard.sv(28) @ 195: uvm_test_top.env.sb [SCB_PASS] sel=2, d=e649cfb6, y=e649cfb6
# # KERNEL: UVM_INFO /home/runner/scoreboard.sv(28) @ 195: uvm_test_top.env.sb [SCB_PASS] sel=2, d=0, y=0
# # KERNEL: UVM_INFO /home/runner/scoreboard.sv(28) @ 195: uvm_test_top.env.sb [SCB_PASS] sel=2, d=0, y=0
# # KERNEL: UVM_INFO /home/runner/monitor.sv(33) @ 215: uvm_test_top.env.agent.mon [MON] Sampled data from Interface
# # KERNEL: UVM_INFO /home/runner/scoreboard.sv(28) @ 215: uvm_test_top.env.sb [SCB_PASS] sel=3, d=6f3a904c, y=6f3a904c
# # KERNEL: UVM_INFO /home/runner/scoreboard.sv(28) @ 215: uvm_test_top.env.sb [SCB_PASS] sel=3, d=0, y=0
# # KERNEL: UVM_INFO /home/runner/scoreboard.sv(28) @ 215: uvm_test_top.env.sb [SCB_PASS] sel=3, d=0, y=0
# # KERNEL: UVM_INFO /home/runner/scoreboard.sv(28) @ 215: uvm_test_top.env.sb [SCB_PASS] sel=3, d=0, y=0
# # KERNEL: UVM_INFO /home/runner/monitor.sv(33) @ 235: uvm_test_top.env.agent.mon [MON] Sampled data from Interface
# # KERNEL: UVM_INFO /home/runner/scoreboard.sv(28) @ 235: uvm_test_top.env.sb [SCB_PASS] sel=1, d=0, y=0
# # KERNEL: UVM_INFO /home/runner/scoreboard.sv(28) @ 235: uvm_test_top.env.sb [SCB_PASS] sel=1, d=0, y=0
# # KERNEL: UVM_INFO /home/runner/scoreboard.sv(28) @ 235: uvm_test_top.env.sb [SCB_PASS] sel=1, d=e0eb65b5, y=e0eb65b5
# # KERNEL: UVM_INFO /home/runner/scoreboard.sv(28) @ 235: uvm_test_top.env.sb [SCB_PASS] sel=1, d=0, y=0
# # KERNEL: UVM_INFO /home/runner/monitor.sv(33) @ 255: uvm_test_top.env.agent.mon [MON] Sampled data from Interface
# # KERNEL: UVM_INFO /home/runner/scoreboard.sv(28) @ 255: uvm_test_top.env.sb [SCB_PASS] sel=2, d=0, y=0
# # KERNEL: UVM_INFO /home/runner/scoreboard.sv(28) @ 255: uvm_test_top.env.sb [SCB_PASS] sel=2, d=3b5c4fef, y=3b5c4fef
# # KERNEL: UVM_INFO /home/runner/scoreboard.sv(28) @ 255: uvm_test_top.env.sb [SCB_PASS] sel=2, d=0, y=0
# # KERNEL: UVM_INFO /home/runner/scoreboard.sv(28) @ 255: uvm_test_top.env.sb [SCB_PASS] sel=2, d=0, y=0
# # KERNEL: UVM_INFO /home/runner/monitor.sv(33) @ 275: uvm_test_top.env.agent.mon [MON] Sampled data from Interface
# # KERNEL: UVM_INFO /home/runner/scoreboard.sv(28) @ 275: uvm_test_top.env.sb [SCB_PASS] sel=0, d=0, y=0
# # KERNEL: UVM_INFO /home/runner/scoreboard.sv(28) @ 275: uvm_test_top.env.sb [SCB_PASS] sel=0, d=0, y=0
# # KERNEL: UVM_INFO /home/runner/scoreboard.sv(28) @ 275: uvm_test_top.env.sb [SCB_PASS] sel=0, d=0, y=0
# # KERNEL: UVM_INFO /home/runner/scoreboard.sv(28) @ 275: uvm_test_top.env.sb [SCB_PASS] sel=0, d=fe8d4efc, y=fe8d4efc
# # KERNEL: UVM_INFO /home/runner/monitor.sv(33) @ 295: uvm_test_top.env.agent.mon [MON] Sampled data from Interface
# # KERNEL: UVM_INFO /home/runner/scoreboard.sv(28) @ 295: uvm_test_top.env.sb [SCB_PASS] sel=1, d=0, y=0
# # KERNEL: UVM_INFO /home/runner/scoreboard.sv(28) @ 295: uvm_test_top.env.sb [SCB_PASS] sel=1, d=0, y=0
# # KERNEL: UVM_INFO /home/runner/scoreboard.sv(28) @ 295: uvm_test_top.env.sb [SCB_PASS] sel=1, d=aa7e62da, y=aa7e62da
# # KERNEL: UVM_INFO /home/runner/scoreboard.sv(28) @ 295: uvm_test_top.env.sb [SCB_PASS] sel=1, d=0, y=0
# # KERNEL: UVM_INFO /home/runner/monitor.sv(33) @ 315: uvm_test_top.env.agent.mon [MON] Sampled data from Interface
# # KERNEL: UVM_INFO /home/runner/scoreboard.sv(28) @ 315: uvm_test_top.env.sb [SCB_PASS] sel=3, d=ff2f8b8b, y=ff2f8b8b
# # KERNEL: UVM_INFO /home/runner/scoreboard.sv(28) @ 315: uvm_test_top.env.sb [SCB_PASS] sel=3, d=0, y=0
# # KERNEL: UVM_INFO /home/runner/scoreboard.sv(28) @ 315: uvm_test_top.env.sb [SCB_PASS] sel=3, d=0, y=0
# # KERNEL: UVM_INFO /home/runner/scoreboard.sv(28) @ 315: uvm_test_top.env.sb [SCB_PASS] sel=3, d=0, y=0
# # KERNEL: UVM_INFO /home/runner/monitor.sv(33) @ 335: uvm_test_top.env.agent.mon [MON] Sampled data from Interface
# # KERNEL: UVM_INFO /home/runner/scoreboard.sv(28) @ 335: uvm_test_top.env.sb [SCB_PASS] sel=0, d=0, y=0
# # KERNEL: UVM_INFO /home/runner/scoreboard.sv(28) @ 335: uvm_test_top.env.sb [SCB_PASS] sel=0, d=0, y=0
# # KERNEL: UVM_INFO /home/runner/scoreboard.sv(28) @ 335: uvm_test_top.env.sb [SCB_PASS] sel=0, d=0, y=0
# # KERNEL: UVM_INFO /home/runner/scoreboard.sv(28) @ 335: uvm_test_top.env.sb [SCB_PASS] sel=0, d=3ca0c90d, y=3ca0c90d
# # KERNEL: UVM_INFO /home/runner/monitor.sv(33) @ 355: uvm_test_top.env.agent.mon [MON] Sampled data from Interface
# # KERNEL: UVM_INFO /home/runner/scoreboard.sv(28) @ 355: uvm_test_top.env.sb [SCB_PASS] sel=2, d=0, y=0
# # KERNEL: UVM_INFO /home/runner/scoreboard.sv(28) @ 355: uvm_test_top.env.sb [SCB_PASS] sel=2, d=62d21b62, y=62d21b62
# # KERNEL: UVM_INFO /home/runner/scoreboard.sv(28) @ 355: uvm_test_top.env.sb [SCB_PASS] sel=2, d=0, y=0
# # KERNEL: UVM_INFO /home/runner/scoreboard.sv(28) @ 355: uvm_test_top.env.sb [SCB_PASS] sel=2, d=0, y=0
# # KERNEL: UVM_INFO /home/runner/monitor.sv(33) @ 375: uvm_test_top.env.agent.mon [MON] Sampled data from Interface
# # KERNEL: UVM_INFO /home/runner/scoreboard.sv(28) @ 375: uvm_test_top.env.sb [SCB_PASS] sel=3, d=71c38288, y=71c38288
# # KERNEL: UVM_INFO /home/runner/scoreboard.sv(28) @ 375: uvm_test_top.env.sb [SCB_PASS] sel=3, d=0, y=0
# # KERNEL: UVM_INFO /home/runner/scoreboard.sv(28) @ 375: uvm_test_top.env.sb [SCB_PASS] sel=3, d=0, y=0
# # KERNEL: UVM_INFO /home/runner/scoreboard.sv(28) @ 375: uvm_test_top.env.sb [SCB_PASS] sel=3, d=0, y=0
# # KERNEL: UVM_INFO /home/runner/monitor.sv(33) @ 395: uvm_test_top.env.agent.mon [MON] Sampled data from Interface
# # KERNEL: UVM_INFO /home/runner/scoreboard.sv(28) @ 395: uvm_test_top.env.sb [SCB_PASS] sel=1, d=0, y=0
# # KERNEL: UVM_INFO /home/runner/scoreboard.sv(28) @ 395: uvm_test_top.env.sb [SCB_PASS] sel=1, d=0, y=0
# # KERNEL: UVM_INFO /home/runner/scoreboard.sv(28) @ 395: uvm_test_top.env.sb [SCB_PASS] sel=1, d=e974fe81, y=e974fe81
# # KERNEL: UVM_INFO /home/runner/scoreboard.sv(28) @ 395: uvm_test_top.env.sb [SCB_PASS] sel=1, d=0, y=0
# # KERNEL: UVM_INFO /home/runner/monitor.sv(33) @ 415: uvm_test_top.env.agent.mon [MON] Sampled data from Interface
# # KERNEL: UVM_INFO /home/runner/scoreboard.sv(28) @ 415: uvm_test_top.env.sb [SCB_PASS] sel=2, d=0, y=0
# # KERNEL: UVM_INFO /home/runner/scoreboard.sv(28) @ 415: uvm_test_top.env.sb [SCB_PASS] sel=2, d=49e68f4b, y=49e68f4b
# # KERNEL: UVM_INFO /home/runner/scoreboard.sv(28) @ 415: uvm_test_top.env.sb [SCB_PASS] sel=2, d=0, y=0
# # KERNEL: UVM_INFO /home/runner/scoreboard.sv(28) @ 415: uvm_test_top.env.sb [SCB_PASS] sel=2, d=0, y=0
# # KERNEL: UVM_INFO /home/runner/monitor.sv(33) @ 435: uvm_test_top.env.agent.mon [MON] Sampled data from Interface
# # KERNEL: UVM_INFO /home/runner/scoreboard.sv(28) @ 435: uvm_test_top.env.sb [SCB_PASS] sel=0, d=0, y=0
# # KERNEL: UVM_INFO /home/runner/scoreboard.sv(28) @ 435: uvm_test_top.env.sb [SCB_PASS] sel=0, d=0, y=0
# # KERNEL: UVM_INFO /home/runner/scoreboard.sv(28) @ 435: uvm_test_top.env.sb [SCB_PASS] sel=0, d=0, y=0
# # KERNEL: UVM_INFO /home/runner/scoreboard.sv(28) @ 435: uvm_test_top.env.sb [SCB_PASS] sel=0, d=d31834e8, y=d31834e8
# # KERNEL: UVM_INFO /home/runner/monitor.sv(33) @ 455: uvm_test_top.env.agent.mon [MON] Sampled data from Interface
# # KERNEL: UVM_INFO /home/runner/scoreboard.sv(28) @ 455: uvm_test_top.env.sb [SCB_PASS] sel=1, d=0, y=0
# # KERNEL: UVM_INFO /home/runner/scoreboard.sv(28) @ 455: uvm_test_top.env.sb [SCB_PASS] sel=1, d=0, y=0
# # KERNEL: UVM_INFO /home/runner/scoreboard.sv(28) @ 455: uvm_test_top.env.sb [SCB_PASS] sel=1, d=4509ef56, y=4509ef56
# # KERNEL: UVM_INFO /home/runner/scoreboard.sv(28) @ 455: uvm_test_top.env.sb [SCB_PASS] sel=1, d=0, y=0
# # KERNEL: UVM_INFO /home/runner/monitor.sv(33) @ 475: uvm_test_top.env.agent.mon [MON] Sampled data from Interface
# # KERNEL: UVM_INFO /home/runner/scoreboard.sv(28) @ 475: uvm_test_top.env.sb [SCB_PASS] sel=3, d=ffbbbe97, y=ffbbbe97
# # KERNEL: UVM_INFO /home/runner/scoreboard.sv(28) @ 475: uvm_test_top.env.sb [SCB_PASS] sel=3, d=0, y=0
# # KERNEL: UVM_INFO /home/runner/scoreboard.sv(28) @ 475: uvm_test_top.env.sb [SCB_PASS] sel=3, d=0, y=0
# # KERNEL: UVM_INFO /home/runner/scoreboard.sv(28) @ 475: uvm_test_top.env.sb [SCB_PASS] sel=3, d=0, y=0
# # KERNEL: UVM_INFO /home/runner/monitor.sv(33) @ 495: uvm_test_top.env.agent.mon [MON] Sampled data from Interface
# # KERNEL: UVM_INFO /home/runner/scoreboard.sv(28) @ 495: uvm_test_top.env.sb [SCB_PASS] sel=0, d=0, y=0
# # KERNEL: UVM_INFO /home/runner/scoreboard.sv(28) @ 495: uvm_test_top.env.sb [SCB_PASS] sel=0, d=0, y=0
# # KERNEL: UVM_INFO /home/runner/scoreboard.sv(28) @ 495: uvm_test_top.env.sb [SCB_PASS] sel=0, d=0, y=0
# # KERNEL: UVM_INFO /home/runner/scoreboard.sv(28) @ 495: uvm_test_top.env.sb [SCB_PASS] sel=0, d=632da2a9, y=632da2a9
# # KERNEL: UVM_INFO /home/runner/master_seq.sv(28) @ 495: uvm_test_top.env.agent.sqr@@seq [MASTER_SEQ] Starting Sequence 2...
# # KERNEL: UVM_INFO /home/runner/sequence2.sv(11) @ 495: uvm_test_top.env.agent.sqr@@s2 [SEQ] Starting All-Ones Stimulus for all ports...
# # KERNEL: UVM_INFO /home/runner/monitor.sv(33) @ 515: uvm_test_top.env.agent.mon [MON] Sampled data from Interface
# # KERNEL: UVM_INFO /home/runner/scoreboard.sv(28) @ 515: uvm_test_top.env.sb [SCB_PASS] sel=2, d=0, y=0
# # KERNEL: UVM_INFO /home/runner/scoreboard.sv(28) @ 515: uvm_test_top.env.sb [SCB_PASS] sel=2, d=df5f9b8e, y=df5f9b8e
# # KERNEL: UVM_INFO /home/runner/scoreboard.sv(28) @ 515: uvm_test_top.env.sb [SCB_PASS] sel=2, d=0, y=0
# # KERNEL: UVM_INFO /home/runner/scoreboard.sv(28) @ 515: uvm_test_top.env.sb [SCB_PASS] sel=2, d=0, y=0
# # KERNEL: UVM_INFO /home/runner/monitor.sv(33) @ 535: uvm_test_top.env.agent.mon [MON] Sampled data from Interface
# # KERNEL: UVM_INFO /home/runner/scoreboard.sv(28) @ 535: uvm_test_top.env.sb [SCB_PASS] sel=1, d=0, y=0
# # KERNEL: UVM_INFO /home/runner/scoreboard.sv(28) @ 535: uvm_test_top.env.sb [SCB_PASS] sel=1, d=0, y=0
# # KERNEL: UVM_INFO /home/runner/scoreboard.sv(28) @ 535: uvm_test_top.env.sb [SCB_PASS] sel=1, d=ffffffff, y=ffffffff
# # KERNEL: UVM_INFO /home/runner/scoreboard.sv(28) @ 535: uvm_test_top.env.sb [SCB_PASS] sel=1, d=0, y=0
# # KERNEL: UVM_INFO /home/runner/monitor.sv(33) @ 555: uvm_test_top.env.agent.mon [MON] Sampled data from Interface
# # KERNEL: UVM_INFO /home/runner/scoreboard.sv(28) @ 555: uvm_test_top.env.sb [SCB_PASS] sel=1, d=0, y=0
# # KERNEL: UVM_INFO /home/runner/scoreboard.sv(28) @ 555: uvm_test_top.env.sb [SCB_PASS] sel=1, d=0, y=0
# # KERNEL: UVM_INFO /home/runner/scoreboard.sv(28) @ 555: uvm_test_top.env.sb [SCB_PASS] sel=1, d=ffffffff, y=ffffffff
# # KERNEL: UVM_INFO /home/runner/scoreboard.sv(28) @ 555: uvm_test_top.env.sb [SCB_PASS] sel=1, d=0, y=0
# # KERNEL: UVM_INFO /home/runner/monitor.sv(33) @ 575: uvm_test_top.env.agent.mon [MON] Sampled data from Interface
# # KERNEL: UVM_INFO /home/runner/scoreboard.sv(28) @ 575: uvm_test_top.env.sb [SCB_PASS] sel=0, d=0, y=0
# # KERNEL: UVM_INFO /home/runner/scoreboard.sv(28) @ 575: uvm_test_top.env.sb [SCB_PASS] sel=0, d=0, y=0
# # KERNEL: UVM_INFO /home/runner/scoreboard.sv(28) @ 575: uvm_test_top.env.sb [SCB_PASS] sel=0, d=0, y=0
# # KERNEL: UVM_INFO /home/runner/scoreboard.sv(28) @ 575: uvm_test_top.env.sb [SCB_PASS] sel=0, d=ffffffff, y=ffffffff
# # KERNEL: UVM_INFO /home/runner/monitor.sv(33) @ 595: uvm_test_top.env.agent.mon [MON] Sampled data from Interface
# # KERNEL: UVM_INFO /home/runner/scoreboard.sv(28) @ 595: uvm_test_top.env.sb [SCB_PASS] sel=0, d=0, y=0
# # KERNEL: UVM_INFO /home/runner/scoreboard.sv(28) @ 595: uvm_test_top.env.sb [SCB_PASS] sel=0, d=0, y=0
# # KERNEL: UVM_INFO /home/runner/scoreboard.sv(28) @ 595: uvm_test_top.env.sb [SCB_PASS] sel=0, d=0, y=0
# # KERNEL: UVM_INFO /home/runner/scoreboard.sv(28) @ 595: uvm_test_top.env.sb [SCB_PASS] sel=0, d=ffffffff, y=ffffffff
# # KERNEL: UVM_INFO /home/runner/monitor.sv(33) @ 615: uvm_test_top.env.agent.mon [MON] Sampled data from Interface
# # KERNEL: UVM_INFO /home/runner/scoreboard.sv(28) @ 615: uvm_test_top.env.sb [SCB_PASS] sel=3, d=ffffffff, y=ffffffff
# # KERNEL: UVM_INFO /home/runner/scoreboard.sv(28) @ 615: uvm_test_top.env.sb [SCB_PASS] sel=3, d=0, y=0
# # KERNEL: UVM_INFO /home/runner/scoreboard.sv(28) @ 615: uvm_test_top.env.sb [SCB_PASS] sel=3, d=0, y=0
# # KERNEL: UVM_INFO /home/runner/scoreboard.sv(28) @ 615: uvm_test_top.env.sb [SCB_PASS] sel=3, d=0, y=0
# # KERNEL: UVM_INFO /home/runner/monitor.sv(33) @ 635: uvm_test_top.env.agent.mon [MON] Sampled data from Interface
# # KERNEL: UVM_INFO /home/runner/scoreboard.sv(28) @ 635: uvm_test_top.env.sb [SCB_PASS] sel=3, d=ffffffff, y=ffffffff
# # KERNEL: UVM_INFO /home/runner/scoreboard.sv(28) @ 635: uvm_test_top.env.sb [SCB_PASS] sel=3, d=0, y=0
# # KERNEL: UVM_INFO /home/runner/scoreboard.sv(28) @ 635: uvm_test_top.env.sb [SCB_PASS] sel=3, d=0, y=0
# # KERNEL: UVM_INFO /home/runner/scoreboard.sv(28) @ 635: uvm_test_top.env.sb [SCB_PASS] sel=3, d=0, y=0
# # KERNEL: UVM_INFO /home/runner/monitor.sv(33) @ 655: uvm_test_top.env.agent.mon [MON] Sampled data from Interface
# # KERNEL: UVM_INFO /home/runner/scoreboard.sv(28) @ 655: uvm_test_top.env.sb [SCB_PASS] sel=2, d=0, y=0
# # KERNEL: UVM_INFO /home/runner/scoreboard.sv(28) @ 655: uvm_test_top.env.sb [SCB_PASS] sel=2, d=ffffffff, y=ffffffff
# # KERNEL: UVM_INFO /home/runner/scoreboard.sv(28) @ 655: uvm_test_top.env.sb [SCB_PASS] sel=2, d=0, y=0
# # KERNEL: UVM_INFO /home/runner/scoreboard.sv(28) @ 655: uvm_test_top.env.sb [SCB_PASS] sel=2, d=0, y=0
# # KERNEL: UVM_INFO /home/runner/monitor.sv(33) @ 675: uvm_test_top.env.agent.mon [MON] Sampled data from Interface
# # KERNEL: UVM_INFO /home/runner/scoreboard.sv(28) @ 675: uvm_test_top.env.sb [SCB_PASS] sel=2, d=0, y=0
# # KERNEL: UVM_INFO /home/runner/scoreboard.sv(28) @ 675: uvm_test_top.env.sb [SCB_PASS] sel=2, d=ffffffff, y=ffffffff
# # KERNEL: UVM_INFO /home/runner/scoreboard.sv(28) @ 675: uvm_test_top.env.sb [SCB_PASS] sel=2, d=0, y=0
# # KERNEL: UVM_INFO /home/runner/scoreboard.sv(28) @ 675: uvm_test_top.env.sb [SCB_PASS] sel=2, d=0, y=0
# # KERNEL: UVM_INFO /home/runner/monitor.sv(33) @ 695: uvm_test_top.env.agent.mon [MON] Sampled data from Interface
# # KERNEL: UVM_INFO /home/runner/scoreboard.sv(28) @ 695: uvm_test_top.env.sb [SCB_PASS] sel=1, d=0, y=0
# # KERNEL: UVM_INFO /home/runner/scoreboard.sv(28) @ 695: uvm_test_top.env.sb [SCB_PASS] sel=1, d=0, y=0
# # KERNEL: UVM_INFO /home/runner/scoreboard.sv(28) @ 695: uvm_test_top.env.sb [SCB_PASS] sel=1, d=ffffffff, y=ffffffff
# # KERNEL: UVM_INFO /home/runner/scoreboard.sv(28) @ 695: uvm_test_top.env.sb [SCB_PASS] sel=1, d=0, y=0
# # KERNEL: UVM_INFO /home/runner/master_seq.sv(31) @ 695: uvm_test_top.env.agent.sqr@@seq [MASTER_SEQ] Starting Sequence 3...
# # KERNEL: UVM_INFO /home/runner/sequence3.sv(11) @ 695: uvm_test_top.env.agent.sqr@@s3 [SEQ] Starting All-Zeros Stimulus for all ports...
# # KERNEL: UVM_INFO /home/runner/monitor.sv(33) @ 715: uvm_test_top.env.agent.mon [MON] Sampled data from Interface
# # KERNEL: UVM_INFO /home/runner/scoreboard.sv(28) @ 715: uvm_test_top.env.sb [SCB_PASS] sel=1, d=0, y=0
# # KERNEL: UVM_INFO /home/runner/scoreboard.sv(28) @ 715: uvm_test_top.env.sb [SCB_PASS] sel=1, d=0, y=0
# # KERNEL: UVM_INFO /home/runner/scoreboard.sv(28) @ 715: uvm_test_top.env.sb [SCB_PASS] sel=1, d=ffffffff, y=ffffffff
# # KERNEL: UVM_INFO /home/runner/scoreboard.sv(28) @ 715: uvm_test_top.env.sb [SCB_PASS] sel=1, d=0, y=0
# # KERNEL: UVM_INFO /home/runner/monitor.sv(33) @ 735: uvm_test_top.env.agent.mon [MON] Sampled data from Interface
# # KERNEL: UVM_INFO /home/runner/scoreboard.sv(28) @ 735: uvm_test_top.env.sb [SCB_PASS] sel=3, d=0, y=0
# # KERNEL: UVM_INFO /home/runner/scoreboard.sv(28) @ 735: uvm_test_top.env.sb [SCB_PASS] sel=3, d=0, y=0
# # KERNEL: UVM_INFO /home/runner/scoreboard.sv(28) @ 735: uvm_test_top.env.sb [SCB_PASS] sel=3, d=0, y=0
# # KERNEL: UVM_INFO /home/runner/scoreboard.sv(28) @ 735: uvm_test_top.env.sb [SCB_PASS] sel=3, d=0, y=0
# # KERNEL: UVM_INFO /home/runner/monitor.sv(33) @ 755: uvm_test_top.env.agent.mon [MON] Sampled data from Interface
# # KERNEL: UVM_INFO /home/runner/scoreboard.sv(28) @ 755: uvm_test_top.env.sb [SCB_PASS] sel=3, d=0, y=0
# # KERNEL: UVM_INFO /home/runner/scoreboard.sv(28) @ 755: uvm_test_top.env.sb [SCB_PASS] sel=3, d=0, y=0
# # KERNEL: UVM_INFO /home/runner/scoreboard.sv(28) @ 755: uvm_test_top.env.sb [SCB_PASS] sel=3, d=0, y=0
# # KERNEL: UVM_INFO /home/runner/scoreboard.sv(28) @ 755: uvm_test_top.env.sb [SCB_PASS] sel=3, d=0, y=0
# # KERNEL: UVM_INFO /home/runner/monitor.sv(33) @ 775: uvm_test_top.env.agent.mon [MON] Sampled data from Interface
# # KERNEL: UVM_INFO /home/runner/scoreboard.sv(28) @ 775: uvm_test_top.env.sb [SCB_PASS] sel=2, d=0, y=0
# # KERNEL: UVM_INFO /home/runner/scoreboard.sv(28) @ 775: uvm_test_top.env.sb [SCB_PASS] sel=2, d=0, y=0
# # KERNEL: UVM_INFO /home/runner/scoreboard.sv(28) @ 775: uvm_test_top.env.sb [SCB_PASS] sel=2, d=0, y=0
# # KERNEL: UVM_INFO /home/runner/scoreboard.sv(28) @ 775: uvm_test_top.env.sb [SCB_PASS] sel=2, d=0, y=0
# # KERNEL: UVM_INFO /home/runner/monitor.sv(33) @ 795: uvm_test_top.env.agent.mon [MON] Sampled data from Interface
# # KERNEL: UVM_INFO /home/runner/scoreboard.sv(28) @ 795: uvm_test_top.env.sb [SCB_PASS] sel=2, d=0, y=0
# # KERNEL: UVM_INFO /home/runner/scoreboard.sv(28) @ 795: uvm_test_top.env.sb [SCB_PASS] sel=2, d=0, y=0
# # KERNEL: UVM_INFO /home/runner/scoreboard.sv(28) @ 795: uvm_test_top.env.sb [SCB_PASS] sel=2, d=0, y=0
# # KERNEL: UVM_INFO /home/runner/scoreboard.sv(28) @ 795: uvm_test_top.env.sb [SCB_PASS] sel=2, d=0, y=0
# # KERNEL: UVM_INFO /home/runner/monitor.sv(33) @ 815: uvm_test_top.env.agent.mon [MON] Sampled data from Interface
# # KERNEL: UVM_INFO /home/runner/scoreboard.sv(28) @ 815: uvm_test_top.env.sb [SCB_PASS] sel=1, d=0, y=0
# # KERNEL: UVM_INFO /home/runner/scoreboard.sv(28) @ 815: uvm_test_top.env.sb [SCB_PASS] sel=1, d=0, y=0
# # KERNEL: UVM_INFO /home/runner/scoreboard.sv(28) @ 815: uvm_test_top.env.sb [SCB_PASS] sel=1, d=0, y=0
# # KERNEL: UVM_INFO /home/runner/scoreboard.sv(28) @ 815: uvm_test_top.env.sb [SCB_PASS] sel=1, d=0, y=0
# # KERNEL: UVM_INFO /home/runner/monitor.sv(33) @ 835: uvm_test_top.env.agent.mon [MON] Sampled data from Interface
# # KERNEL: UVM_INFO /home/runner/scoreboard.sv(28) @ 835: uvm_test_top.env.sb [SCB_PASS] sel=1, d=0, y=0
# # KERNEL: UVM_INFO /home/runner/scoreboard.sv(28) @ 835: uvm_test_top.env.sb [SCB_PASS] sel=1, d=0, y=0
# # KERNEL: UVM_INFO /home/runner/scoreboard.sv(28) @ 835: uvm_test_top.env.sb [SCB_PASS] sel=1, d=0, y=0
# # KERNEL: UVM_INFO /home/runner/scoreboard.sv(28) @ 835: uvm_test_top.env.sb [SCB_PASS] sel=1, d=0, y=0
# # KERNEL: UVM_INFO /home/runner/monitor.sv(33) @ 855: uvm_test_top.env.agent.mon [MON] Sampled data from Interface
# # KERNEL: UVM_INFO /home/runner/scoreboard.sv(28) @ 855: uvm_test_top.env.sb [SCB_PASS] sel=0, d=0, y=0
# # KERNEL: UVM_INFO /home/runner/scoreboard.sv(28) @ 855: uvm_test_top.env.sb [SCB_PASS] sel=0, d=0, y=0
# # KERNEL: UVM_INFO /home/runner/scoreboard.sv(28) @ 855: uvm_test_top.env.sb [SCB_PASS] sel=0, d=0, y=0
# # KERNEL: UVM_INFO /home/runner/scoreboard.sv(28) @ 855: uvm_test_top.env.sb [SCB_PASS] sel=0, d=0, y=0
# # KERNEL: UVM_INFO /home/runner/monitor.sv(33) @ 875: uvm_test_top.env.agent.mon [MON] Sampled data from Interface
# # KERNEL: UVM_INFO /home/runner/scoreboard.sv(28) @ 875: uvm_test_top.env.sb [SCB_PASS] sel=0, d=0, y=0
# # KERNEL: UVM_INFO /home/runner/scoreboard.sv(28) @ 875: uvm_test_top.env.sb [SCB_PASS] sel=0, d=0, y=0
# # KERNEL: UVM_INFO /home/runner/scoreboard.sv(28) @ 875: uvm_test_top.env.sb [SCB_PASS] sel=0, d=0, y=0
# # KERNEL: UVM_INFO /home/runner/scoreboard.sv(28) @ 875: uvm_test_top.env.sb [SCB_PASS] sel=0, d=0, y=0
# # KERNEL: UVM_INFO /home/runner/monitor.sv(33) @ 895: uvm_test_top.env.agent.mon [MON] Sampled data from Interface
# # KERNEL: UVM_INFO /home/runner/scoreboard.sv(28) @ 895: uvm_test_top.env.sb [SCB_PASS] sel=3, d=0, y=0
# # KERNEL: UVM_INFO /home/runner/scoreboard.sv(28) @ 895: uvm_test_top.env.sb [SCB_PASS] sel=3, d=0, y=0
# # KERNEL: UVM_INFO /home/runner/scoreboard.sv(28) @ 895: uvm_test_top.env.sb [SCB_PASS] sel=3, d=0, y=0
# # KERNEL: UVM_INFO /home/runner/scoreboard.sv(28) @ 895: uvm_test_top.env.sb [SCB_PASS] sel=3, d=0, y=0
# # KERNEL: UVM_INFO /home/runner/master_seq.sv(34) @ 895: uvm_test_top.env.agent.sqr@@seq [MASTER_SEQ] Starting Sequence 4...
# # KERNEL: UVM_INFO /home/runner/sequence4.sv(11) @ 895: uvm_test_top.env.agent.sqr@@s4 [SEQ] Starting Select-Unknown Stimulus...
# # KERNEL: UVM_INFO /home/runner/monitor.sv(33) @ 915: uvm_test_top.env.agent.mon [MON] Sampled data from Interface
# # KERNEL: UVM_INFO /home/runner/scoreboard.sv(28) @ 915: uvm_test_top.env.sb [SCB_PASS] sel=3, d=0, y=0
# # KERNEL: UVM_INFO /home/runner/scoreboard.sv(28) @ 915: uvm_test_top.env.sb [SCB_PASS] sel=3, d=0, y=0
# # KERNEL: UVM_INFO /home/runner/scoreboard.sv(28) @ 915: uvm_test_top.env.sb [SCB_PASS] sel=3, d=0, y=0
# # KERNEL: UVM_INFO /home/runner/scoreboard.sv(28) @ 915: uvm_test_top.env.sb [SCB_PASS] sel=3, d=0, y=0
# # KERNEL: Error: assertion.sv (15): SVASEL signal contains X/Z!
# # KERNEL: UVM_INFO /home/runner/monitor.sv(33) @ 935: uvm_test_top.env.agent.mon [MON] Sampled data from Interface
# # KERNEL: UVM_INFO /home/runner/scoreboard.sv(28) @ 935: uvm_test_top.env.sb [SCB_PASS] sel=x, d=0, y=0
# # KERNEL: UVM_INFO /home/runner/scoreboard.sv(28) @ 935: uvm_test_top.env.sb [SCB_PASS] sel=x, d=0, y=0
# # KERNEL: UVM_INFO /home/runner/scoreboard.sv(28) @ 935: uvm_test_top.env.sb [SCB_PASS] sel=x, d=0, y=0
# # KERNEL: UVM_INFO /home/runner/scoreboard.sv(28) @ 935: uvm_test_top.env.sb [SCB_PASS] sel=x, d=0, y=0
# # KERNEL: UVM_INFO /home/runner/monitor.sv(33) @ 955: uvm_test_top.env.agent.mon [MON] Sampled data from Interface
# # KERNEL: UVM_INFO /home/runner/scoreboard.sv(28) @ 955: uvm_test_top.env.sb [SCB_PASS] sel=x, d=0, y=0
# # KERNEL: UVM_INFO /home/runner/scoreboard.sv(28) @ 955: uvm_test_top.env.sb [SCB_PASS] sel=x, d=0, y=0
# # KERNEL: UVM_INFO /home/runner/scoreboard.sv(28) @ 955: uvm_test_top.env.sb [SCB_PASS] sel=x, d=0, y=0
# # KERNEL: UVM_INFO /home/runner/scoreboard.sv(28) @ 955: uvm_test_top.env.sb [SCB_PASS] sel=x, d=0, y=0
# # KERNEL: UVM_INFO /home/runner/monitor.sv(33) @ 975: uvm_test_top.env.agent.mon [MON] Sampled data from Interface
# # KERNEL: UVM_INFO /home/runner/scoreboard.sv(28) @ 975: uvm_test_top.env.sb [SCB_PASS] sel=x, d=0, y=0
# # KERNEL: UVM_INFO /home/runner/scoreboard.sv(28) @ 975: uvm_test_top.env.sb [SCB_PASS] sel=x, d=0, y=0
# # KERNEL: UVM_INFO /home/runner/scoreboard.sv(28) @ 975: uvm_test_top.env.sb [SCB_PASS] sel=x, d=0, y=0
# # KERNEL: UVM_INFO /home/runner/scoreboard.sv(28) @ 975: uvm_test_top.env.sb [SCB_PASS] sel=x, d=0, y=0
# # KERNEL: UVM_INFO /home/runner/monitor.sv(33) @ 995: uvm_test_top.env.agent.mon [MON] Sampled data from Interface
# # KERNEL: UVM_INFO /home/runner/scoreboard.sv(28) @ 995: uvm_test_top.env.sb [SCB_PASS] sel=x, d=0, y=0
# # KERNEL: UVM_INFO /home/runner/scoreboard.sv(28) @ 995: uvm_test_top.env.sb [SCB_PASS] sel=x, d=0, y=0
# # KERNEL: UVM_INFO /home/runner/scoreboard.sv(28) @ 995: uvm_test_top.env.sb [SCB_PASS] sel=x, d=0, y=0
# # KERNEL: UVM_INFO /home/runner/scoreboard.sv(28) @ 995: uvm_test_top.env.sb [SCB_PASS] sel=x, d=0, y=0
# # KERNEL: UVM_INFO /home/runner/master_seq.sv(37) @ 995: uvm_test_top.env.agent.sqr@@seq [MASTER_SEQ] Starting Sequence 5...
# # KERNEL: UVM_INFO /home/runner/sequence5.sv(16) @ 995: uvm_test_top.env.agent.sqr@@s5 [SEQ] Starting Pattern Sequence for Toggle Coverage
# # KERNEL: UVM_INFO /home/runner/monitor.sv(33) @ 1015: uvm_test_top.env.agent.mon [MON] Sampled data from Interface
# # KERNEL: UVM_INFO /home/runner/scoreboard.sv(28) @ 1015: uvm_test_top.env.sb [SCB_PASS] sel=x, d=0, y=0
# # KERNEL: UVM_INFO /home/runner/scoreboard.sv(28) @ 1015: uvm_test_top.env.sb [SCB_PASS] sel=x, d=0, y=0
# # KERNEL: UVM_INFO /home/runner/scoreboard.sv(28) @ 1015: uvm_test_top.env.sb [SCB_PASS] sel=x, d=0, y=0
# # KERNEL: UVM_INFO /home/runner/scoreboard.sv(28) @ 1015: uvm_test_top.env.sb [SCB_PASS] sel=x, d=0, y=0
# # KERNEL: UVM_INFO /home/runner/monitor.sv(33) @ 1035: uvm_test_top.env.agent.mon [MON] Sampled data from Interface
# # KERNEL: UVM_INFO /home/runner/scoreboard.sv(28) @ 1035: uvm_test_top.env.sb [SCB_PASS] sel=1, d=0, y=0
# # KERNEL: UVM_INFO /home/runner/scoreboard.sv(28) @ 1035: uvm_test_top.env.sb [SCB_PASS] sel=1, d=0, y=0
# # KERNEL: UVM_INFO /home/runner/scoreboard.sv(28) @ 1035: uvm_test_top.env.sb [SCB_PASS] sel=1, d=55555555, y=55555555
# # KERNEL: UVM_INFO /home/runner/scoreboard.sv(28) @ 1035: uvm_test_top.env.sb [SCB_PASS] sel=1, d=0, y=0
# # KERNEL: UVM_INFO /home/runner/monitor.sv(33) @ 1055: uvm_test_top.env.agent.mon [MON] Sampled data from Interface
# # KERNEL: UVM_INFO /home/runner/scoreboard.sv(28) @ 1055: uvm_test_top.env.sb [SCB_PASS] sel=2, d=0, y=0
# # KERNEL: UVM_INFO /home/runner/scoreboard.sv(28) @ 1055: uvm_test_top.env.sb [SCB_PASS] sel=2, d=55555555, y=55555555
# # KERNEL: UVM_INFO /home/runner/scoreboard.sv(28) @ 1055: uvm_test_top.env.sb [SCB_PASS] sel=2, d=0, y=0
# # KERNEL: UVM_INFO /home/runner/scoreboard.sv(28) @ 1055: uvm_test_top.env.sb [SCB_PASS] sel=2, d=0, y=0
# # KERNEL: UVM_INFO /home/runner/monitor.sv(33) @ 1075: uvm_test_top.env.agent.mon [MON] Sampled data from Interface
# # KERNEL: UVM_INFO /home/runner/scoreboard.sv(28) @ 1075: uvm_test_top.env.sb [SCB_PASS] sel=0, d=0, y=0
# # KERNEL: UVM_INFO /home/runner/scoreboard.sv(28) @ 1075: uvm_test_top.env.sb [SCB_PASS] sel=0, d=0, y=0
# # KERNEL: UVM_INFO /home/runner/scoreboard.sv(28) @ 1075: uvm_test_top.env.sb [SCB_PASS] sel=0, d=0, y=0
# # KERNEL: UVM_INFO /home/runner/scoreboard.sv(28) @ 1075: uvm_test_top.env.sb [SCB_PASS] sel=0, d=55555555, y=55555555
# # KERNEL: UVM_INFO /home/runner/monitor.sv(33) @ 1095: uvm_test_top.env.agent.mon [MON] Sampled data from Interface
# # KERNEL: UVM_INFO /home/runner/scoreboard.sv(28) @ 1095: uvm_test_top.env.sb [SCB_PASS] sel=1, d=0, y=0
# # KERNEL: UVM_INFO /home/runner/scoreboard.sv(28) @ 1095: uvm_test_top.env.sb [SCB_PASS] sel=1, d=0, y=0
# # KERNEL: UVM_INFO /home/runner/scoreboard.sv(28) @ 1095: uvm_test_top.env.sb [SCB_PASS] sel=1, d=55555555, y=55555555
# # KERNEL: UVM_INFO /home/runner/scoreboard.sv(28) @ 1095: uvm_test_top.env.sb [SCB_PASS] sel=1, d=0, y=0
# # KERNEL: UVM_INFO /home/runner/monitor.sv(33) @ 1115: uvm_test_top.env.agent.mon [MON] Sampled data from Interface
# # KERNEL: UVM_INFO /home/runner/scoreboard.sv(28) @ 1115: uvm_test_top.env.sb [SCB_PASS] sel=3, d=55555555, y=55555555
# # KERNEL: UVM_INFO /home/runner/scoreboard.sv(28) @ 1115: uvm_test_top.env.sb [SCB_PASS] sel=3, d=0, y=0
# # KERNEL: UVM_INFO /home/runner/scoreboard.sv(28) @ 1115: uvm_test_top.env.sb [SCB_PASS] sel=3, d=0, y=0
# # KERNEL: UVM_INFO /home/runner/scoreboard.sv(28) @ 1115: uvm_test_top.env.sb [SCB_PASS] sel=3, d=0, y=0
# # KERNEL: UVM_INFO /home/runner/monitor.sv(33) @ 1135: uvm_test_top.env.agent.mon [MON] Sampled data from Interface
# # KERNEL: UVM_INFO /home/runner/scoreboard.sv(28) @ 1135: uvm_test_top.env.sb [SCB_PASS] sel=0, d=0, y=0
# # KERNEL: UVM_INFO /home/runner/scoreboard.sv(28) @ 1135: uvm_test_top.env.sb [SCB_PASS] sel=0, d=0, y=0
# # KERNEL: UVM_INFO /home/runner/scoreboard.sv(28) @ 1135: uvm_test_top.env.sb [SCB_PASS] sel=0, d=0, y=0
# # KERNEL: UVM_INFO /home/runner/scoreboard.sv(28) @ 1135: uvm_test_top.env.sb [SCB_PASS] sel=0, d=55555555, y=55555555
# # KERNEL: UVM_INFO /home/runner/monitor.sv(33) @ 1155: uvm_test_top.env.agent.mon [MON] Sampled data from Interface
# # KERNEL: UVM_INFO /home/runner/scoreboard.sv(28) @ 1155: uvm_test_top.env.sb [SCB_PASS] sel=2, d=0, y=0
# # KERNEL: UVM_INFO /home/runner/scoreboard.sv(28) @ 1155: uvm_test_top.env.sb [SCB_PASS] sel=2, d=55555555, y=55555555
# # KERNEL: UVM_INFO /home/runner/scoreboard.sv(28) @ 1155: uvm_test_top.env.sb [SCB_PASS] sel=2, d=0, y=0
# # KERNEL: UVM_INFO /home/runner/scoreboard.sv(28) @ 1155: uvm_test_top.env.sb [SCB_PASS] sel=2, d=0, y=0
# # KERNEL: UVM_INFO /home/runner/monitor.sv(33) @ 1175: uvm_test_top.env.agent.mon [MON] Sampled data from Interface
# # KERNEL: UVM_INFO /home/runner/scoreboard.sv(28) @ 1175: uvm_test_top.env.sb [SCB_PASS] sel=3, d=55555555, y=55555555
# # KERNEL: UVM_INFO /home/runner/scoreboard.sv(28) @ 1175: uvm_test_top.env.sb [SCB_PASS] sel=3, d=0, y=0
# # KERNEL: UVM_INFO /home/runner/scoreboard.sv(28) @ 1175: uvm_test_top.env.sb [SCB_PASS] sel=3, d=0, y=0
# # KERNEL: UVM_INFO /home/runner/scoreboard.sv(28) @ 1175: uvm_test_top.env.sb [SCB_PASS] sel=3, d=0, y=0
# # KERNEL: UVM_INFO /home/runner/monitor.sv(33) @ 1195: uvm_test_top.env.agent.mon [MON] Sampled data from Interface
# # KERNEL: UVM_INFO /home/runner/scoreboard.sv(28) @ 1195: uvm_test_top.env.sb [SCB_PASS] sel=1, d=0, y=0
# # KERNEL: UVM_INFO /home/runner/scoreboard.sv(28) @ 1195: uvm_test_top.env.sb [SCB_PASS] sel=1, d=0, y=0
# # KERNEL: UVM_INFO /home/runner/scoreboard.sv(28) @ 1195: uvm_test_top.env.sb [SCB_PASS] sel=1, d=55555555, y=55555555
# # KERNEL: UVM_INFO /home/runner/scoreboard.sv(28) @ 1195: uvm_test_top.env.sb [SCB_PASS] sel=1, d=0, y=0
# # KERNEL: UVM_INFO /home/runner/monitor.sv(33) @ 1215: uvm_test_top.env.agent.mon [MON] Sampled data from Interface
# # KERNEL: UVM_INFO /home/runner/scoreboard.sv(28) @ 1215: uvm_test_top.env.sb [SCB_PASS] sel=2, d=0, y=0
# # KERNEL: UVM_INFO /home/runner/scoreboard.sv(28) @ 1215: uvm_test_top.env.sb [SCB_PASS] sel=2, d=55555555, y=55555555
# # KERNEL: UVM_INFO /home/runner/scoreboard.sv(28) @ 1215: uvm_test_top.env.sb [SCB_PASS] sel=2, d=0, y=0
# # KERNEL: UVM_INFO /home/runner/scoreboard.sv(28) @ 1215: uvm_test_top.env.sb [SCB_PASS] sel=2, d=0, y=0
# # KERNEL: UVM_INFO /home/runner/monitor.sv(33) @ 1235: uvm_test_top.env.agent.mon [MON] Sampled data from Interface
# # KERNEL: UVM_INFO /home/runner/scoreboard.sv(28) @ 1235: uvm_test_top.env.sb [SCB_PASS] sel=0, d=0, y=0
# # KERNEL: UVM_INFO /home/runner/scoreboard.sv(28) @ 1235: uvm_test_top.env.sb [SCB_PASS] sel=0, d=0, y=0
# # KERNEL: UVM_INFO /home/runner/scoreboard.sv(28) @ 1235: uvm_test_top.env.sb [SCB_PASS] sel=0, d=0, y=0
# # KERNEL: UVM_INFO /home/runner/scoreboard.sv(28) @ 1235: uvm_test_top.env.sb [SCB_PASS] sel=0, d=55555555, y=55555555
# # KERNEL: UVM_INFO /home/runner/monitor.sv(33) @ 1255: uvm_test_top.env.agent.mon [MON] Sampled data from Interface
# # KERNEL: UVM_INFO /home/runner/scoreboard.sv(28) @ 1255: uvm_test_top.env.sb [SCB_PASS] sel=1, d=0, y=0
# # KERNEL: UVM_INFO /home/runner/scoreboard.sv(28) @ 1255: uvm_test_top.env.sb [SCB_PASS] sel=1, d=0, y=0
# # KERNEL: UVM_INFO /home/runner/scoreboard.sv(28) @ 1255: uvm_test_top.env.sb [SCB_PASS] sel=1, d=55555555, y=55555555
# # KERNEL: UVM_INFO /home/runner/scoreboard.sv(28) @ 1255: uvm_test_top.env.sb [SCB_PASS] sel=1, d=0, y=0
# # KERNEL: UVM_INFO /home/runner/monitor.sv(33) @ 1275: uvm_test_top.env.agent.mon [MON] Sampled data from Interface
# # KERNEL: UVM_INFO /home/runner/scoreboard.sv(28) @ 1275: uvm_test_top.env.sb [SCB_PASS] sel=3, d=55555555, y=55555555
# # KERNEL: UVM_INFO /home/runner/scoreboard.sv(28) @ 1275: uvm_test_top.env.sb [SCB_PASS] sel=3, d=0, y=0
# # KERNEL: UVM_INFO /home/runner/scoreboard.sv(28) @ 1275: uvm_test_top.env.sb [SCB_PASS] sel=3, d=0, y=0
# # KERNEL: UVM_INFO /home/runner/scoreboard.sv(28) @ 1275: uvm_test_top.env.sb [SCB_PASS] sel=3, d=0, y=0
# # KERNEL: UVM_INFO /home/runner/monitor.sv(33) @ 1295: uvm_test_top.env.agent.mon [MON] Sampled data from Interface
# # KERNEL: UVM_INFO /home/runner/scoreboard.sv(28) @ 1295: uvm_test_top.env.sb [SCB_PASS] sel=0, d=0, y=0
# # KERNEL: UVM_INFO /home/runner/scoreboard.sv(28) @ 1295: uvm_test_top.env.sb [SCB_PASS] sel=0, d=0, y=0
# # KERNEL: UVM_INFO /home/runner/scoreboard.sv(28) @ 1295: uvm_test_top.env.sb [SCB_PASS] sel=0, d=0, y=0
# # KERNEL: UVM_INFO /home/runner/scoreboard.sv(28) @ 1295: uvm_test_top.env.sb [SCB_PASS] sel=0, d=55555555, y=55555555
# # KERNEL: UVM_INFO /home/runner/monitor.sv(33) @ 1315: uvm_test_top.env.agent.mon [MON] Sampled data from Interface
# # KERNEL: UVM_INFO /home/runner/scoreboard.sv(28) @ 1315: uvm_test_top.env.sb [SCB_PASS] sel=2, d=0, y=0
# # KERNEL: UVM_INFO /home/runner/scoreboard.sv(28) @ 1315: uvm_test_top.env.sb [SCB_PASS] sel=2, d=55555555, y=55555555
# # KERNEL: UVM_INFO /home/runner/scoreboard.sv(28) @ 1315: uvm_test_top.env.sb [SCB_PASS] sel=2, d=0, y=0
# # KERNEL: UVM_INFO /home/runner/scoreboard.sv(28) @ 1315: uvm_test_top.env.sb [SCB_PASS] sel=2, d=0, y=0
# # KERNEL: UVM_INFO /home/runner/monitor.sv(33) @ 1335: uvm_test_top.env.agent.mon [MON] Sampled data from Interface
# # KERNEL: UVM_INFO /home/runner/scoreboard.sv(28) @ 1335: uvm_test_top.env.sb [SCB_PASS] sel=3, d=55555555, y=55555555
# # KERNEL: UVM_INFO /home/runner/scoreboard.sv(28) @ 1335: uvm_test_top.env.sb [SCB_PASS] sel=3, d=0, y=0
# # KERNEL: UVM_INFO /home/runner/scoreboard.sv(28) @ 1335: uvm_test_top.env.sb [SCB_PASS] sel=3, d=0, y=0
# # KERNEL: UVM_INFO /home/runner/scoreboard.sv(28) @ 1335: uvm_test_top.env.sb [SCB_PASS] sel=3, d=0, y=0
# # KERNEL: UVM_INFO /home/runner/monitor.sv(33) @ 1355: uvm_test_top.env.agent.mon [MON] Sampled data from Interface
# # KERNEL: UVM_INFO /home/runner/scoreboard.sv(28) @ 1355: uvm_test_top.env.sb [SCB_PASS] sel=1, d=0, y=0
# # KERNEL: UVM_INFO /home/runner/scoreboard.sv(28) @ 1355: uvm_test_top.env.sb [SCB_PASS] sel=1, d=0, y=0
# # KERNEL: UVM_INFO /home/runner/scoreboard.sv(28) @ 1355: uvm_test_top.env.sb [SCB_PASS] sel=1, d=55555555, y=55555555
# # KERNEL: UVM_INFO /home/runner/scoreboard.sv(28) @ 1355: uvm_test_top.env.sb [SCB_PASS] sel=1, d=0, y=0
# # KERNEL: UVM_INFO /home/runner/monitor.sv(33) @ 1375: uvm_test_top.env.agent.mon [MON] Sampled data from Interface
# # KERNEL: UVM_INFO /home/runner/scoreboard.sv(28) @ 1375: uvm_test_top.env.sb [SCB_PASS] sel=2, d=0, y=0
# # KERNEL: UVM_INFO /home/runner/scoreboard.sv(28) @ 1375: uvm_test_top.env.sb [SCB_PASS] sel=2, d=55555555, y=55555555
# # KERNEL: UVM_INFO /home/runner/scoreboard.sv(28) @ 1375: uvm_test_top.env.sb [SCB_PASS] sel=2, d=0, y=0
# # KERNEL: UVM_INFO /home/runner/scoreboard.sv(28) @ 1375: uvm_test_top.env.sb [SCB_PASS] sel=2, d=0, y=0
# # KERNEL: UVM_INFO /home/runner/monitor.sv(33) @ 1395: uvm_test_top.env.agent.mon [MON] Sampled data from Interface
# # KERNEL: UVM_INFO /home/runner/scoreboard.sv(28) @ 1395: uvm_test_top.env.sb [SCB_PASS] sel=0, d=0, y=0
# # KERNEL: UVM_INFO /home/runner/scoreboard.sv(28) @ 1395: uvm_test_top.env.sb [SCB_PASS] sel=0, d=0, y=0
# # KERNEL: UVM_INFO /home/runner/scoreboard.sv(28) @ 1395: uvm_test_top.env.sb [SCB_PASS] sel=0, d=0, y=0
# # KERNEL: UVM_INFO /home/runner/scoreboard.sv(28) @ 1395: uvm_test_top.env.sb [SCB_PASS] sel=0, d=55555555, y=55555555
# # KERNEL: UVM_INFO /home/runner/monitor.sv(33) @ 1415: uvm_test_top.env.agent.mon [MON] Sampled data from Interface
# # KERNEL: UVM_INFO /home/runner/scoreboard.sv(28) @ 1415: uvm_test_top.env.sb [SCB_PASS] sel=1, d=0, y=0
# # KERNEL: UVM_INFO /home/runner/scoreboard.sv(28) @ 1415: uvm_test_top.env.sb [SCB_PASS] sel=1, d=0, y=0
# # KERNEL: UVM_INFO /home/runner/scoreboard.sv(28) @ 1415: uvm_test_top.env.sb [SCB_PASS] sel=1, d=55555555, y=55555555
# # KERNEL: UVM_INFO /home/runner/scoreboard.sv(28) @ 1415: uvm_test_top.env.sb [SCB_PASS] sel=1, d=0, y=0
# # KERNEL: UVM_INFO /home/runner/monitor.sv(33) @ 1435: uvm_test_top.env.agent.mon [MON] Sampled data from Interface
# # KERNEL: UVM_INFO /home/runner/scoreboard.sv(28) @ 1435: uvm_test_top.env.sb [SCB_PASS] sel=3, d=55555555, y=55555555
# # KERNEL: UVM_INFO /home/runner/scoreboard.sv(28) @ 1435: uvm_test_top.env.sb [SCB_PASS] sel=3, d=0, y=0
# # KERNEL: UVM_INFO /home/runner/scoreboard.sv(28) @ 1435: uvm_test_top.env.sb [SCB_PASS] sel=3, d=0, y=0
# # KERNEL: UVM_INFO /home/runner/scoreboard.sv(28) @ 1435: uvm_test_top.env.sb [SCB_PASS] sel=3, d=0, y=0
# # KERNEL: UVM_INFO /home/runner/monitor.sv(33) @ 1455: uvm_test_top.env.agent.mon [MON] Sampled data from Interface
# # KERNEL: UVM_INFO /home/runner/scoreboard.sv(28) @ 1455: uvm_test_top.env.sb [SCB_PASS] sel=0, d=0, y=0
# # KERNEL: UVM_INFO /home/runner/scoreboard.sv(28) @ 1455: uvm_test_top.env.sb [SCB_PASS] sel=0, d=0, y=0
# # KERNEL: UVM_INFO /home/runner/scoreboard.sv(28) @ 1455: uvm_test_top.env.sb [SCB_PASS] sel=0, d=0, y=0
# # KERNEL: UVM_INFO /home/runner/scoreboard.sv(28) @ 1455: uvm_test_top.env.sb [SCB_PASS] sel=0, d=55555555, y=55555555
# # KERNEL: UVM_INFO /home/runner/monitor.sv(33) @ 1475: uvm_test_top.env.agent.mon [MON] Sampled data from Interface
# # KERNEL: UVM_INFO /home/runner/scoreboard.sv(28) @ 1475: uvm_test_top.env.sb [SCB_PASS] sel=2, d=0, y=0
# # KERNEL: UVM_INFO /home/runner/scoreboard.sv(28) @ 1475: uvm_test_top.env.sb [SCB_PASS] sel=2, d=55555555, y=55555555
# # KERNEL: UVM_INFO /home/runner/scoreboard.sv(28) @ 1475: uvm_test_top.env.sb [SCB_PASS] sel=2, d=0, y=0
# # KERNEL: UVM_INFO /home/runner/scoreboard.sv(28) @ 1475: uvm_test_top.env.sb [SCB_PASS] sel=2, d=0, y=0
# # KERNEL: UVM_INFO /home/runner/monitor.sv(33) @ 1495: uvm_test_top.env.agent.mon [MON] Sampled data from Interface
# # KERNEL: UVM_INFO /home/runner/scoreboard.sv(28) @ 1495: uvm_test_top.env.sb [SCB_PASS] sel=3, d=55555555, y=55555555
# # KERNEL: UVM_INFO /home/runner/scoreboard.sv(28) @ 1495: uvm_test_top.env.sb [SCB_PASS] sel=3, d=0, y=0
# # KERNEL: UVM_INFO /home/runner/scoreboard.sv(28) @ 1495: uvm_test_top.env.sb [SCB_PASS] sel=3, d=0, y=0
# # KERNEL: UVM_INFO /home/runner/scoreboard.sv(28) @ 1495: uvm_test_top.env.sb [SCB_PASS] sel=3, d=0, y=0
# # KERNEL: UVM_INFO /home/runner/monitor.sv(33) @ 1515: uvm_test_top.env.agent.mon [MON] Sampled data from Interface
# # KERNEL: UVM_INFO /home/runner/scoreboard.sv(28) @ 1515: uvm_test_top.env.sb [SCB_PASS] sel=1, d=0, y=0
# # KERNEL: UVM_INFO /home/runner/scoreboard.sv(28) @ 1515: uvm_test_top.env.sb [SCB_PASS] sel=1, d=0, y=0
# # KERNEL: UVM_INFO /home/runner/scoreboard.sv(28) @ 1515: uvm_test_top.env.sb [SCB_PASS] sel=1, d=55555555, y=55555555
# # KERNEL: UVM_INFO /home/runner/scoreboard.sv(28) @ 1515: uvm_test_top.env.sb [SCB_PASS] sel=1, d=0, y=0
# # KERNEL: UVM_INFO /home/runner/monitor.sv(33) @ 1535: uvm_test_top.env.agent.mon [MON] Sampled data from Interface
# # KERNEL: UVM_INFO /home/runner/scoreboard.sv(28) @ 1535: uvm_test_top.env.sb [SCB_PASS] sel=2, d=0, y=0
# # KERNEL: UVM_INFO /home/runner/scoreboard.sv(28) @ 1535: uvm_test_top.env.sb [SCB_PASS] sel=2, d=aaaaaaaa, y=aaaaaaaa
# # KERNEL: UVM_INFO /home/runner/scoreboard.sv(28) @ 1535: uvm_test_top.env.sb [SCB_PASS] sel=2, d=0, y=0
# # KERNEL: UVM_INFO /home/runner/scoreboard.sv(28) @ 1535: uvm_test_top.env.sb [SCB_PASS] sel=2, d=0, y=0
# # KERNEL: UVM_INFO /home/runner/monitor.sv(33) @ 1555: uvm_test_top.env.agent.mon [MON] Sampled data from Interface
# # KERNEL: UVM_INFO /home/runner/scoreboard.sv(28) @ 1555: uvm_test_top.env.sb [SCB_PASS] sel=0, d=0, y=0
# # KERNEL: UVM_INFO /home/runner/scoreboard.sv(28) @ 1555: uvm_test_top.env.sb [SCB_PASS] sel=0, d=0, y=0
# # KERNEL: UVM_INFO /home/runner/scoreboard.sv(28) @ 1555: uvm_test_top.env.sb [SCB_PASS] sel=0, d=0, y=0
# # KERNEL: UVM_INFO /home/runner/scoreboard.sv(28) @ 1555: uvm_test_top.env.sb [SCB_PASS] sel=0, d=aaaaaaaa, y=aaaaaaaa
# # KERNEL: UVM_INFO /home/runner/monitor.sv(33) @ 1575: uvm_test_top.env.agent.mon [MON] Sampled data from Interface
# # KERNEL: UVM_INFO /home/runner/scoreboard.sv(28) @ 1575: uvm_test_top.env.sb [SCB_PASS] sel=1, d=0, y=0
# # KERNEL: UVM_INFO /home/runner/scoreboard.sv(28) @ 1575: uvm_test_top.env.sb [SCB_PASS] sel=1, d=0, y=0
# # KERNEL: UVM_INFO /home/runner/scoreboard.sv(28) @ 1575: uvm_test_top.env.sb [SCB_PASS] sel=1, d=aaaaaaaa, y=aaaaaaaa
# # KERNEL: UVM_INFO /home/runner/scoreboard.sv(28) @ 1575: uvm_test_top.env.sb [SCB_PASS] sel=1, d=0, y=0
# # KERNEL: UVM_INFO /home/runner/monitor.sv(33) @ 1595: uvm_test_top.env.agent.mon [MON] Sampled data from Interface
# # KERNEL: UVM_INFO /home/runner/scoreboard.sv(28) @ 1595: uvm_test_top.env.sb [SCB_PASS] sel=3, d=aaaaaaaa, y=aaaaaaaa
# # KERNEL: UVM_INFO /home/runner/scoreboard.sv(28) @ 1595: uvm_test_top.env.sb [SCB_PASS] sel=3, d=0, y=0
# # KERNEL: UVM_INFO /home/runner/scoreboard.sv(28) @ 1595: uvm_test_top.env.sb [SCB_PASS] sel=3, d=0, y=0
# # KERNEL: UVM_INFO /home/runner/scoreboard.sv(28) @ 1595: uvm_test_top.env.sb [SCB_PASS] sel=3, d=0, y=0
# # KERNEL: UVM_INFO /home/runner/monitor.sv(33) @ 1615: uvm_test_top.env.agent.mon [MON] Sampled data from Interface
# # KERNEL: UVM_INFO /home/runner/scoreboard.sv(28) @ 1615: uvm_test_top.env.sb [SCB_PASS] sel=0, d=0, y=0
# # KERNEL: UVM_INFO /home/runner/scoreboard.sv(28) @ 1615: uvm_test_top.env.sb [SCB_PASS] sel=0, d=0, y=0
# # KERNEL: UVM_INFO /home/runner/scoreboard.sv(28) @ 1615: uvm_test_top.env.sb [SCB_PASS] sel=0, d=0, y=0
# # KERNEL: UVM_INFO /home/runner/scoreboard.sv(28) @ 1615: uvm_test_top.env.sb [SCB_PASS] sel=0, d=aaaaaaaa, y=aaaaaaaa
# # KERNEL: UVM_INFO /home/runner/monitor.sv(33) @ 1635: uvm_test_top.env.agent.mon [MON] Sampled data from Interface
# # KERNEL: UVM_INFO /home/runner/scoreboard.sv(28) @ 1635: uvm_test_top.env.sb [SCB_PASS] sel=2, d=0, y=0
# # KERNEL: UVM_INFO /home/runner/scoreboard.sv(28) @ 1635: uvm_test_top.env.sb [SCB_PASS] sel=2, d=aaaaaaaa, y=aaaaaaaa
# # KERNEL: UVM_INFO /home/runner/scoreboard.sv(28) @ 1635: uvm_test_top.env.sb [SCB_PASS] sel=2, d=0, y=0
# # KERNEL: UVM_INFO /home/runner/scoreboard.sv(28) @ 1635: uvm_test_top.env.sb [SCB_PASS] sel=2, d=0, y=0
# # KERNEL: UVM_INFO /home/runner/monitor.sv(33) @ 1655: uvm_test_top.env.agent.mon [MON] Sampled data from Interface
# # KERNEL: UVM_INFO /home/runner/scoreboard.sv(28) @ 1655: uvm_test_top.env.sb [SCB_PASS] sel=3, d=aaaaaaaa, y=aaaaaaaa
# # KERNEL: UVM_INFO /home/runner/scoreboard.sv(28) @ 1655: uvm_test_top.env.sb [SCB_PASS] sel=3, d=0, y=0
# # KERNEL: UVM_INFO /home/runner/scoreboard.sv(28) @ 1655: uvm_test_top.env.sb [SCB_PASS] sel=3, d=0, y=0
# # KERNEL: UVM_INFO /home/runner/scoreboard.sv(28) @ 1655: uvm_test_top.env.sb [SCB_PASS] sel=3, d=0, y=0
# # KERNEL: UVM_INFO /home/runner/monitor.sv(33) @ 1675: uvm_test_top.env.agent.mon [MON] Sampled data from Interface
# # KERNEL: UVM_INFO /home/runner/scoreboard.sv(28) @ 1675: uvm_test_top.env.sb [SCB_PASS] sel=1, d=0, y=0
# # KERNEL: UVM_INFO /home/runner/scoreboard.sv(28) @ 1675: uvm_test_top.env.sb [SCB_PASS] sel=1, d=0, y=0
# # KERNEL: UVM_INFO /home/runner/scoreboard.sv(28) @ 1675: uvm_test_top.env.sb [SCB_PASS] sel=1, d=aaaaaaaa, y=aaaaaaaa
# # KERNEL: UVM_INFO /home/runner/scoreboard.sv(28) @ 1675: uvm_test_top.env.sb [SCB_PASS] sel=1, d=0, y=0
# # KERNEL: UVM_INFO /home/runner/monitor.sv(33) @ 1695: uvm_test_top.env.agent.mon [MON] Sampled data from Interface
# # KERNEL: UVM_INFO /home/runner/scoreboard.sv(28) @ 1695: uvm_test_top.env.sb [SCB_PASS] sel=2, d=0, y=0
# # KERNEL: UVM_INFO /home/runner/scoreboard.sv(28) @ 1695: uvm_test_top.env.sb [SCB_PASS] sel=2, d=aaaaaaaa, y=aaaaaaaa
# # KERNEL: UVM_INFO /home/runner/scoreboard.sv(28) @ 1695: uvm_test_top.env.sb [SCB_PASS] sel=2, d=0, y=0
# # KERNEL: UVM_INFO /home/runner/scoreboard.sv(28) @ 1695: uvm_test_top.env.sb [SCB_PASS] sel=2, d=0, y=0
# # KERNEL: UVM_INFO /home/runner/monitor.sv(33) @ 1715: uvm_test_top.env.agent.mon [MON] Sampled data from Interface
# # KERNEL: UVM_INFO /home/runner/scoreboard.sv(28) @ 1715: uvm_test_top.env.sb [SCB_PASS] sel=0, d=0, y=0
# # KERNEL: UVM_INFO /home/runner/scoreboard.sv(28) @ 1715: uvm_test_top.env.sb [SCB_PASS] sel=0, d=0, y=0
# # KERNEL: UVM_INFO /home/runner/scoreboard.sv(28) @ 1715: uvm_test_top.env.sb [SCB_PASS] sel=0, d=0, y=0
# # KERNEL: UVM_INFO /home/runner/scoreboard.sv(28) @ 1715: uvm_test_top.env.sb [SCB_PASS] sel=0, d=aaaaaaaa, y=aaaaaaaa
# # KERNEL: UVM_INFO /home/runner/monitor.sv(33) @ 1735: uvm_test_top.env.agent.mon [MON] Sampled data from Interface
# # KERNEL: UVM_INFO /home/runner/scoreboard.sv(28) @ 1735: uvm_test_top.env.sb [SCB_PASS] sel=1, d=0, y=0
# # KERNEL: UVM_INFO /home/runner/scoreboard.sv(28) @ 1735: uvm_test_top.env.sb [SCB_PASS] sel=1, d=0, y=0
# # KERNEL: UVM_INFO /home/runner/scoreboard.sv(28) @ 1735: uvm_test_top.env.sb [SCB_PASS] sel=1, d=aaaaaaaa, y=aaaaaaaa
# # KERNEL: UVM_INFO /home/runner/scoreboard.sv(28) @ 1735: uvm_test_top.env.sb [SCB_PASS] sel=1, d=0, y=0
# # KERNEL: UVM_INFO /home/runner/monitor.sv(33) @ 1755: uvm_test_top.env.agent.mon [MON] Sampled data from Interface
# # KERNEL: UVM_INFO /home/runner/scoreboard.sv(28) @ 1755: uvm_test_top.env.sb [SCB_PASS] sel=3, d=aaaaaaaa, y=aaaaaaaa
# # KERNEL: UVM_INFO /home/runner/scoreboard.sv(28) @ 1755: uvm_test_top.env.sb [SCB_PASS] sel=3, d=0, y=0
# # KERNEL: UVM_INFO /home/runner/scoreboard.sv(28) @ 1755: uvm_test_top.env.sb [SCB_PASS] sel=3, d=0, y=0
# # KERNEL: UVM_INFO /home/runner/scoreboard.sv(28) @ 1755: uvm_test_top.env.sb [SCB_PASS] sel=3, d=0, y=0
# # KERNEL: UVM_INFO /home/runner/monitor.sv(33) @ 1775: uvm_test_top.env.agent.mon [MON] Sampled data from Interface
# # KERNEL: UVM_INFO /home/runner/scoreboard.sv(28) @ 1775: uvm_test_top.env.sb [SCB_PASS] sel=0, d=0, y=0
# # KERNEL: UVM_INFO /home/runner/scoreboard.sv(28) @ 1775: uvm_test_top.env.sb [SCB_PASS] sel=0, d=0, y=0
# # KERNEL: UVM_INFO /home/runner/scoreboard.sv(28) @ 1775: uvm_test_top.env.sb [SCB_PASS] sel=0, d=0, y=0
# # KERNEL: UVM_INFO /home/runner/scoreboard.sv(28) @ 1775: uvm_test_top.env.sb [SCB_PASS] sel=0, d=aaaaaaaa, y=aaaaaaaa
# # KERNEL: UVM_INFO /home/runner/monitor.sv(33) @ 1795: uvm_test_top.env.agent.mon [MON] Sampled data from Interface
# # KERNEL: UVM_INFO /home/runner/scoreboard.sv(28) @ 1795: uvm_test_top.env.sb [SCB_PASS] sel=2, d=0, y=0
# # KERNEL: UVM_INFO /home/runner/scoreboard.sv(28) @ 1795: uvm_test_top.env.sb [SCB_PASS] sel=2, d=aaaaaaaa, y=aaaaaaaa
# # KERNEL: UVM_INFO /home/runner/scoreboard.sv(28) @ 1795: uvm_test_top.env.sb [SCB_PASS] sel=2, d=0, y=0
# # KERNEL: UVM_INFO /home/runner/scoreboard.sv(28) @ 1795: uvm_test_top.env.sb [SCB_PASS] sel=2, d=0, y=0
# # KERNEL: UVM_INFO /home/runner/monitor.sv(33) @ 1815: uvm_test_top.env.agent.mon [MON] Sampled data from Interface
# # KERNEL: UVM_INFO /home/runner/scoreboard.sv(28) @ 1815: uvm_test_top.env.sb [SCB_PASS] sel=3, d=aaaaaaaa, y=aaaaaaaa
# # KERNEL: UVM_INFO /home/runner/scoreboard.sv(28) @ 1815: uvm_test_top.env.sb [SCB_PASS] sel=3, d=0, y=0
# # KERNEL: UVM_INFO /home/runner/scoreboard.sv(28) @ 1815: uvm_test_top.env.sb [SCB_PASS] sel=3, d=0, y=0
# # KERNEL: UVM_INFO /home/runner/scoreboard.sv(28) @ 1815: uvm_test_top.env.sb [SCB_PASS] sel=3, d=0, y=0
# # KERNEL: UVM_INFO /home/runner/monitor.sv(33) @ 1835: uvm_test_top.env.agent.mon [MON] Sampled data from Interface
# # KERNEL: UVM_INFO /home/runner/scoreboard.sv(28) @ 1835: uvm_test_top.env.sb [SCB_PASS] sel=1, d=0, y=0
# # KERNEL: UVM_INFO /home/runner/scoreboard.sv(28) @ 1835: uvm_test_top.env.sb [SCB_PASS] sel=1, d=0, y=0
# # KERNEL: UVM_INFO /home/runner/scoreboard.sv(28) @ 1835: uvm_test_top.env.sb [SCB_PASS] sel=1, d=aaaaaaaa, y=aaaaaaaa
# # KERNEL: UVM_INFO /home/runner/scoreboard.sv(28) @ 1835: uvm_test_top.env.sb [SCB_PASS] sel=1, d=0, y=0
# # KERNEL: UVM_INFO /home/runner/monitor.sv(33) @ 1855: uvm_test_top.env.agent.mon [MON] Sampled data from Interface
# # KERNEL: UVM_INFO /home/runner/scoreboard.sv(28) @ 1855: uvm_test_top.env.sb [SCB_PASS] sel=2, d=0, y=0
# # KERNEL: UVM_INFO /home/runner/scoreboard.sv(28) @ 1855: uvm_test_top.env.sb [SCB_PASS] sel=2, d=aaaaaaaa, y=aaaaaaaa
# # KERNEL: UVM_INFO /home/runner/scoreboard.sv(28) @ 1855: uvm_test_top.env.sb [SCB_PASS] sel=2, d=0, y=0
# # KERNEL: UVM_INFO /home/runner/scoreboard.sv(28) @ 1855: uvm_test_top.env.sb [SCB_PASS] sel=2, d=0, y=0
# # KERNEL: UVM_INFO /home/runner/monitor.sv(33) @ 1875: uvm_test_top.env.agent.mon [MON] Sampled data from Interface
# # KERNEL: UVM_INFO /home/runner/scoreboard.sv(28) @ 1875: uvm_test_top.env.sb [SCB_PASS] sel=0, d=0, y=0
# # KERNEL: UVM_INFO /home/runner/scoreboard.sv(28) @ 1875: uvm_test_top.env.sb [SCB_PASS] sel=0, d=0, y=0
# # KERNEL: UVM_INFO /home/runner/scoreboard.sv(28) @ 1875: uvm_test_top.env.sb [SCB_PASS] sel=0, d=0, y=0
# # KERNEL: UVM_INFO /home/runner/scoreboard.sv(28) @ 1875: uvm_test_top.env.sb [SCB_PASS] sel=0, d=aaaaaaaa, y=aaaaaaaa
# # KERNEL: UVM_INFO /home/runner/monitor.sv(33) @ 1895: uvm_test_top.env.agent.mon [MON] Sampled data from Interface
# # KERNEL: UVM_INFO /home/runner/scoreboard.sv(28) @ 1895: uvm_test_top.env.sb [SCB_PASS] sel=1, d=0, y=0
# # KERNEL: UVM_INFO /home/runner/scoreboard.sv(28) @ 1895: uvm_test_top.env.sb [SCB_PASS] sel=1, d=0, y=0
# # KERNEL: UVM_INFO /home/runner/scoreboard.sv(28) @ 1895: uvm_test_top.env.sb [SCB_PASS] sel=1, d=aaaaaaaa, y=aaaaaaaa
# # KERNEL: UVM_INFO /home/runner/scoreboard.sv(28) @ 1895: uvm_test_top.env.sb [SCB_PASS] sel=1, d=0, y=0
# # KERNEL: UVM_INFO /home/runner/monitor.sv(33) @ 1915: uvm_test_top.env.agent.mon [MON] Sampled data from Interface
# # KERNEL: UVM_INFO /home/runner/scoreboard.sv(28) @ 1915: uvm_test_top.env.sb [SCB_PASS] sel=3, d=aaaaaaaa, y=aaaaaaaa
# # KERNEL: UVM_INFO /home/runner/scoreboard.sv(28) @ 1915: uvm_test_top.env.sb [SCB_PASS] sel=3, d=0, y=0
# # KERNEL: UVM_INFO /home/runner/scoreboard.sv(28) @ 1915: uvm_test_top.env.sb [SCB_PASS] sel=3, d=0, y=0
# # KERNEL: UVM_INFO /home/runner/scoreboard.sv(28) @ 1915: uvm_test_top.env.sb [SCB_PASS] sel=3, d=0, y=0
# # KERNEL: UVM_INFO /home/runner/monitor.sv(33) @ 1935: uvm_test_top.env.agent.mon [MON] Sampled data from Interface
# # KERNEL: UVM_INFO /home/runner/scoreboard.sv(28) @ 1935: uvm_test_top.env.sb [SCB_PASS] sel=0, d=0, y=0
# # KERNEL: UVM_INFO /home/runner/scoreboard.sv(28) @ 1935: uvm_test_top.env.sb [SCB_PASS] sel=0, d=0, y=0
# # KERNEL: UVM_INFO /home/runner/scoreboard.sv(28) @ 1935: uvm_test_top.env.sb [SCB_PASS] sel=0, d=0, y=0
# # KERNEL: UVM_INFO /home/runner/scoreboard.sv(28) @ 1935: uvm_test_top.env.sb [SCB_PASS] sel=0, d=aaaaaaaa, y=aaaaaaaa
# # KERNEL: UVM_INFO /home/runner/monitor.sv(33) @ 1955: uvm_test_top.env.agent.mon [MON] Sampled data from Interface
# # KERNEL: UVM_INFO /home/runner/scoreboard.sv(28) @ 1955: uvm_test_top.env.sb [SCB_PASS] sel=2, d=0, y=0
# # KERNEL: UVM_INFO /home/runner/scoreboard.sv(28) @ 1955: uvm_test_top.env.sb [SCB_PASS] sel=2, d=aaaaaaaa, y=aaaaaaaa
# # KERNEL: UVM_INFO /home/runner/scoreboard.sv(28) @ 1955: uvm_test_top.env.sb [SCB_PASS] sel=2, d=0, y=0
# # KERNEL: UVM_INFO /home/runner/scoreboard.sv(28) @ 1955: uvm_test_top.env.sb [SCB_PASS] sel=2, d=0, y=0
# # KERNEL: UVM_INFO /home/runner/monitor.sv(33) @ 1975: uvm_test_top.env.agent.mon [MON] Sampled data from Interface
# # KERNEL: UVM_INFO /home/runner/scoreboard.sv(28) @ 1975: uvm_test_top.env.sb [SCB_PASS] sel=3, d=aaaaaaaa, y=aaaaaaaa
# # KERNEL: UVM_INFO /home/runner/scoreboard.sv(28) @ 1975: uvm_test_top.env.sb [SCB_PASS] sel=3, d=0, y=0
# # KERNEL: UVM_INFO /home/runner/scoreboard.sv(28) @ 1975: uvm_test_top.env.sb [SCB_PASS] sel=3, d=0, y=0
# # KERNEL: UVM_INFO /home/runner/scoreboard.sv(28) @ 1975: uvm_test_top.env.sb [SCB_PASS] sel=3, d=0, y=0
# # KERNEL: UVM_INFO /home/runner/monitor.sv(33) @ 1995: uvm_test_top.env.agent.mon [MON] Sampled data from Interface
# # KERNEL: UVM_INFO /home/runner/scoreboard.sv(28) @ 1995: uvm_test_top.env.sb [SCB_PASS] sel=1, d=0, y=0
# # KERNEL: UVM_INFO /home/runner/scoreboard.sv(28) @ 1995: uvm_test_top.env.sb [SCB_PASS] sel=1, d=0, y=0
# # KERNEL: UVM_INFO /home/runner/scoreboard.sv(28) @ 1995: uvm_test_top.env.sb [SCB_PASS] sel=1, d=aaaaaaaa, y=aaaaaaaa
# # KERNEL: UVM_INFO /home/runner/scoreboard.sv(28) @ 1995: uvm_test_top.env.sb [SCB_PASS] sel=1, d=0, y=0
# # KERNEL: UVM_INFO /home/runner/monitor.sv(33) @ 2015: uvm_test_top.env.agent.mon [MON] Sampled data from Interface
# # KERNEL: UVM_INFO /home/runner/scoreboard.sv(28) @ 2015: uvm_test_top.env.sb [SCB_PASS] sel=2, d=0, y=0
# # KERNEL: UVM_INFO /home/runner/scoreboard.sv(28) @ 2015: uvm_test_top.env.sb [SCB_PASS] sel=2, d=aaaaaaaa, y=aaaaaaaa
# # KERNEL: UVM_INFO /home/runner/scoreboard.sv(28) @ 2015: uvm_test_top.env.sb [SCB_PASS] sel=2, d=0, y=0
# # KERNEL: UVM_INFO /home/runner/scoreboard.sv(28) @ 2015: uvm_test_top.env.sb [SCB_PASS] sel=2, d=0, y=0
# # KERNEL: UVM_INFO /home/runner/monitor.sv(33) @ 2035: uvm_test_top.env.agent.mon [MON] Sampled data from Interface
# # KERNEL: UVM_INFO /home/runner/scoreboard.sv(28) @ 2035: uvm_test_top.env.sb [SCB_PASS] sel=0, d=0, y=0
# # KERNEL: UVM_INFO /home/runner/scoreboard.sv(28) @ 2035: uvm_test_top.env.sb [SCB_PASS] sel=0, d=0, y=0
# # KERNEL: UVM_INFO /home/runner/scoreboard.sv(28) @ 2035: uvm_test_top.env.sb [SCB_PASS] sel=0, d=0, y=0
# # KERNEL: UVM_INFO /home/runner/scoreboard.sv(28) @ 2035: uvm_test_top.env.sb [SCB_PASS] sel=0, d=1, y=1
# # KERNEL: UVM_INFO /home/runner/monitor.sv(33) @ 2055: uvm_test_top.env.agent.mon [MON] Sampled data from Interface
# # KERNEL: UVM_INFO /home/runner/scoreboard.sv(28) @ 2055: uvm_test_top.env.sb [SCB_PASS] sel=1, d=0, y=0
# # KERNEL: UVM_INFO /home/runner/scoreboard.sv(28) @ 2055: uvm_test_top.env.sb [SCB_PASS] sel=1, d=0, y=0
# # KERNEL: UVM_INFO /home/runner/scoreboard.sv(28) @ 2055: uvm_test_top.env.sb [SCB_PASS] sel=1, d=1, y=1
# # KERNEL: UVM_INFO /home/runner/scoreboard.sv(28) @ 2055: uvm_test_top.env.sb [SCB_PASS] sel=1, d=0, y=0
# # KERNEL: UVM_INFO /home/runner/monitor.sv(33) @ 2075: uvm_test_top.env.agent.mon [MON] Sampled data from Interface
# # KERNEL: UVM_INFO /home/runner/scoreboard.sv(28) @ 2075: uvm_test_top.env.sb [SCB_PASS] sel=3, d=1, y=1
# # KERNEL: UVM_INFO /home/runner/scoreboard.sv(28) @ 2075: uvm_test_top.env.sb [SCB_PASS] sel=3, d=0, y=0
# # KERNEL: UVM_INFO /home/runner/scoreboard.sv(28) @ 2075: uvm_test_top.env.sb [SCB_PASS] sel=3, d=0, y=0
# # KERNEL: UVM_INFO /home/runner/scoreboard.sv(28) @ 2075: uvm_test_top.env.sb [SCB_PASS] sel=3, d=0, y=0
# # KERNEL: UVM_INFO /home/runner/monitor.sv(33) @ 2095: uvm_test_top.env.agent.mon [MON] Sampled data from Interface
# # KERNEL: UVM_INFO /home/runner/scoreboard.sv(28) @ 2095: uvm_test_top.env.sb [SCB_PASS] sel=0, d=0, y=0
# # KERNEL: UVM_INFO /home/runner/scoreboard.sv(28) @ 2095: uvm_test_top.env.sb [SCB_PASS] sel=0, d=0, y=0
# # KERNEL: UVM_INFO /home/runner/scoreboard.sv(28) @ 2095: uvm_test_top.env.sb [SCB_PASS] sel=0, d=0, y=0
# # KERNEL: UVM_INFO /home/runner/scoreboard.sv(28) @ 2095: uvm_test_top.env.sb [SCB_PASS] sel=0, d=1, y=1
# # KERNEL: UVM_INFO /home/runner/monitor.sv(33) @ 2115: uvm_test_top.env.agent.mon [MON] Sampled data from Interface
# # KERNEL: UVM_INFO /home/runner/scoreboard.sv(28) @ 2115: uvm_test_top.env.sb [SCB_PASS] sel=2, d=0, y=0
# # KERNEL: UVM_INFO /home/runner/scoreboard.sv(28) @ 2115: uvm_test_top.env.sb [SCB_PASS] sel=2, d=1, y=1
# # KERNEL: UVM_INFO /home/runner/scoreboard.sv(28) @ 2115: uvm_test_top.env.sb [SCB_PASS] sel=2, d=0, y=0
# # KERNEL: UVM_INFO /home/runner/scoreboard.sv(28) @ 2115: uvm_test_top.env.sb [SCB_PASS] sel=2, d=0, y=0
# # KERNEL: UVM_INFO /home/runner/monitor.sv(33) @ 2135: uvm_test_top.env.agent.mon [MON] Sampled data from Interface
# # KERNEL: UVM_INFO /home/runner/scoreboard.sv(28) @ 2135: uvm_test_top.env.sb [SCB_PASS] sel=3, d=1, y=1
# # KERNEL: UVM_INFO /home/runner/scoreboard.sv(28) @ 2135: uvm_test_top.env.sb [SCB_PASS] sel=3, d=0, y=0
# # KERNEL: UVM_INFO /home/runner/scoreboard.sv(28) @ 2135: uvm_test_top.env.sb [SCB_PASS] sel=3, d=0, y=0
# # KERNEL: UVM_INFO /home/runner/scoreboard.sv(28) @ 2135: uvm_test_top.env.sb [SCB_PASS] sel=3, d=0, y=0
# # KERNEL: UVM_INFO /home/runner/monitor.sv(33) @ 2155: uvm_test_top.env.agent.mon [MON] Sampled data from Interface
# # KERNEL: UVM_INFO /home/runner/scoreboard.sv(28) @ 2155: uvm_test_top.env.sb [SCB_PASS] sel=1, d=0, y=0
# # KERNEL: UVM_INFO /home/runner/scoreboard.sv(28) @ 2155: uvm_test_top.env.sb [SCB_PASS] sel=1, d=0, y=0
# # KERNEL: UVM_INFO /home/runner/scoreboard.sv(28) @ 2155: uvm_test_top.env.sb [SCB_PASS] sel=1, d=1, y=1
# # KERNEL: UVM_INFO /home/runner/scoreboard.sv(28) @ 2155: uvm_test_top.env.sb [SCB_PASS] sel=1, d=0, y=0
# # KERNEL: UVM_INFO /home/runner/monitor.sv(33) @ 2175: uvm_test_top.env.agent.mon [MON] Sampled data from Interface
# # KERNEL: UVM_INFO /home/runner/scoreboard.sv(28) @ 2175: uvm_test_top.env.sb [SCB_PASS] sel=2, d=0, y=0
# # KERNEL: UVM_INFO /home/runner/scoreboard.sv(28) @ 2175: uvm_test_top.env.sb [SCB_PASS] sel=2, d=1, y=1
# # KERNEL: UVM_INFO /home/runner/scoreboard.sv(28) @ 2175: uvm_test_top.env.sb [SCB_PASS] sel=2, d=0, y=0
# # KERNEL: UVM_INFO /home/runner/scoreboard.sv(28) @ 2175: uvm_test_top.env.sb [SCB_PASS] sel=2, d=0, y=0
# # KERNEL: UVM_INFO /home/runner/monitor.sv(33) @ 2195: uvm_test_top.env.agent.mon [MON] Sampled data from Interface
# # KERNEL: UVM_INFO /home/runner/scoreboard.sv(28) @ 2195: uvm_test_top.env.sb [SCB_PASS] sel=0, d=0, y=0
# # KERNEL: UVM_INFO /home/runner/scoreboard.sv(28) @ 2195: uvm_test_top.env.sb [SCB_PASS] sel=0, d=0, y=0
# # KERNEL: UVM_INFO /home/runner/scoreboard.sv(28) @ 2195: uvm_test_top.env.sb [SCB_PASS] sel=0, d=0, y=0
# # KERNEL: UVM_INFO /home/runner/scoreboard.sv(28) @ 2195: uvm_test_top.env.sb [SCB_PASS] sel=0, d=1, y=1
# # KERNEL: UVM_INFO /home/runner/monitor.sv(33) @ 2215: uvm_test_top.env.agent.mon [MON] Sampled data from Interface
# # KERNEL: UVM_INFO /home/runner/scoreboard.sv(28) @ 2215: uvm_test_top.env.sb [SCB_PASS] sel=1, d=0, y=0
# # KERNEL: UVM_INFO /home/runner/scoreboard.sv(28) @ 2215: uvm_test_top.env.sb [SCB_PASS] sel=1, d=0, y=0
# # KERNEL: UVM_INFO /home/runner/scoreboard.sv(28) @ 2215: uvm_test_top.env.sb [SCB_PASS] sel=1, d=1, y=1
# # KERNEL: UVM_INFO /home/runner/scoreboard.sv(28) @ 2215: uvm_test_top.env.sb [SCB_PASS] sel=1, d=0, y=0
# # KERNEL: UVM_INFO /home/runner/monitor.sv(33) @ 2235: uvm_test_top.env.agent.mon [MON] Sampled data from Interface
# # KERNEL: UVM_INFO /home/runner/scoreboard.sv(28) @ 2235: uvm_test_top.env.sb [SCB_PASS] sel=3, d=1, y=1
# # KERNEL: UVM_INFO /home/runner/scoreboard.sv(28) @ 2235: uvm_test_top.env.sb [SCB_PASS] sel=3, d=0, y=0
# # KERNEL: UVM_INFO /home/runner/scoreboard.sv(28) @ 2235: uvm_test_top.env.sb [SCB_PASS] sel=3, d=0, y=0
# # KERNEL: UVM_INFO /home/runner/scoreboard.sv(28) @ 2235: uvm_test_top.env.sb [SCB_PASS] sel=3, d=0, y=0
# # KERNEL: UVM_INFO /home/runner/monitor.sv(33) @ 2255: uvm_test_top.env.agent.mon [MON] Sampled data from Interface
# # KERNEL: UVM_INFO /home/runner/scoreboard.sv(28) @ 2255: uvm_test_top.env.sb [SCB_PASS] sel=0, d=0, y=0
# # KERNEL: UVM_INFO /home/runner/scoreboard.sv(28) @ 2255: uvm_test_top.env.sb [SCB_PASS] sel=0, d=0, y=0
# # KERNEL: UVM_INFO /home/runner/scoreboard.sv(28) @ 2255: uvm_test_top.env.sb [SCB_PASS] sel=0, d=0, y=0
# # KERNEL: UVM_INFO /home/runner/scoreboard.sv(28) @ 2255: uvm_test_top.env.sb [SCB_PASS] sel=0, d=1, y=1
# # KERNEL: UVM_INFO /home/runner/monitor.sv(33) @ 2275: uvm_test_top.env.agent.mon [MON] Sampled data from Interface
# # KERNEL: UVM_INFO /home/runner/scoreboard.sv(28) @ 2275: uvm_test_top.env.sb [SCB_PASS] sel=2, d=0, y=0
# # KERNEL: UVM_INFO /home/runner/scoreboard.sv(28) @ 2275: uvm_test_top.env.sb [SCB_PASS] sel=2, d=1, y=1
# # KERNEL: UVM_INFO /home/runner/scoreboard.sv(28) @ 2275: uvm_test_top.env.sb [SCB_PASS] sel=2, d=0, y=0
# # KERNEL: UVM_INFO /home/runner/scoreboard.sv(28) @ 2275: uvm_test_top.env.sb [SCB_PASS] sel=2, d=0, y=0
# # KERNEL: UVM_INFO /home/runner/monitor.sv(33) @ 2295: uvm_test_top.env.agent.mon [MON] Sampled data from Interface
# # KERNEL: UVM_INFO /home/runner/scoreboard.sv(28) @ 2295: uvm_test_top.env.sb [SCB_PASS] sel=3, d=1, y=1
# # KERNEL: UVM_INFO /home/runner/scoreboard.sv(28) @ 2295: uvm_test_top.env.sb [SCB_PASS] sel=3, d=0, y=0
# # KERNEL: UVM_INFO /home/runner/scoreboard.sv(28) @ 2295: uvm_test_top.env.sb [SCB_PASS] sel=3, d=0, y=0
# # KERNEL: UVM_INFO /home/runner/scoreboard.sv(28) @ 2295: uvm_test_top.env.sb [SCB_PASS] sel=3, d=0, y=0
# # KERNEL: UVM_INFO /home/runner/monitor.sv(33) @ 2315: uvm_test_top.env.agent.mon [MON] Sampled data from Interface
# # KERNEL: UVM_INFO /home/runner/scoreboard.sv(28) @ 2315: uvm_test_top.env.sb [SCB_PASS] sel=1, d=0, y=0
# # KERNEL: UVM_INFO /home/runner/scoreboard.sv(28) @ 2315: uvm_test_top.env.sb [SCB_PASS] sel=1, d=0, y=0
# # KERNEL: UVM_INFO /home/runner/scoreboard.sv(28) @ 2315: uvm_test_top.env.sb [SCB_PASS] sel=1, d=1, y=1
# # KERNEL: UVM_INFO /home/runner/scoreboard.sv(28) @ 2315: uvm_test_top.env.sb [SCB_PASS] sel=1, d=0, y=0
# # KERNEL: UVM_INFO /home/runner/monitor.sv(33) @ 2335: uvm_test_top.env.agent.mon [MON] Sampled data from Interface
# # KERNEL: UVM_INFO /home/runner/scoreboard.sv(28) @ 2335: uvm_test_top.env.sb [SCB_PASS] sel=2, d=0, y=0
# # KERNEL: UVM_INFO /home/runner/scoreboard.sv(28) @ 2335: uvm_test_top.env.sb [SCB_PASS] sel=2, d=1, y=1
# # KERNEL: UVM_INFO /home/runner/scoreboard.sv(28) @ 2335: uvm_test_top.env.sb [SCB_PASS] sel=2, d=0, y=0
# # KERNEL: UVM_INFO /home/runner/scoreboard.sv(28) @ 2335: uvm_test_top.env.sb [SCB_PASS] sel=2, d=0, y=0
# # KERNEL: UVM_INFO /home/runner/monitor.sv(33) @ 2355: uvm_test_top.env.agent.mon [MON] Sampled data from Interface
# # KERNEL: UVM_INFO /home/runner/scoreboard.sv(28) @ 2355: uvm_test_top.env.sb [SCB_PASS] sel=0, d=0, y=0
# # KERNEL: UVM_INFO /home/runner/scoreboard.sv(28) @ 2355: uvm_test_top.env.sb [SCB_PASS] sel=0, d=0, y=0
# # KERNEL: UVM_INFO /home/runner/scoreboard.sv(28) @ 2355: uvm_test_top.env.sb [SCB_PASS] sel=0, d=0, y=0
# # KERNEL: UVM_INFO /home/runner/scoreboard.sv(28) @ 2355: uvm_test_top.env.sb [SCB_PASS] sel=0, d=1, y=1
# # KERNEL: UVM_INFO /home/runner/monitor.sv(33) @ 2375: uvm_test_top.env.agent.mon [MON] Sampled data from Interface
# # KERNEL: UVM_INFO /home/runner/scoreboard.sv(28) @ 2375: uvm_test_top.env.sb [SCB_PASS] sel=1, d=0, y=0
# # KERNEL: UVM_INFO /home/runner/scoreboard.sv(28) @ 2375: uvm_test_top.env.sb [SCB_PASS] sel=1, d=0, y=0
# # KERNEL: UVM_INFO /home/runner/scoreboard.sv(28) @ 2375: uvm_test_top.env.sb [SCB_PASS] sel=1, d=1, y=1
# # KERNEL: UVM_INFO /home/runner/scoreboard.sv(28) @ 2375: uvm_test_top.env.sb [SCB_PASS] sel=1, d=0, y=0
# # KERNEL: UVM_INFO /home/runner/monitor.sv(33) @ 2395: uvm_test_top.env.agent.mon [MON] Sampled data from Interface
# # KERNEL: UVM_INFO /home/runner/scoreboard.sv(28) @ 2395: uvm_test_top.env.sb [SCB_PASS] sel=3, d=1, y=1
# # KERNEL: UVM_INFO /home/runner/scoreboard.sv(28) @ 2395: uvm_test_top.env.sb [SCB_PASS] sel=3, d=0, y=0
# # KERNEL: UVM_INFO /home/runner/scoreboard.sv(28) @ 2395: uvm_test_top.env.sb [SCB_PASS] sel=3, d=0, y=0
# # KERNEL: UVM_INFO /home/runner/scoreboard.sv(28) @ 2395: uvm_test_top.env.sb [SCB_PASS] sel=3, d=0, y=0
# # KERNEL: UVM_INFO /home/runner/monitor.sv(33) @ 2415: uvm_test_top.env.agent.mon [MON] Sampled data from Interface
# # KERNEL: UVM_INFO /home/runner/scoreboard.sv(28) @ 2415: uvm_test_top.env.sb [SCB_PASS] sel=0, d=0, y=0
# # KERNEL: UVM_INFO /home/runner/scoreboard.sv(28) @ 2415: uvm_test_top.env.sb [SCB_PASS] sel=0, d=0, y=0
# # KERNEL: UVM_INFO /home/runner/scoreboard.sv(28) @ 2415: uvm_test_top.env.sb [SCB_PASS] sel=0, d=0, y=0
# # KERNEL: UVM_INFO /home/runner/scoreboard.sv(28) @ 2415: uvm_test_top.env.sb [SCB_PASS] sel=0, d=1, y=1
# # KERNEL: UVM_INFO /home/runner/monitor.sv(33) @ 2435: uvm_test_top.env.agent.mon [MON] Sampled data from Interface
# # KERNEL: UVM_INFO /home/runner/scoreboard.sv(28) @ 2435: uvm_test_top.env.sb [SCB_PASS] sel=2, d=0, y=0
# # KERNEL: UVM_INFO /home/runner/scoreboard.sv(28) @ 2435: uvm_test_top.env.sb [SCB_PASS] sel=2, d=1, y=1
# # KERNEL: UVM_INFO /home/runner/scoreboard.sv(28) @ 2435: uvm_test_top.env.sb [SCB_PASS] sel=2, d=0, y=0
# # KERNEL: UVM_INFO /home/runner/scoreboard.sv(28) @ 2435: uvm_test_top.env.sb [SCB_PASS] sel=2, d=0, y=0
# # KERNEL: UVM_INFO /home/runner/monitor.sv(33) @ 2455: uvm_test_top.env.agent.mon [MON] Sampled data from Interface
# # KERNEL: UVM_INFO /home/runner/scoreboard.sv(28) @ 2455: uvm_test_top.env.sb [SCB_PASS] sel=3, d=1, y=1
# # KERNEL: UVM_INFO /home/runner/scoreboard.sv(28) @ 2455: uvm_test_top.env.sb [SCB_PASS] sel=3, d=0, y=0
# # KERNEL: UVM_INFO /home/runner/scoreboard.sv(28) @ 2455: uvm_test_top.env.sb [SCB_PASS] sel=3, d=0, y=0
# # KERNEL: UVM_INFO /home/runner/scoreboard.sv(28) @ 2455: uvm_test_top.env.sb [SCB_PASS] sel=3, d=0, y=0
# # KERNEL: UVM_INFO /home/runner/monitor.sv(33) @ 2475: uvm_test_top.env.agent.mon [MON] Sampled data from Interface
# # KERNEL: UVM_INFO /home/runner/scoreboard.sv(28) @ 2475: uvm_test_top.env.sb [SCB_PASS] sel=1, d=0, y=0
# # KERNEL: UVM_INFO /home/runner/scoreboard.sv(28) @ 2475: uvm_test_top.env.sb [SCB_PASS] sel=1, d=0, y=0
# # KERNEL: UVM_INFO /home/runner/scoreboard.sv(28) @ 2475: uvm_test_top.env.sb [SCB_PASS] sel=1, d=1, y=1
# # KERNEL: UVM_INFO /home/runner/scoreboard.sv(28) @ 2475: uvm_test_top.env.sb [SCB_PASS] sel=1, d=0, y=0
# # KERNEL: UVM_INFO /home/runner/monitor.sv(33) @ 2495: uvm_test_top.env.agent.mon [MON] Sampled data from Interface
# # KERNEL: UVM_INFO /home/runner/scoreboard.sv(28) @ 2495: uvm_test_top.env.sb [SCB_PASS] sel=2, d=0, y=0
# # KERNEL: UVM_INFO /home/runner/scoreboard.sv(28) @ 2495: uvm_test_top.env.sb [SCB_PASS] sel=2, d=1, y=1
# # KERNEL: UVM_INFO /home/runner/scoreboard.sv(28) @ 2495: uvm_test_top.env.sb [SCB_PASS] sel=2, d=0, y=0
# # KERNEL: UVM_INFO /home/runner/scoreboard.sv(28) @ 2495: uvm_test_top.env.sb [SCB_PASS] sel=2, d=0, y=0
# # KERNEL: UVM_INFO /home/runner/monitor.sv(33) @ 2515: uvm_test_top.env.agent.mon [MON] Sampled data from Interface
# # KERNEL: UVM_INFO /home/runner/scoreboard.sv(28) @ 2515: uvm_test_top.env.sb [SCB_PASS] sel=0, d=0, y=0
# # KERNEL: UVM_INFO /home/runner/scoreboard.sv(28) @ 2515: uvm_test_top.env.sb [SCB_PASS] sel=0, d=0, y=0
# # KERNEL: UVM_INFO /home/runner/scoreboard.sv(28) @ 2515: uvm_test_top.env.sb [SCB_PASS] sel=0, d=0, y=0
# # KERNEL: UVM_INFO /home/runner/scoreboard.sv(28) @ 2515: uvm_test_top.env.sb [SCB_PASS] sel=0, d=1, y=1
# # KERNEL: UVM_INFO /home/runner/monitor.sv(33) @ 2535: uvm_test_top.env.agent.mon [MON] Sampled data from Interface
# # KERNEL: UVM_INFO /home/runner/scoreboard.sv(28) @ 2535: uvm_test_top.env.sb [SCB_PASS] sel=1, d=0, y=0
# # KERNEL: UVM_INFO /home/runner/scoreboard.sv(28) @ 2535: uvm_test_top.env.sb [SCB_PASS] sel=1, d=0, y=0
# # KERNEL: UVM_INFO /home/runner/scoreboard.sv(28) @ 2535: uvm_test_top.env.sb [SCB_PASS] sel=1, d=2, y=2
# # KERNEL: UVM_INFO /home/runner/scoreboard.sv(28) @ 2535: uvm_test_top.env.sb [SCB_PASS] sel=1, d=0, y=0
# # KERNEL: UVM_INFO /home/runner/monitor.sv(33) @ 2555: uvm_test_top.env.agent.mon [MON] Sampled data from Interface
# # KERNEL: UVM_INFO /home/runner/scoreboard.sv(28) @ 2555: uvm_test_top.env.sb [SCB_PASS] sel=3, d=2, y=2
# # KERNEL: UVM_INFO /home/runner/scoreboard.sv(28) @ 2555: uvm_test_top.env.sb [SCB_PASS] sel=3, d=0, y=0
# # KERNEL: UVM_INFO /home/runner/scoreboard.sv(28) @ 2555: uvm_test_top.env.sb [SCB_PASS] sel=3, d=0, y=0
# # KERNEL: UVM_INFO /home/runner/scoreboard.sv(28) @ 2555: uvm_test_top.env.sb [SCB_PASS] sel=3, d=0, y=0
# # KERNEL: UVM_INFO /home/runner/monitor.sv(33) @ 2575: uvm_test_top.env.agent.mon [MON] Sampled data from Interface
# # KERNEL: UVM_INFO /home/runner/scoreboard.sv(28) @ 2575: uvm_test_top.env.sb [SCB_PASS] sel=0, d=0, y=0
# # KERNEL: UVM_INFO /home/runner/scoreboard.sv(28) @ 2575: uvm_test_top.env.sb [SCB_PASS] sel=0, d=0, y=0
# # KERNEL: UVM_INFO /home/runner/scoreboard.sv(28) @ 2575: uvm_test_top.env.sb [SCB_PASS] sel=0, d=0, y=0
# # KERNEL: UVM_INFO /home/runner/scoreboard.sv(28) @ 2575: uvm_test_top.env.sb [SCB_PASS] sel=0, d=2, y=2
# # KERNEL: UVM_INFO /home/runner/monitor.sv(33) @ 2595: uvm_test_top.env.agent.mon [MON] Sampled data from Interface
# # KERNEL: UVM_INFO /home/runner/scoreboard.sv(28) @ 2595: uvm_test_top.env.sb [SCB_PASS] sel=2, d=0, y=0
# # KERNEL: UVM_INFO /home/runner/scoreboard.sv(28) @ 2595: uvm_test_top.env.sb [SCB_PASS] sel=2, d=2, y=2
# # KERNEL: UVM_INFO /home/runner/scoreboard.sv(28) @ 2595: uvm_test_top.env.sb [SCB_PASS] sel=2, d=0, y=0
# # KERNEL: UVM_INFO /home/runner/scoreboard.sv(28) @ 2595: uvm_test_top.env.sb [SCB_PASS] sel=2, d=0, y=0
# # KERNEL: UVM_INFO /home/runner/monitor.sv(33) @ 2615: uvm_test_top.env.agent.mon [MON] Sampled data from Interface
# # KERNEL: UVM_INFO /home/runner/scoreboard.sv(28) @ 2615: uvm_test_top.env.sb [SCB_PASS] sel=3, d=2, y=2
# # KERNEL: UVM_INFO /home/runner/scoreboard.sv(28) @ 2615: uvm_test_top.env.sb [SCB_PASS] sel=3, d=0, y=0
# # KERNEL: UVM_INFO /home/runner/scoreboard.sv(28) @ 2615: uvm_test_top.env.sb [SCB_PASS] sel=3, d=0, y=0
# # KERNEL: UVM_INFO /home/runner/scoreboard.sv(28) @ 2615: uvm_test_top.env.sb [SCB_PASS] sel=3, d=0, y=0
# # KERNEL: UVM_INFO /home/runner/monitor.sv(33) @ 2635: uvm_test_top.env.agent.mon [MON] Sampled data from Interface
# # KERNEL: UVM_INFO /home/runner/scoreboard.sv(28) @ 2635: uvm_test_top.env.sb [SCB_PASS] sel=1, d=0, y=0
# # KERNEL: UVM_INFO /home/runner/scoreboard.sv(28) @ 2635: uvm_test_top.env.sb [SCB_PASS] sel=1, d=0, y=0
# # KERNEL: UVM_INFO /home/runner/scoreboard.sv(28) @ 2635: uvm_test_top.env.sb [SCB_PASS] sel=1, d=2, y=2
# # KERNEL: UVM_INFO /home/runner/scoreboard.sv(28) @ 2635: uvm_test_top.env.sb [SCB_PASS] sel=1, d=0, y=0
# # KERNEL: UVM_INFO /home/runner/monitor.sv(33) @ 2655: uvm_test_top.env.agent.mon [MON] Sampled data from Interface
# # KERNEL: UVM_INFO /home/runner/scoreboard.sv(28) @ 2655: uvm_test_top.env.sb [SCB_PASS] sel=2, d=0, y=0
# # KERNEL: UVM_INFO /home/runner/scoreboard.sv(28) @ 2655: uvm_test_top.env.sb [SCB_PASS] sel=2, d=2, y=2
# # KERNEL: UVM_INFO /home/runner/scoreboard.sv(28) @ 2655: uvm_test_top.env.sb [SCB_PASS] sel=2, d=0, y=0
# # KERNEL: UVM_INFO /home/runner/scoreboard.sv(28) @ 2655: uvm_test_top.env.sb [SCB_PASS] sel=2, d=0, y=0
# # KERNEL: UVM_INFO /home/runner/monitor.sv(33) @ 2675: uvm_test_top.env.agent.mon [MON] Sampled data from Interface
# # KERNEL: UVM_INFO /home/runner/scoreboard.sv(28) @ 2675: uvm_test_top.env.sb [SCB_PASS] sel=0, d=0, y=0
# # KERNEL: UVM_INFO /home/runner/scoreboard.sv(28) @ 2675: uvm_test_top.env.sb [SCB_PASS] sel=0, d=0, y=0
# # KERNEL: UVM_INFO /home/runner/scoreboard.sv(28) @ 2675: uvm_test_top.env.sb [SCB_PASS] sel=0, d=0, y=0
# # KERNEL: UVM_INFO /home/runner/scoreboard.sv(28) @ 2675: uvm_test_top.env.sb [SCB_PASS] sel=0, d=2, y=2
# # KERNEL: UVM_INFO /home/runner/monitor.sv(33) @ 2695: uvm_test_top.env.agent.mon [MON] Sampled data from Interface
# # KERNEL: UVM_INFO /home/runner/scoreboard.sv(28) @ 2695: uvm_test_top.env.sb [SCB_PASS] sel=1, d=0, y=0
# # KERNEL: UVM_INFO /home/runner/scoreboard.sv(28) @ 2695: uvm_test_top.env.sb [SCB_PASS] sel=1, d=0, y=0
# # KERNEL: UVM_INFO /home/runner/scoreboard.sv(28) @ 2695: uvm_test_top.env.sb [SCB_PASS] sel=1, d=2, y=2
# # KERNEL: UVM_INFO /home/runner/scoreboard.sv(28) @ 2695: uvm_test_top.env.sb [SCB_PASS] sel=1, d=0, y=0
# # KERNEL: UVM_INFO /home/runner/monitor.sv(33) @ 2715: uvm_test_top.env.agent.mon [MON] Sampled data from Interface
# # KERNEL: UVM_INFO /home/runner/scoreboard.sv(28) @ 2715: uvm_test_top.env.sb [SCB_PASS] sel=3, d=2, y=2
# # KERNEL: UVM_INFO /home/runner/scoreboard.sv(28) @ 2715: uvm_test_top.env.sb [SCB_PASS] sel=3, d=0, y=0
# # KERNEL: UVM_INFO /home/runner/scoreboard.sv(28) @ 2715: uvm_test_top.env.sb [SCB_PASS] sel=3, d=0, y=0
# # KERNEL: UVM_INFO /home/runner/scoreboard.sv(28) @ 2715: uvm_test_top.env.sb [SCB_PASS] sel=3, d=0, y=0
# # KERNEL: UVM_INFO /home/runner/monitor.sv(33) @ 2735: uvm_test_top.env.agent.mon [MON] Sampled data from Interface
# # KERNEL: UVM_INFO /home/runner/scoreboard.sv(28) @ 2735: uvm_test_top.env.sb [SCB_PASS] sel=0, d=0, y=0
# # KERNEL: UVM_INFO /home/runner/scoreboard.sv(28) @ 2735: uvm_test_top.env.sb [SCB_PASS] sel=0, d=0, y=0
# # KERNEL: UVM_INFO /home/runner/scoreboard.sv(28) @ 2735: uvm_test_top.env.sb [SCB_PASS] sel=0, d=0, y=0
# # KERNEL: UVM_INFO /home/runner/scoreboard.sv(28) @ 2735: uvm_test_top.env.sb [SCB_PASS] sel=0, d=2, y=2
# # KERNEL: UVM_INFO /home/runner/monitor.sv(33) @ 2755: uvm_test_top.env.agent.mon [MON] Sampled data from Interface
# # KERNEL: UVM_INFO /home/runner/scoreboard.sv(28) @ 2755: uvm_test_top.env.sb [SCB_PASS] sel=2, d=0, y=0
# # KERNEL: UVM_INFO /home/runner/scoreboard.sv(28) @ 2755: uvm_test_top.env.sb [SCB_PASS] sel=2, d=2, y=2
# # KERNEL: UVM_INFO /home/runner/scoreboard.sv(28) @ 2755: uvm_test_top.env.sb [SCB_PASS] sel=2, d=0, y=0
# # KERNEL: UVM_INFO /home/runner/scoreboard.sv(28) @ 2755: uvm_test_top.env.sb [SCB_PASS] sel=2, d=0, y=0
# # KERNEL: UVM_INFO /home/runner/monitor.sv(33) @ 2775: uvm_test_top.env.agent.mon [MON] Sampled data from Interface
# # KERNEL: UVM_INFO /home/runner/scoreboard.sv(28) @ 2775: uvm_test_top.env.sb [SCB_PASS] sel=3, d=2, y=2
# # KERNEL: UVM_INFO /home/runner/scoreboard.sv(28) @ 2775: uvm_test_top.env.sb [SCB_PASS] sel=3, d=0, y=0
# # KERNEL: UVM_INFO /home/runner/scoreboard.sv(28) @ 2775: uvm_test_top.env.sb [SCB_PASS] sel=3, d=0, y=0
# # KERNEL: UVM_INFO /home/runner/scoreboard.sv(28) @ 2775: uvm_test_top.env.sb [SCB_PASS] sel=3, d=0, y=0
# # KERNEL: UVM_INFO /home/runner/monitor.sv(33) @ 2795: uvm_test_top.env.agent.mon [MON] Sampled data from Interface
# # KERNEL: UVM_INFO /home/runner/scoreboard.sv(28) @ 2795: uvm_test_top.env.sb [SCB_PASS] sel=1, d=0, y=0
# # KERNEL: UVM_INFO /home/runner/scoreboard.sv(28) @ 2795: uvm_test_top.env.sb [SCB_PASS] sel=1, d=0, y=0
# # KERNEL: UVM_INFO /home/runner/scoreboard.sv(28) @ 2795: uvm_test_top.env.sb [SCB_PASS] sel=1, d=2, y=2
# # KERNEL: UVM_INFO /home/runner/scoreboard.sv(28) @ 2795: uvm_test_top.env.sb [SCB_PASS] sel=1, d=0, y=0
# # KERNEL: UVM_INFO /home/runner/monitor.sv(33) @ 2815: uvm_test_top.env.agent.mon [MON] Sampled data from Interface
# # KERNEL: UVM_INFO /home/runner/scoreboard.sv(28) @ 2815: uvm_test_top.env.sb [SCB_PASS] sel=2, d=0, y=0
# # KERNEL: UVM_INFO /home/runner/scoreboard.sv(28) @ 2815: uvm_test_top.env.sb [SCB_PASS] sel=2, d=2, y=2
# # KERNEL: UVM_INFO /home/runner/scoreboard.sv(28) @ 2815: uvm_test_top.env.sb [SCB_PASS] sel=2, d=0, y=0
# # KERNEL: UVM_INFO /home/runner/scoreboard.sv(28) @ 2815: uvm_test_top.env.sb [SCB_PASS] sel=2, d=0, y=0
# # KERNEL: UVM_INFO /home/runner/monitor.sv(33) @ 2835: uvm_test_top.env.agent.mon [MON] Sampled data from Interface
# # KERNEL: UVM_INFO /home/runner/scoreboard.sv(28) @ 2835: uvm_test_top.env.sb [SCB_PASS] sel=0, d=0, y=0
# # KERNEL: UVM_INFO /home/runner/scoreboard.sv(28) @ 2835: uvm_test_top.env.sb [SCB_PASS] sel=0, d=0, y=0
# # KERNEL: UVM_INFO /home/runner/scoreboard.sv(28) @ 2835: uvm_test_top.env.sb [SCB_PASS] sel=0, d=0, y=0
# # KERNEL: UVM_INFO /home/runner/scoreboard.sv(28) @ 2835: uvm_test_top.env.sb [SCB_PASS] sel=0, d=2, y=2
# # KERNEL: UVM_INFO /home/runner/monitor.sv(33) @ 2855: uvm_test_top.env.agent.mon [MON] Sampled data from Interface
# # KERNEL: UVM_INFO /home/runner/scoreboard.sv(28) @ 2855: uvm_test_top.env.sb [SCB_PASS] sel=1, d=0, y=0
# # KERNEL: UVM_INFO /home/runner/scoreboard.sv(28) @ 2855: uvm_test_top.env.sb [SCB_PASS] sel=1, d=0, y=0
# # KERNEL: UVM_INFO /home/runner/scoreboard.sv(28) @ 2855: uvm_test_top.env.sb [SCB_PASS] sel=1, d=2, y=2
# # KERNEL: UVM_INFO /home/runner/scoreboard.sv(28) @ 2855: uvm_test_top.env.sb [SCB_PASS] sel=1, d=0, y=0
# # KERNEL: UVM_INFO /home/runner/monitor.sv(33) @ 2875: uvm_test_top.env.agent.mon [MON] Sampled data from Interface
# # KERNEL: UVM_INFO /home/runner/scoreboard.sv(28) @ 2875: uvm_test_top.env.sb [SCB_PASS] sel=3, d=2, y=2
# # KERNEL: UVM_INFO /home/runner/scoreboard.sv(28) @ 2875: uvm_test_top.env.sb [SCB_PASS] sel=3, d=0, y=0
# # KERNEL: UVM_INFO /home/runner/scoreboard.sv(28) @ 2875: uvm_test_top.env.sb [SCB_PASS] sel=3, d=0, y=0
# # KERNEL: UVM_INFO /home/runner/scoreboard.sv(28) @ 2875: uvm_test_top.env.sb [SCB_PASS] sel=3, d=0, y=0
# # KERNEL: UVM_INFO /home/runner/monitor.sv(33) @ 2895: uvm_test_top.env.agent.mon [MON] Sampled data from Interface
# # KERNEL: UVM_INFO /home/runner/scoreboard.sv(28) @ 2895: uvm_test_top.env.sb [SCB_PASS] sel=0, d=0, y=0
# # KERNEL: UVM_INFO /home/runner/scoreboard.sv(28) @ 2895: uvm_test_top.env.sb [SCB_PASS] sel=0, d=0, y=0
# # KERNEL: UVM_INFO /home/runner/scoreboard.sv(28) @ 2895: uvm_test_top.env.sb [SCB_PASS] sel=0, d=0, y=0
# # KERNEL: UVM_INFO /home/runner/scoreboard.sv(28) @ 2895: uvm_test_top.env.sb [SCB_PASS] sel=0, d=2, y=2
# # KERNEL: UVM_INFO /home/runner/monitor.sv(33) @ 2915: uvm_test_top.env.agent.mon [MON] Sampled data from Interface
# # KERNEL: UVM_INFO /home/runner/scoreboard.sv(28) @ 2915: uvm_test_top.env.sb [SCB_PASS] sel=2, d=0, y=0
# # KERNEL: UVM_INFO /home/runner/scoreboard.sv(28) @ 2915: uvm_test_top.env.sb [SCB_PASS] sel=2, d=2, y=2
# # KERNEL: UVM_INFO /home/runner/scoreboard.sv(28) @ 2915: uvm_test_top.env.sb [SCB_PASS] sel=2, d=0, y=0
# # KERNEL: UVM_INFO /home/runner/scoreboard.sv(28) @ 2915: uvm_test_top.env.sb [SCB_PASS] sel=2, d=0, y=0
# # KERNEL: UVM_INFO /home/runner/monitor.sv(33) @ 2935: uvm_test_top.env.agent.mon [MON] Sampled data from Interface
# # KERNEL: UVM_INFO /home/runner/scoreboard.sv(28) @ 2935: uvm_test_top.env.sb [SCB_PASS] sel=3, d=2, y=2
# # KERNEL: UVM_INFO /home/runner/scoreboard.sv(28) @ 2935: uvm_test_top.env.sb [SCB_PASS] sel=3, d=0, y=0
# # KERNEL: UVM_INFO /home/runner/scoreboard.sv(28) @ 2935: uvm_test_top.env.sb [SCB_PASS] sel=3, d=0, y=0
# # KERNEL: UVM_INFO /home/runner/scoreboard.sv(28) @ 2935: uvm_test_top.env.sb [SCB_PASS] sel=3, d=0, y=0
# # KERNEL: UVM_INFO /home/runner/monitor.sv(33) @ 2955: uvm_test_top.env.agent.mon [MON] Sampled data from Interface
# # KERNEL: UVM_INFO /home/runner/scoreboard.sv(28) @ 2955: uvm_test_top.env.sb [SCB_PASS] sel=1, d=0, y=0
# # KERNEL: UVM_INFO /home/runner/scoreboard.sv(28) @ 2955: uvm_test_top.env.sb [SCB_PASS] sel=1, d=0, y=0
# # KERNEL: UVM_INFO /home/runner/scoreboard.sv(28) @ 2955: uvm_test_top.env.sb [SCB_PASS] sel=1, d=2, y=2
# # KERNEL: UVM_INFO /home/runner/scoreboard.sv(28) @ 2955: uvm_test_top.env.sb [SCB_PASS] sel=1, d=0, y=0
# # KERNEL: UVM_INFO /home/runner/monitor.sv(33) @ 2975: uvm_test_top.env.agent.mon [MON] Sampled data from Interface
# # KERNEL: UVM_INFO /home/runner/scoreboard.sv(28) @ 2975: uvm_test_top.env.sb [SCB_PASS] sel=2, d=0, y=0
# # KERNEL: UVM_INFO /home/runner/scoreboard.sv(28) @ 2975: uvm_test_top.env.sb [SCB_PASS] sel=2, d=2, y=2
# # KERNEL: UVM_INFO /home/runner/scoreboard.sv(28) @ 2975: uvm_test_top.env.sb [SCB_PASS] sel=2, d=0, y=0
# # KERNEL: UVM_INFO /home/runner/scoreboard.sv(28) @ 2975: uvm_test_top.env.sb [SCB_PASS] sel=2, d=0, y=0
# # KERNEL: UVM_INFO /home/runner/monitor.sv(33) @ 2995: uvm_test_top.env.agent.mon [MON] Sampled data from Interface
# # KERNEL: UVM_INFO /home/runner/scoreboard.sv(28) @ 2995: uvm_test_top.env.sb [SCB_PASS] sel=0, d=0, y=0
# # KERNEL: UVM_INFO /home/runner/scoreboard.sv(28) @ 2995: uvm_test_top.env.sb [SCB_PASS] sel=0, d=0, y=0
# # KERNEL: UVM_INFO /home/runner/scoreboard.sv(28) @ 2995: uvm_test_top.env.sb [SCB_PASS] sel=0, d=0, y=0
# # KERNEL: UVM_INFO /home/runner/scoreboard.sv(28) @ 2995: uvm_test_top.env.sb [SCB_PASS] sel=0, d=2, y=2
# # KERNEL: UVM_INFO /home/runner/monitor.sv(33) @ 3015: uvm_test_top.env.agent.mon [MON] Sampled data from Interface
# # KERNEL: UVM_INFO /home/runner/scoreboard.sv(28) @ 3015: uvm_test_top.env.sb [SCB_PASS] sel=1, d=0, y=0
# # KERNEL: UVM_INFO /home/runner/scoreboard.sv(28) @ 3015: uvm_test_top.env.sb [SCB_PASS] sel=1, d=0, y=0
# # KERNEL: UVM_INFO /home/runner/scoreboard.sv(28) @ 3015: uvm_test_top.env.sb [SCB_PASS] sel=1, d=2, y=2
# # KERNEL: UVM_INFO /home/runner/scoreboard.sv(28) @ 3015: uvm_test_top.env.sb [SCB_PASS] sel=1, d=0, y=0
# # KERNEL: UVM_INFO /home/runner/monitor.sv(33) @ 3035: uvm_test_top.env.agent.mon [MON] Sampled data from Interface
# # KERNEL: UVM_INFO /home/runner/scoreboard.sv(28) @ 3035: uvm_test_top.env.sb [SCB_PASS] sel=3, d=4, y=4
# # KERNEL: UVM_INFO /home/runner/scoreboard.sv(28) @ 3035: uvm_test_top.env.sb [SCB_PASS] sel=3, d=0, y=0
# # KERNEL: UVM_INFO /home/runner/scoreboard.sv(28) @ 3035: uvm_test_top.env.sb [SCB_PASS] sel=3, d=0, y=0
# # KERNEL: UVM_INFO /home/runner/scoreboard.sv(28) @ 3035: uvm_test_top.env.sb [SCB_PASS] sel=3, d=0, y=0
# # KERNEL: UVM_INFO /home/runner/monitor.sv(33) @ 3055: uvm_test_top.env.agent.mon [MON] Sampled data from Interface
# # KERNEL: UVM_INFO /home/runner/scoreboard.sv(28) @ 3055: uvm_test_top.env.sb [SCB_PASS] sel=0, d=0, y=0
# # KERNEL: UVM_INFO /home/runner/scoreboard.sv(28) @ 3055: uvm_test_top.env.sb [SCB_PASS] sel=0, d=0, y=0
# # KERNEL: UVM_INFO /home/runner/scoreboard.sv(28) @ 3055: uvm_test_top.env.sb [SCB_PASS] sel=0, d=0, y=0
# # KERNEL: UVM_INFO /home/runner/scoreboard.sv(28) @ 3055: uvm_test_top.env.sb [SCB_PASS] sel=0, d=4, y=4
# # KERNEL: UVM_INFO /home/runner/monitor.sv(33) @ 3075: uvm_test_top.env.agent.mon [MON] Sampled data from Interface
# # KERNEL: UVM_INFO /home/runner/scoreboard.sv(28) @ 3075: uvm_test_top.env.sb [SCB_PASS] sel=2, d=0, y=0
# # KERNEL: UVM_INFO /home/runner/scoreboard.sv(28) @ 3075: uvm_test_top.env.sb [SCB_PASS] sel=2, d=4, y=4
# # KERNEL: UVM_INFO /home/runner/scoreboard.sv(28) @ 3075: uvm_test_top.env.sb [SCB_PASS] sel=2, d=0, y=0
# # KERNEL: UVM_INFO /home/runner/scoreboard.sv(28) @ 3075: uvm_test_top.env.sb [SCB_PASS] sel=2, d=0, y=0
# # KERNEL: UVM_INFO /home/runner/monitor.sv(33) @ 3095: uvm_test_top.env.agent.mon [MON] Sampled data from Interface
# # KERNEL: UVM_INFO /home/runner/scoreboard.sv(28) @ 3095: uvm_test_top.env.sb [SCB_PASS] sel=3, d=4, y=4
# # KERNEL: UVM_INFO /home/runner/scoreboard.sv(28) @ 3095: uvm_test_top.env.sb [SCB_PASS] sel=3, d=0, y=0
# # KERNEL: UVM_INFO /home/runner/scoreboard.sv(28) @ 3095: uvm_test_top.env.sb [SCB_PASS] sel=3, d=0, y=0
# # KERNEL: UVM_INFO /home/runner/scoreboard.sv(28) @ 3095: uvm_test_top.env.sb [SCB_PASS] sel=3, d=0, y=0
# # KERNEL: UVM_INFO /home/runner/monitor.sv(33) @ 3115: uvm_test_top.env.agent.mon [MON] Sampled data from Interface
# # KERNEL: UVM_INFO /home/runner/scoreboard.sv(28) @ 3115: uvm_test_top.env.sb [SCB_PASS] sel=1, d=0, y=0
# # KERNEL: UVM_INFO /home/runner/scoreboard.sv(28) @ 3115: uvm_test_top.env.sb [SCB_PASS] sel=1, d=0, y=0
# # KERNEL: UVM_INFO /home/runner/scoreboard.sv(28) @ 3115: uvm_test_top.env.sb [SCB_PASS] sel=1, d=4, y=4
# # KERNEL: UVM_INFO /home/runner/scoreboard.sv(28) @ 3115: uvm_test_top.env.sb [SCB_PASS] sel=1, d=0, y=0
# # KERNEL: UVM_INFO /home/runner/monitor.sv(33) @ 3135: uvm_test_top.env.agent.mon [MON] Sampled data from Interface
# # KERNEL: UVM_INFO /home/runner/scoreboard.sv(28) @ 3135: uvm_test_top.env.sb [SCB_PASS] sel=2, d=0, y=0
# # KERNEL: UVM_INFO /home/runner/scoreboard.sv(28) @ 3135: uvm_test_top.env.sb [SCB_PASS] sel=2, d=4, y=4
# # KERNEL: UVM_INFO /home/runner/scoreboard.sv(28) @ 3135: uvm_test_top.env.sb [SCB_PASS] sel=2, d=0, y=0
# # KERNEL: UVM_INFO /home/runner/scoreboard.sv(28) @ 3135: uvm_test_top.env.sb [SCB_PASS] sel=2, d=0, y=0
# # KERNEL: UVM_INFO /home/runner/monitor.sv(33) @ 3155: uvm_test_top.env.agent.mon [MON] Sampled data from Interface
# # KERNEL: UVM_INFO /home/runner/scoreboard.sv(28) @ 3155: uvm_test_top.env.sb [SCB_PASS] sel=0, d=0, y=0
# # KERNEL: UVM_INFO /home/runner/scoreboard.sv(28) @ 3155: uvm_test_top.env.sb [SCB_PASS] sel=0, d=0, y=0
# # KERNEL: UVM_INFO /home/runner/scoreboard.sv(28) @ 3155: uvm_test_top.env.sb [SCB_PASS] sel=0, d=0, y=0
# # KERNEL: UVM_INFO /home/runner/scoreboard.sv(28) @ 3155: uvm_test_top.env.sb [SCB_PASS] sel=0, d=4, y=4
# # KERNEL: UVM_INFO /home/runner/monitor.sv(33) @ 3175: uvm_test_top.env.agent.mon [MON] Sampled data from Interface
# # KERNEL: UVM_INFO /home/runner/scoreboard.sv(28) @ 3175: uvm_test_top.env.sb [SCB_PASS] sel=1, d=0, y=0
# # KERNEL: UVM_INFO /home/runner/scoreboard.sv(28) @ 3175: uvm_test_top.env.sb [SCB_PASS] sel=1, d=0, y=0
# # KERNEL: UVM_INFO /home/runner/scoreboard.sv(28) @ 3175: uvm_test_top.env.sb [SCB_PASS] sel=1, d=4, y=4
# # KERNEL: UVM_INFO /home/runner/scoreboard.sv(28) @ 3175: uvm_test_top.env.sb [SCB_PASS] sel=1, d=0, y=0
# # KERNEL: UVM_INFO /home/runner/monitor.sv(33) @ 3195: uvm_test_top.env.agent.mon [MON] Sampled data from Interface
# # KERNEL: UVM_INFO /home/runner/scoreboard.sv(28) @ 3195: uvm_test_top.env.sb [SCB_PASS] sel=3, d=4, y=4
# # KERNEL: UVM_INFO /home/runner/scoreboard.sv(28) @ 3195: uvm_test_top.env.sb [SCB_PASS] sel=3, d=0, y=0
# # KERNEL: UVM_INFO /home/runner/scoreboard.sv(28) @ 3195: uvm_test_top.env.sb [SCB_PASS] sel=3, d=0, y=0
# # KERNEL: UVM_INFO /home/runner/scoreboard.sv(28) @ 3195: uvm_test_top.env.sb [SCB_PASS] sel=3, d=0, y=0
# # KERNEL: UVM_INFO /home/runner/monitor.sv(33) @ 3215: uvm_test_top.env.agent.mon [MON] Sampled data from Interface
# # KERNEL: UVM_INFO /home/runner/scoreboard.sv(28) @ 3215: uvm_test_top.env.sb [SCB_PASS] sel=0, d=0, y=0
# # KERNEL: UVM_INFO /home/runner/scoreboard.sv(28) @ 3215: uvm_test_top.env.sb [SCB_PASS] sel=0, d=0, y=0
# # KERNEL: UVM_INFO /home/runner/scoreboard.sv(28) @ 3215: uvm_test_top.env.sb [SCB_PASS] sel=0, d=0, y=0
# # KERNEL: UVM_INFO /home/runner/scoreboard.sv(28) @ 3215: uvm_test_top.env.sb [SCB_PASS] sel=0, d=4, y=4
# # KERNEL: UVM_INFO /home/runner/monitor.sv(33) @ 3235: uvm_test_top.env.agent.mon [MON] Sampled data from Interface
# # KERNEL: UVM_INFO /home/runner/scoreboard.sv(28) @ 3235: uvm_test_top.env.sb [SCB_PASS] sel=2, d=0, y=0
# # KERNEL: UVM_INFO /home/runner/scoreboard.sv(28) @ 3235: uvm_test_top.env.sb [SCB_PASS] sel=2, d=4, y=4
# # KERNEL: UVM_INFO /home/runner/scoreboard.sv(28) @ 3235: uvm_test_top.env.sb [SCB_PASS] sel=2, d=0, y=0
# # KERNEL: UVM_INFO /home/runner/scoreboard.sv(28) @ 3235: uvm_test_top.env.sb [SCB_PASS] sel=2, d=0, y=0
# # KERNEL: UVM_INFO /home/runner/monitor.sv(33) @ 3255: uvm_test_top.env.agent.mon [MON] Sampled data from Interface
# # KERNEL: UVM_INFO /home/runner/scoreboard.sv(28) @ 3255: uvm_test_top.env.sb [SCB_PASS] sel=3, d=4, y=4
# # KERNEL: UVM_INFO /home/runner/scoreboard.sv(28) @ 3255: uvm_test_top.env.sb [SCB_PASS] sel=3, d=0, y=0
# # KERNEL: UVM_INFO /home/runner/scoreboard.sv(28) @ 3255: uvm_test_top.env.sb [SCB_PASS] sel=3, d=0, y=0
# # KERNEL: UVM_INFO /home/runner/scoreboard.sv(28) @ 3255: uvm_test_top.env.sb [SCB_PASS] sel=3, d=0, y=0
# # KERNEL: UVM_INFO /home/runner/monitor.sv(33) @ 3275: uvm_test_top.env.agent.mon [MON] Sampled data from Interface
# # KERNEL: UVM_INFO /home/runner/scoreboard.sv(28) @ 3275: uvm_test_top.env.sb [SCB_PASS] sel=1, d=0, y=0
# # KERNEL: UVM_INFO /home/runner/scoreboard.sv(28) @ 3275: uvm_test_top.env.sb [SCB_PASS] sel=1, d=0, y=0
# # KERNEL: UVM_INFO /home/runner/scoreboard.sv(28) @ 3275: uvm_test_top.env.sb [SCB_PASS] sel=1, d=4, y=4
# # KERNEL: UVM_INFO /home/runner/scoreboard.sv(28) @ 3275: uvm_test_top.env.sb [SCB_PASS] sel=1, d=0, y=0
# # KERNEL: UVM_INFO /home/runner/monitor.sv(33) @ 3295: uvm_test_top.env.agent.mon [MON] Sampled data from Interface
# # KERNEL: UVM_INFO /home/runner/scoreboard.sv(28) @ 3295: uvm_test_top.env.sb [SCB_PASS] sel=2, d=0, y=0
# # KERNEL: UVM_INFO /home/runner/scoreboard.sv(28) @ 3295: uvm_test_top.env.sb [SCB_PASS] sel=2, d=4, y=4
# # KERNEL: UVM_INFO /home/runner/scoreboard.sv(28) @ 3295: uvm_test_top.env.sb [SCB_PASS] sel=2, d=0, y=0
# # KERNEL: UVM_INFO /home/runner/scoreboard.sv(28) @ 3295: uvm_test_top.env.sb [SCB_PASS] sel=2, d=0, y=0
# # KERNEL: UVM_INFO /home/runner/monitor.sv(33) @ 3315: uvm_test_top.env.agent.mon [MON] Sampled data from Interface
# # KERNEL: UVM_INFO /home/runner/scoreboard.sv(28) @ 3315: uvm_test_top.env.sb [SCB_PASS] sel=0, d=0, y=0
# # KERNEL: UVM_INFO /home/runner/scoreboard.sv(28) @ 3315: uvm_test_top.env.sb [SCB_PASS] sel=0, d=0, y=0
# # KERNEL: UVM_INFO /home/runner/scoreboard.sv(28) @ 3315: uvm_test_top.env.sb [SCB_PASS] sel=0, d=0, y=0
# # KERNEL: UVM_INFO /home/runner/scoreboard.sv(28) @ 3315: uvm_test_top.env.sb [SCB_PASS] sel=0, d=4, y=4
# # KERNEL: UVM_INFO /home/runner/monitor.sv(33) @ 3335: uvm_test_top.env.agent.mon [MON] Sampled data from Interface
# # KERNEL: UVM_INFO /home/runner/scoreboard.sv(28) @ 3335: uvm_test_top.env.sb [SCB_PASS] sel=1, d=0, y=0
# # KERNEL: UVM_INFO /home/runner/scoreboard.sv(28) @ 3335: uvm_test_top.env.sb [SCB_PASS] sel=1, d=0, y=0
# # KERNEL: UVM_INFO /home/runner/scoreboard.sv(28) @ 3335: uvm_test_top.env.sb [SCB_PASS] sel=1, d=4, y=4
# # KERNEL: UVM_INFO /home/runner/scoreboard.sv(28) @ 3335: uvm_test_top.env.sb [SCB_PASS] sel=1, d=0, y=0
# # KERNEL: UVM_INFO /home/runner/monitor.sv(33) @ 3355: uvm_test_top.env.agent.mon [MON] Sampled data from Interface
# # KERNEL: UVM_INFO /home/runner/scoreboard.sv(28) @ 3355: uvm_test_top.env.sb [SCB_PASS] sel=3, d=4, y=4
# # KERNEL: UVM_INFO /home/runner/scoreboard.sv(28) @ 3355: uvm_test_top.env.sb [SCB_PASS] sel=3, d=0, y=0
# # KERNEL: UVM_INFO /home/runner/scoreboard.sv(28) @ 3355: uvm_test_top.env.sb [SCB_PASS] sel=3, d=0, y=0
# # KERNEL: UVM_INFO /home/runner/scoreboard.sv(28) @ 3355: uvm_test_top.env.sb [SCB_PASS] sel=3, d=0, y=0
# # KERNEL: UVM_INFO /home/runner/monitor.sv(33) @ 3375: uvm_test_top.env.agent.mon [MON] Sampled data from Interface
# # KERNEL: UVM_INFO /home/runner/scoreboard.sv(28) @ 3375: uvm_test_top.env.sb [SCB_PASS] sel=0, d=0, y=0
# # KERNEL: UVM_INFO /home/runner/scoreboard.sv(28) @ 3375: uvm_test_top.env.sb [SCB_PASS] sel=0, d=0, y=0
# # KERNEL: UVM_INFO /home/runner/scoreboard.sv(28) @ 3375: uvm_test_top.env.sb [SCB_PASS] sel=0, d=0, y=0
# # KERNEL: UVM_INFO /home/runner/scoreboard.sv(28) @ 3375: uvm_test_top.env.sb [SCB_PASS] sel=0, d=4, y=4
# # KERNEL: UVM_INFO /home/runner/monitor.sv(33) @ 3395: uvm_test_top.env.agent.mon [MON] Sampled data from Interface
# # KERNEL: UVM_INFO /home/runner/scoreboard.sv(28) @ 3395: uvm_test_top.env.sb [SCB_PASS] sel=2, d=0, y=0
# # KERNEL: UVM_INFO /home/runner/scoreboard.sv(28) @ 3395: uvm_test_top.env.sb [SCB_PASS] sel=2, d=4, y=4
# # KERNEL: UVM_INFO /home/runner/scoreboard.sv(28) @ 3395: uvm_test_top.env.sb [SCB_PASS] sel=2, d=0, y=0
# # KERNEL: UVM_INFO /home/runner/scoreboard.sv(28) @ 3395: uvm_test_top.env.sb [SCB_PASS] sel=2, d=0, y=0
# # KERNEL: UVM_INFO /home/runner/monitor.sv(33) @ 3415: uvm_test_top.env.agent.mon [MON] Sampled data from Interface
# # KERNEL: UVM_INFO /home/runner/scoreboard.sv(28) @ 3415: uvm_test_top.env.sb [SCB_PASS] sel=3, d=4, y=4
# # KERNEL: UVM_INFO /home/runner/scoreboard.sv(28) @ 3415: uvm_test_top.env.sb [SCB_PASS] sel=3, d=0, y=0
# # KERNEL: UVM_INFO /home/runner/scoreboard.sv(28) @ 3415: uvm_test_top.env.sb [SCB_PASS] sel=3, d=0, y=0
# # KERNEL: UVM_INFO /home/runner/scoreboard.sv(28) @ 3415: uvm_test_top.env.sb [SCB_PASS] sel=3, d=0, y=0
# # KERNEL: UVM_INFO /home/runner/monitor.sv(33) @ 3435: uvm_test_top.env.agent.mon [MON] Sampled data from Interface
# # KERNEL: UVM_INFO /home/runner/scoreboard.sv(28) @ 3435: uvm_test_top.env.sb [SCB_PASS] sel=1, d=0, y=0
# # KERNEL: UVM_INFO /home/runner/scoreboard.sv(28) @ 3435: uvm_test_top.env.sb [SCB_PASS] sel=1, d=0, y=0
# # KERNEL: UVM_INFO /home/runner/scoreboard.sv(28) @ 3435: uvm_test_top.env.sb [SCB_PASS] sel=1, d=4, y=4
# # KERNEL: UVM_INFO /home/runner/scoreboard.sv(28) @ 3435: uvm_test_top.env.sb [SCB_PASS] sel=1, d=0, y=0
# # KERNEL: UVM_INFO /home/runner/monitor.sv(33) @ 3455: uvm_test_top.env.agent.mon [MON] Sampled data from Interface
# # KERNEL: UVM_INFO /home/runner/scoreboard.sv(28) @ 3455: uvm_test_top.env.sb [SCB_PASS] sel=2, d=0, y=0
# # KERNEL: UVM_INFO /home/runner/scoreboard.sv(28) @ 3455: uvm_test_top.env.sb [SCB_PASS] sel=2, d=4, y=4
# # KERNEL: UVM_INFO /home/runner/scoreboard.sv(28) @ 3455: uvm_test_top.env.sb [SCB_PASS] sel=2, d=0, y=0
# # KERNEL: UVM_INFO /home/runner/scoreboard.sv(28) @ 3455: uvm_test_top.env.sb [SCB_PASS] sel=2, d=0, y=0
# # KERNEL: UVM_INFO /home/runner/monitor.sv(33) @ 3475: uvm_test_top.env.agent.mon [MON] Sampled data from Interface
# # KERNEL: UVM_INFO /home/runner/scoreboard.sv(28) @ 3475: uvm_test_top.env.sb [SCB_PASS] sel=0, d=0, y=0
# # KERNEL: UVM_INFO /home/runner/scoreboard.sv(28) @ 3475: uvm_test_top.env.sb [SCB_PASS] sel=0, d=0, y=0
# # KERNEL: UVM_INFO /home/runner/scoreboard.sv(28) @ 3475: uvm_test_top.env.sb [SCB_PASS] sel=0, d=0, y=0
# # KERNEL: UVM_INFO /home/runner/scoreboard.sv(28) @ 3475: uvm_test_top.env.sb [SCB_PASS] sel=0, d=4, y=4
# # KERNEL: UVM_INFO /home/runner/monitor.sv(33) @ 3495: uvm_test_top.env.agent.mon [MON] Sampled data from Interface
# # KERNEL: UVM_INFO /home/runner/scoreboard.sv(28) @ 3495: uvm_test_top.env.sb [SCB_PASS] sel=1, d=0, y=0
# # KERNEL: UVM_INFO /home/runner/scoreboard.sv(28) @ 3495: uvm_test_top.env.sb [SCB_PASS] sel=1, d=0, y=0
# # KERNEL: UVM_INFO /home/runner/scoreboard.sv(28) @ 3495: uvm_test_top.env.sb [SCB_PASS] sel=1, d=4, y=4
# # KERNEL: UVM_INFO /home/runner/scoreboard.sv(28) @ 3495: uvm_test_top.env.sb [SCB_PASS] sel=1, d=0, y=0
# # KERNEL: UVM_INFO /home/runner/monitor.sv(33) @ 3515: uvm_test_top.env.agent.mon [MON] Sampled data from Interface
# # KERNEL: UVM_INFO /home/runner/scoreboard.sv(28) @ 3515: uvm_test_top.env.sb [SCB_PASS] sel=3, d=4, y=4
# # KERNEL: UVM_INFO /home/runner/scoreboard.sv(28) @ 3515: uvm_test_top.env.sb [SCB_PASS] sel=3, d=0, y=0
# # KERNEL: UVM_INFO /home/runner/scoreboard.sv(28) @ 3515: uvm_test_top.env.sb [SCB_PASS] sel=3, d=0, y=0
# # KERNEL: UVM_INFO /home/runner/scoreboard.sv(28) @ 3515: uvm_test_top.env.sb [SCB_PASS] sel=3, d=0, y=0
# # KERNEL: UVM_INFO /home/runner/monitor.sv(33) @ 3535: uvm_test_top.env.agent.mon [MON] Sampled data from Interface
# # KERNEL: UVM_INFO /home/runner/scoreboard.sv(28) @ 3535: uvm_test_top.env.sb [SCB_PASS] sel=0, d=0, y=0
# # KERNEL: UVM_INFO /home/runner/scoreboard.sv(28) @ 3535: uvm_test_top.env.sb [SCB_PASS] sel=0, d=0, y=0
# # KERNEL: UVM_INFO /home/runner/scoreboard.sv(28) @ 3535: uvm_test_top.env.sb [SCB_PASS] sel=0, d=0, y=0
# # KERNEL: UVM_INFO /home/runner/scoreboard.sv(28) @ 3535: uvm_test_top.env.sb [SCB_PASS] sel=0, d=8, y=8
# # KERNEL: UVM_INFO /home/runner/monitor.sv(33) @ 3555: uvm_test_top.env.agent.mon [MON] Sampled data from Interface
# # KERNEL: UVM_INFO /home/runner/scoreboard.sv(28) @ 3555: uvm_test_top.env.sb [SCB_PASS] sel=2, d=0, y=0
# # KERNEL: UVM_INFO /home/runner/scoreboard.sv(28) @ 3555: uvm_test_top.env.sb [SCB_PASS] sel=2, d=8, y=8
# # KERNEL: UVM_INFO /home/runner/scoreboard.sv(28) @ 3555: uvm_test_top.env.sb [SCB_PASS] sel=2, d=0, y=0
# # KERNEL: UVM_INFO /home/runner/scoreboard.sv(28) @ 3555: uvm_test_top.env.sb [SCB_PASS] sel=2, d=0, y=0
# # KERNEL: UVM_INFO /home/runner/monitor.sv(33) @ 3575: uvm_test_top.env.agent.mon [MON] Sampled data from Interface
# # KERNEL: UVM_INFO /home/runner/scoreboard.sv(28) @ 3575: uvm_test_top.env.sb [SCB_PASS] sel=3, d=8, y=8
# # KERNEL: UVM_INFO /home/runner/scoreboard.sv(28) @ 3575: uvm_test_top.env.sb [SCB_PASS] sel=3, d=0, y=0
# # KERNEL: UVM_INFO /home/runner/scoreboard.sv(28) @ 3575: uvm_test_top.env.sb [SCB_PASS] sel=3, d=0, y=0
# # KERNEL: UVM_INFO /home/runner/scoreboard.sv(28) @ 3575: uvm_test_top.env.sb [SCB_PASS] sel=3, d=0, y=0
# # KERNEL: UVM_INFO /home/runner/monitor.sv(33) @ 3595: uvm_test_top.env.agent.mon [MON] Sampled data from Interface
# # KERNEL: UVM_INFO /home/runner/scoreboard.sv(28) @ 3595: uvm_test_top.env.sb [SCB_PASS] sel=1, d=0, y=0
# # KERNEL: UVM_INFO /home/runner/scoreboard.sv(28) @ 3595: uvm_test_top.env.sb [SCB_PASS] sel=1, d=0, y=0
# # KERNEL: UVM_INFO /home/runner/scoreboard.sv(28) @ 3595: uvm_test_top.env.sb [SCB_PASS] sel=1, d=8, y=8
# # KERNEL: UVM_INFO /home/runner/scoreboard.sv(28) @ 3595: uvm_test_top.env.sb [SCB_PASS] sel=1, d=0, y=0
# # KERNEL: UVM_INFO /home/runner/monitor.sv(33) @ 3615: uvm_test_top.env.agent.mon [MON] Sampled data from Interface
# # KERNEL: UVM_INFO /home/runner/scoreboard.sv(28) @ 3615: uvm_test_top.env.sb [SCB_PASS] sel=2, d=0, y=0
# # KERNEL: UVM_INFO /home/runner/scoreboard.sv(28) @ 3615: uvm_test_top.env.sb [SCB_PASS] sel=2, d=8, y=8
# # KERNEL: UVM_INFO /home/runner/scoreboard.sv(28) @ 3615: uvm_test_top.env.sb [SCB_PASS] sel=2, d=0, y=0
# # KERNEL: UVM_INFO /home/runner/scoreboard.sv(28) @ 3615: uvm_test_top.env.sb [SCB_PASS] sel=2, d=0, y=0
# # KERNEL: UVM_INFO /home/runner/monitor.sv(33) @ 3635: uvm_test_top.env.agent.mon [MON] Sampled data from Interface
# # KERNEL: UVM_INFO /home/runner/scoreboard.sv(28) @ 3635: uvm_test_top.env.sb [SCB_PASS] sel=0, d=0, y=0
# # KERNEL: UVM_INFO /home/runner/scoreboard.sv(28) @ 3635: uvm_test_top.env.sb [SCB_PASS] sel=0, d=0, y=0
# # KERNEL: UVM_INFO /home/runner/scoreboard.sv(28) @ 3635: uvm_test_top.env.sb [SCB_PASS] sel=0, d=0, y=0
# # KERNEL: UVM_INFO /home/runner/scoreboard.sv(28) @ 3635: uvm_test_top.env.sb [SCB_PASS] sel=0, d=8, y=8
# # KERNEL: UVM_INFO /home/runner/monitor.sv(33) @ 3655: uvm_test_top.env.agent.mon [MON] Sampled data from Interface
# # KERNEL: UVM_INFO /home/runner/scoreboard.sv(28) @ 3655: uvm_test_top.env.sb [SCB_PASS] sel=1, d=0, y=0
# # KERNEL: UVM_INFO /home/runner/scoreboard.sv(28) @ 3655: uvm_test_top.env.sb [SCB_PASS] sel=1, d=0, y=0
# # KERNEL: UVM_INFO /home/runner/scoreboard.sv(28) @ 3655: uvm_test_top.env.sb [SCB_PASS] sel=1, d=8, y=8
# # KERNEL: UVM_INFO /home/runner/scoreboard.sv(28) @ 3655: uvm_test_top.env.sb [SCB_PASS] sel=1, d=0, y=0
# # KERNEL: UVM_INFO /home/runner/monitor.sv(33) @ 3675: uvm_test_top.env.agent.mon [MON] Sampled data from Interface
# # KERNEL: UVM_INFO /home/runner/scoreboard.sv(28) @ 3675: uvm_test_top.env.sb [SCB_PASS] sel=3, d=8, y=8
# # KERNEL: UVM_INFO /home/runner/scoreboard.sv(28) @ 3675: uvm_test_top.env.sb [SCB_PASS] sel=3, d=0, y=0
# # KERNEL: UVM_INFO /home/runner/scoreboard.sv(28) @ 3675: uvm_test_top.env.sb [SCB_PASS] sel=3, d=0, y=0
# # KERNEL: UVM_INFO /home/runner/scoreboard.sv(28) @ 3675: uvm_test_top.env.sb [SCB_PASS] sel=3, d=0, y=0
# # KERNEL: UVM_INFO /home/runner/monitor.sv(33) @ 3695: uvm_test_top.env.agent.mon [MON] Sampled data from Interface
# # KERNEL: UVM_INFO /home/runner/scoreboard.sv(28) @ 3695: uvm_test_top.env.sb [SCB_PASS] sel=0, d=0, y=0
# # KERNEL: UVM_INFO /home/runner/scoreboard.sv(28) @ 3695: uvm_test_top.env.sb [SCB_PASS] sel=0, d=0, y=0
# # KERNEL: UVM_INFO /home/runner/scoreboard.sv(28) @ 3695: uvm_test_top.env.sb [SCB_PASS] sel=0, d=0, y=0
# # KERNEL: UVM_INFO /home/runner/scoreboard.sv(28) @ 3695: uvm_test_top.env.sb [SCB_PASS] sel=0, d=8, y=8
# # KERNEL: UVM_INFO /home/runner/monitor.sv(33) @ 3715: uvm_test_top.env.agent.mon [MON] Sampled data from Interface
# # KERNEL: UVM_INFO /home/runner/scoreboard.sv(28) @ 3715: uvm_test_top.env.sb [SCB_PASS] sel=2, d=0, y=0
# # KERNEL: UVM_INFO /home/runner/scoreboard.sv(28) @ 3715: uvm_test_top.env.sb [SCB_PASS] sel=2, d=8, y=8
# # KERNEL: UVM_INFO /home/runner/scoreboard.sv(28) @ 3715: uvm_test_top.env.sb [SCB_PASS] sel=2, d=0, y=0
# # KERNEL: UVM_INFO /home/runner/scoreboard.sv(28) @ 3715: uvm_test_top.env.sb [SCB_PASS] sel=2, d=0, y=0
# # KERNEL: UVM_INFO /home/runner/monitor.sv(33) @ 3735: uvm_test_top.env.agent.mon [MON] Sampled data from Interface
# # KERNEL: UVM_INFO /home/runner/scoreboard.sv(28) @ 3735: uvm_test_top.env.sb [SCB_PASS] sel=3, d=8, y=8
# # KERNEL: UVM_INFO /home/runner/scoreboard.sv(28) @ 3735: uvm_test_top.env.sb [SCB_PASS] sel=3, d=0, y=0
# # KERNEL: UVM_INFO /home/runner/scoreboard.sv(28) @ 3735: uvm_test_top.env.sb [SCB_PASS] sel=3, d=0, y=0
# # KERNEL: UVM_INFO /home/runner/scoreboard.sv(28) @ 3735: uvm_test_top.env.sb [SCB_PASS] sel=3, d=0, y=0
# # KERNEL: UVM_INFO /home/runner/monitor.sv(33) @ 3755: uvm_test_top.env.agent.mon [MON] Sampled data from Interface
# # KERNEL: UVM_INFO /home/runner/scoreboard.sv(28) @ 3755: uvm_test_top.env.sb [SCB_PASS] sel=1, d=0, y=0
# # KERNEL: UVM_INFO /home/runner/scoreboard.sv(28) @ 3755: uvm_test_top.env.sb [SCB_PASS] sel=1, d=0, y=0
# # KERNEL: UVM_INFO /home/runner/scoreboard.sv(28) @ 3755: uvm_test_top.env.sb [SCB_PASS] sel=1, d=8, y=8
# # KERNEL: UVM_INFO /home/runner/scoreboard.sv(28) @ 3755: uvm_test_top.env.sb [SCB_PASS] sel=1, d=0, y=0
# # KERNEL: UVM_INFO /home/runner/monitor.sv(33) @ 3775: uvm_test_top.env.agent.mon [MON] Sampled data from Interface
# # KERNEL: UVM_INFO /home/runner/scoreboard.sv(28) @ 3775: uvm_test_top.env.sb [SCB_PASS] sel=2, d=0, y=0
# # KERNEL: UVM_INFO /home/runner/scoreboard.sv(28) @ 3775: uvm_test_top.env.sb [SCB_PASS] sel=2, d=8, y=8
# # KERNEL: UVM_INFO /home/runner/scoreboard.sv(28) @ 3775: uvm_test_top.env.sb [SCB_PASS] sel=2, d=0, y=0
# # KERNEL: UVM_INFO /home/runner/scoreboard.sv(28) @ 3775: uvm_test_top.env.sb [SCB_PASS] sel=2, d=0, y=0
# # KERNEL: UVM_INFO /home/runner/monitor.sv(33) @ 3795: uvm_test_top.env.agent.mon [MON] Sampled data from Interface
# # KERNEL: UVM_INFO /home/runner/scoreboard.sv(28) @ 3795: uvm_test_top.env.sb [SCB_PASS] sel=3, d=8, y=8
# # KERNEL: UVM_INFO /home/runner/scoreboard.sv(28) @ 3795: uvm_test_top.env.sb [SCB_PASS] sel=3, d=0, y=0
# # KERNEL: UVM_INFO /home/runner/scoreboard.sv(28) @ 3795: uvm_test_top.env.sb [SCB_PASS] sel=3, d=0, y=0
# # KERNEL: UVM_INFO /home/runner/scoreboard.sv(28) @ 3795: uvm_test_top.env.sb [SCB_PASS] sel=3, d=0, y=0
# # KERNEL: UVM_INFO /home/runner/monitor.sv(33) @ 3815: uvm_test_top.env.agent.mon [MON] Sampled data from Interface
# # KERNEL: UVM_INFO /home/runner/scoreboard.sv(28) @ 3815: uvm_test_top.env.sb [SCB_PASS] sel=3, d=8, y=8
# # KERNEL: UVM_INFO /home/runner/scoreboard.sv(28) @ 3815: uvm_test_top.env.sb [SCB_PASS] sel=3, d=0, y=0
# # KERNEL: UVM_INFO /home/runner/scoreboard.sv(28) @ 3815: uvm_test_top.env.sb [SCB_PASS] sel=3, d=0, y=0
# # KERNEL: UVM_INFO /home/runner/scoreboard.sv(28) @ 3815: uvm_test_top.env.sb [SCB_PASS] sel=3, d=0, y=0
# # KERNEL: UVM_INFO /home/runner/monitor.sv(33) @ 3835: uvm_test_top.env.agent.mon [MON] Sampled data from Interface
# # KERNEL: UVM_INFO /home/runner/scoreboard.sv(28) @ 3835: uvm_test_top.env.sb [SCB_PASS] sel=2, d=0, y=0
# # KERNEL: UVM_INFO /home/runner/scoreboard.sv(28) @ 3835: uvm_test_top.env.sb [SCB_PASS] sel=2, d=8, y=8
# # KERNEL: UVM_INFO /home/runner/scoreboard.sv(28) @ 3835: uvm_test_top.env.sb [SCB_PASS] sel=2, d=0, y=0
# # KERNEL: UVM_INFO /home/runner/scoreboard.sv(28) @ 3835: uvm_test_top.env.sb [SCB_PASS] sel=2, d=0, y=0
# # KERNEL: UVM_INFO /home/runner/monitor.sv(33) @ 3855: uvm_test_top.env.agent.mon [MON] Sampled data from Interface
# # KERNEL: UVM_INFO /home/runner/scoreboard.sv(28) @ 3855: uvm_test_top.env.sb [SCB_PASS] sel=2, d=0, y=0
# # KERNEL: UVM_INFO /home/runner/scoreboard.sv(28) @ 3855: uvm_test_top.env.sb [SCB_PASS] sel=2, d=8, y=8
# # KERNEL: UVM_INFO /home/runner/scoreboard.sv(28) @ 3855: uvm_test_top.env.sb [SCB_PASS] sel=2, d=0, y=0
# # KERNEL: UVM_INFO /home/runner/scoreboard.sv(28) @ 3855: uvm_test_top.env.sb [SCB_PASS] sel=2, d=0, y=0
# # KERNEL: UVM_INFO /home/runner/monitor.sv(33) @ 3875: uvm_test_top.env.agent.mon [MON] Sampled data from Interface
# # KERNEL: UVM_INFO /home/runner/scoreboard.sv(28) @ 3875: uvm_test_top.env.sb [SCB_PASS] sel=1, d=0, y=0
# # KERNEL: UVM_INFO /home/runner/scoreboard.sv(28) @ 3875: uvm_test_top.env.sb [SCB_PASS] sel=1, d=0, y=0
# # KERNEL: UVM_INFO /home/runner/scoreboard.sv(28) @ 3875: uvm_test_top.env.sb [SCB_PASS] sel=1, d=8, y=8
# # KERNEL: UVM_INFO /home/runner/scoreboard.sv(28) @ 3875: uvm_test_top.env.sb [SCB_PASS] sel=1, d=0, y=0
# # KERNEL: UVM_INFO /home/runner/monitor.sv(33) @ 3895: uvm_test_top.env.agent.mon [MON] Sampled data from Interface
# # KERNEL: UVM_INFO /home/runner/scoreboard.sv(28) @ 3895: uvm_test_top.env.sb [SCB_PASS] sel=1, d=0, y=0
# # KERNEL: UVM_INFO /home/runner/scoreboard.sv(28) @ 3895: uvm_test_top.env.sb [SCB_PASS] sel=1, d=0, y=0
# # KERNEL: UVM_INFO /home/runner/scoreboard.sv(28) @ 3895: uvm_test_top.env.sb [SCB_PASS] sel=1, d=8, y=8
# # KERNEL: UVM_INFO /home/runner/scoreboard.sv(28) @ 3895: uvm_test_top.env.sb [SCB_PASS] sel=1, d=0, y=0
# # KERNEL: UVM_INFO /home/runner/monitor.sv(33) @ 3915: uvm_test_top.env.agent.mon [MON] Sampled data from Interface
# # KERNEL: UVM_INFO /home/runner/scoreboard.sv(28) @ 3915: uvm_test_top.env.sb [SCB_PASS] sel=0, d=0, y=0
# # KERNEL: UVM_INFO /home/runner/scoreboard.sv(28) @ 3915: uvm_test_top.env.sb [SCB_PASS] sel=0, d=0, y=0
# # KERNEL: UVM_INFO /home/runner/scoreboard.sv(28) @ 3915: uvm_test_top.env.sb [SCB_PASS] sel=0, d=0, y=0
# # KERNEL: UVM_INFO /home/runner/scoreboard.sv(28) @ 3915: uvm_test_top.env.sb [SCB_PASS] sel=0, d=8, y=8
# # KERNEL: UVM_INFO /home/runner/monitor.sv(33) @ 3935: uvm_test_top.env.agent.mon [MON] Sampled data from Interface
# # KERNEL: UVM_INFO /home/runner/scoreboard.sv(28) @ 3935: uvm_test_top.env.sb [SCB_PASS] sel=0, d=0, y=0
# # KERNEL: UVM_INFO /home/runner/scoreboard.sv(28) @ 3935: uvm_test_top.env.sb [SCB_PASS] sel=0, d=0, y=0
# # KERNEL: UVM_INFO /home/runner/scoreboard.sv(28) @ 3935: uvm_test_top.env.sb [SCB_PASS] sel=0, d=0, y=0
# # KERNEL: UVM_INFO /home/runner/scoreboard.sv(28) @ 3935: uvm_test_top.env.sb [SCB_PASS] sel=0, d=8, y=8
# # KERNEL: UVM_INFO /home/runner/monitor.sv(33) @ 3955: uvm_test_top.env.agent.mon [MON] Sampled data from Interface
# # KERNEL: UVM_INFO /home/runner/scoreboard.sv(28) @ 3955: uvm_test_top.env.sb [SCB_PASS] sel=3, d=8, y=8
# # KERNEL: UVM_INFO /home/runner/scoreboard.sv(28) @ 3955: uvm_test_top.env.sb [SCB_PASS] sel=3, d=0, y=0
# # KERNEL: UVM_INFO /home/runner/scoreboard.sv(28) @ 3955: uvm_test_top.env.sb [SCB_PASS] sel=3, d=0, y=0
# # KERNEL: UVM_INFO /home/runner/scoreboard.sv(28) @ 3955: uvm_test_top.env.sb [SCB_PASS] sel=3, d=0, y=0
# # KERNEL: UVM_INFO /home/runner/monitor.sv(33) @ 3975: uvm_test_top.env.agent.mon [MON] Sampled data from Interface
# # KERNEL: UVM_INFO /home/runner/scoreboard.sv(28) @ 3975: uvm_test_top.env.sb [SCB_PASS] sel=3, d=8, y=8
# # KERNEL: UVM_INFO /home/runner/scoreboard.sv(28) @ 3975: uvm_test_top.env.sb [SCB_PASS] sel=3, d=0, y=0
# # KERNEL: UVM_INFO /home/runner/scoreboard.sv(28) @ 3975: uvm_test_top.env.sb [SCB_PASS] sel=3, d=0, y=0
# # KERNEL: UVM_INFO /home/runner/scoreboard.sv(28) @ 3975: uvm_test_top.env.sb [SCB_PASS] sel=3, d=0, y=0
# # KERNEL: UVM_INFO /home/runner/monitor.sv(33) @ 3995: uvm_test_top.env.agent.mon [MON] Sampled data from Interface
# # KERNEL: UVM_INFO /home/runner/scoreboard.sv(28) @ 3995: uvm_test_top.env.sb [SCB_PASS] sel=2, d=0, y=0
# # KERNEL: UVM_INFO /home/runner/scoreboard.sv(28) @ 3995: uvm_test_top.env.sb [SCB_PASS] sel=2, d=8, y=8
# # KERNEL: UVM_INFO /home/runner/scoreboard.sv(28) @ 3995: uvm_test_top.env.sb [SCB_PASS] sel=2, d=0, y=0
# # KERNEL: UVM_INFO /home/runner/scoreboard.sv(28) @ 3995: uvm_test_top.env.sb [SCB_PASS] sel=2, d=0, y=0
# # KERNEL: UVM_INFO /home/runner/monitor.sv(33) @ 4015: uvm_test_top.env.agent.mon [MON] Sampled data from Interface
# # KERNEL: UVM_INFO /home/runner/scoreboard.sv(28) @ 4015: uvm_test_top.env.sb [SCB_PASS] sel=2, d=0, y=0
# # KERNEL: UVM_INFO /home/runner/scoreboard.sv(28) @ 4015: uvm_test_top.env.sb [SCB_PASS] sel=2, d=8, y=8
# # KERNEL: UVM_INFO /home/runner/scoreboard.sv(28) @ 4015: uvm_test_top.env.sb [SCB_PASS] sel=2, d=0, y=0
# # KERNEL: UVM_INFO /home/runner/scoreboard.sv(28) @ 4015: uvm_test_top.env.sb [SCB_PASS] sel=2, d=0, y=0
# # KERNEL: UVM_INFO /home/runner/monitor.sv(33) @ 4035: uvm_test_top.env.agent.mon [MON] Sampled data from Interface
# # KERNEL: UVM_INFO /home/runner/scoreboard.sv(28) @ 4035: uvm_test_top.env.sb [SCB_PASS] sel=1, d=0, y=0
# # KERNEL: UVM_INFO /home/runner/scoreboard.sv(28) @ 4035: uvm_test_top.env.sb [SCB_PASS] sel=1, d=0, y=0
# # KERNEL: UVM_INFO /home/runner/scoreboard.sv(28) @ 4035: uvm_test_top.env.sb [SCB_PASS] sel=1, d=10, y=10
# # KERNEL: UVM_INFO /home/runner/scoreboard.sv(28) @ 4035: uvm_test_top.env.sb [SCB_PASS] sel=1, d=0, y=0
# # KERNEL: UVM_INFO /home/runner/monitor.sv(33) @ 4055: uvm_test_top.env.agent.mon [MON] Sampled data from Interface
# # KERNEL: UVM_INFO /home/runner/scoreboard.sv(28) @ 4055: uvm_test_top.env.sb [SCB_PASS] sel=1, d=0, y=0
# # KERNEL: UVM_INFO /home/runner/scoreboard.sv(28) @ 4055: uvm_test_top.env.sb [SCB_PASS] sel=1, d=0, y=0
# # KERNEL: UVM_INFO /home/runner/scoreboard.sv(28) @ 4055: uvm_test_top.env.sb [SCB_PASS] sel=1, d=10, y=10
# # KERNEL: UVM_INFO /home/runner/scoreboard.sv(28) @ 4055: uvm_test_top.env.sb [SCB_PASS] sel=1, d=0, y=0
# # KERNEL: UVM_INFO /home/runner/monitor.sv(33) @ 4075: uvm_test_top.env.agent.mon [MON] Sampled data from Interface
# # KERNEL: UVM_INFO /home/runner/scoreboard.sv(28) @ 4075: uvm_test_top.env.sb [SCB_PASS] sel=0, d=0, y=0
# # KERNEL: UVM_INFO /home/runner/scoreboard.sv(28) @ 4075: uvm_test_top.env.sb [SCB_PASS] sel=0, d=0, y=0
# # KERNEL: UVM_INFO /home/runner/scoreboard.sv(28) @ 4075: uvm_test_top.env.sb [SCB_PASS] sel=0, d=0, y=0
# # KERNEL: UVM_INFO /home/runner/scoreboard.sv(28) @ 4075: uvm_test_top.env.sb [SCB_PASS] sel=0, d=10, y=10
# # KERNEL: UVM_INFO /home/runner/monitor.sv(33) @ 4095: uvm_test_top.env.agent.mon [MON] Sampled data from Interface
# # KERNEL: UVM_INFO /home/runner/scoreboard.sv(28) @ 4095: uvm_test_top.env.sb [SCB_PASS] sel=0, d=0, y=0
# # KERNEL: UVM_INFO /home/runner/scoreboard.sv(28) @ 4095: uvm_test_top.env.sb [SCB_PASS] sel=0, d=0, y=0
# # KERNEL: UVM_INFO /home/runner/scoreboard.sv(28) @ 4095: uvm_test_top.env.sb [SCB_PASS] sel=0, d=0, y=0
# # KERNEL: UVM_INFO /home/runner/scoreboard.sv(28) @ 4095: uvm_test_top.env.sb [SCB_PASS] sel=0, d=10, y=10
# # KERNEL: UVM_INFO /home/runner/monitor.sv(33) @ 4115: uvm_test_top.env.agent.mon [MON] Sampled data from Interface
# # KERNEL: UVM_INFO /home/runner/scoreboard.sv(28) @ 4115: uvm_test_top.env.sb [SCB_PASS] sel=3, d=10, y=10
# # KERNEL: UVM_INFO /home/runner/scoreboard.sv(28) @ 4115: uvm_test_top.env.sb [SCB_PASS] sel=3, d=0, y=0
# # KERNEL: UVM_INFO /home/runner/scoreboard.sv(28) @ 4115: uvm_test_top.env.sb [SCB_PASS] sel=3, d=0, y=0
# # KERNEL: UVM_INFO /home/runner/scoreboard.sv(28) @ 4115: uvm_test_top.env.sb [SCB_PASS] sel=3, d=0, y=0
# # KERNEL: UVM_INFO /home/runner/monitor.sv(33) @ 4135: uvm_test_top.env.agent.mon [MON] Sampled data from Interface
# # KERNEL: UVM_INFO /home/runner/scoreboard.sv(28) @ 4135: uvm_test_top.env.sb [SCB_PASS] sel=3, d=10, y=10
# # KERNEL: UVM_INFO /home/runner/scoreboard.sv(28) @ 4135: uvm_test_top.env.sb [SCB_PASS] sel=3, d=0, y=0
# # KERNEL: UVM_INFO /home/runner/scoreboard.sv(28) @ 4135: uvm_test_top.env.sb [SCB_PASS] sel=3, d=0, y=0
# # KERNEL: UVM_INFO /home/runner/scoreboard.sv(28) @ 4135: uvm_test_top.env.sb [SCB_PASS] sel=3, d=0, y=0
# # KERNEL: UVM_INFO /home/runner/monitor.sv(33) @ 4155: uvm_test_top.env.agent.mon [MON] Sampled data from Interface
# # KERNEL: UVM_INFO /home/runner/scoreboard.sv(28) @ 4155: uvm_test_top.env.sb [SCB_PASS] sel=2, d=0, y=0
# # KERNEL: UVM_INFO /home/runner/scoreboard.sv(28) @ 4155: uvm_test_top.env.sb [SCB_PASS] sel=2, d=10, y=10
# # KERNEL: UVM_INFO /home/runner/scoreboard.sv(28) @ 4155: uvm_test_top.env.sb [SCB_PASS] sel=2, d=0, y=0
# # KERNEL: UVM_INFO /home/runner/scoreboard.sv(28) @ 4155: uvm_test_top.env.sb [SCB_PASS] sel=2, d=0, y=0
# # KERNEL: UVM_INFO /home/runner/monitor.sv(33) @ 4175: uvm_test_top.env.agent.mon [MON] Sampled data from Interface
# # KERNEL: UVM_INFO /home/runner/scoreboard.sv(28) @ 4175: uvm_test_top.env.sb [SCB_PASS] sel=2, d=0, y=0
# # KERNEL: UVM_INFO /home/runner/scoreboard.sv(28) @ 4175: uvm_test_top.env.sb [SCB_PASS] sel=2, d=10, y=10
# # KERNEL: UVM_INFO /home/runner/scoreboard.sv(28) @ 4175: uvm_test_top.env.sb [SCB_PASS] sel=2, d=0, y=0
# # KERNEL: UVM_INFO /home/runner/scoreboard.sv(28) @ 4175: uvm_test_top.env.sb [SCB_PASS] sel=2, d=0, y=0
# # KERNEL: UVM_INFO /home/runner/monitor.sv(33) @ 4195: uvm_test_top.env.agent.mon [MON] Sampled data from Interface
# # KERNEL: UVM_INFO /home/runner/scoreboard.sv(28) @ 4195: uvm_test_top.env.sb [SCB_PASS] sel=1, d=0, y=0
# # KERNEL: UVM_INFO /home/runner/scoreboard.sv(28) @ 4195: uvm_test_top.env.sb [SCB_PASS] sel=1, d=0, y=0
# # KERNEL: UVM_INFO /home/runner/scoreboard.sv(28) @ 4195: uvm_test_top.env.sb [SCB_PASS] sel=1, d=10, y=10
# # KERNEL: UVM_INFO /home/runner/scoreboard.sv(28) @ 4195: uvm_test_top.env.sb [SCB_PASS] sel=1, d=0, y=0
# # KERNEL: UVM_INFO /home/runner/monitor.sv(33) @ 4215: uvm_test_top.env.agent.mon [MON] Sampled data from Interface
# # KERNEL: UVM_INFO /home/runner/scoreboard.sv(28) @ 4215: uvm_test_top.env.sb [SCB_PASS] sel=1, d=0, y=0
# # KERNEL: UVM_INFO /home/runner/scoreboard.sv(28) @ 4215: uvm_test_top.env.sb [SCB_PASS] sel=1, d=0, y=0
# # KERNEL: UVM_INFO /home/runner/scoreboard.sv(28) @ 4215: uvm_test_top.env.sb [SCB_PASS] sel=1, d=10, y=10
# # KERNEL: UVM_INFO /home/runner/scoreboard.sv(28) @ 4215: uvm_test_top.env.sb [SCB_PASS] sel=1, d=0, y=0
# # KERNEL: UVM_INFO /home/runner/monitor.sv(33) @ 4235: uvm_test_top.env.agent.mon [MON] Sampled data from Interface
# # KERNEL: UVM_INFO /home/runner/scoreboard.sv(28) @ 4235: uvm_test_top.env.sb [SCB_PASS] sel=0, d=0, y=0
# # KERNEL: UVM_INFO /home/runner/scoreboard.sv(28) @ 4235: uvm_test_top.env.sb [SCB_PASS] sel=0, d=0, y=0
# # KERNEL: UVM_INFO /home/runner/scoreboard.sv(28) @ 4235: uvm_test_top.env.sb [SCB_PASS] sel=0, d=0, y=0
# # KERNEL: UVM_INFO /home/runner/scoreboard.sv(28) @ 4235: uvm_test_top.env.sb [SCB_PASS] sel=0, d=10, y=10
# # KERNEL: UVM_INFO /home/runner/monitor.sv(33) @ 4255: uvm_test_top.env.agent.mon [MON] Sampled data from Interface
# # KERNEL: UVM_INFO /home/runner/scoreboard.sv(28) @ 4255: uvm_test_top.env.sb [SCB_PASS] sel=0, d=0, y=0
# # KERNEL: UVM_INFO /home/runner/scoreboard.sv(28) @ 4255: uvm_test_top.env.sb [SCB_PASS] sel=0, d=0, y=0
# # KERNEL: UVM_INFO /home/runner/scoreboard.sv(28) @ 4255: uvm_test_top.env.sb [SCB_PASS] sel=0, d=0, y=0
# # KERNEL: UVM_INFO /home/runner/scoreboard.sv(28) @ 4255: uvm_test_top.env.sb [SCB_PASS] sel=0, d=10, y=10
# # KERNEL: UVM_INFO /home/runner/monitor.sv(33) @ 4275: uvm_test_top.env.agent.mon [MON] Sampled data from Interface
# # KERNEL: UVM_INFO /home/runner/scoreboard.sv(28) @ 4275: uvm_test_top.env.sb [SCB_PASS] sel=3, d=10, y=10
# # KERNEL: UVM_INFO /home/runner/scoreboard.sv(28) @ 4275: uvm_test_top.env.sb [SCB_PASS] sel=3, d=0, y=0
# # KERNEL: UVM_INFO /home/runner/scoreboard.sv(28) @ 4275: uvm_test_top.env.sb [SCB_PASS] sel=3, d=0, y=0
# # KERNEL: UVM_INFO /home/runner/scoreboard.sv(28) @ 4275: uvm_test_top.env.sb [SCB_PASS] sel=3, d=0, y=0
# # KERNEL: UVM_INFO /home/runner/monitor.sv(33) @ 4295: uvm_test_top.env.agent.mon [MON] Sampled data from Interface
# # KERNEL: UVM_INFO /home/runner/scoreboard.sv(28) @ 4295: uvm_test_top.env.sb [SCB_PASS] sel=3, d=10, y=10
# # KERNEL: UVM_INFO /home/runner/scoreboard.sv(28) @ 4295: uvm_test_top.env.sb [SCB_PASS] sel=3, d=0, y=0
# # KERNEL: UVM_INFO /home/runner/scoreboard.sv(28) @ 4295: uvm_test_top.env.sb [SCB_PASS] sel=3, d=0, y=0
# # KERNEL: UVM_INFO /home/runner/scoreboard.sv(28) @ 4295: uvm_test_top.env.sb [SCB_PASS] sel=3, d=0, y=0
# # KERNEL: UVM_INFO /home/runner/monitor.sv(33) @ 4315: uvm_test_top.env.agent.mon [MON] Sampled data from Interface
# # KERNEL: UVM_INFO /home/runner/scoreboard.sv(28) @ 4315: uvm_test_top.env.sb [SCB_PASS] sel=2, d=0, y=0
# # KERNEL: UVM_INFO /home/runner/scoreboard.sv(28) @ 4315: uvm_test_top.env.sb [SCB_PASS] sel=2, d=10, y=10
# # KERNEL: UVM_INFO /home/runner/scoreboard.sv(28) @ 4315: uvm_test_top.env.sb [SCB_PASS] sel=2, d=0, y=0
# # KERNEL: UVM_INFO /home/runner/scoreboard.sv(28) @ 4315: uvm_test_top.env.sb [SCB_PASS] sel=2, d=0, y=0
# # KERNEL: UVM_INFO /home/runner/monitor.sv(33) @ 4335: uvm_test_top.env.agent.mon [MON] Sampled data from Interface
# # KERNEL: UVM_INFO /home/runner/scoreboard.sv(28) @ 4335: uvm_test_top.env.sb [SCB_PASS] sel=2, d=0, y=0
# # KERNEL: UVM_INFO /home/runner/scoreboard.sv(28) @ 4335: uvm_test_top.env.sb [SCB_PASS] sel=2, d=10, y=10
# # KERNEL: UVM_INFO /home/runner/scoreboard.sv(28) @ 4335: uvm_test_top.env.sb [SCB_PASS] sel=2, d=0, y=0
# # KERNEL: UVM_INFO /home/runner/scoreboard.sv(28) @ 4335: uvm_test_top.env.sb [SCB_PASS] sel=2, d=0, y=0
# # KERNEL: UVM_INFO /home/runner/monitor.sv(33) @ 4355: uvm_test_top.env.agent.mon [MON] Sampled data from Interface
# # KERNEL: UVM_INFO /home/runner/scoreboard.sv(28) @ 4355: uvm_test_top.env.sb [SCB_PASS] sel=1, d=0, y=0
# # KERNEL: UVM_INFO /home/runner/scoreboard.sv(28) @ 4355: uvm_test_top.env.sb [SCB_PASS] sel=1, d=0, y=0
# # KERNEL: UVM_INFO /home/runner/scoreboard.sv(28) @ 4355: uvm_test_top.env.sb [SCB_PASS] sel=1, d=10, y=10
# # KERNEL: UVM_INFO /home/runner/scoreboard.sv(28) @ 4355: uvm_test_top.env.sb [SCB_PASS] sel=1, d=0, y=0
# # KERNEL: UVM_INFO /home/runner/monitor.sv(33) @ 4375: uvm_test_top.env.agent.mon [MON] Sampled data from Interface
# # KERNEL: UVM_INFO /home/runner/scoreboard.sv(28) @ 4375: uvm_test_top.env.sb [SCB_PASS] sel=1, d=0, y=0
# # KERNEL: UVM_INFO /home/runner/scoreboard.sv(28) @ 4375: uvm_test_top.env.sb [SCB_PASS] sel=1, d=0, y=0
# # KERNEL: UVM_INFO /home/runner/scoreboard.sv(28) @ 4375: uvm_test_top.env.sb [SCB_PASS] sel=1, d=10, y=10
# # KERNEL: UVM_INFO /home/runner/scoreboard.sv(28) @ 4375: uvm_test_top.env.sb [SCB_PASS] sel=1, d=0, y=0
# # KERNEL: UVM_INFO /home/runner/monitor.sv(33) @ 4395: uvm_test_top.env.agent.mon [MON] Sampled data from Interface
# # KERNEL: UVM_INFO /home/runner/scoreboard.sv(28) @ 4395: uvm_test_top.env.sb [SCB_PASS] sel=0, d=0, y=0
# # KERNEL: UVM_INFO /home/runner/scoreboard.sv(28) @ 4395: uvm_test_top.env.sb [SCB_PASS] sel=0, d=0, y=0
# # KERNEL: UVM_INFO /home/runner/scoreboard.sv(28) @ 4395: uvm_test_top.env.sb [SCB_PASS] sel=0, d=0, y=0
# # KERNEL: UVM_INFO /home/runner/scoreboard.sv(28) @ 4395: uvm_test_top.env.sb [SCB_PASS] sel=0, d=10, y=10
# # KERNEL: UVM_INFO /home/runner/monitor.sv(33) @ 4415: uvm_test_top.env.agent.mon [MON] Sampled data from Interface
# # KERNEL: UVM_INFO /home/runner/scoreboard.sv(28) @ 4415: uvm_test_top.env.sb [SCB_PASS] sel=0, d=0, y=0
# # KERNEL: UVM_INFO /home/runner/scoreboard.sv(28) @ 4415: uvm_test_top.env.sb [SCB_PASS] sel=0, d=0, y=0
# # KERNEL: UVM_INFO /home/runner/scoreboard.sv(28) @ 4415: uvm_test_top.env.sb [SCB_PASS] sel=0, d=0, y=0
# # KERNEL: UVM_INFO /home/runner/scoreboard.sv(28) @ 4415: uvm_test_top.env.sb [SCB_PASS] sel=0, d=10, y=10
# # KERNEL: UVM_INFO /home/runner/monitor.sv(33) @ 4435: uvm_test_top.env.agent.mon [MON] Sampled data from Interface
# # KERNEL: UVM_INFO /home/runner/scoreboard.sv(28) @ 4435: uvm_test_top.env.sb [SCB_PASS] sel=3, d=10, y=10
# # KERNEL: UVM_INFO /home/runner/scoreboard.sv(28) @ 4435: uvm_test_top.env.sb [SCB_PASS] sel=3, d=0, y=0
# # KERNEL: UVM_INFO /home/runner/scoreboard.sv(28) @ 4435: uvm_test_top.env.sb [SCB_PASS] sel=3, d=0, y=0
# # KERNEL: UVM_INFO /home/runner/scoreboard.sv(28) @ 4435: uvm_test_top.env.sb [SCB_PASS] sel=3, d=0, y=0
# # KERNEL: UVM_INFO /home/runner/monitor.sv(33) @ 4455: uvm_test_top.env.agent.mon [MON] Sampled data from Interface
# # KERNEL: UVM_INFO /home/runner/scoreboard.sv(28) @ 4455: uvm_test_top.env.sb [SCB_PASS] sel=3, d=10, y=10
# # KERNEL: UVM_INFO /home/runner/scoreboard.sv(28) @ 4455: uvm_test_top.env.sb [SCB_PASS] sel=3, d=0, y=0
# # KERNEL: UVM_INFO /home/runner/scoreboard.sv(28) @ 4455: uvm_test_top.env.sb [SCB_PASS] sel=3, d=0, y=0
# # KERNEL: UVM_INFO /home/runner/scoreboard.sv(28) @ 4455: uvm_test_top.env.sb [SCB_PASS] sel=3, d=0, y=0
# # KERNEL: UVM_INFO /home/runner/monitor.sv(33) @ 4475: uvm_test_top.env.agent.mon [MON] Sampled data from Interface
# # KERNEL: UVM_INFO /home/runner/scoreboard.sv(28) @ 4475: uvm_test_top.env.sb [SCB_PASS] sel=2, d=0, y=0
# # KERNEL: UVM_INFO /home/runner/scoreboard.sv(28) @ 4475: uvm_test_top.env.sb [SCB_PASS] sel=2, d=10, y=10
# # KERNEL: UVM_INFO /home/runner/scoreboard.sv(28) @ 4475: uvm_test_top.env.sb [SCB_PASS] sel=2, d=0, y=0
# # KERNEL: UVM_INFO /home/runner/scoreboard.sv(28) @ 4475: uvm_test_top.env.sb [SCB_PASS] sel=2, d=0, y=0
# # KERNEL: UVM_INFO /home/runner/monitor.sv(33) @ 4495: uvm_test_top.env.agent.mon [MON] Sampled data from Interface
# # KERNEL: UVM_INFO /home/runner/scoreboard.sv(28) @ 4495: uvm_test_top.env.sb [SCB_PASS] sel=2, d=0, y=0
# # KERNEL: UVM_INFO /home/runner/scoreboard.sv(28) @ 4495: uvm_test_top.env.sb [SCB_PASS] sel=2, d=10, y=10
# # KERNEL: UVM_INFO /home/runner/scoreboard.sv(28) @ 4495: uvm_test_top.env.sb [SCB_PASS] sel=2, d=0, y=0
# # KERNEL: UVM_INFO /home/runner/scoreboard.sv(28) @ 4495: uvm_test_top.env.sb [SCB_PASS] sel=2, d=0, y=0
# # KERNEL: UVM_INFO /home/runner/monitor.sv(33) @ 4515: uvm_test_top.env.agent.mon [MON] Sampled data from Interface
# # KERNEL: UVM_INFO /home/runner/scoreboard.sv(28) @ 4515: uvm_test_top.env.sb [SCB_PASS] sel=1, d=0, y=0
# # KERNEL: UVM_INFO /home/runner/scoreboard.sv(28) @ 4515: uvm_test_top.env.sb [SCB_PASS] sel=1, d=0, y=0
# # KERNEL: UVM_INFO /home/runner/scoreboard.sv(28) @ 4515: uvm_test_top.env.sb [SCB_PASS] sel=1, d=10, y=10
# # KERNEL: UVM_INFO /home/runner/scoreboard.sv(28) @ 4515: uvm_test_top.env.sb [SCB_PASS] sel=1, d=0, y=0
# # KERNEL: UVM_INFO /home/runner/monitor.sv(33) @ 4535: uvm_test_top.env.agent.mon [MON] Sampled data from Interface
# # KERNEL: UVM_INFO /home/runner/scoreboard.sv(28) @ 4535: uvm_test_top.env.sb [SCB_PASS] sel=1, d=0, y=0
# # KERNEL: UVM_INFO /home/runner/scoreboard.sv(28) @ 4535: uvm_test_top.env.sb [SCB_PASS] sel=1, d=0, y=0
# # KERNEL: UVM_INFO /home/runner/scoreboard.sv(28) @ 4535: uvm_test_top.env.sb [SCB_PASS] sel=1, d=20, y=20
# # KERNEL: UVM_INFO /home/runner/scoreboard.sv(28) @ 4535: uvm_test_top.env.sb [SCB_PASS] sel=1, d=0, y=0
# # KERNEL: UVM_INFO /home/runner/monitor.sv(33) @ 4555: uvm_test_top.env.agent.mon [MON] Sampled data from Interface
# # KERNEL: UVM_INFO /home/runner/scoreboard.sv(28) @ 4555: uvm_test_top.env.sb [SCB_PASS] sel=0, d=0, y=0
# # KERNEL: UVM_INFO /home/runner/scoreboard.sv(28) @ 4555: uvm_test_top.env.sb [SCB_PASS] sel=0, d=0, y=0
# # KERNEL: UVM_INFO /home/runner/scoreboard.sv(28) @ 4555: uvm_test_top.env.sb [SCB_PASS] sel=0, d=0, y=0
# # KERNEL: UVM_INFO /home/runner/scoreboard.sv(28) @ 4555: uvm_test_top.env.sb [SCB_PASS] sel=0, d=20, y=20
# # KERNEL: UVM_INFO /home/runner/monitor.sv(33) @ 4575: uvm_test_top.env.agent.mon [MON] Sampled data from Interface
# # KERNEL: UVM_INFO /home/runner/scoreboard.sv(28) @ 4575: uvm_test_top.env.sb [SCB_PASS] sel=0, d=0, y=0
# # KERNEL: UVM_INFO /home/runner/scoreboard.sv(28) @ 4575: uvm_test_top.env.sb [SCB_PASS] sel=0, d=0, y=0
# # KERNEL: UVM_INFO /home/runner/scoreboard.sv(28) @ 4575: uvm_test_top.env.sb [SCB_PASS] sel=0, d=0, y=0
# # KERNEL: UVM_INFO /home/runner/scoreboard.sv(28) @ 4575: uvm_test_top.env.sb [SCB_PASS] sel=0, d=20, y=20
# # KERNEL: UVM_INFO /home/runner/monitor.sv(33) @ 4595: uvm_test_top.env.agent.mon [MON] Sampled data from Interface
# # KERNEL: UVM_INFO /home/runner/scoreboard.sv(28) @ 4595: uvm_test_top.env.sb [SCB_PASS] sel=3, d=20, y=20
# # KERNEL: UVM_INFO /home/runner/scoreboard.sv(28) @ 4595: uvm_test_top.env.sb [SCB_PASS] sel=3, d=0, y=0
# # KERNEL: UVM_INFO /home/runner/scoreboard.sv(28) @ 4595: uvm_test_top.env.sb [SCB_PASS] sel=3, d=0, y=0
# # KERNEL: UVM_INFO /home/runner/scoreboard.sv(28) @ 4595: uvm_test_top.env.sb [SCB_PASS] sel=3, d=0, y=0
# # KERNEL: UVM_INFO /home/runner/monitor.sv(33) @ 4615: uvm_test_top.env.agent.mon [MON] Sampled data from Interface
# # KERNEL: UVM_INFO /home/runner/scoreboard.sv(28) @ 4615: uvm_test_top.env.sb [SCB_PASS] sel=3, d=20, y=20
# # KERNEL: UVM_INFO /home/runner/scoreboard.sv(28) @ 4615: uvm_test_top.env.sb [SCB_PASS] sel=3, d=0, y=0
# # KERNEL: UVM_INFO /home/runner/scoreboard.sv(28) @ 4615: uvm_test_top.env.sb [SCB_PASS] sel=3, d=0, y=0
# # KERNEL: UVM_INFO /home/runner/scoreboard.sv(28) @ 4615: uvm_test_top.env.sb [SCB_PASS] sel=3, d=0, y=0
# # KERNEL: UVM_INFO /home/runner/monitor.sv(33) @ 4635: uvm_test_top.env.agent.mon [MON] Sampled data from Interface
# # KERNEL: UVM_INFO /home/runner/scoreboard.sv(28) @ 4635: uvm_test_top.env.sb [SCB_PASS] sel=2, d=0, y=0
# # KERNEL: UVM_INFO /home/runner/scoreboard.sv(28) @ 4635: uvm_test_top.env.sb [SCB_PASS] sel=2, d=20, y=20
# # KERNEL: UVM_INFO /home/runner/scoreboard.sv(28) @ 4635: uvm_test_top.env.sb [SCB_PASS] sel=2, d=0, y=0
# # KERNEL: UVM_INFO /home/runner/scoreboard.sv(28) @ 4635: uvm_test_top.env.sb [SCB_PASS] sel=2, d=0, y=0
# # KERNEL: UVM_INFO /home/runner/monitor.sv(33) @ 4655: uvm_test_top.env.agent.mon [MON] Sampled data from Interface
# # KERNEL: UVM_INFO /home/runner/scoreboard.sv(28) @ 4655: uvm_test_top.env.sb [SCB_PASS] sel=2, d=0, y=0
# # KERNEL: UVM_INFO /home/runner/scoreboard.sv(28) @ 4655: uvm_test_top.env.sb [SCB_PASS] sel=2, d=20, y=20
# # KERNEL: UVM_INFO /home/runner/scoreboard.sv(28) @ 4655: uvm_test_top.env.sb [SCB_PASS] sel=2, d=0, y=0
# # KERNEL: UVM_INFO /home/runner/scoreboard.sv(28) @ 4655: uvm_test_top.env.sb [SCB_PASS] sel=2, d=0, y=0
# # KERNEL: UVM_INFO /home/runner/monitor.sv(33) @ 4675: uvm_test_top.env.agent.mon [MON] Sampled data from Interface
# # KERNEL: UVM_INFO /home/runner/scoreboard.sv(28) @ 4675: uvm_test_top.env.sb [SCB_PASS] sel=1, d=0, y=0
# # KERNEL: UVM_INFO /home/runner/scoreboard.sv(28) @ 4675: uvm_test_top.env.sb [SCB_PASS] sel=1, d=0, y=0
# # KERNEL: UVM_INFO /home/runner/scoreboard.sv(28) @ 4675: uvm_test_top.env.sb [SCB_PASS] sel=1, d=20, y=20
# # KERNEL: UVM_INFO /home/runner/scoreboard.sv(28) @ 4675: uvm_test_top.env.sb [SCB_PASS] sel=1, d=0, y=0
# # KERNEL: UVM_INFO /home/runner/monitor.sv(33) @ 4695: uvm_test_top.env.agent.mon [MON] Sampled data from Interface
# # KERNEL: UVM_INFO /home/runner/scoreboard.sv(28) @ 4695: uvm_test_top.env.sb [SCB_PASS] sel=1, d=0, y=0
# # KERNEL: UVM_INFO /home/runner/scoreboard.sv(28) @ 4695: uvm_test_top.env.sb [SCB_PASS] sel=1, d=0, y=0
# # KERNEL: UVM_INFO /home/runner/scoreboard.sv(28) @ 4695: uvm_test_top.env.sb [SCB_PASS] sel=1, d=20, y=20
# # KERNEL: UVM_INFO /home/runner/scoreboard.sv(28) @ 4695: uvm_test_top.env.sb [SCB_PASS] sel=1, d=0, y=0
# # KERNEL: UVM_INFO /home/runner/monitor.sv(33) @ 4715: uvm_test_top.env.agent.mon [MON] Sampled data from Interface
# # KERNEL: UVM_INFO /home/runner/scoreboard.sv(28) @ 4715: uvm_test_top.env.sb [SCB_PASS] sel=0, d=0, y=0
# # KERNEL: UVM_INFO /home/runner/scoreboard.sv(28) @ 4715: uvm_test_top.env.sb [SCB_PASS] sel=0, d=0, y=0
# # KERNEL: UVM_INFO /home/runner/scoreboard.sv(28) @ 4715: uvm_test_top.env.sb [SCB_PASS] sel=0, d=0, y=0
# # KERNEL: UVM_INFO /home/runner/scoreboard.sv(28) @ 4715: uvm_test_top.env.sb [SCB_PASS] sel=0, d=20, y=20
# # KERNEL: UVM_INFO /home/runner/monitor.sv(33) @ 4735: uvm_test_top.env.agent.mon [MON] Sampled data from Interface
# # KERNEL: UVM_INFO /home/runner/scoreboard.sv(28) @ 4735: uvm_test_top.env.sb [SCB_PASS] sel=0, d=0, y=0
# # KERNEL: UVM_INFO /home/runner/scoreboard.sv(28) @ 4735: uvm_test_top.env.sb [SCB_PASS] sel=0, d=0, y=0
# # KERNEL: UVM_INFO /home/runner/scoreboard.sv(28) @ 4735: uvm_test_top.env.sb [SCB_PASS] sel=0, d=0, y=0
# # KERNEL: UVM_INFO /home/runner/scoreboard.sv(28) @ 4735: uvm_test_top.env.sb [SCB_PASS] sel=0, d=20, y=20
# # KERNEL: UVM_INFO /home/runner/monitor.sv(33) @ 4755: uvm_test_top.env.agent.mon [MON] Sampled data from Interface
# # KERNEL: UVM_INFO /home/runner/scoreboard.sv(28) @ 4755: uvm_test_top.env.sb [SCB_PASS] sel=3, d=20, y=20
# # KERNEL: UVM_INFO /home/runner/scoreboard.sv(28) @ 4755: uvm_test_top.env.sb [SCB_PASS] sel=3, d=0, y=0
# # KERNEL: UVM_INFO /home/runner/scoreboard.sv(28) @ 4755: uvm_test_top.env.sb [SCB_PASS] sel=3, d=0, y=0
# # KERNEL: UVM_INFO /home/runner/scoreboard.sv(28) @ 4755: uvm_test_top.env.sb [SCB_PASS] sel=3, d=0, y=0
# # KERNEL: UVM_INFO /home/runner/monitor.sv(33) @ 4775: uvm_test_top.env.agent.mon [MON] Sampled data from Interface
# # KERNEL: UVM_INFO /home/runner/scoreboard.sv(28) @ 4775: uvm_test_top.env.sb [SCB_PASS] sel=3, d=20, y=20
# # KERNEL: UVM_INFO /home/runner/scoreboard.sv(28) @ 4775: uvm_test_top.env.sb [SCB_PASS] sel=3, d=0, y=0
# # KERNEL: UVM_INFO /home/runner/scoreboard.sv(28) @ 4775: uvm_test_top.env.sb [SCB_PASS] sel=3, d=0, y=0
# # KERNEL: UVM_INFO /home/runner/scoreboard.sv(28) @ 4775: uvm_test_top.env.sb [SCB_PASS] sel=3, d=0, y=0
# # KERNEL: UVM_INFO /home/runner/monitor.sv(33) @ 4795: uvm_test_top.env.agent.mon [MON] Sampled data from Interface
# # KERNEL: UVM_INFO /home/runner/scoreboard.sv(28) @ 4795: uvm_test_top.env.sb [SCB_PASS] sel=2, d=0, y=0
# # KERNEL: UVM_INFO /home/runner/scoreboard.sv(28) @ 4795: uvm_test_top.env.sb [SCB_PASS] sel=2, d=20, y=20
# # KERNEL: UVM_INFO /home/runner/scoreboard.sv(28) @ 4795: uvm_test_top.env.sb [SCB_PASS] sel=2, d=0, y=0
# # KERNEL: UVM_INFO /home/runner/scoreboard.sv(28) @ 4795: uvm_test_top.env.sb [SCB_PASS] sel=2, d=0, y=0
# # KERNEL: UVM_INFO /home/runner/monitor.sv(33) @ 4815: uvm_test_top.env.agent.mon [MON] Sampled data from Interface
# # KERNEL: UVM_INFO /home/runner/scoreboard.sv(28) @ 4815: uvm_test_top.env.sb [SCB_PASS] sel=2, d=0, y=0
# # KERNEL: UVM_INFO /home/runner/scoreboard.sv(28) @ 4815: uvm_test_top.env.sb [SCB_PASS] sel=2, d=20, y=20
# # KERNEL: UVM_INFO /home/runner/scoreboard.sv(28) @ 4815: uvm_test_top.env.sb [SCB_PASS] sel=2, d=0, y=0
# # KERNEL: UVM_INFO /home/runner/scoreboard.sv(28) @ 4815: uvm_test_top.env.sb [SCB_PASS] sel=2, d=0, y=0
# # KERNEL: UVM_INFO /home/runner/monitor.sv(33) @ 4835: uvm_test_top.env.agent.mon [MON] Sampled data from Interface
# # KERNEL: UVM_INFO /home/runner/scoreboard.sv(28) @ 4835: uvm_test_top.env.sb [SCB_PASS] sel=1, d=0, y=0
# # KERNEL: UVM_INFO /home/runner/scoreboard.sv(28) @ 4835: uvm_test_top.env.sb [SCB_PASS] sel=1, d=0, y=0
# # KERNEL: UVM_INFO /home/runner/scoreboard.sv(28) @ 4835: uvm_test_top.env.sb [SCB_PASS] sel=1, d=20, y=20
# # KERNEL: UVM_INFO /home/runner/scoreboard.sv(28) @ 4835: uvm_test_top.env.sb [SCB_PASS] sel=1, d=0, y=0
# # KERNEL: UVM_INFO /home/runner/monitor.sv(33) @ 4855: uvm_test_top.env.agent.mon [MON] Sampled data from Interface
# # KERNEL: UVM_INFO /home/runner/scoreboard.sv(28) @ 4855: uvm_test_top.env.sb [SCB_PASS] sel=1, d=0, y=0
# # KERNEL: UVM_INFO /home/runner/scoreboard.sv(28) @ 4855: uvm_test_top.env.sb [SCB_PASS] sel=1, d=0, y=0
# # KERNEL: UVM_INFO /home/runner/scoreboard.sv(28) @ 4855: uvm_test_top.env.sb [SCB_PASS] sel=1, d=20, y=20
# # KERNEL: UVM_INFO /home/runner/scoreboard.sv(28) @ 4855: uvm_test_top.env.sb [SCB_PASS] sel=1, d=0, y=0
# # KERNEL: UVM_INFO /home/runner/monitor.sv(33) @ 4875: uvm_test_top.env.agent.mon [MON] Sampled data from Interface
# # KERNEL: UVM_INFO /home/runner/scoreboard.sv(28) @ 4875: uvm_test_top.env.sb [SCB_PASS] sel=0, d=0, y=0
# # KERNEL: UVM_INFO /home/runner/scoreboard.sv(28) @ 4875: uvm_test_top.env.sb [SCB_PASS] sel=0, d=0, y=0
# # KERNEL: UVM_INFO /home/runner/scoreboard.sv(28) @ 4875: uvm_test_top.env.sb [SCB_PASS] sel=0, d=0, y=0
# # KERNEL: UVM_INFO /home/runner/scoreboard.sv(28) @ 4875: uvm_test_top.env.sb [SCB_PASS] sel=0, d=20, y=20
# # KERNEL: UVM_INFO /home/runner/monitor.sv(33) @ 4895: uvm_test_top.env.agent.mon [MON] Sampled data from Interface
# # KERNEL: UVM_INFO /home/runner/scoreboard.sv(28) @ 4895: uvm_test_top.env.sb [SCB_PASS] sel=0, d=0, y=0
# # KERNEL: UVM_INFO /home/runner/scoreboard.sv(28) @ 4895: uvm_test_top.env.sb [SCB_PASS] sel=0, d=0, y=0
# # KERNEL: UVM_INFO /home/runner/scoreboard.sv(28) @ 4895: uvm_test_top.env.sb [SCB_PASS] sel=0, d=0, y=0
# # KERNEL: UVM_INFO /home/runner/scoreboard.sv(28) @ 4895: uvm_test_top.env.sb [SCB_PASS] sel=0, d=20, y=20
# # KERNEL: UVM_INFO /home/runner/monitor.sv(33) @ 4915: uvm_test_top.env.agent.mon [MON] Sampled data from Interface
# # KERNEL: UVM_INFO /home/runner/scoreboard.sv(28) @ 4915: uvm_test_top.env.sb [SCB_PASS] sel=3, d=20, y=20
# # KERNEL: UVM_INFO /home/runner/scoreboard.sv(28) @ 4915: uvm_test_top.env.sb [SCB_PASS] sel=3, d=0, y=0
# # KERNEL: UVM_INFO /home/runner/scoreboard.sv(28) @ 4915: uvm_test_top.env.sb [SCB_PASS] sel=3, d=0, y=0
# # KERNEL: UVM_INFO /home/runner/scoreboard.sv(28) @ 4915: uvm_test_top.env.sb [SCB_PASS] sel=3, d=0, y=0
# # KERNEL: UVM_INFO /home/runner/monitor.sv(33) @ 4935: uvm_test_top.env.agent.mon [MON] Sampled data from Interface
# # KERNEL: UVM_INFO /home/runner/scoreboard.sv(28) @ 4935: uvm_test_top.env.sb [SCB_PASS] sel=3, d=20, y=20
# # KERNEL: UVM_INFO /home/runner/scoreboard.sv(28) @ 4935: uvm_test_top.env.sb [SCB_PASS] sel=3, d=0, y=0
# # KERNEL: UVM_INFO /home/runner/scoreboard.sv(28) @ 4935: uvm_test_top.env.sb [SCB_PASS] sel=3, d=0, y=0
# # KERNEL: UVM_INFO /home/runner/scoreboard.sv(28) @ 4935: uvm_test_top.env.sb [SCB_PASS] sel=3, d=0, y=0
# # KERNEL: UVM_INFO /home/runner/monitor.sv(33) @ 4955: uvm_test_top.env.agent.mon [MON] Sampled data from Interface
# # KERNEL: UVM_INFO /home/runner/scoreboard.sv(28) @ 4955: uvm_test_top.env.sb [SCB_PASS] sel=2, d=0, y=0
# # KERNEL: UVM_INFO /home/runner/scoreboard.sv(28) @ 4955: uvm_test_top.env.sb [SCB_PASS] sel=2, d=20, y=20
# # KERNEL: UVM_INFO /home/runner/scoreboard.sv(28) @ 4955: uvm_test_top.env.sb [SCB_PASS] sel=2, d=0, y=0
# # KERNEL: UVM_INFO /home/runner/scoreboard.sv(28) @ 4955: uvm_test_top.env.sb [SCB_PASS] sel=2, d=0, y=0
# # KERNEL: UVM_INFO /home/runner/monitor.sv(33) @ 4975: uvm_test_top.env.agent.mon [MON] Sampled data from Interface
# # KERNEL: UVM_INFO /home/runner/scoreboard.sv(28) @ 4975: uvm_test_top.env.sb [SCB_PASS] sel=2, d=0, y=0
# # KERNEL: UVM_INFO /home/runner/scoreboard.sv(28) @ 4975: uvm_test_top.env.sb [SCB_PASS] sel=2, d=20, y=20
# # KERNEL: UVM_INFO /home/runner/scoreboard.sv(28) @ 4975: uvm_test_top.env.sb [SCB_PASS] sel=2, d=0, y=0
# # KERNEL: UVM_INFO /home/runner/scoreboard.sv(28) @ 4975: uvm_test_top.env.sb [SCB_PASS] sel=2, d=0, y=0
# # KERNEL: UVM_INFO /home/runner/monitor.sv(33) @ 4995: uvm_test_top.env.agent.mon [MON] Sampled data from Interface
# # KERNEL: UVM_INFO /home/runner/scoreboard.sv(28) @ 4995: uvm_test_top.env.sb [SCB_PASS] sel=1, d=0, y=0
# # KERNEL: UVM_INFO /home/runner/scoreboard.sv(28) @ 4995: uvm_test_top.env.sb [SCB_PASS] sel=1, d=0, y=0
# # KERNEL: UVM_INFO /home/runner/scoreboard.sv(28) @ 4995: uvm_test_top.env.sb [SCB_PASS] sel=1, d=20, y=20
# # KERNEL: UVM_INFO /home/runner/scoreboard.sv(28) @ 4995: uvm_test_top.env.sb [SCB_PASS] sel=1, d=0, y=0
# # KERNEL: UVM_INFO /home/runner/monitor.sv(33) @ 5015: uvm_test_top.env.agent.mon [MON] Sampled data from Interface
# # KERNEL: UVM_INFO /home/runner/scoreboard.sv(28) @ 5015: uvm_test_top.env.sb [SCB_PASS] sel=1, d=0, y=0
# # KERNEL: UVM_INFO /home/runner/scoreboard.sv(28) @ 5015: uvm_test_top.env.sb [SCB_PASS] sel=1, d=0, y=0
# # KERNEL: UVM_INFO /home/runner/scoreboard.sv(28) @ 5015: uvm_test_top.env.sb [SCB_PASS] sel=1, d=20, y=20
# # KERNEL: UVM_INFO /home/runner/scoreboard.sv(28) @ 5015: uvm_test_top.env.sb [SCB_PASS] sel=1, d=0, y=0
# # KERNEL: UVM_INFO /home/runner/monitor.sv(33) @ 5035: uvm_test_top.env.agent.mon [MON] Sampled data from Interface
# # KERNEL: UVM_INFO /home/runner/scoreboard.sv(28) @ 5035: uvm_test_top.env.sb [SCB_PASS] sel=0, d=0, y=0
# # KERNEL: UVM_INFO /home/runner/scoreboard.sv(28) @ 5035: uvm_test_top.env.sb [SCB_PASS] sel=0, d=0, y=0
# # KERNEL: UVM_INFO /home/runner/scoreboard.sv(28) @ 5035: uvm_test_top.env.sb [SCB_PASS] sel=0, d=0, y=0
# # KERNEL: UVM_INFO /home/runner/scoreboard.sv(28) @ 5035: uvm_test_top.env.sb [SCB_PASS] sel=0, d=40, y=40
# # KERNEL: UVM_INFO /home/runner/monitor.sv(33) @ 5055: uvm_test_top.env.agent.mon [MON] Sampled data from Interface
# # KERNEL: UVM_INFO /home/runner/scoreboard.sv(28) @ 5055: uvm_test_top.env.sb [SCB_PASS] sel=0, d=0, y=0
# # KERNEL: UVM_INFO /home/runner/scoreboard.sv(28) @ 5055: uvm_test_top.env.sb [SCB_PASS] sel=0, d=0, y=0
# # KERNEL: UVM_INFO /home/runner/scoreboard.sv(28) @ 5055: uvm_test_top.env.sb [SCB_PASS] sel=0, d=0, y=0
# # KERNEL: UVM_INFO /home/runner/scoreboard.sv(28) @ 5055: uvm_test_top.env.sb [SCB_PASS] sel=0, d=40, y=40
# # KERNEL: UVM_INFO /home/runner/monitor.sv(33) @ 5075: uvm_test_top.env.agent.mon [MON] Sampled data from Interface
# # KERNEL: UVM_INFO /home/runner/scoreboard.sv(28) @ 5075: uvm_test_top.env.sb [SCB_PASS] sel=3, d=40, y=40
# # KERNEL: UVM_INFO /home/runner/scoreboard.sv(28) @ 5075: uvm_test_top.env.sb [SCB_PASS] sel=3, d=0, y=0
# # KERNEL: UVM_INFO /home/runner/scoreboard.sv(28) @ 5075: uvm_test_top.env.sb [SCB_PASS] sel=3, d=0, y=0
# # KERNEL: UVM_INFO /home/runner/scoreboard.sv(28) @ 5075: uvm_test_top.env.sb [SCB_PASS] sel=3, d=0, y=0
# # KERNEL: UVM_INFO /home/runner/monitor.sv(33) @ 5095: uvm_test_top.env.agent.mon [MON] Sampled data from Interface
# # KERNEL: UVM_INFO /home/runner/scoreboard.sv(28) @ 5095: uvm_test_top.env.sb [SCB_PASS] sel=3, d=40, y=40
# # KERNEL: UVM_INFO /home/runner/scoreboard.sv(28) @ 5095: uvm_test_top.env.sb [SCB_PASS] sel=3, d=0, y=0
# # KERNEL: UVM_INFO /home/runner/scoreboard.sv(28) @ 5095: uvm_test_top.env.sb [SCB_PASS] sel=3, d=0, y=0
# # KERNEL: UVM_INFO /home/runner/scoreboard.sv(28) @ 5095: uvm_test_top.env.sb [SCB_PASS] sel=3, d=0, y=0
# # KERNEL: UVM_INFO /home/runner/monitor.sv(33) @ 5115: uvm_test_top.env.agent.mon [MON] Sampled data from Interface
# # KERNEL: UVM_INFO /home/runner/scoreboard.sv(28) @ 5115: uvm_test_top.env.sb [SCB_PASS] sel=2, d=0, y=0
# # KERNEL: UVM_INFO /home/runner/scoreboard.sv(28) @ 5115: uvm_test_top.env.sb [SCB_PASS] sel=2, d=40, y=40
# # KERNEL: UVM_INFO /home/runner/scoreboard.sv(28) @ 5115: uvm_test_top.env.sb [SCB_PASS] sel=2, d=0, y=0
# # KERNEL: UVM_INFO /home/runner/scoreboard.sv(28) @ 5115: uvm_test_top.env.sb [SCB_PASS] sel=2, d=0, y=0
# # KERNEL: UVM_INFO /home/runner/monitor.sv(33) @ 5135: uvm_test_top.env.agent.mon [MON] Sampled data from Interface
# # KERNEL: UVM_INFO /home/runner/scoreboard.sv(28) @ 5135: uvm_test_top.env.sb [SCB_PASS] sel=2, d=0, y=0
# # KERNEL: UVM_INFO /home/runner/scoreboard.sv(28) @ 5135: uvm_test_top.env.sb [SCB_PASS] sel=2, d=40, y=40
# # KERNEL: UVM_INFO /home/runner/scoreboard.sv(28) @ 5135: uvm_test_top.env.sb [SCB_PASS] sel=2, d=0, y=0
# # KERNEL: UVM_INFO /home/runner/scoreboard.sv(28) @ 5135: uvm_test_top.env.sb [SCB_PASS] sel=2, d=0, y=0
# # KERNEL: UVM_INFO /home/runner/monitor.sv(33) @ 5155: uvm_test_top.env.agent.mon [MON] Sampled data from Interface
# # KERNEL: UVM_INFO /home/runner/scoreboard.sv(28) @ 5155: uvm_test_top.env.sb [SCB_PASS] sel=1, d=0, y=0
# # KERNEL: UVM_INFO /home/runner/scoreboard.sv(28) @ 5155: uvm_test_top.env.sb [SCB_PASS] sel=1, d=0, y=0
# # KERNEL: UVM_INFO /home/runner/scoreboard.sv(28) @ 5155: uvm_test_top.env.sb [SCB_PASS] sel=1, d=40, y=40
# # KERNEL: UVM_INFO /home/runner/scoreboard.sv(28) @ 5155: uvm_test_top.env.sb [SCB_PASS] sel=1, d=0, y=0
# # KERNEL: UVM_INFO /home/runner/monitor.sv(33) @ 5175: uvm_test_top.env.agent.mon [MON] Sampled data from Interface
# # KERNEL: UVM_INFO /home/runner/scoreboard.sv(28) @ 5175: uvm_test_top.env.sb [SCB_PASS] sel=1, d=0, y=0
# # KERNEL: UVM_INFO /home/runner/scoreboard.sv(28) @ 5175: uvm_test_top.env.sb [SCB_PASS] sel=1, d=0, y=0
# # KERNEL: UVM_INFO /home/runner/scoreboard.sv(28) @ 5175: uvm_test_top.env.sb [SCB_PASS] sel=1, d=40, y=40
# # KERNEL: UVM_INFO /home/runner/scoreboard.sv(28) @ 5175: uvm_test_top.env.sb [SCB_PASS] sel=1, d=0, y=0
# # KERNEL: UVM_INFO /home/runner/monitor.sv(33) @ 5195: uvm_test_top.env.agent.mon [MON] Sampled data from Interface
# # KERNEL: UVM_INFO /home/runner/scoreboard.sv(28) @ 5195: uvm_test_top.env.sb [SCB_PASS] sel=0, d=0, y=0
# # KERNEL: UVM_INFO /home/runner/scoreboard.sv(28) @ 5195: uvm_test_top.env.sb [SCB_PASS] sel=0, d=0, y=0
# # KERNEL: UVM_INFO /home/runner/scoreboard.sv(28) @ 5195: uvm_test_top.env.sb [SCB_PASS] sel=0, d=0, y=0
# # KERNEL: UVM_INFO /home/runner/scoreboard.sv(28) @ 5195: uvm_test_top.env.sb [SCB_PASS] sel=0, d=40, y=40
# # KERNEL: UVM_INFO /home/runner/monitor.sv(33) @ 5215: uvm_test_top.env.agent.mon [MON] Sampled data from Interface
# # KERNEL: UVM_INFO /home/runner/scoreboard.sv(28) @ 5215: uvm_test_top.env.sb [SCB_PASS] sel=0, d=0, y=0
# # KERNEL: UVM_INFO /home/runner/scoreboard.sv(28) @ 5215: uvm_test_top.env.sb [SCB_PASS] sel=0, d=0, y=0
# # KERNEL: UVM_INFO /home/runner/scoreboard.sv(28) @ 5215: uvm_test_top.env.sb [SCB_PASS] sel=0, d=0, y=0
# # KERNEL: UVM_INFO /home/runner/scoreboard.sv(28) @ 5215: uvm_test_top.env.sb [SCB_PASS] sel=0, d=40, y=40
# # KERNEL: UVM_INFO /home/runner/monitor.sv(33) @ 5235: uvm_test_top.env.agent.mon [MON] Sampled data from Interface
# # KERNEL: UVM_INFO /home/runner/scoreboard.sv(28) @ 5235: uvm_test_top.env.sb [SCB_PASS] sel=3, d=40, y=40
# # KERNEL: UVM_INFO /home/runner/scoreboard.sv(28) @ 5235: uvm_test_top.env.sb [SCB_PASS] sel=3, d=0, y=0
# # KERNEL: UVM_INFO /home/runner/scoreboard.sv(28) @ 5235: uvm_test_top.env.sb [SCB_PASS] sel=3, d=0, y=0
# # KERNEL: UVM_INFO /home/runner/scoreboard.sv(28) @ 5235: uvm_test_top.env.sb [SCB_PASS] sel=3, d=0, y=0
# # KERNEL: UVM_INFO /home/runner/monitor.sv(33) @ 5255: uvm_test_top.env.agent.mon [MON] Sampled data from Interface
# # KERNEL: UVM_INFO /home/runner/scoreboard.sv(28) @ 5255: uvm_test_top.env.sb [SCB_PASS] sel=3, d=40, y=40
# # KERNEL: UVM_INFO /home/runner/scoreboard.sv(28) @ 5255: uvm_test_top.env.sb [SCB_PASS] sel=3, d=0, y=0
# # KERNEL: UVM_INFO /home/runner/scoreboard.sv(28) @ 5255: uvm_test_top.env.sb [SCB_PASS] sel=3, d=0, y=0
# # KERNEL: UVM_INFO /home/runner/scoreboard.sv(28) @ 5255: uvm_test_top.env.sb [SCB_PASS] sel=3, d=0, y=0
# # KERNEL: UVM_INFO /home/runner/monitor.sv(33) @ 5275: uvm_test_top.env.agent.mon [MON] Sampled data from Interface
# # KERNEL: UVM_INFO /home/runner/scoreboard.sv(28) @ 5275: uvm_test_top.env.sb [SCB_PASS] sel=2, d=0, y=0
# # KERNEL: UVM_INFO /home/runner/scoreboard.sv(28) @ 5275: uvm_test_top.env.sb [SCB_PASS] sel=2, d=40, y=40
# # KERNEL: UVM_INFO /home/runner/scoreboard.sv(28) @ 5275: uvm_test_top.env.sb [SCB_PASS] sel=2, d=0, y=0
# # KERNEL: UVM_INFO /home/runner/scoreboard.sv(28) @ 5275: uvm_test_top.env.sb [SCB_PASS] sel=2, d=0, y=0
# # KERNEL: UVM_INFO /home/runner/monitor.sv(33) @ 5295: uvm_test_top.env.agent.mon [MON] Sampled data from Interface
# # KERNEL: UVM_INFO /home/runner/scoreboard.sv(28) @ 5295: uvm_test_top.env.sb [SCB_PASS] sel=2, d=0, y=0
# # KERNEL: UVM_INFO /home/runner/scoreboard.sv(28) @ 5295: uvm_test_top.env.sb [SCB_PASS] sel=2, d=40, y=40
# # KERNEL: UVM_INFO /home/runner/scoreboard.sv(28) @ 5295: uvm_test_top.env.sb [SCB_PASS] sel=2, d=0, y=0
# # KERNEL: UVM_INFO /home/runner/scoreboard.sv(28) @ 5295: uvm_test_top.env.sb [SCB_PASS] sel=2, d=0, y=0
# # KERNEL: UVM_INFO /home/runner/monitor.sv(33) @ 5315: uvm_test_top.env.agent.mon [MON] Sampled data from Interface
# # KERNEL: UVM_INFO /home/runner/scoreboard.sv(28) @ 5315: uvm_test_top.env.sb [SCB_PASS] sel=1, d=0, y=0
# # KERNEL: UVM_INFO /home/runner/scoreboard.sv(28) @ 5315: uvm_test_top.env.sb [SCB_PASS] sel=1, d=0, y=0
# # KERNEL: UVM_INFO /home/runner/scoreboard.sv(28) @ 5315: uvm_test_top.env.sb [SCB_PASS] sel=1, d=40, y=40
# # KERNEL: UVM_INFO /home/runner/scoreboard.sv(28) @ 5315: uvm_test_top.env.sb [SCB_PASS] sel=1, d=0, y=0
# # KERNEL: UVM_INFO /home/runner/monitor.sv(33) @ 5335: uvm_test_top.env.agent.mon [MON] Sampled data from Interface
# # KERNEL: UVM_INFO /home/runner/scoreboard.sv(28) @ 5335: uvm_test_top.env.sb [SCB_PASS] sel=1, d=0, y=0
# # KERNEL: UVM_INFO /home/runner/scoreboard.sv(28) @ 5335: uvm_test_top.env.sb [SCB_PASS] sel=1, d=0, y=0
# # KERNEL: UVM_INFO /home/runner/scoreboard.sv(28) @ 5335: uvm_test_top.env.sb [SCB_PASS] sel=1, d=40, y=40
# # KERNEL: UVM_INFO /home/runner/scoreboard.sv(28) @ 5335: uvm_test_top.env.sb [SCB_PASS] sel=1, d=0, y=0
# # KERNEL: UVM_INFO /home/runner/monitor.sv(33) @ 5355: uvm_test_top.env.agent.mon [MON] Sampled data from Interface
# # KERNEL: UVM_INFO /home/runner/scoreboard.sv(28) @ 5355: uvm_test_top.env.sb [SCB_PASS] sel=0, d=0, y=0
# # KERNEL: UVM_INFO /home/runner/scoreboard.sv(28) @ 5355: uvm_test_top.env.sb [SCB_PASS] sel=0, d=0, y=0
# # KERNEL: UVM_INFO /home/runner/scoreboard.sv(28) @ 5355: uvm_test_top.env.sb [SCB_PASS] sel=0, d=0, y=0
# # KERNEL: UVM_INFO /home/runner/scoreboard.sv(28) @ 5355: uvm_test_top.env.sb [SCB_PASS] sel=0, d=40, y=40
# # KERNEL: UVM_INFO /home/runner/monitor.sv(33) @ 5375: uvm_test_top.env.agent.mon [MON] Sampled data from Interface
# # KERNEL: UVM_INFO /home/runner/scoreboard.sv(28) @ 5375: uvm_test_top.env.sb [SCB_PASS] sel=0, d=0, y=0
# # KERNEL: UVM_INFO /home/runner/scoreboard.sv(28) @ 5375: uvm_test_top.env.sb [SCB_PASS] sel=0, d=0, y=0
# # KERNEL: UVM_INFO /home/runner/scoreboard.sv(28) @ 5375: uvm_test_top.env.sb [SCB_PASS] sel=0, d=0, y=0
# # KERNEL: UVM_INFO /home/runner/scoreboard.sv(28) @ 5375: uvm_test_top.env.sb [SCB_PASS] sel=0, d=40, y=40
# # KERNEL: UVM_INFO /home/runner/monitor.sv(33) @ 5395: uvm_test_top.env.agent.mon [MON] Sampled data from Interface
# # KERNEL: UVM_INFO /home/runner/scoreboard.sv(28) @ 5395: uvm_test_top.env.sb [SCB_PASS] sel=3, d=40, y=40
# # KERNEL: UVM_INFO /home/runner/scoreboard.sv(28) @ 5395: uvm_test_top.env.sb [SCB_PASS] sel=3, d=0, y=0
# # KERNEL: UVM_INFO /home/runner/scoreboard.sv(28) @ 5395: uvm_test_top.env.sb [SCB_PASS] sel=3, d=0, y=0
# # KERNEL: UVM_INFO /home/runner/scoreboard.sv(28) @ 5395: uvm_test_top.env.sb [SCB_PASS] sel=3, d=0, y=0
# # KERNEL: UVM_INFO /home/runner/monitor.sv(33) @ 5415: uvm_test_top.env.agent.mon [MON] Sampled data from Interface
# # KERNEL: UVM_INFO /home/runner/scoreboard.sv(28) @ 5415: uvm_test_top.env.sb [SCB_PASS] sel=3, d=40, y=40
# # KERNEL: UVM_INFO /home/runner/scoreboard.sv(28) @ 5415: uvm_test_top.env.sb [SCB_PASS] sel=3, d=0, y=0
# # KERNEL: UVM_INFO /home/runner/scoreboard.sv(28) @ 5415: uvm_test_top.env.sb [SCB_PASS] sel=3, d=0, y=0
# # KERNEL: UVM_INFO /home/runner/scoreboard.sv(28) @ 5415: uvm_test_top.env.sb [SCB_PASS] sel=3, d=0, y=0
# # KERNEL: UVM_INFO /home/runner/monitor.sv(33) @ 5435: uvm_test_top.env.agent.mon [MON] Sampled data from Interface
# # KERNEL: UVM_INFO /home/runner/scoreboard.sv(28) @ 5435: uvm_test_top.env.sb [SCB_PASS] sel=2, d=0, y=0
# # KERNEL: UVM_INFO /home/runner/scoreboard.sv(28) @ 5435: uvm_test_top.env.sb [SCB_PASS] sel=2, d=40, y=40
# # KERNEL: UVM_INFO /home/runner/scoreboard.sv(28) @ 5435: uvm_test_top.env.sb [SCB_PASS] sel=2, d=0, y=0
# # KERNEL: UVM_INFO /home/runner/scoreboard.sv(28) @ 5435: uvm_test_top.env.sb [SCB_PASS] sel=2, d=0, y=0
# # KERNEL: UVM_INFO /home/runner/monitor.sv(33) @ 5455: uvm_test_top.env.agent.mon [MON] Sampled data from Interface
# # KERNEL: UVM_INFO /home/runner/scoreboard.sv(28) @ 5455: uvm_test_top.env.sb [SCB_PASS] sel=2, d=0, y=0
# # KERNEL: UVM_INFO /home/runner/scoreboard.sv(28) @ 5455: uvm_test_top.env.sb [SCB_PASS] sel=2, d=40, y=40
# # KERNEL: UVM_INFO /home/runner/scoreboard.sv(28) @ 5455: uvm_test_top.env.sb [SCB_PASS] sel=2, d=0, y=0
# # KERNEL: UVM_INFO /home/runner/scoreboard.sv(28) @ 5455: uvm_test_top.env.sb [SCB_PASS] sel=2, d=0, y=0
# # KERNEL: UVM_INFO /home/runner/monitor.sv(33) @ 5475: uvm_test_top.env.agent.mon [MON] Sampled data from Interface
# # KERNEL: UVM_INFO /home/runner/scoreboard.sv(28) @ 5475: uvm_test_top.env.sb [SCB_PASS] sel=1, d=0, y=0
# # KERNEL: UVM_INFO /home/runner/scoreboard.sv(28) @ 5475: uvm_test_top.env.sb [SCB_PASS] sel=1, d=0, y=0
# # KERNEL: UVM_INFO /home/runner/scoreboard.sv(28) @ 5475: uvm_test_top.env.sb [SCB_PASS] sel=1, d=40, y=40
# # KERNEL: UVM_INFO /home/runner/scoreboard.sv(28) @ 5475: uvm_test_top.env.sb [SCB_PASS] sel=1, d=0, y=0
# # KERNEL: UVM_INFO /home/runner/monitor.sv(33) @ 5495: uvm_test_top.env.agent.mon [MON] Sampled data from Interface
# # KERNEL: UVM_INFO /home/runner/scoreboard.sv(28) @ 5495: uvm_test_top.env.sb [SCB_PASS] sel=1, d=0, y=0
# # KERNEL: UVM_INFO /home/runner/scoreboard.sv(28) @ 5495: uvm_test_top.env.sb [SCB_PASS] sel=1, d=0, y=0
# # KERNEL: UVM_INFO /home/runner/scoreboard.sv(28) @ 5495: uvm_test_top.env.sb [SCB_PASS] sel=1, d=40, y=40
# # KERNEL: UVM_INFO /home/runner/scoreboard.sv(28) @ 5495: uvm_test_top.env.sb [SCB_PASS] sel=1, d=0, y=0
# # KERNEL: UVM_INFO /home/runner/monitor.sv(33) @ 5515: uvm_test_top.env.agent.mon [MON] Sampled data from Interface
# # KERNEL: UVM_INFO /home/runner/scoreboard.sv(28) @ 5515: uvm_test_top.env.sb [SCB_PASS] sel=0, d=0, y=0
# # KERNEL: UVM_INFO /home/runner/scoreboard.sv(28) @ 5515: uvm_test_top.env.sb [SCB_PASS] sel=0, d=0, y=0
# # KERNEL: UVM_INFO /home/runner/scoreboard.sv(28) @ 5515: uvm_test_top.env.sb [SCB_PASS] sel=0, d=0, y=0
# # KERNEL: UVM_INFO /home/runner/scoreboard.sv(28) @ 5515: uvm_test_top.env.sb [SCB_PASS] sel=0, d=40, y=40
# # KERNEL: UVM_INFO /home/runner/monitor.sv(33) @ 5535: uvm_test_top.env.agent.mon [MON] Sampled data from Interface
# # KERNEL: UVM_INFO /home/runner/scoreboard.sv(28) @ 5535: uvm_test_top.env.sb [SCB_PASS] sel=0, d=0, y=0
# # KERNEL: UVM_INFO /home/runner/scoreboard.sv(28) @ 5535: uvm_test_top.env.sb [SCB_PASS] sel=0, d=0, y=0
# # KERNEL: UVM_INFO /home/runner/scoreboard.sv(28) @ 5535: uvm_test_top.env.sb [SCB_PASS] sel=0, d=0, y=0
# # KERNEL: UVM_INFO /home/runner/scoreboard.sv(28) @ 5535: uvm_test_top.env.sb [SCB_PASS] sel=0, d=80, y=80
# # KERNEL: UVM_INFO /home/runner/monitor.sv(33) @ 5555: uvm_test_top.env.agent.mon [MON] Sampled data from Interface
# # KERNEL: UVM_INFO /home/runner/scoreboard.sv(28) @ 5555: uvm_test_top.env.sb [SCB_PASS] sel=3, d=80, y=80
# # KERNEL: UVM_INFO /home/runner/scoreboard.sv(28) @ 5555: uvm_test_top.env.sb [SCB_PASS] sel=3, d=0, y=0
# # KERNEL: UVM_INFO /home/runner/scoreboard.sv(28) @ 5555: uvm_test_top.env.sb [SCB_PASS] sel=3, d=0, y=0
# # KERNEL: UVM_INFO /home/runner/scoreboard.sv(28) @ 5555: uvm_test_top.env.sb [SCB_PASS] sel=3, d=0, y=0
# # KERNEL: UVM_INFO /home/runner/monitor.sv(33) @ 5575: uvm_test_top.env.agent.mon [MON] Sampled data from Interface
# # KERNEL: UVM_INFO /home/runner/scoreboard.sv(28) @ 5575: uvm_test_top.env.sb [SCB_PASS] sel=3, d=80, y=80
# # KERNEL: UVM_INFO /home/runner/scoreboard.sv(28) @ 5575: uvm_test_top.env.sb [SCB_PASS] sel=3, d=0, y=0
# # KERNEL: UVM_INFO /home/runner/scoreboard.sv(28) @ 5575: uvm_test_top.env.sb [SCB_PASS] sel=3, d=0, y=0
# # KERNEL: UVM_INFO /home/runner/scoreboard.sv(28) @ 5575: uvm_test_top.env.sb [SCB_PASS] sel=3, d=0, y=0
# # KERNEL: UVM_INFO /home/runner/monitor.sv(33) @ 5595: uvm_test_top.env.agent.mon [MON] Sampled data from Interface
# # KERNEL: UVM_INFO /home/runner/scoreboard.sv(28) @ 5595: uvm_test_top.env.sb [SCB_PASS] sel=0, d=0, y=0
# # KERNEL: UVM_INFO /home/runner/scoreboard.sv(28) @ 5595: uvm_test_top.env.sb [SCB_PASS] sel=0, d=0, y=0
# # KERNEL: UVM_INFO /home/runner/scoreboard.sv(28) @ 5595: uvm_test_top.env.sb [SCB_PASS] sel=0, d=0, y=0
# # KERNEL: UVM_INFO /home/runner/scoreboard.sv(28) @ 5595: uvm_test_top.env.sb [SCB_PASS] sel=0, d=80, y=80
# # KERNEL: UVM_INFO /home/runner/monitor.sv(33) @ 5615: uvm_test_top.env.agent.mon [MON] Sampled data from Interface
# # KERNEL: UVM_INFO /home/runner/scoreboard.sv(28) @ 5615: uvm_test_top.env.sb [SCB_PASS] sel=1, d=0, y=0
# # KERNEL: UVM_INFO /home/runner/scoreboard.sv(28) @ 5615: uvm_test_top.env.sb [SCB_PASS] sel=1, d=0, y=0
# # KERNEL: UVM_INFO /home/runner/scoreboard.sv(28) @ 5615: uvm_test_top.env.sb [SCB_PASS] sel=1, d=80, y=80
# # KERNEL: UVM_INFO /home/runner/scoreboard.sv(28) @ 5615: uvm_test_top.env.sb [SCB_PASS] sel=1, d=0, y=0
# # KERNEL: UVM_INFO /home/runner/monitor.sv(33) @ 5635: uvm_test_top.env.agent.mon [MON] Sampled data from Interface
# # KERNEL: UVM_INFO /home/runner/scoreboard.sv(28) @ 5635: uvm_test_top.env.sb [SCB_PASS] sel=3, d=80, y=80
# # KERNEL: UVM_INFO /home/runner/scoreboard.sv(28) @ 5635: uvm_test_top.env.sb [SCB_PASS] sel=3, d=0, y=0
# # KERNEL: UVM_INFO /home/runner/scoreboard.sv(28) @ 5635: uvm_test_top.env.sb [SCB_PASS] sel=3, d=0, y=0
# # KERNEL: UVM_INFO /home/runner/scoreboard.sv(28) @ 5635: uvm_test_top.env.sb [SCB_PASS] sel=3, d=0, y=0
# # KERNEL: UVM_INFO /home/runner/monitor.sv(33) @ 5655: uvm_test_top.env.agent.mon [MON] Sampled data from Interface
# # KERNEL: UVM_INFO /home/runner/scoreboard.sv(28) @ 5655: uvm_test_top.env.sb [SCB_PASS] sel=0, d=0, y=0
# # KERNEL: UVM_INFO /home/runner/scoreboard.sv(28) @ 5655: uvm_test_top.env.sb [SCB_PASS] sel=0, d=0, y=0
# # KERNEL: UVM_INFO /home/runner/scoreboard.sv(28) @ 5655: uvm_test_top.env.sb [SCB_PASS] sel=0, d=0, y=0
# # KERNEL: UVM_INFO /home/runner/scoreboard.sv(28) @ 5655: uvm_test_top.env.sb [SCB_PASS] sel=0, d=80, y=80
# # KERNEL: UVM_INFO /home/runner/monitor.sv(33) @ 5675: uvm_test_top.env.agent.mon [MON] Sampled data from Interface
# # KERNEL: UVM_INFO /home/runner/scoreboard.sv(28) @ 5675: uvm_test_top.env.sb [SCB_PASS] sel=2, d=0, y=0
# # KERNEL: UVM_INFO /home/runner/scoreboard.sv(28) @ 5675: uvm_test_top.env.sb [SCB_PASS] sel=2, d=80, y=80
# # KERNEL: UVM_INFO /home/runner/scoreboard.sv(28) @ 5675: uvm_test_top.env.sb [SCB_PASS] sel=2, d=0, y=0
# # KERNEL: UVM_INFO /home/runner/scoreboard.sv(28) @ 5675: uvm_test_top.env.sb [SCB_PASS] sel=2, d=0, y=0
# # KERNEL: UVM_INFO /home/runner/monitor.sv(33) @ 5695: uvm_test_top.env.agent.mon [MON] Sampled data from Interface
# # KERNEL: UVM_INFO /home/runner/scoreboard.sv(28) @ 5695: uvm_test_top.env.sb [SCB_PASS] sel=3, d=80, y=80
# # KERNEL: UVM_INFO /home/runner/scoreboard.sv(28) @ 5695: uvm_test_top.env.sb [SCB_PASS] sel=3, d=0, y=0
# # KERNEL: UVM_INFO /home/runner/scoreboard.sv(28) @ 5695: uvm_test_top.env.sb [SCB_PASS] sel=3, d=0, y=0
# # KERNEL: UVM_INFO /home/runner/scoreboard.sv(28) @ 5695: uvm_test_top.env.sb [SCB_PASS] sel=3, d=0, y=0
# # KERNEL: UVM_INFO /home/runner/monitor.sv(33) @ 5715: uvm_test_top.env.agent.mon [MON] Sampled data from Interface
# # KERNEL: UVM_INFO /home/runner/scoreboard.sv(28) @ 5715: uvm_test_top.env.sb [SCB_PASS] sel=1, d=0, y=0
# # KERNEL: UVM_INFO /home/runner/scoreboard.sv(28) @ 5715: uvm_test_top.env.sb [SCB_PASS] sel=1, d=0, y=0
# # KERNEL: UVM_INFO /home/runner/scoreboard.sv(28) @ 5715: uvm_test_top.env.sb [SCB_PASS] sel=1, d=80, y=80
# # KERNEL: UVM_INFO /home/runner/scoreboard.sv(28) @ 5715: uvm_test_top.env.sb [SCB_PASS] sel=1, d=0, y=0
# # KERNEL: UVM_INFO /home/runner/monitor.sv(33) @ 5735: uvm_test_top.env.agent.mon [MON] Sampled data from Interface
# # KERNEL: UVM_INFO /home/runner/scoreboard.sv(28) @ 5735: uvm_test_top.env.sb [SCB_PASS] sel=2, d=0, y=0
# # KERNEL: UVM_INFO /home/runner/scoreboard.sv(28) @ 5735: uvm_test_top.env.sb [SCB_PASS] sel=2, d=80, y=80
# # KERNEL: UVM_INFO /home/runner/scoreboard.sv(28) @ 5735: uvm_test_top.env.sb [SCB_PASS] sel=2, d=0, y=0
# # KERNEL: UVM_INFO /home/runner/scoreboard.sv(28) @ 5735: uvm_test_top.env.sb [SCB_PASS] sel=2, d=0, y=0
# # KERNEL: UVM_INFO /home/runner/monitor.sv(33) @ 5755: uvm_test_top.env.agent.mon [MON] Sampled data from Interface
# # KERNEL: UVM_INFO /home/runner/scoreboard.sv(28) @ 5755: uvm_test_top.env.sb [SCB_PASS] sel=0, d=0, y=0
# # KERNEL: UVM_INFO /home/runner/scoreboard.sv(28) @ 5755: uvm_test_top.env.sb [SCB_PASS] sel=0, d=0, y=0
# # KERNEL: UVM_INFO /home/runner/scoreboard.sv(28) @ 5755: uvm_test_top.env.sb [SCB_PASS] sel=0, d=0, y=0
# # KERNEL: UVM_INFO /home/runner/scoreboard.sv(28) @ 5755: uvm_test_top.env.sb [SCB_PASS] sel=0, d=80, y=80
# # KERNEL: UVM_INFO /home/runner/monitor.sv(33) @ 5775: uvm_test_top.env.agent.mon [MON] Sampled data from Interface
# # KERNEL: UVM_INFO /home/runner/scoreboard.sv(28) @ 5775: uvm_test_top.env.sb [SCB_PASS] sel=1, d=0, y=0
# # KERNEL: UVM_INFO /home/runner/scoreboard.sv(28) @ 5775: uvm_test_top.env.sb [SCB_PASS] sel=1, d=0, y=0
# # KERNEL: UVM_INFO /home/runner/scoreboard.sv(28) @ 5775: uvm_test_top.env.sb [SCB_PASS] sel=1, d=80, y=80
# # KERNEL: UVM_INFO /home/runner/scoreboard.sv(28) @ 5775: uvm_test_top.env.sb [SCB_PASS] sel=1, d=0, y=0
# # KERNEL: UVM_INFO /home/runner/monitor.sv(33) @ 5795: uvm_test_top.env.agent.mon [MON] Sampled data from Interface
# # KERNEL: UVM_INFO /home/runner/scoreboard.sv(28) @ 5795: uvm_test_top.env.sb [SCB_PASS] sel=3, d=80, y=80
# # KERNEL: UVM_INFO /home/runner/scoreboard.sv(28) @ 5795: uvm_test_top.env.sb [SCB_PASS] sel=3, d=0, y=0
# # KERNEL: UVM_INFO /home/runner/scoreboard.sv(28) @ 5795: uvm_test_top.env.sb [SCB_PASS] sel=3, d=0, y=0
# # KERNEL: UVM_INFO /home/runner/scoreboard.sv(28) @ 5795: uvm_test_top.env.sb [SCB_PASS] sel=3, d=0, y=0
# # KERNEL: UVM_INFO /home/runner/monitor.sv(33) @ 5815: uvm_test_top.env.agent.mon [MON] Sampled data from Interface
# # KERNEL: UVM_INFO /home/runner/scoreboard.sv(28) @ 5815: uvm_test_top.env.sb [SCB_PASS] sel=0, d=0, y=0
# # KERNEL: UVM_INFO /home/runner/scoreboard.sv(28) @ 5815: uvm_test_top.env.sb [SCB_PASS] sel=0, d=0, y=0
# # KERNEL: UVM_INFO /home/runner/scoreboard.sv(28) @ 5815: uvm_test_top.env.sb [SCB_PASS] sel=0, d=0, y=0
# # KERNEL: UVM_INFO /home/runner/scoreboard.sv(28) @ 5815: uvm_test_top.env.sb [SCB_PASS] sel=0, d=80, y=80
# # KERNEL: UVM_INFO /home/runner/monitor.sv(33) @ 5835: uvm_test_top.env.agent.mon [MON] Sampled data from Interface
# # KERNEL: UVM_INFO /home/runner/scoreboard.sv(28) @ 5835: uvm_test_top.env.sb [SCB_PASS] sel=2, d=0, y=0
# # KERNEL: UVM_INFO /home/runner/scoreboard.sv(28) @ 5835: uvm_test_top.env.sb [SCB_PASS] sel=2, d=80, y=80
# # KERNEL: UVM_INFO /home/runner/scoreboard.sv(28) @ 5835: uvm_test_top.env.sb [SCB_PASS] sel=2, d=0, y=0
# # KERNEL: UVM_INFO /home/runner/scoreboard.sv(28) @ 5835: uvm_test_top.env.sb [SCB_PASS] sel=2, d=0, y=0
# # KERNEL: UVM_INFO /home/runner/monitor.sv(33) @ 5855: uvm_test_top.env.agent.mon [MON] Sampled data from Interface
# # KERNEL: UVM_INFO /home/runner/scoreboard.sv(28) @ 5855: uvm_test_top.env.sb [SCB_PASS] sel=3, d=80, y=80
# # KERNEL: UVM_INFO /home/runner/scoreboard.sv(28) @ 5855: uvm_test_top.env.sb [SCB_PASS] sel=3, d=0, y=0
# # KERNEL: UVM_INFO /home/runner/scoreboard.sv(28) @ 5855: uvm_test_top.env.sb [SCB_PASS] sel=3, d=0, y=0
# # KERNEL: UVM_INFO /home/runner/scoreboard.sv(28) @ 5855: uvm_test_top.env.sb [SCB_PASS] sel=3, d=0, y=0
# # KERNEL: UVM_INFO /home/runner/monitor.sv(33) @ 5875: uvm_test_top.env.agent.mon [MON] Sampled data from Interface
# # KERNEL: UVM_INFO /home/runner/scoreboard.sv(28) @ 5875: uvm_test_top.env.sb [SCB_PASS] sel=1, d=0, y=0
# # KERNEL: UVM_INFO /home/runner/scoreboard.sv(28) @ 5875: uvm_test_top.env.sb [SCB_PASS] sel=1, d=0, y=0
# # KERNEL: UVM_INFO /home/runner/scoreboard.sv(28) @ 5875: uvm_test_top.env.sb [SCB_PASS] sel=1, d=80, y=80
# # KERNEL: UVM_INFO /home/runner/scoreboard.sv(28) @ 5875: uvm_test_top.env.sb [SCB_PASS] sel=1, d=0, y=0
# # KERNEL: UVM_INFO /home/runner/monitor.sv(33) @ 5895: uvm_test_top.env.agent.mon [MON] Sampled data from Interface
# # KERNEL: UVM_INFO /home/runner/scoreboard.sv(28) @ 5895: uvm_test_top.env.sb [SCB_PASS] sel=2, d=0, y=0
# # KERNEL: UVM_INFO /home/runner/scoreboard.sv(28) @ 5895: uvm_test_top.env.sb [SCB_PASS] sel=2, d=80, y=80
# # KERNEL: UVM_INFO /home/runner/scoreboard.sv(28) @ 5895: uvm_test_top.env.sb [SCB_PASS] sel=2, d=0, y=0
# # KERNEL: UVM_INFO /home/runner/scoreboard.sv(28) @ 5895: uvm_test_top.env.sb [SCB_PASS] sel=2, d=0, y=0
# # KERNEL: UVM_INFO /home/runner/monitor.sv(33) @ 5915: uvm_test_top.env.agent.mon [MON] Sampled data from Interface
# # KERNEL: UVM_INFO /home/runner/scoreboard.sv(28) @ 5915: uvm_test_top.env.sb [SCB_PASS] sel=0, d=0, y=0
# # KERNEL: UVM_INFO /home/runner/scoreboard.sv(28) @ 5915: uvm_test_top.env.sb [SCB_PASS] sel=0, d=0, y=0
# # KERNEL: UVM_INFO /home/runner/scoreboard.sv(28) @ 5915: uvm_test_top.env.sb [SCB_PASS] sel=0, d=0, y=0
# # KERNEL: UVM_INFO /home/runner/scoreboard.sv(28) @ 5915: uvm_test_top.env.sb [SCB_PASS] sel=0, d=80, y=80
# # KERNEL: UVM_INFO /home/runner/monitor.sv(33) @ 5935: uvm_test_top.env.agent.mon [MON] Sampled data from Interface
# # KERNEL: UVM_INFO /home/runner/scoreboard.sv(28) @ 5935: uvm_test_top.env.sb [SCB_PASS] sel=1, d=0, y=0
# # KERNEL: UVM_INFO /home/runner/scoreboard.sv(28) @ 5935: uvm_test_top.env.sb [SCB_PASS] sel=1, d=0, y=0
# # KERNEL: UVM_INFO /home/runner/scoreboard.sv(28) @ 5935: uvm_test_top.env.sb [SCB_PASS] sel=1, d=80, y=80
# # KERNEL: UVM_INFO /home/runner/scoreboard.sv(28) @ 5935: uvm_test_top.env.sb [SCB_PASS] sel=1, d=0, y=0
# # KERNEL: UVM_INFO /home/runner/monitor.sv(33) @ 5955: uvm_test_top.env.agent.mon [MON] Sampled data from Interface
# # KERNEL: UVM_INFO /home/runner/scoreboard.sv(28) @ 5955: uvm_test_top.env.sb [SCB_PASS] sel=3, d=80, y=80
# # KERNEL: UVM_INFO /home/runner/scoreboard.sv(28) @ 5955: uvm_test_top.env.sb [SCB_PASS] sel=3, d=0, y=0
# # KERNEL: UVM_INFO /home/runner/scoreboard.sv(28) @ 5955: uvm_test_top.env.sb [SCB_PASS] sel=3, d=0, y=0
# # KERNEL: UVM_INFO /home/runner/scoreboard.sv(28) @ 5955: uvm_test_top.env.sb [SCB_PASS] sel=3, d=0, y=0
# # KERNEL: UVM_INFO /home/runner/monitor.sv(33) @ 5975: uvm_test_top.env.agent.mon [MON] Sampled data from Interface
# # KERNEL: UVM_INFO /home/runner/scoreboard.sv(28) @ 5975: uvm_test_top.env.sb [SCB_PASS] sel=0, d=0, y=0
# # KERNEL: UVM_INFO /home/runner/scoreboard.sv(28) @ 5975: uvm_test_top.env.sb [SCB_PASS] sel=0, d=0, y=0
# # KERNEL: UVM_INFO /home/runner/scoreboard.sv(28) @ 5975: uvm_test_top.env.sb [SCB_PASS] sel=0, d=0, y=0
# # KERNEL: UVM_INFO /home/runner/scoreboard.sv(28) @ 5975: uvm_test_top.env.sb [SCB_PASS] sel=0, d=80, y=80
# # KERNEL: UVM_INFO /home/runner/monitor.sv(33) @ 5995: uvm_test_top.env.agent.mon [MON] Sampled data from Interface
# # KERNEL: UVM_INFO /home/runner/scoreboard.sv(28) @ 5995: uvm_test_top.env.sb [SCB_PASS] sel=2, d=0, y=0
# # KERNEL: UVM_INFO /home/runner/scoreboard.sv(28) @ 5995: uvm_test_top.env.sb [SCB_PASS] sel=2, d=80, y=80
# # KERNEL: UVM_INFO /home/runner/scoreboard.sv(28) @ 5995: uvm_test_top.env.sb [SCB_PASS] sel=2, d=0, y=0
# # KERNEL: UVM_INFO /home/runner/scoreboard.sv(28) @ 5995: uvm_test_top.env.sb [SCB_PASS] sel=2, d=0, y=0
# # KERNEL: UVM_INFO ./uvm-1.2/src/base/uvm_objection.svh(1271) @ 6005: reporter [TEST_DONE] 'run' phase is ready to proceed to the 'extract' phase
# # KERNEL: UVM_INFO ./uvm-1.2/src/base/uvm_report_server.svh(869) @ 6005: reporter [UVM/REPORT/SERVER] 
# # KERNEL: --- UVM Report Summary ---
# # KERNEL: 
# # KERNEL: ** Report counts by severity
# # KERNEL: UVM_INFO : 1512
# # KERNEL: UVM_WARNING :    0
# # KERNEL: UVM_ERROR :    0
# # KERNEL: UVM_FATAL :    0
# # KERNEL: ** Report counts by id
# # KERNEL: [MASTER_SEQ]     5
# # KERNEL: [MON]   300
# # KERNEL: [RNTST]     1
# # KERNEL: [SCB_PASS]  1200
# # KERNEL: [SEQ]     4
# # KERNEL: [TEST_DONE]     1
# # KERNEL: [UVM/RELNOTES]     1
# # KERNEL: 
# # RUNTIME: Info: RUNTIME_0068 uvm_root.svh (521): $finish called.
# # KERNEL: Time: 6005 ns,  Iteration: 57,  Instance: /top,  Process: @INITIAL#31_2@.
# # KERNEL: stopped at time: 6005 ns
# # VSIM: Simulation has finished. There are no more test vectors to simulate.
