[2026-04-20 08:59:03 UTC] vlib work && vlog '-timescale' '1ns/1ns' +incdir+$RIVIERA_HOME/vlib/uvm-1.2/src -l uvm_1_2 -err VCP2947 W9 -err VCP2974 W9 -err VCP3003 W9 -err VCP5417 W9 -err VCP6120 W9 -err VCP7862 W9 -err VCP2129 W9 design.sv testbench.sv  && vsim -c -do run.do 
VSIMSA: Configuration file changed: `/home/runner/library.cfg'
ALIB: Library "work" attached.
work = ./work/work.lib
MESSAGE_SP VCP2124 "Package uvm_pkg found in library uvm_1_2."
MESSAGE "ASRT_7002: Due to optimizations some assertions from source code will be evaluated in non LRM complaint mode. Use switch -ao_off to turn off this optimization."
MESSAGE "Unit top modules: tb_top."
SUCCESS "Compile success 0 Errors 0 Warnings  Analysis time: 6[s]."
done
# Aldec, Inc. Riviera-PRO version 2025.04.139.9738 built for Linux64 on May 30, 2025.
# HDL, SystemC, and Assertions simulator, debugger, and design environment.
# (c) 1999-2025 Aldec, Inc. All rights reserved.
vsim +access+r;
# ELBREAD: Elaboration process.
# ELBREAD: Warning: ELBREAD_0049 The "uvm_pkg" design unit does not have a time unit/precision defined but other design units do.
# ELBREAD: Elaboration time 0.6 [s].
# KERNEL: Main thread initiated.
# KERNEL: Kernel process initialization phase.
# ELAB2: Elaboration final pass...
# KERNEL: PLI/VHPI kernel's engine initialization done.
# PLI: Loading library '/usr/share/Riviera-PRO/bin/libsystf.so'
# ELAB2: Create instances ...
# KERNEL: Info: Loading library:  /usr/share/Riviera-PRO/bin/uvm_1_2_dpi
# KERNEL: Time resolution set to 1ns.
# ELAB2: Create instances complete.
# SLP: Started
# SLP: Elaboration phase ...
# SLP: Elaboration phase ... done : 0.1 [s]
# SLP: Generation phase ...
# SLP: Generation phase ... done : 0.1 [s]
# SLP: Finished : 0.2 [s]
# SLP: 0 primitives and 4 (28.57%) other processes in SLP
# SLP: 30 (0.10%) signals in SLP and 91 (0.29%) interface signals
# ELAB2: Elaboration final pass complete - time: 2.4 [s].
# KERNEL: SLP loading done - time: 0.0 [s].
# KERNEL: Warning: You are using the Riviera-PRO EDU Edition. The performance of simulation is reduced.
# KERNEL: Warning: Contact Aldec for available upgrade options - sales@aldec.com.
# KERNEL: SLP simulation initialization done - time: 0.0 [s].
# KERNEL: Kernel process initialization done.
# Allocation: Simulator allocated 31199 kB (elbread=2147 elab2=24115 kernel=4937 sdf=0)
# KERNEL: UVM_INFO ./uvm-1.2/src/base/uvm_root.svh(392) @ 0: reporter [UVM/RELNOTES] 
# KERNEL: ----------------------------------------------------------------
# KERNEL: UVM-1.2
# KERNEL: (C) 2007-2014 Mentor Graphics Corporation
# KERNEL: (C) 2007-2014 Cadence Design Systems, Inc.
# KERNEL: (C) 2006-2014 Synopsys, Inc.
# KERNEL: (C) 2011-2013 Cypress Semiconductor Corp.
# KERNEL: (C) 2013-2014 NVIDIA Corporation
# KERNEL: ----------------------------------------------------------------
# KERNEL: 
# KERNEL:   ***********       IMPORTANT RELEASE NOTES         ************
# KERNEL: 
# KERNEL:   You are using a version of the UVM library that has been compiled
# KERNEL:   with `UVM_NO_DEPRECATED undefined.
# KERNEL:   See http://www.eda.org/svdb/view.php?id=3313 for more details.
# KERNEL: 
# KERNEL:   You are using a version of the UVM library that has been compiled
# KERNEL:   with `UVM_OBJECT_DO_NOT_NEED_CONSTRUCTOR undefined.
# KERNEL:   See http://www.eda.org/svdb/view.php?id=3770 for more details.
# KERNEL: 
# KERNEL:       (Specify +UVM_NO_RELNOTES to turn off this notice)
# KERNEL: 
# KERNEL: ASDB file was created in location /home/runner/dataset.asdb
run -all;
# KERNEL: UVM_INFO @ 0: reporter [RNTST] Running test fifo_test...
# KERNEL: UVM_INFO /home/runner/test.sv(21) @ 0: uvm_test_top [fifo_test] Starting test...
# KERNEL: UVM_INFO /home/runner/driver.sv(36) @ 0: uvm_test_top.env.agent.drv [DRV] rst_n = 0, wr_en=1, wdata=6e, rd_en=0
# KERNEL: UVM_INFO /home/runner/driver.sv(36) @ 5: uvm_test_top.env.agent.drv [DRV] rst_n = 0, wr_en=0, wdata=18, rd_en=1
# KERNEL: UVM_INFO /home/runner/monitor.sv(34) @ 15: uvm_test_top.env.agent.mon [MON] rst_n=0, wr_en=1, wdata=6e, rd_en=0, rdata=xx, full=0, empty=1
# KERNEL: UVM_INFO /home/runner/scoreboard.sv(79) @ 15: uvm_test_top.env.scb [SCB_RST] System in Reset, checking for clear outputs
# KERNEL: UVM_INFO /home/runner/master_seq.sv(29) @ 15: uvm_test_top.env.agent.sqr@@seq [MASTER_SEQ] Starting Sequence 1...
# KERNEL: UVM_INFO /home/runner/sequence1.sv(13) @ 15: uvm_test_top.env.agent.sqr@@s1 [fifo_directed_sequence] Starting sequence 1 body
# KERNEL: UVM_INFO /home/runner/driver.sv(36) @ 15: uvm_test_top.env.agent.drv [DRV] rst_n = 1, wr_en=1, wdata=17, rd_en=0
# KERNEL: UVM_INFO /home/runner/monitor.sv(34) @ 25: uvm_test_top.env.agent.mon [MON] rst_n=0, wr_en=0, wdata=18, rd_en=1, rdata=xx, full=0, empty=1
# KERNEL: UVM_INFO /home/runner/scoreboard.sv(79) @ 25: uvm_test_top.env.scb [SCB_RST] System in Reset, checking for clear outputs
# KERNEL: UVM_INFO /home/runner/driver.sv(36) @ 25: uvm_test_top.env.agent.drv [DRV] rst_n = 1, wr_en=1, wdata=27, rd_en=0
# KERNEL: UVM_INFO /home/runner/monitor.sv(34) @ 35: uvm_test_top.env.agent.mon [MON] rst_n=1, wr_en=1, wdata=17, rd_en=0, rdata=xx, full=0, empty=1
# KERNEL: UVM_INFO /home/runner/scoreboard.sv(35) @ 35: uvm_test_top.env.scb [fifo_scoreboard] Scoreboard received item
# KERNEL: UVM_INFO /home/runner/scoreboard.sv(64) @ 35: uvm_test_top.env.scb [fifo_scoreboard] Scoreboard received item
# KERNEL: UVM_INFO /home/runner/scoreboard.sv(68) @ 35: uvm_test_top.env.scb [SCB_WR] DATA WRITTEN=17 ,count = 1
# KERNEL: UVM_INFO /home/runner/driver.sv(36) @ 35: uvm_test_top.env.agent.drv [DRV] rst_n = 1, wr_en=1, wdata=12, rd_en=0
# KERNEL: UVM_INFO /home/runner/monitor.sv(34) @ 45: uvm_test_top.env.agent.mon [MON] rst_n=1, wr_en=1, wdata=27, rd_en=0, rdata=xx, full=0, empty=0
# KERNEL: UVM_INFO /home/runner/scoreboard.sv(35) @ 45: uvm_test_top.env.scb [fifo_scoreboard] Scoreboard received item
# KERNEL: UVM_INFO /home/runner/scoreboard.sv(64) @ 45: uvm_test_top.env.scb [fifo_scoreboard] Scoreboard received item
# KERNEL: UVM_INFO /home/runner/scoreboard.sv(68) @ 45: uvm_test_top.env.scb [SCB_WR] DATA WRITTEN=27 ,count = 2
# KERNEL: UVM_INFO /home/runner/driver.sv(36) @ 45: uvm_test_top.env.agent.drv [DRV] rst_n = 1, wr_en=1, wdata=d6, rd_en=0
# KERNEL: UVM_INFO /home/runner/monitor.sv(34) @ 55: uvm_test_top.env.agent.mon [MON] rst_n=1, wr_en=1, wdata=12, rd_en=0, rdata=xx, full=0, empty=0
# KERNEL: UVM_INFO /home/runner/scoreboard.sv(35) @ 55: uvm_test_top.env.scb [fifo_scoreboard] Scoreboard received item
# KERNEL: UVM_INFO /home/runner/scoreboard.sv(64) @ 55: uvm_test_top.env.scb [fifo_scoreboard] Scoreboard received item
# KERNEL: UVM_INFO /home/runner/scoreboard.sv(68) @ 55: uvm_test_top.env.scb [SCB_WR] DATA WRITTEN=12 ,count = 3
# KERNEL: UVM_INFO /home/runner/driver.sv(36) @ 55: uvm_test_top.env.agent.drv [DRV] rst_n = 1, wr_en=1, wdata=75, rd_en=0
# KERNEL: UVM_INFO /home/runner/monitor.sv(34) @ 65: uvm_test_top.env.agent.mon [MON] rst_n=1, wr_en=1, wdata=d6, rd_en=0, rdata=xx, full=0, empty=0
# KERNEL: UVM_INFO /home/runner/scoreboard.sv(35) @ 65: uvm_test_top.env.scb [fifo_scoreboard] Scoreboard received item
# KERNEL: UVM_INFO /home/runner/scoreboard.sv(64) @ 65: uvm_test_top.env.scb [fifo_scoreboard] Scoreboard received item
# KERNEL: UVM_INFO /home/runner/scoreboard.sv(68) @ 65: uvm_test_top.env.scb [SCB_WR] DATA WRITTEN=d6 ,count = 4
# KERNEL: UVM_INFO /home/runner/driver.sv(36) @ 65: uvm_test_top.env.agent.drv [DRV] rst_n = 1, wr_en=1, wdata=ed, rd_en=0
# KERNEL: UVM_INFO /home/runner/monitor.sv(34) @ 75: uvm_test_top.env.agent.mon [MON] rst_n=1, wr_en=1, wdata=75, rd_en=0, rdata=xx, full=0, empty=0
# KERNEL: UVM_INFO /home/runner/scoreboard.sv(35) @ 75: uvm_test_top.env.scb [fifo_scoreboard] Scoreboard received item
# KERNEL: UVM_INFO /home/runner/scoreboard.sv(64) @ 75: uvm_test_top.env.scb [fifo_scoreboard] Scoreboard received item
# KERNEL: UVM_INFO /home/runner/scoreboard.sv(68) @ 75: uvm_test_top.env.scb [SCB_WR] DATA WRITTEN=75 ,count = 5
# KERNEL: UVM_INFO /home/runner/driver.sv(36) @ 75: uvm_test_top.env.agent.drv [DRV] rst_n = 1, wr_en=1, wdata=40, rd_en=0
# KERNEL: UVM_INFO /home/runner/monitor.sv(34) @ 85: uvm_test_top.env.agent.mon [MON] rst_n=1, wr_en=1, wdata=ed, rd_en=0, rdata=xx, full=0, empty=0
# KERNEL: UVM_INFO /home/runner/scoreboard.sv(35) @ 85: uvm_test_top.env.scb [fifo_scoreboard] Scoreboard received item
# KERNEL: UVM_INFO /home/runner/scoreboard.sv(64) @ 85: uvm_test_top.env.scb [fifo_scoreboard] Scoreboard received item
# KERNEL: UVM_INFO /home/runner/scoreboard.sv(68) @ 85: uvm_test_top.env.scb [SCB_WR] DATA WRITTEN=ed ,count = 6
# KERNEL: UVM_INFO /home/runner/driver.sv(36) @ 85: uvm_test_top.env.agent.drv [DRV] rst_n = 1, wr_en=1, wdata=6c, rd_en=0
# KERNEL: UVM_INFO /home/runner/monitor.sv(34) @ 95: uvm_test_top.env.agent.mon [MON] rst_n=1, wr_en=1, wdata=40, rd_en=0, rdata=xx, full=0, empty=0
# KERNEL: UVM_INFO /home/runner/scoreboard.sv(35) @ 95: uvm_test_top.env.scb [fifo_scoreboard] Scoreboard received item
# KERNEL: UVM_INFO /home/runner/scoreboard.sv(64) @ 95: uvm_test_top.env.scb [fifo_scoreboard] Scoreboard received item
# KERNEL: UVM_INFO /home/runner/scoreboard.sv(68) @ 95: uvm_test_top.env.scb [SCB_WR] DATA WRITTEN=40 ,count = 7
# KERNEL: UVM_INFO /home/runner/driver.sv(36) @ 95: uvm_test_top.env.agent.drv [DRV] rst_n = 1, wr_en=1, wdata=73, rd_en=0
# KERNEL: UVM_INFO /home/runner/monitor.sv(34) @ 105: uvm_test_top.env.agent.mon [MON] rst_n=1, wr_en=1, wdata=6c, rd_en=0, rdata=xx, full=0, empty=0
# KERNEL: UVM_INFO /home/runner/scoreboard.sv(35) @ 105: uvm_test_top.env.scb [fifo_scoreboard] Scoreboard received item
# KERNEL: UVM_INFO /home/runner/scoreboard.sv(64) @ 105: uvm_test_top.env.scb [fifo_scoreboard] Scoreboard received item
# KERNEL: UVM_INFO /home/runner/scoreboard.sv(68) @ 105: uvm_test_top.env.scb [SCB_WR] DATA WRITTEN=6c ,count = 8
# KERNEL: UVM_INFO /home/runner/driver.sv(36) @ 105: uvm_test_top.env.agent.drv [DRV] rst_n = 1, wr_en=1, wdata=53, rd_en=0
# KERNEL: UVM_INFO /home/runner/monitor.sv(34) @ 115: uvm_test_top.env.agent.mon [MON] rst_n=1, wr_en=1, wdata=73, rd_en=0, rdata=xx, full=0, empty=0
# KERNEL: UVM_INFO /home/runner/scoreboard.sv(35) @ 115: uvm_test_top.env.scb [fifo_scoreboard] Scoreboard received item
# KERNEL: UVM_INFO /home/runner/scoreboard.sv(64) @ 115: uvm_test_top.env.scb [fifo_scoreboard] Scoreboard received item
# KERNEL: UVM_INFO /home/runner/scoreboard.sv(68) @ 115: uvm_test_top.env.scb [SCB_WR] DATA WRITTEN=73 ,count = 9
# KERNEL: UVM_INFO /home/runner/driver.sv(36) @ 115: uvm_test_top.env.agent.drv [DRV] rst_n = 1, wr_en=1, wdata=e, rd_en=0
# KERNEL: UVM_INFO /home/runner/monitor.sv(34) @ 125: uvm_test_top.env.agent.mon [MON] rst_n=1, wr_en=1, wdata=53, rd_en=0, rdata=xx, full=0, empty=0
# KERNEL: UVM_INFO /home/runner/scoreboard.sv(35) @ 125: uvm_test_top.env.scb [fifo_scoreboard] Scoreboard received item
# KERNEL: UVM_INFO /home/runner/scoreboard.sv(64) @ 125: uvm_test_top.env.scb [fifo_scoreboard] Scoreboard received item
# KERNEL: UVM_INFO /home/runner/scoreboard.sv(68) @ 125: uvm_test_top.env.scb [SCB_WR] DATA WRITTEN=53 ,count = 10
# KERNEL: UVM_INFO /home/runner/driver.sv(36) @ 125: uvm_test_top.env.agent.drv [DRV] rst_n = 1, wr_en=1, wdata=a2, rd_en=0
# KERNEL: UVM_INFO /home/runner/monitor.sv(34) @ 135: uvm_test_top.env.agent.mon [MON] rst_n=1, wr_en=1, wdata=e, rd_en=0, rdata=xx, full=0, empty=0
# KERNEL: UVM_INFO /home/runner/scoreboard.sv(35) @ 135: uvm_test_top.env.scb [fifo_scoreboard] Scoreboard received item
# KERNEL: UVM_INFO /home/runner/scoreboard.sv(64) @ 135: uvm_test_top.env.scb [fifo_scoreboard] Scoreboard received item
# KERNEL: UVM_INFO /home/runner/scoreboard.sv(68) @ 135: uvm_test_top.env.scb [SCB_WR] DATA WRITTEN=e ,count = 11
# KERNEL: UVM_INFO /home/runner/driver.sv(36) @ 135: uvm_test_top.env.agent.drv [DRV] rst_n = 1, wr_en=1, wdata=11, rd_en=0
# KERNEL: UVM_INFO /home/runner/monitor.sv(34) @ 145: uvm_test_top.env.agent.mon [MON] rst_n=1, wr_en=1, wdata=a2, rd_en=0, rdata=xx, full=0, empty=0
# KERNEL: UVM_INFO /home/runner/scoreboard.sv(35) @ 145: uvm_test_top.env.scb [fifo_scoreboard] Scoreboard received item
# KERNEL: UVM_INFO /home/runner/scoreboard.sv(64) @ 145: uvm_test_top.env.scb [fifo_scoreboard] Scoreboard received item
# KERNEL: UVM_INFO /home/runner/scoreboard.sv(68) @ 145: uvm_test_top.env.scb [SCB_WR] DATA WRITTEN=a2 ,count = 12
# KERNEL: UVM_INFO /home/runner/driver.sv(36) @ 145: uvm_test_top.env.agent.drv [DRV] rst_n = 1, wr_en=1, wdata=59, rd_en=0
# KERNEL: UVM_INFO /home/runner/monitor.sv(34) @ 155: uvm_test_top.env.agent.mon [MON] rst_n=1, wr_en=1, wdata=11, rd_en=0, rdata=xx, full=0, empty=0
# KERNEL: UVM_INFO /home/runner/scoreboard.sv(35) @ 155: uvm_test_top.env.scb [fifo_scoreboard] Scoreboard received item
# KERNEL: UVM_INFO /home/runner/scoreboard.sv(64) @ 155: uvm_test_top.env.scb [fifo_scoreboard] Scoreboard received item
# KERNEL: UVM_INFO /home/runner/scoreboard.sv(68) @ 155: uvm_test_top.env.scb [SCB_WR] DATA WRITTEN=11 ,count = 13
# KERNEL: UVM_INFO /home/runner/driver.sv(36) @ 155: uvm_test_top.env.agent.drv [DRV] rst_n = 1, wr_en=1, wdata=7c, rd_en=0
# KERNEL: UVM_INFO /home/runner/monitor.sv(34) @ 165: uvm_test_top.env.agent.mon [MON] rst_n=1, wr_en=1, wdata=59, rd_en=0, rdata=xx, full=0, empty=0
# KERNEL: UVM_INFO /home/runner/scoreboard.sv(35) @ 165: uvm_test_top.env.scb [fifo_scoreboard] Scoreboard received item
# KERNEL: UVM_INFO /home/runner/scoreboard.sv(64) @ 165: uvm_test_top.env.scb [fifo_scoreboard] Scoreboard received item
# KERNEL: UVM_INFO /home/runner/scoreboard.sv(68) @ 165: uvm_test_top.env.scb [SCB_WR] DATA WRITTEN=59 ,count = 14
# KERNEL: UVM_INFO /home/runner/driver.sv(36) @ 165: uvm_test_top.env.agent.drv [DRV] rst_n = 1, wr_en=1, wdata=78, rd_en=0
# KERNEL: UVM_INFO /home/runner/monitor.sv(34) @ 175: uvm_test_top.env.agent.mon [MON] rst_n=1, wr_en=1, wdata=7c, rd_en=0, rdata=xx, full=0, empty=0
# KERNEL: UVM_INFO /home/runner/scoreboard.sv(35) @ 175: uvm_test_top.env.scb [fifo_scoreboard] Scoreboard received item
# KERNEL: UVM_INFO /home/runner/scoreboard.sv(64) @ 175: uvm_test_top.env.scb [fifo_scoreboard] Scoreboard received item
# KERNEL: UVM_INFO /home/runner/scoreboard.sv(68) @ 175: uvm_test_top.env.scb [SCB_WR] DATA WRITTEN=7c ,count = 15
# KERNEL: UVM_INFO /home/runner/driver.sv(36) @ 175: uvm_test_top.env.agent.drv [DRV] rst_n = 1, wr_en=1, wdata=4f, rd_en=0
# KERNEL: UVM_INFO /home/runner/monitor.sv(34) @ 185: uvm_test_top.env.agent.mon [MON] rst_n=1, wr_en=1, wdata=78, rd_en=0, rdata=xx, full=0, empty=0
# KERNEL: UVM_INFO /home/runner/scoreboard.sv(35) @ 185: uvm_test_top.env.scb [fifo_scoreboard] Scoreboard received item
# KERNEL: UVM_INFO /home/runner/scoreboard.sv(64) @ 185: uvm_test_top.env.scb [fifo_scoreboard] Scoreboard received item
# KERNEL: UVM_INFO /home/runner/scoreboard.sv(68) @ 185: uvm_test_top.env.scb [SCB_WR] DATA WRITTEN=78 ,count = 16
# KERNEL: UVM_INFO /home/runner/driver.sv(36) @ 185: uvm_test_top.env.agent.drv [DRV] rst_n = 1, wr_en=0, wdata=0, rd_en=1
# KERNEL: UVM_INFO /home/runner/monitor.sv(34) @ 195: uvm_test_top.env.agent.mon [MON] rst_n=1, wr_en=1, wdata=4f, rd_en=0, rdata=xx, full=1, empty=0
# KERNEL: UVM_INFO /home/runner/scoreboard.sv(35) @ 195: uvm_test_top.env.scb [fifo_scoreboard] Scoreboard received item
# KERNEL: UVM_INFO /home/runner/scoreboard.sv(64) @ 195: uvm_test_top.env.scb [fifo_scoreboard] Scoreboard received item
# KERNEL: UVM_INFO /home/runner/scoreboard.sv(71) @ 195: uvm_test_top.env.scb [SCB_wr_ig] Write ignored correctly: FIFO Full
# KERNEL: UVM_INFO /home/runner/driver.sv(36) @ 195: uvm_test_top.env.agent.drv [DRV] rst_n = 1, wr_en=0, wdata=0, rd_en=1
# KERNEL: Error: assertion.sv (29): OVERFLOW happened
# KERNEL: UVM_INFO /home/runner/monitor.sv(34) @ 205: uvm_test_top.env.agent.mon [MON] rst_n=1, wr_en=0, wdata=0, rd_en=1, rdata=xx, full=1, empty=0
# KERNEL: UVM_INFO /home/runner/scoreboard.sv(35) @ 205: uvm_test_top.env.scb [fifo_scoreboard] Scoreboard received item
# KERNEL: UVM_INFO /home/runner/scoreboard.sv(64) @ 205: uvm_test_top.env.scb [fifo_scoreboard] Scoreboard received item
# KERNEL: UVM_INFO /home/runner/driver.sv(36) @ 205: uvm_test_top.env.agent.drv [DRV] rst_n = 1, wr_en=0, wdata=0, rd_en=1
# KERNEL: UVM_INFO /home/runner/monitor.sv(34) @ 215: uvm_test_top.env.agent.mon [MON] rst_n=1, wr_en=0, wdata=0, rd_en=1, rdata=17, full=0, empty=0
# KERNEL: UVM_INFO /home/runner/scoreboard.sv(35) @ 215: uvm_test_top.env.scb [fifo_scoreboard] Scoreboard received item
# KERNEL: UVM_INFO /home/runner/scoreboard.sv(41) @ 215: uvm_test_top.env.scb [SCB_RD] DATA READ=17 ,count = 15
# KERNEL: UVM_INFO /home/runner/scoreboard.sv(44) @ 215: uvm_test_top.env.scb [SCB_PASS] MATCH exp_rdata=17, ACT rdata=17
# KERNEL: UVM_INFO /home/runner/scoreboard.sv(64) @ 215: uvm_test_top.env.scb [fifo_scoreboard] Scoreboard received item
# KERNEL: UVM_INFO /home/runner/driver.sv(36) @ 215: uvm_test_top.env.agent.drv [DRV] rst_n = 1, wr_en=0, wdata=0, rd_en=1
# KERNEL: UVM_INFO /home/runner/monitor.sv(34) @ 225: uvm_test_top.env.agent.mon [MON] rst_n=1, wr_en=0, wdata=0, rd_en=1, rdata=27, full=0, empty=0
# KERNEL: UVM_INFO /home/runner/scoreboard.sv(35) @ 225: uvm_test_top.env.scb [fifo_scoreboard] Scoreboard received item
# KERNEL: UVM_INFO /home/runner/scoreboard.sv(41) @ 225: uvm_test_top.env.scb [SCB_RD] DATA READ=27 ,count = 14
# KERNEL: UVM_INFO /home/runner/scoreboard.sv(44) @ 225: uvm_test_top.env.scb [SCB_PASS] MATCH exp_rdata=27, ACT rdata=27
# KERNEL: UVM_INFO /home/runner/scoreboard.sv(64) @ 225: uvm_test_top.env.scb [fifo_scoreboard] Scoreboard received item
# KERNEL: UVM_INFO /home/runner/driver.sv(36) @ 225: uvm_test_top.env.agent.drv [DRV] rst_n = 1, wr_en=0, wdata=0, rd_en=1
# KERNEL: UVM_INFO /home/runner/monitor.sv(34) @ 235: uvm_test_top.env.agent.mon [MON] rst_n=1, wr_en=0, wdata=0, rd_en=1, rdata=12, full=0, empty=0
# KERNEL: UVM_INFO /home/runner/scoreboard.sv(35) @ 235: uvm_test_top.env.scb [fifo_scoreboard] Scoreboard received item
# KERNEL: UVM_INFO /home/runner/scoreboard.sv(41) @ 235: uvm_test_top.env.scb [SCB_RD] DATA READ=12 ,count = 13
# KERNEL: UVM_INFO /home/runner/scoreboard.sv(44) @ 235: uvm_test_top.env.scb [SCB_PASS] MATCH exp_rdata=12, ACT rdata=12
# KERNEL: UVM_INFO /home/runner/scoreboard.sv(64) @ 235: uvm_test_top.env.scb [fifo_scoreboard] Scoreboard received item
# KERNEL: UVM_INFO /home/runner/driver.sv(36) @ 235: uvm_test_top.env.agent.drv [DRV] rst_n = 1, wr_en=0, wdata=0, rd_en=1
# KERNEL: UVM_INFO /home/runner/monitor.sv(34) @ 245: uvm_test_top.env.agent.mon [MON] rst_n=1, wr_en=0, wdata=0, rd_en=1, rdata=d6, full=0, empty=0
# KERNEL: UVM_INFO /home/runner/scoreboard.sv(35) @ 245: uvm_test_top.env.scb [fifo_scoreboard] Scoreboard received item
# KERNEL: UVM_INFO /home/runner/scoreboard.sv(41) @ 245: uvm_test_top.env.scb [SCB_RD] DATA READ=d6 ,count = 12
# KERNEL: UVM_INFO /home/runner/scoreboard.sv(44) @ 245: uvm_test_top.env.scb [SCB_PASS] MATCH exp_rdata=d6, ACT rdata=d6
# KERNEL: UVM_INFO /home/runner/scoreboard.sv(64) @ 245: uvm_test_top.env.scb [fifo_scoreboard] Scoreboard received item
# KERNEL: UVM_INFO /home/runner/driver.sv(36) @ 245: uvm_test_top.env.agent.drv [DRV] rst_n = 1, wr_en=0, wdata=0, rd_en=1
# KERNEL: UVM_INFO /home/runner/monitor.sv(34) @ 255: uvm_test_top.env.agent.mon [MON] rst_n=1, wr_en=0, wdata=0, rd_en=1, rdata=75, full=0, empty=0
# KERNEL: UVM_INFO /home/runner/scoreboard.sv(35) @ 255: uvm_test_top.env.scb [fifo_scoreboard] Scoreboard received item
# KERNEL: UVM_INFO /home/runner/scoreboard.sv(41) @ 255: uvm_test_top.env.scb [SCB_RD] DATA READ=75 ,count = 11
# KERNEL: UVM_INFO /home/runner/scoreboard.sv(44) @ 255: uvm_test_top.env.scb [SCB_PASS] MATCH exp_rdata=75, ACT rdata=75
# KERNEL: UVM_INFO /home/runner/scoreboard.sv(64) @ 255: uvm_test_top.env.scb [fifo_scoreboard] Scoreboard received item
# KERNEL: UVM_INFO /home/runner/driver.sv(36) @ 255: uvm_test_top.env.agent.drv [DRV] rst_n = 1, wr_en=0, wdata=0, rd_en=1
# KERNEL: UVM_INFO /home/runner/monitor.sv(34) @ 265: uvm_test_top.env.agent.mon [MON] rst_n=1, wr_en=0, wdata=0, rd_en=1, rdata=ed, full=0, empty=0
# KERNEL: UVM_INFO /home/runner/scoreboard.sv(35) @ 265: uvm_test_top.env.scb [fifo_scoreboard] Scoreboard received item
# KERNEL: UVM_INFO /home/runner/scoreboard.sv(41) @ 265: uvm_test_top.env.scb [SCB_RD] DATA READ=ed ,count = 10
# KERNEL: UVM_INFO /home/runner/scoreboard.sv(44) @ 265: uvm_test_top.env.scb [SCB_PASS] MATCH exp_rdata=ed, ACT rdata=ed
# KERNEL: UVM_INFO /home/runner/scoreboard.sv(64) @ 265: uvm_test_top.env.scb [fifo_scoreboard] Scoreboard received item
# KERNEL: UVM_INFO /home/runner/driver.sv(36) @ 265: uvm_test_top.env.agent.drv [DRV] rst_n = 1, wr_en=0, wdata=0, rd_en=1
# KERNEL: UVM_INFO /home/runner/monitor.sv(34) @ 275: uvm_test_top.env.agent.mon [MON] rst_n=1, wr_en=0, wdata=0, rd_en=1, rdata=40, full=0, empty=0
# KERNEL: UVM_INFO /home/runner/scoreboard.sv(35) @ 275: uvm_test_top.env.scb [fifo_scoreboard] Scoreboard received item
# KERNEL: UVM_INFO /home/runner/scoreboard.sv(41) @ 275: uvm_test_top.env.scb [SCB_RD] DATA READ=40 ,count = 9
# KERNEL: UVM_INFO /home/runner/scoreboard.sv(44) @ 275: uvm_test_top.env.scb [SCB_PASS] MATCH exp_rdata=40, ACT rdata=40
# KERNEL: UVM_INFO /home/runner/scoreboard.sv(64) @ 275: uvm_test_top.env.scb [fifo_scoreboard] Scoreboard received item
# KERNEL: UVM_INFO /home/runner/driver.sv(36) @ 275: uvm_test_top.env.agent.drv [DRV] rst_n = 1, wr_en=0, wdata=0, rd_en=1
# KERNEL: UVM_INFO /home/runner/monitor.sv(34) @ 285: uvm_test_top.env.agent.mon [MON] rst_n=1, wr_en=0, wdata=0, rd_en=1, rdata=6c, full=0, empty=0
# KERNEL: UVM_INFO /home/runner/scoreboard.sv(35) @ 285: uvm_test_top.env.scb [fifo_scoreboard] Scoreboard received item
# KERNEL: UVM_INFO /home/runner/scoreboard.sv(41) @ 285: uvm_test_top.env.scb [SCB_RD] DATA READ=6c ,count = 8
# KERNEL: UVM_INFO /home/runner/scoreboard.sv(44) @ 285: uvm_test_top.env.scb [SCB_PASS] MATCH exp_rdata=6c, ACT rdata=6c
# KERNEL: UVM_INFO /home/runner/scoreboard.sv(64) @ 285: uvm_test_top.env.scb [fifo_scoreboard] Scoreboard received item
# KERNEL: UVM_INFO /home/runner/driver.sv(36) @ 285: uvm_test_top.env.agent.drv [DRV] rst_n = 1, wr_en=0, wdata=0, rd_en=1
# KERNEL: UVM_INFO /home/runner/monitor.sv(34) @ 295: uvm_test_top.env.agent.mon [MON] rst_n=1, wr_en=0, wdata=0, rd_en=1, rdata=73, full=0, empty=0
# KERNEL: UVM_INFO /home/runner/scoreboard.sv(35) @ 295: uvm_test_top.env.scb [fifo_scoreboard] Scoreboard received item
# KERNEL: UVM_INFO /home/runner/scoreboard.sv(41) @ 295: uvm_test_top.env.scb [SCB_RD] DATA READ=73 ,count = 7
# KERNEL: UVM_INFO /home/runner/scoreboard.sv(44) @ 295: uvm_test_top.env.scb [SCB_PASS] MATCH exp_rdata=73, ACT rdata=73
# KERNEL: UVM_INFO /home/runner/scoreboard.sv(64) @ 295: uvm_test_top.env.scb [fifo_scoreboard] Scoreboard received item
# KERNEL: UVM_INFO /home/runner/driver.sv(36) @ 295: uvm_test_top.env.agent.drv [DRV] rst_n = 1, wr_en=0, wdata=0, rd_en=1
# KERNEL: UVM_INFO /home/runner/monitor.sv(34) @ 305: uvm_test_top.env.agent.mon [MON] rst_n=1, wr_en=0, wdata=0, rd_en=1, rdata=53, full=0, empty=0
# KERNEL: UVM_INFO /home/runner/scoreboard.sv(35) @ 305: uvm_test_top.env.scb [fifo_scoreboard] Scoreboard received item
# KERNEL: UVM_INFO /home/runner/scoreboard.sv(41) @ 305: uvm_test_top.env.scb [SCB_RD] DATA READ=53 ,count = 6
# KERNEL: UVM_INFO /home/runner/scoreboard.sv(44) @ 305: uvm_test_top.env.scb [SCB_PASS] MATCH exp_rdata=53, ACT rdata=53
# KERNEL: UVM_INFO /home/runner/scoreboard.sv(64) @ 305: uvm_test_top.env.scb [fifo_scoreboard] Scoreboard received item
# KERNEL: UVM_INFO /home/runner/driver.sv(36) @ 305: uvm_test_top.env.agent.drv [DRV] rst_n = 1, wr_en=0, wdata=0, rd_en=1
# KERNEL: UVM_INFO /home/runner/monitor.sv(34) @ 315: uvm_test_top.env.agent.mon [MON] rst_n=1, wr_en=0, wdata=0, rd_en=1, rdata=e, full=0, empty=0
# KERNEL: UVM_INFO /home/runner/scoreboard.sv(35) @ 315: uvm_test_top.env.scb [fifo_scoreboard] Scoreboard received item
# KERNEL: UVM_INFO /home/runner/scoreboard.sv(41) @ 315: uvm_test_top.env.scb [SCB_RD] DATA READ=e ,count = 5
# KERNEL: UVM_INFO /home/runner/scoreboard.sv(44) @ 315: uvm_test_top.env.scb [SCB_PASS] MATCH exp_rdata=e, ACT rdata=e
# KERNEL: UVM_INFO /home/runner/scoreboard.sv(64) @ 315: uvm_test_top.env.scb [fifo_scoreboard] Scoreboard received item
# KERNEL: UVM_INFO /home/runner/driver.sv(36) @ 315: uvm_test_top.env.agent.drv [DRV] rst_n = 1, wr_en=0, wdata=0, rd_en=1
# KERNEL: UVM_INFO /home/runner/monitor.sv(34) @ 325: uvm_test_top.env.agent.mon [MON] rst_n=1, wr_en=0, wdata=0, rd_en=1, rdata=a2, full=0, empty=0
# KERNEL: UVM_INFO /home/runner/scoreboard.sv(35) @ 325: uvm_test_top.env.scb [fifo_scoreboard] Scoreboard received item
# KERNEL: UVM_INFO /home/runner/scoreboard.sv(41) @ 325: uvm_test_top.env.scb [SCB_RD] DATA READ=a2 ,count = 4
# KERNEL: UVM_INFO /home/runner/scoreboard.sv(44) @ 325: uvm_test_top.env.scb [SCB_PASS] MATCH exp_rdata=a2, ACT rdata=a2
# KERNEL: UVM_INFO /home/runner/scoreboard.sv(64) @ 325: uvm_test_top.env.scb [fifo_scoreboard] Scoreboard received item
# KERNEL: UVM_INFO /home/runner/driver.sv(36) @ 325: uvm_test_top.env.agent.drv [DRV] rst_n = 1, wr_en=0, wdata=0, rd_en=1
# KERNEL: UVM_INFO /home/runner/monitor.sv(34) @ 335: uvm_test_top.env.agent.mon [MON] rst_n=1, wr_en=0, wdata=0, rd_en=1, rdata=11, full=0, empty=0
# KERNEL: UVM_INFO /home/runner/scoreboard.sv(35) @ 335: uvm_test_top.env.scb [fifo_scoreboard] Scoreboard received item
# KERNEL: UVM_INFO /home/runner/scoreboard.sv(41) @ 335: uvm_test_top.env.scb [SCB_RD] DATA READ=11 ,count = 3
# KERNEL: UVM_INFO /home/runner/scoreboard.sv(44) @ 335: uvm_test_top.env.scb [SCB_PASS] MATCH exp_rdata=11, ACT rdata=11
# KERNEL: UVM_INFO /home/runner/scoreboard.sv(64) @ 335: uvm_test_top.env.scb [fifo_scoreboard] Scoreboard received item
# KERNEL: UVM_INFO /home/runner/driver.sv(36) @ 335: uvm_test_top.env.agent.drv [DRV] rst_n = 1, wr_en=0, wdata=0, rd_en=1
# KERNEL: UVM_INFO /home/runner/monitor.sv(34) @ 345: uvm_test_top.env.agent.mon [MON] rst_n=1, wr_en=0, wdata=0, rd_en=1, rdata=59, full=0, empty=0
# KERNEL: UVM_INFO /home/runner/scoreboard.sv(35) @ 345: uvm_test_top.env.scb [fifo_scoreboard] Scoreboard received item
# KERNEL: UVM_INFO /home/runner/scoreboard.sv(41) @ 345: uvm_test_top.env.scb [SCB_RD] DATA READ=59 ,count = 2
# KERNEL: UVM_INFO /home/runner/scoreboard.sv(44) @ 345: uvm_test_top.env.scb [SCB_PASS] MATCH exp_rdata=59, ACT rdata=59
# KERNEL: UVM_INFO /home/runner/scoreboard.sv(64) @ 345: uvm_test_top.env.scb [fifo_scoreboard] Scoreboard received item
# KERNEL: UVM_INFO /home/runner/driver.sv(36) @ 345: uvm_test_top.env.agent.drv [DRV] rst_n = 1, wr_en=0, wdata=0, rd_en=1
# KERNEL: UVM_INFO /home/runner/monitor.sv(34) @ 355: uvm_test_top.env.agent.mon [MON] rst_n=1, wr_en=0, wdata=0, rd_en=1, rdata=7c, full=0, empty=0
# KERNEL: UVM_INFO /home/runner/scoreboard.sv(35) @ 355: uvm_test_top.env.scb [fifo_scoreboard] Scoreboard received item
# KERNEL: UVM_INFO /home/runner/scoreboard.sv(41) @ 355: uvm_test_top.env.scb [SCB_RD] DATA READ=7c ,count = 1
# KERNEL: UVM_INFO /home/runner/scoreboard.sv(44) @ 355: uvm_test_top.env.scb [SCB_PASS] MATCH exp_rdata=7c, ACT rdata=7c
# KERNEL: UVM_INFO /home/runner/scoreboard.sv(64) @ 355: uvm_test_top.env.scb [fifo_scoreboard] Scoreboard received item
# KERNEL: UVM_INFO /home/runner/driver.sv(36) @ 355: uvm_test_top.env.agent.drv [DRV] rst_n = 1, wr_en=0, wdata=0, rd_en=1
# KERNEL: UVM_INFO /home/runner/monitor.sv(34) @ 365: uvm_test_top.env.agent.mon [MON] rst_n=1, wr_en=0, wdata=0, rd_en=1, rdata=78, full=0, empty=1
# KERNEL: UVM_INFO /home/runner/scoreboard.sv(35) @ 365: uvm_test_top.env.scb [fifo_scoreboard] Scoreboard received item
# KERNEL: UVM_INFO /home/runner/scoreboard.sv(64) @ 365: uvm_test_top.env.scb [fifo_scoreboard] Scoreboard received item
# KERNEL: UVM_INFO /home/runner/driver.sv(36) @ 365: uvm_test_top.env.agent.drv [DRV] rst_n = 1, wr_en=1, wdata=0, rd_en=0
# KERNEL: Error: assertion.sv (36): UNDERFLOW happened
# KERNEL: UVM_INFO /home/runner/monitor.sv(34) @ 375: uvm_test_top.env.agent.mon [MON] rst_n=1, wr_en=0, wdata=0, rd_en=1, rdata=78, full=0, empty=1
# KERNEL: UVM_INFO /home/runner/scoreboard.sv(35) @ 375: uvm_test_top.env.scb [fifo_scoreboard] Scoreboard received item
# KERNEL: UVM_INFO /home/runner/scoreboard.sv(64) @ 375: uvm_test_top.env.scb [fifo_scoreboard] Scoreboard received item
# KERNEL: UVM_INFO /home/runner/driver.sv(36) @ 375: uvm_test_top.env.agent.drv [DRV] rst_n = 1, wr_en=0, wdata=e5, rd_en=1
# KERNEL: UVM_INFO /home/runner/monitor.sv(34) @ 385: uvm_test_top.env.agent.mon [MON] rst_n=1, wr_en=1, wdata=0, rd_en=0, rdata=78, full=0, empty=1
# KERNEL: UVM_INFO /home/runner/scoreboard.sv(35) @ 385: uvm_test_top.env.scb [fifo_scoreboard] Scoreboard received item
# KERNEL: UVM_INFO /home/runner/scoreboard.sv(64) @ 385: uvm_test_top.env.scb [fifo_scoreboard] Scoreboard received item
# KERNEL: UVM_INFO /home/runner/scoreboard.sv(68) @ 385: uvm_test_top.env.scb [SCB_WR] DATA WRITTEN=0 ,count = 2
# KERNEL: UVM_INFO /home/runner/driver.sv(36) @ 385: uvm_test_top.env.agent.drv [DRV] rst_n = 1, wr_en=1, wdata=0, rd_en=0
# KERNEL: UVM_INFO /home/runner/monitor.sv(34) @ 395: uvm_test_top.env.agent.mon [MON] rst_n=1, wr_en=0, wdata=e5, rd_en=1, rdata=78, full=0, empty=0
# KERNEL: UVM_INFO /home/runner/scoreboard.sv(35) @ 395: uvm_test_top.env.scb [fifo_scoreboard] Scoreboard received item
# KERNEL: UVM_INFO /home/runner/scoreboard.sv(41) @ 395: uvm_test_top.env.scb [SCB_RD] DATA READ=78 ,count = 1
# KERNEL: UVM_INFO /home/runner/scoreboard.sv(44) @ 395: uvm_test_top.env.scb [SCB_PASS] MATCH exp_rdata=78, ACT rdata=78
# KERNEL: UVM_INFO /home/runner/scoreboard.sv(64) @ 395: uvm_test_top.env.scb [fifo_scoreboard] Scoreboard received item
# KERNEL: UVM_INFO /home/runner/driver.sv(36) @ 395: uvm_test_top.env.agent.drv [DRV] rst_n = 1, wr_en=0, wdata=30, rd_en=1
# KERNEL: UVM_INFO /home/runner/monitor.sv(34) @ 405: uvm_test_top.env.agent.mon [MON] rst_n=1, wr_en=1, wdata=0, rd_en=0, rdata=0, full=0, empty=1
# KERNEL: UVM_INFO /home/runner/scoreboard.sv(35) @ 405: uvm_test_top.env.scb [fifo_scoreboard] Scoreboard received item
# KERNEL: UVM_INFO /home/runner/scoreboard.sv(64) @ 405: uvm_test_top.env.scb [fifo_scoreboard] Scoreboard received item
# KERNEL: UVM_INFO /home/runner/scoreboard.sv(68) @ 405: uvm_test_top.env.scb [SCB_WR] DATA WRITTEN=0 ,count = 2
# KERNEL: UVM_INFO /home/runner/driver.sv(36) @ 405: uvm_test_top.env.agent.drv [DRV] rst_n = 1, wr_en=1, wdata=0, rd_en=0
# KERNEL: UVM_INFO /home/runner/monitor.sv(34) @ 415: uvm_test_top.env.agent.mon [MON] rst_n=1, wr_en=0, wdata=30, rd_en=1, rdata=0, full=0, empty=0
# KERNEL: UVM_INFO /home/runner/scoreboard.sv(35) @ 415: uvm_test_top.env.scb [fifo_scoreboard] Scoreboard received item
# KERNEL: UVM_INFO /home/runner/scoreboard.sv(41) @ 415: uvm_test_top.env.scb [SCB_RD] DATA READ=0 ,count = 1
# KERNEL: UVM_INFO /home/runner/scoreboard.sv(44) @ 415: uvm_test_top.env.scb [SCB_PASS] MATCH exp_rdata=0, ACT rdata=0
# KERNEL: UVM_INFO /home/runner/scoreboard.sv(64) @ 415: uvm_test_top.env.scb [fifo_scoreboard] Scoreboard received item
# KERNEL: UVM_INFO /home/runner/driver.sv(36) @ 415: uvm_test_top.env.agent.drv [DRV] rst_n = 1, wr_en=0, wdata=e3, rd_en=1
# KERNEL: UVM_INFO /home/runner/monitor.sv(34) @ 425: uvm_test_top.env.agent.mon [MON] rst_n=1, wr_en=1, wdata=0, rd_en=0, rdata=0, full=0, empty=1
# KERNEL: UVM_INFO /home/runner/scoreboard.sv(35) @ 425: uvm_test_top.env.scb [fifo_scoreboard] Scoreboard received item
# KERNEL: UVM_INFO /home/runner/scoreboard.sv(64) @ 425: uvm_test_top.env.scb [fifo_scoreboard] Scoreboard received item
# KERNEL: UVM_INFO /home/runner/scoreboard.sv(68) @ 425: uvm_test_top.env.scb [SCB_WR] DATA WRITTEN=0 ,count = 2
# KERNEL: UVM_INFO /home/runner/driver.sv(36) @ 425: uvm_test_top.env.agent.drv [DRV] rst_n = 1, wr_en=1, wdata=0, rd_en=0
# KERNEL: UVM_INFO /home/runner/monitor.sv(34) @ 435: uvm_test_top.env.agent.mon [MON] rst_n=1, wr_en=0, wdata=e3, rd_en=1, rdata=0, full=0, empty=0
# KERNEL: UVM_INFO /home/runner/scoreboard.sv(35) @ 435: uvm_test_top.env.scb [fifo_scoreboard] Scoreboard received item
# KERNEL: UVM_INFO /home/runner/scoreboard.sv(41) @ 435: uvm_test_top.env.scb [SCB_RD] DATA READ=0 ,count = 1
# KERNEL: UVM_INFO /home/runner/scoreboard.sv(44) @ 435: uvm_test_top.env.scb [SCB_PASS] MATCH exp_rdata=0, ACT rdata=0
# KERNEL: UVM_INFO /home/runner/scoreboard.sv(64) @ 435: uvm_test_top.env.scb [fifo_scoreboard] Scoreboard received item
# KERNEL: UVM_INFO /home/runner/driver.sv(36) @ 435: uvm_test_top.env.agent.drv [DRV] rst_n = 1, wr_en=0, wdata=fe, rd_en=1
# KERNEL: UVM_INFO /home/runner/monitor.sv(34) @ 445: uvm_test_top.env.agent.mon [MON] rst_n=1, wr_en=1, wdata=0, rd_en=0, rdata=0, full=0, empty=1
# KERNEL: UVM_INFO /home/runner/scoreboard.sv(35) @ 445: uvm_test_top.env.scb [fifo_scoreboard] Scoreboard received item
# KERNEL: UVM_INFO /home/runner/scoreboard.sv(64) @ 445: uvm_test_top.env.scb [fifo_scoreboard] Scoreboard received item
# KERNEL: UVM_INFO /home/runner/scoreboard.sv(68) @ 445: uvm_test_top.env.scb [SCB_WR] DATA WRITTEN=0 ,count = 2
# KERNEL: UVM_INFO /home/runner/driver.sv(36) @ 445: uvm_test_top.env.agent.drv [DRV] rst_n = 1, wr_en=1, wdata=0, rd_en=0
# KERNEL: UVM_INFO /home/runner/monitor.sv(34) @ 455: uvm_test_top.env.agent.mon [MON] rst_n=1, wr_en=0, wdata=fe, rd_en=1, rdata=0, full=0, empty=0
# KERNEL: UVM_INFO /home/runner/scoreboard.sv(35) @ 455: uvm_test_top.env.scb [fifo_scoreboard] Scoreboard received item
# KERNEL: UVM_INFO /home/runner/scoreboard.sv(41) @ 455: uvm_test_top.env.scb [SCB_RD] DATA READ=0 ,count = 1
# KERNEL: UVM_INFO /home/runner/scoreboard.sv(44) @ 455: uvm_test_top.env.scb [SCB_PASS] MATCH exp_rdata=0, ACT rdata=0
# KERNEL: UVM_INFO /home/runner/scoreboard.sv(64) @ 455: uvm_test_top.env.scb [fifo_scoreboard] Scoreboard received item
# KERNEL: UVM_INFO /home/runner/driver.sv(36) @ 455: uvm_test_top.env.agent.drv [DRV] rst_n = 1, wr_en=0, wdata=81, rd_en=1
# KERNEL: UVM_INFO /home/runner/monitor.sv(34) @ 465: uvm_test_top.env.agent.mon [MON] rst_n=1, wr_en=1, wdata=0, rd_en=0, rdata=0, full=0, empty=1
# KERNEL: UVM_INFO /home/runner/scoreboard.sv(35) @ 465: uvm_test_top.env.scb [fifo_scoreboard] Scoreboard received item
# KERNEL: UVM_INFO /home/runner/scoreboard.sv(64) @ 465: uvm_test_top.env.scb [fifo_scoreboard] Scoreboard received item
# KERNEL: UVM_INFO /home/runner/scoreboard.sv(68) @ 465: uvm_test_top.env.scb [SCB_WR] DATA WRITTEN=0 ,count = 2
# KERNEL: UVM_INFO /home/runner/sequence1.sv(30) @ 465: uvm_test_top.env.agent.sqr@@s1 [SEQ_1] RESET while full seq
# KERNEL: UVM_INFO /home/runner/driver.sv(36) @ 465: uvm_test_top.env.agent.drv [DRV] rst_n = 1, wr_en=1, wdata=9, rd_en=0
# KERNEL: UVM_INFO /home/runner/monitor.sv(34) @ 475: uvm_test_top.env.agent.mon [MON] rst_n=1, wr_en=0, wdata=81, rd_en=1, rdata=0, full=0, empty=0
# KERNEL: UVM_INFO /home/runner/scoreboard.sv(35) @ 475: uvm_test_top.env.scb [fifo_scoreboard] Scoreboard received item
# KERNEL: UVM_INFO /home/runner/scoreboard.sv(41) @ 475: uvm_test_top.env.scb [SCB_RD] DATA READ=0 ,count = 1
# KERNEL: UVM_INFO /home/runner/scoreboard.sv(44) @ 475: uvm_test_top.env.scb [SCB_PASS] MATCH exp_rdata=0, ACT rdata=0
# KERNEL: UVM_INFO /home/runner/scoreboard.sv(64) @ 475: uvm_test_top.env.scb [fifo_scoreboard] Scoreboard received item
# KERNEL: UVM_INFO /home/runner/driver.sv(36) @ 475: uvm_test_top.env.agent.drv [DRV] rst_n = 1, wr_en=1, wdata=e2, rd_en=0
# KERNEL: UVM_INFO /home/runner/monitor.sv(34) @ 485: uvm_test_top.env.agent.mon [MON] rst_n=1, wr_en=1, wdata=9, rd_en=0, rdata=0, full=0, empty=1
# KERNEL: UVM_INFO /home/runner/scoreboard.sv(35) @ 485: uvm_test_top.env.scb [fifo_scoreboard] Scoreboard received item
# KERNEL: UVM_INFO /home/runner/scoreboard.sv(64) @ 485: uvm_test_top.env.scb [fifo_scoreboard] Scoreboard received item
# KERNEL: UVM_INFO /home/runner/scoreboard.sv(68) @ 485: uvm_test_top.env.scb [SCB_WR] DATA WRITTEN=9 ,count = 2
# KERNEL: UVM_INFO /home/runner/driver.sv(36) @ 485: uvm_test_top.env.agent.drv [DRV] rst_n = 1, wr_en=1, wdata=1f, rd_en=0
# KERNEL: UVM_INFO /home/runner/monitor.sv(34) @ 495: uvm_test_top.env.agent.mon [MON] rst_n=1, wr_en=1, wdata=e2, rd_en=0, rdata=0, full=0, empty=0
# KERNEL: UVM_INFO /home/runner/scoreboard.sv(35) @ 495: uvm_test_top.env.scb [fifo_scoreboard] Scoreboard received item
# KERNEL: UVM_INFO /home/runner/scoreboard.sv(64) @ 495: uvm_test_top.env.scb [fifo_scoreboard] Scoreboard received item
# KERNEL: UVM_INFO /home/runner/scoreboard.sv(68) @ 495: uvm_test_top.env.scb [SCB_WR] DATA WRITTEN=e2 ,count = 3
# KERNEL: UVM_INFO /home/runner/driver.sv(36) @ 495: uvm_test_top.env.agent.drv [DRV] rst_n = 1, wr_en=1, wdata=35, rd_en=0
# KERNEL: UVM_INFO /home/runner/monitor.sv(34) @ 505: uvm_test_top.env.agent.mon [MON] rst_n=1, wr_en=1, wdata=1f, rd_en=0, rdata=0, full=0, empty=0
# KERNEL: UVM_INFO /home/runner/scoreboard.sv(35) @ 505: uvm_test_top.env.scb [fifo_scoreboard] Scoreboard received item
# KERNEL: UVM_INFO /home/runner/scoreboard.sv(64) @ 505: uvm_test_top.env.scb [fifo_scoreboard] Scoreboard received item
# KERNEL: UVM_INFO /home/runner/scoreboard.sv(68) @ 505: uvm_test_top.env.scb [SCB_WR] DATA WRITTEN=1f ,count = 4
# KERNEL: UVM_INFO /home/runner/driver.sv(36) @ 505: uvm_test_top.env.agent.drv [DRV] rst_n = 1, wr_en=1, wdata=26, rd_en=0
# KERNEL: UVM_INFO /home/runner/monitor.sv(34) @ 515: uvm_test_top.env.agent.mon [MON] rst_n=1, wr_en=1, wdata=35, rd_en=0, rdata=0, full=0, empty=0
# KERNEL: UVM_INFO /home/runner/scoreboard.sv(35) @ 515: uvm_test_top.env.scb [fifo_scoreboard] Scoreboard received item
# KERNEL: UVM_INFO /home/runner/scoreboard.sv(64) @ 515: uvm_test_top.env.scb [fifo_scoreboard] Scoreboard received item
# KERNEL: UVM_INFO /home/runner/scoreboard.sv(68) @ 515: uvm_test_top.env.scb [SCB_WR] DATA WRITTEN=35 ,count = 5
# KERNEL: UVM_INFO /home/runner/driver.sv(36) @ 515: uvm_test_top.env.agent.drv [DRV] rst_n = 1, wr_en=1, wdata=f0, rd_en=0
# KERNEL: UVM_INFO /home/runner/monitor.sv(34) @ 525: uvm_test_top.env.agent.mon [MON] rst_n=1, wr_en=1, wdata=26, rd_en=0, rdata=0, full=0, empty=0
# KERNEL: UVM_INFO /home/runner/scoreboard.sv(35) @ 525: uvm_test_top.env.scb [fifo_scoreboard] Scoreboard received item
# KERNEL: UVM_INFO /home/runner/scoreboard.sv(64) @ 525: uvm_test_top.env.scb [fifo_scoreboard] Scoreboard received item
# KERNEL: UVM_INFO /home/runner/scoreboard.sv(68) @ 525: uvm_test_top.env.scb [SCB_WR] DATA WRITTEN=26 ,count = 6
# KERNEL: UVM_INFO /home/runner/driver.sv(36) @ 525: uvm_test_top.env.agent.drv [DRV] rst_n = 1, wr_en=1, wdata=95, rd_en=0
# KERNEL: UVM_INFO /home/runner/monitor.sv(34) @ 535: uvm_test_top.env.agent.mon [MON] rst_n=1, wr_en=1, wdata=f0, rd_en=0, rdata=0, full=0, empty=0
# KERNEL: UVM_INFO /home/runner/scoreboard.sv(35) @ 535: uvm_test_top.env.scb [fifo_scoreboard] Scoreboard received item
# KERNEL: UVM_INFO /home/runner/scoreboard.sv(64) @ 535: uvm_test_top.env.scb [fifo_scoreboard] Scoreboard received item
# KERNEL: UVM_INFO /home/runner/scoreboard.sv(68) @ 535: uvm_test_top.env.scb [SCB_WR] DATA WRITTEN=f0 ,count = 7
# KERNEL: UVM_INFO /home/runner/driver.sv(36) @ 535: uvm_test_top.env.agent.drv [DRV] rst_n = 1, wr_en=1, wdata=13, rd_en=0
# KERNEL: UVM_INFO /home/runner/monitor.sv(34) @ 545: uvm_test_top.env.agent.mon [MON] rst_n=1, wr_en=1, wdata=95, rd_en=0, rdata=0, full=0, empty=0
# KERNEL: UVM_INFO /home/runner/scoreboard.sv(35) @ 545: uvm_test_top.env.scb [fifo_scoreboard] Scoreboard received item
# KERNEL: UVM_INFO /home/runner/scoreboard.sv(64) @ 545: uvm_test_top.env.scb [fifo_scoreboard] Scoreboard received item
# KERNEL: UVM_INFO /home/runner/scoreboard.sv(68) @ 545: uvm_test_top.env.scb [SCB_WR] DATA WRITTEN=95 ,count = 8
# KERNEL: UVM_INFO /home/runner/driver.sv(36) @ 545: uvm_test_top.env.agent.drv [DRV] rst_n = 1, wr_en=1, wdata=6c, rd_en=0
# KERNEL: UVM_INFO /home/runner/monitor.sv(34) @ 555: uvm_test_top.env.agent.mon [MON] rst_n=1, wr_en=1, wdata=13, rd_en=0, rdata=0, full=0, empty=0
# KERNEL: UVM_INFO /home/runner/scoreboard.sv(35) @ 555: uvm_test_top.env.scb [fifo_scoreboard] Scoreboard received item
# KERNEL: UVM_INFO /home/runner/scoreboard.sv(64) @ 555: uvm_test_top.env.scb [fifo_scoreboard] Scoreboard received item
# KERNEL: UVM_INFO /home/runner/scoreboard.sv(68) @ 555: uvm_test_top.env.scb [SCB_WR] DATA WRITTEN=13 ,count = 9
# KERNEL: UVM_INFO /home/runner/driver.sv(36) @ 555: uvm_test_top.env.agent.drv [DRV] rst_n = 1, wr_en=1, wdata=9e, rd_en=0
# KERNEL: UVM_INFO /home/runner/monitor.sv(34) @ 565: uvm_test_top.env.agent.mon [MON] rst_n=1, wr_en=1, wdata=6c, rd_en=0, rdata=0, full=0, empty=0
# KERNEL: UVM_INFO /home/runner/scoreboard.sv(35) @ 565: uvm_test_top.env.scb [fifo_scoreboard] Scoreboard received item
# KERNEL: UVM_INFO /home/runner/scoreboard.sv(64) @ 565: uvm_test_top.env.scb [fifo_scoreboard] Scoreboard received item
# KERNEL: UVM_INFO /home/runner/scoreboard.sv(68) @ 565: uvm_test_top.env.scb [SCB_WR] DATA WRITTEN=6c ,count = 10
# KERNEL: UVM_INFO /home/runner/driver.sv(36) @ 565: uvm_test_top.env.agent.drv [DRV] rst_n = 1, wr_en=1, wdata=ab, rd_en=0
# KERNEL: UVM_INFO /home/runner/monitor.sv(34) @ 575: uvm_test_top.env.agent.mon [MON] rst_n=1, wr_en=1, wdata=9e, rd_en=0, rdata=0, full=0, empty=0
# KERNEL: UVM_INFO /home/runner/scoreboard.sv(35) @ 575: uvm_test_top.env.scb [fifo_scoreboard] Scoreboard received item
# KERNEL: UVM_INFO /home/runner/scoreboard.sv(64) @ 575: uvm_test_top.env.scb [fifo_scoreboard] Scoreboard received item
# KERNEL: UVM_INFO /home/runner/scoreboard.sv(68) @ 575: uvm_test_top.env.scb [SCB_WR] DATA WRITTEN=9e ,count = 11
# KERNEL: UVM_INFO /home/runner/driver.sv(36) @ 575: uvm_test_top.env.agent.drv [DRV] rst_n = 1, wr_en=1, wdata=91, rd_en=0
# KERNEL: UVM_INFO /home/runner/monitor.sv(34) @ 585: uvm_test_top.env.agent.mon [MON] rst_n=1, wr_en=1, wdata=ab, rd_en=0, rdata=0, full=0, empty=0
# KERNEL: UVM_INFO /home/runner/scoreboard.sv(35) @ 585: uvm_test_top.env.scb [fifo_scoreboard] Scoreboard received item
# KERNEL: UVM_INFO /home/runner/scoreboard.sv(64) @ 585: uvm_test_top.env.scb [fifo_scoreboard] Scoreboard received item
# KERNEL: UVM_INFO /home/runner/scoreboard.sv(68) @ 585: uvm_test_top.env.scb [SCB_WR] DATA WRITTEN=ab ,count = 12
# KERNEL: UVM_INFO /home/runner/driver.sv(36) @ 585: uvm_test_top.env.agent.drv [DRV] rst_n = 1, wr_en=1, wdata=52, rd_en=0
# KERNEL: UVM_INFO /home/runner/monitor.sv(34) @ 595: uvm_test_top.env.agent.mon [MON] rst_n=1, wr_en=1, wdata=91, rd_en=0, rdata=0, full=0, empty=0
# KERNEL: UVM_INFO /home/runner/scoreboard.sv(35) @ 595: uvm_test_top.env.scb [fifo_scoreboard] Scoreboard received item
# KERNEL: UVM_INFO /home/runner/scoreboard.sv(64) @ 595: uvm_test_top.env.scb [fifo_scoreboard] Scoreboard received item
# KERNEL: UVM_INFO /home/runner/scoreboard.sv(68) @ 595: uvm_test_top.env.scb [SCB_WR] DATA WRITTEN=91 ,count = 13
# KERNEL: UVM_INFO /home/runner/driver.sv(36) @ 595: uvm_test_top.env.agent.drv [DRV] rst_n = 1, wr_en=1, wdata=ec, rd_en=0
# KERNEL: UVM_INFO /home/runner/monitor.sv(34) @ 605: uvm_test_top.env.agent.mon [MON] rst_n=1, wr_en=1, wdata=52, rd_en=0, rdata=0, full=0, empty=0
# KERNEL: UVM_INFO /home/runner/scoreboard.sv(35) @ 605: uvm_test_top.env.scb [fifo_scoreboard] Scoreboard received item
# KERNEL: UVM_INFO /home/runner/scoreboard.sv(64) @ 605: uvm_test_top.env.scb [fifo_scoreboard] Scoreboard received item
# KERNEL: UVM_INFO /home/runner/scoreboard.sv(68) @ 605: uvm_test_top.env.scb [SCB_WR] DATA WRITTEN=52 ,count = 14
# KERNEL: UVM_INFO /home/runner/driver.sv(36) @ 605: uvm_test_top.env.agent.drv [DRV] rst_n = 1, wr_en=1, wdata=61, rd_en=0
# KERNEL: UVM_INFO /home/runner/monitor.sv(34) @ 615: uvm_test_top.env.agent.mon [MON] rst_n=1, wr_en=1, wdata=ec, rd_en=0, rdata=0, full=0, empty=0
# KERNEL: UVM_INFO /home/runner/scoreboard.sv(35) @ 615: uvm_test_top.env.scb [fifo_scoreboard] Scoreboard received item
# KERNEL: UVM_INFO /home/runner/scoreboard.sv(64) @ 615: uvm_test_top.env.scb [fifo_scoreboard] Scoreboard received item
# KERNEL: UVM_INFO /home/runner/scoreboard.sv(68) @ 615: uvm_test_top.env.scb [SCB_WR] DATA WRITTEN=ec ,count = 15
# KERNEL: UVM_INFO /home/runner/driver.sv(36) @ 615: uvm_test_top.env.agent.drv [DRV] rst_n = 1, wr_en=1, wdata=af, rd_en=0
# KERNEL: UVM_INFO /home/runner/monitor.sv(34) @ 625: uvm_test_top.env.agent.mon [MON] rst_n=1, wr_en=1, wdata=61, rd_en=0, rdata=0, full=0, empty=0
# KERNEL: UVM_INFO /home/runner/scoreboard.sv(35) @ 625: uvm_test_top.env.scb [fifo_scoreboard] Scoreboard received item
# KERNEL: UVM_INFO /home/runner/scoreboard.sv(64) @ 625: uvm_test_top.env.scb [fifo_scoreboard] Scoreboard received item
# KERNEL: UVM_INFO /home/runner/scoreboard.sv(68) @ 625: uvm_test_top.env.scb [SCB_WR] DATA WRITTEN=61 ,count = 16
# KERNEL: UVM_INFO /home/runner/driver.sv(36) @ 625: uvm_test_top.env.agent.drv [DRV] rst_n = 1, wr_en=1, wdata=d8, rd_en=0
# KERNEL: UVM_INFO /home/runner/monitor.sv(34) @ 635: uvm_test_top.env.agent.mon [MON] rst_n=1, wr_en=1, wdata=af, rd_en=0, rdata=0, full=0, empty=0
# KERNEL: UVM_INFO /home/runner/scoreboard.sv(35) @ 635: uvm_test_top.env.scb [fifo_scoreboard] Scoreboard received item
# KERNEL: UVM_INFO /home/runner/scoreboard.sv(64) @ 635: uvm_test_top.env.scb [fifo_scoreboard] Scoreboard received item
# KERNEL: UVM_INFO /home/runner/driver.sv(36) @ 635: uvm_test_top.env.agent.drv [DRV] rst_n = 1, wr_en=1, wdata=da, rd_en=0
# KERNEL: UVM_INFO /home/runner/monitor.sv(34) @ 645: uvm_test_top.env.agent.mon [MON] rst_n=1, wr_en=1, wdata=d8, rd_en=0, rdata=0, full=1, empty=0
# KERNEL: UVM_INFO /home/runner/scoreboard.sv(35) @ 645: uvm_test_top.env.scb [fifo_scoreboard] Scoreboard received item
# KERNEL: UVM_INFO /home/runner/scoreboard.sv(64) @ 645: uvm_test_top.env.scb [fifo_scoreboard] Scoreboard received item
# KERNEL: UVM_INFO /home/runner/scoreboard.sv(71) @ 645: uvm_test_top.env.scb [SCB_wr_ig] Write ignored correctly: FIFO Full
# KERNEL: UVM_INFO /home/runner/driver.sv(36) @ 645: uvm_test_top.env.agent.drv [DRV] rst_n = 0, wr_en=1, wdata=bd, rd_en=0
# KERNEL: Error: assertion.sv (29): OVERFLOW happened
# KERNEL: UVM_INFO /home/runner/monitor.sv(34) @ 655: uvm_test_top.env.agent.mon [MON] rst_n=1, wr_en=1, wdata=da, rd_en=0, rdata=0, full=1, empty=0
# KERNEL: UVM_INFO /home/runner/scoreboard.sv(35) @ 655: uvm_test_top.env.scb [fifo_scoreboard] Scoreboard received item
# KERNEL: UVM_INFO /home/runner/scoreboard.sv(64) @ 655: uvm_test_top.env.scb [fifo_scoreboard] Scoreboard received item
# KERNEL: UVM_INFO /home/runner/scoreboard.sv(71) @ 655: uvm_test_top.env.scb [SCB_wr_ig] Write ignored correctly: FIFO Full
# KERNEL: UVM_INFO /home/runner/sequence1.sv(37) @ 655: uvm_test_top.env.agent.sqr@@s1 [fifo_directed_sequence] Sequence 1 body finished
# KERNEL: UVM_INFO /home/runner/monitor.sv(34) @ 665: uvm_test_top.env.agent.mon [MON] rst_n=0, wr_en=1, wdata=bd, rd_en=0, rdata=0, full=0, empty=1
# KERNEL: UVM_INFO /home/runner/scoreboard.sv(79) @ 665: uvm_test_top.env.scb [SCB_RST] System in Reset, checking for clear outputs
# KERNEL: UVM_INFO /home/runner/master_seq.sv(34) @ 675: uvm_test_top.env.agent.sqr@@seq [MASTER_SEQ] Starting Sequence 2...
# KERNEL: UVM_INFO /home/runner/sequence2.sv(11) @ 675: uvm_test_top.env.agent.sqr@@s2 [fifo_random_seq] Starting Random Stimulus for all ports...
# KERNEL: UVM_INFO /home/runner/driver.sv(36) @ 675: uvm_test_top.env.agent.drv [DRV] rst_n = 1, wr_en=1, wdata=53, rd_en=0
# KERNEL: UVM_INFO /home/runner/monitor.sv(34) @ 675: uvm_test_top.env.agent.mon [MON] rst_n=0, wr_en=1, wdata=bd, rd_en=0, rdata=0, full=0, empty=1
# KERNEL: UVM_INFO /home/runner/scoreboard.sv(79) @ 675: uvm_test_top.env.scb [SCB_RST] System in Reset, checking for clear outputs
# KERNEL: UVM_INFO /home/runner/driver.sv(36) @ 675: uvm_test_top.env.agent.drv [DRV] rst_n = 1, wr_en=1, wdata=dc, rd_en=1
# KERNEL: UVM_INFO /home/runner/monitor.sv(34) @ 685: uvm_test_top.env.agent.mon [MON] rst_n=1, wr_en=1, wdata=53, rd_en=0, rdata=0, full=0, empty=1
# KERNEL: UVM_INFO /home/runner/scoreboard.sv(35) @ 685: uvm_test_top.env.scb [fifo_scoreboard] Scoreboard received item
# KERNEL: UVM_INFO /home/runner/scoreboard.sv(64) @ 685: uvm_test_top.env.scb [fifo_scoreboard] Scoreboard received item
# KERNEL: UVM_INFO /home/runner/scoreboard.sv(68) @ 685: uvm_test_top.env.scb [SCB_WR] DATA WRITTEN=53 ,count = 1
# KERNEL: UVM_INFO /home/runner/driver.sv(36) @ 685: uvm_test_top.env.agent.drv [DRV] rst_n = 1, wr_en=1, wdata=ed, rd_en=0
# KERNEL: UVM_INFO /home/runner/monitor.sv(34) @ 695: uvm_test_top.env.agent.mon [MON] rst_n=1, wr_en=1, wdata=dc, rd_en=1, rdata=0, full=0, empty=0
# KERNEL: UVM_INFO /home/runner/scoreboard.sv(35) @ 695: uvm_test_top.env.scb [fifo_scoreboard] Scoreboard received item
# KERNEL: UVM_INFO /home/runner/scoreboard.sv(64) @ 695: uvm_test_top.env.scb [fifo_scoreboard] Scoreboard received item
# KERNEL: UVM_INFO /home/runner/scoreboard.sv(68) @ 695: uvm_test_top.env.scb [SCB_WR] DATA WRITTEN=dc ,count = 2
# KERNEL: UVM_INFO /home/runner/driver.sv(36) @ 695: uvm_test_top.env.agent.drv [DRV] rst_n = 1, wr_en=1, wdata=86, rd_en=1
# KERNEL: UVM_INFO /home/runner/monitor.sv(34) @ 705: uvm_test_top.env.agent.mon [MON] rst_n=1, wr_en=1, wdata=ed, rd_en=0, rdata=53, full=0, empty=0
# KERNEL: UVM_INFO /home/runner/scoreboard.sv(35) @ 705: uvm_test_top.env.scb [fifo_scoreboard] Scoreboard received item
# KERNEL: UVM_INFO /home/runner/scoreboard.sv(64) @ 705: uvm_test_top.env.scb [fifo_scoreboard] Scoreboard received item
# KERNEL: UVM_INFO /home/runner/scoreboard.sv(68) @ 705: uvm_test_top.env.scb [SCB_WR] DATA WRITTEN=ed ,count = 3
# KERNEL: UVM_INFO /home/runner/driver.sv(36) @ 705: uvm_test_top.env.agent.drv [DRV] rst_n = 0, wr_en=1, wdata=a8, rd_en=1
# KERNEL: UVM_INFO /home/runner/monitor.sv(34) @ 715: uvm_test_top.env.agent.mon [MON] rst_n=1, wr_en=1, wdata=86, rd_en=1, rdata=53, full=0, empty=0
# KERNEL: UVM_INFO /home/runner/scoreboard.sv(35) @ 715: uvm_test_top.env.scb [fifo_scoreboard] Scoreboard received item
# KERNEL: UVM_INFO /home/runner/scoreboard.sv(41) @ 715: uvm_test_top.env.scb [SCB_RD] DATA READ=53 ,count = 2
# KERNEL: UVM_INFO /home/runner/scoreboard.sv(44) @ 715: uvm_test_top.env.scb [SCB_PASS] MATCH exp_rdata=53, ACT rdata=53
# KERNEL: UVM_INFO /home/runner/scoreboard.sv(64) @ 715: uvm_test_top.env.scb [fifo_scoreboard] Scoreboard received item
# KERNEL: UVM_INFO /home/runner/scoreboard.sv(68) @ 715: uvm_test_top.env.scb [SCB_WR] DATA WRITTEN=86 ,count = 3
# KERNEL: UVM_INFO /home/runner/driver.sv(36) @ 715: uvm_test_top.env.agent.drv [DRV] rst_n = 1, wr_en=1, wdata=53, rd_en=0
# KERNEL: UVM_INFO /home/runner/monitor.sv(34) @ 725: uvm_test_top.env.agent.mon [MON] rst_n=0, wr_en=1, wdata=a8, rd_en=1, rdata=dc, full=0, empty=1
# KERNEL: UVM_INFO /home/runner/scoreboard.sv(79) @ 725: uvm_test_top.env.scb [SCB_RST] System in Reset, checking for clear outputs
# KERNEL: UVM_INFO /home/runner/driver.sv(36) @ 725: uvm_test_top.env.agent.drv [DRV] rst_n = 1, wr_en=1, wdata=86, rd_en=1
# KERNEL: UVM_INFO /home/runner/monitor.sv(34) @ 735: uvm_test_top.env.agent.mon [MON] rst_n=1, wr_en=1, wdata=53, rd_en=0, rdata=dc, full=0, empty=1
# KERNEL: UVM_INFO /home/runner/scoreboard.sv(35) @ 735: uvm_test_top.env.scb [fifo_scoreboard] Scoreboard received item
# KERNEL: UVM_INFO /home/runner/scoreboard.sv(64) @ 735: uvm_test_top.env.scb [fifo_scoreboard] Scoreboard received item
# KERNEL: UVM_INFO /home/runner/scoreboard.sv(68) @ 735: uvm_test_top.env.scb [SCB_WR] DATA WRITTEN=53 ,count = 1
# KERNEL: UVM_INFO /home/runner/driver.sv(36) @ 735: uvm_test_top.env.agent.drv [DRV] rst_n = 1, wr_en=0, wdata=41, rd_en=1
# KERNEL: UVM_INFO /home/runner/monitor.sv(34) @ 745: uvm_test_top.env.agent.mon [MON] rst_n=1, wr_en=1, wdata=86, rd_en=1, rdata=dc, full=0, empty=0
# KERNEL: UVM_INFO /home/runner/scoreboard.sv(35) @ 745: uvm_test_top.env.scb [fifo_scoreboard] Scoreboard received item
# KERNEL: UVM_INFO /home/runner/scoreboard.sv(64) @ 745: uvm_test_top.env.scb [fifo_scoreboard] Scoreboard received item
# KERNEL: UVM_INFO /home/runner/scoreboard.sv(68) @ 745: uvm_test_top.env.scb [SCB_WR] DATA WRITTEN=86 ,count = 2
# KERNEL: UVM_INFO /home/runner/driver.sv(36) @ 745: uvm_test_top.env.agent.drv [DRV] rst_n = 1, wr_en=1, wdata=85, rd_en=0
# KERNEL: UVM_INFO /home/runner/monitor.sv(34) @ 755: uvm_test_top.env.agent.mon [MON] rst_n=1, wr_en=0, wdata=41, rd_en=1, rdata=53, full=0, empty=0
# KERNEL: UVM_INFO /home/runner/scoreboard.sv(35) @ 755: uvm_test_top.env.scb [fifo_scoreboard] Scoreboard received item
# KERNEL: UVM_INFO /home/runner/scoreboard.sv(41) @ 755: uvm_test_top.env.scb [SCB_RD] DATA READ=53 ,count = 1
# KERNEL: UVM_INFO /home/runner/scoreboard.sv(44) @ 755: uvm_test_top.env.scb [SCB_PASS] MATCH exp_rdata=53, ACT rdata=53
# KERNEL: UVM_INFO /home/runner/scoreboard.sv(64) @ 755: uvm_test_top.env.scb [fifo_scoreboard] Scoreboard received item
# KERNEL: UVM_INFO /home/runner/driver.sv(36) @ 755: uvm_test_top.env.agent.drv [DRV] rst_n = 1, wr_en=1, wdata=52, rd_en=1
# KERNEL: UVM_INFO /home/runner/monitor.sv(34) @ 765: uvm_test_top.env.agent.mon [MON] rst_n=1, wr_en=1, wdata=85, rd_en=0, rdata=86, full=0, empty=1
# KERNEL: UVM_INFO /home/runner/scoreboard.sv(35) @ 765: uvm_test_top.env.scb [fifo_scoreboard] Scoreboard received item
# KERNEL: UVM_INFO /home/runner/scoreboard.sv(64) @ 765: uvm_test_top.env.scb [fifo_scoreboard] Scoreboard received item
# KERNEL: UVM_INFO /home/runner/scoreboard.sv(68) @ 765: uvm_test_top.env.scb [SCB_WR] DATA WRITTEN=85 ,count = 2
# KERNEL: UVM_INFO /home/runner/driver.sv(36) @ 765: uvm_test_top.env.agent.drv [DRV] rst_n = 1, wr_en=1, wdata=a7, rd_en=0
# KERNEL: UVM_INFO /home/runner/monitor.sv(34) @ 775: uvm_test_top.env.agent.mon [MON] rst_n=1, wr_en=1, wdata=52, rd_en=1, rdata=86, full=0, empty=0
# KERNEL: UVM_INFO /home/runner/scoreboard.sv(35) @ 775: uvm_test_top.env.scb [fifo_scoreboard] Scoreboard received item
# KERNEL: UVM_INFO /home/runner/scoreboard.sv(41) @ 775: uvm_test_top.env.scb [SCB_RD] DATA READ=86 ,count = 1
# KERNEL: UVM_INFO /home/runner/scoreboard.sv(44) @ 775: uvm_test_top.env.scb [SCB_PASS] MATCH exp_rdata=86, ACT rdata=86
# KERNEL: UVM_INFO /home/runner/scoreboard.sv(64) @ 775: uvm_test_top.env.scb [fifo_scoreboard] Scoreboard received item
# KERNEL: UVM_INFO /home/runner/scoreboard.sv(68) @ 775: uvm_test_top.env.scb [SCB_WR] DATA WRITTEN=52 ,count = 2
# KERNEL: UVM_INFO /home/runner/driver.sv(36) @ 775: uvm_test_top.env.agent.drv [DRV] rst_n = 1, wr_en=1, wdata=84, rd_en=1
# KERNEL: UVM_INFO /home/runner/monitor.sv(34) @ 785: uvm_test_top.env.agent.mon [MON] rst_n=1, wr_en=1, wdata=a7, rd_en=0, rdata=85, full=0, empty=0
# KERNEL: UVM_INFO /home/runner/scoreboard.sv(35) @ 785: uvm_test_top.env.scb [fifo_scoreboard] Scoreboard received item
# KERNEL: UVM_INFO /home/runner/scoreboard.sv(64) @ 785: uvm_test_top.env.scb [fifo_scoreboard] Scoreboard received item
# KERNEL: UVM_INFO /home/runner/scoreboard.sv(68) @ 785: uvm_test_top.env.scb [SCB_WR] DATA WRITTEN=a7 ,count = 3
# KERNEL: UVM_INFO /home/runner/driver.sv(36) @ 785: uvm_test_top.env.agent.drv [DRV] rst_n = 1, wr_en=0, wdata=ea, rd_en=1
# KERNEL: UVM_INFO /home/runner/monitor.sv(34) @ 795: uvm_test_top.env.agent.mon [MON] rst_n=1, wr_en=1, wdata=84, rd_en=1, rdata=85, full=0, empty=0
# KERNEL: UVM_INFO /home/runner/scoreboard.sv(35) @ 795: uvm_test_top.env.scb [fifo_scoreboard] Scoreboard received item
# KERNEL: UVM_INFO /home/runner/scoreboard.sv(41) @ 795: uvm_test_top.env.scb [SCB_RD] DATA READ=85 ,count = 2
# KERNEL: UVM_INFO /home/runner/scoreboard.sv(44) @ 795: uvm_test_top.env.scb [SCB_PASS] MATCH exp_rdata=85, ACT rdata=85
# KERNEL: UVM_INFO /home/runner/scoreboard.sv(64) @ 795: uvm_test_top.env.scb [fifo_scoreboard] Scoreboard received item
# KERNEL: UVM_INFO /home/runner/scoreboard.sv(68) @ 795: uvm_test_top.env.scb [SCB_WR] DATA WRITTEN=84 ,count = 3
# KERNEL: UVM_INFO /home/runner/driver.sv(36) @ 795: uvm_test_top.env.agent.drv [DRV] rst_n = 1, wr_en=1, wdata=d9, rd_en=0
# KERNEL: UVM_INFO /home/runner/monitor.sv(34) @ 805: uvm_test_top.env.agent.mon [MON] rst_n=1, wr_en=0, wdata=ea, rd_en=1, rdata=52, full=0, empty=0
# KERNEL: UVM_INFO /home/runner/scoreboard.sv(35) @ 805: uvm_test_top.env.scb [fifo_scoreboard] Scoreboard received item
# KERNEL: UVM_INFO /home/runner/scoreboard.sv(41) @ 805: uvm_test_top.env.scb [SCB_RD] DATA READ=52 ,count = 2
# KERNEL: UVM_INFO /home/runner/scoreboard.sv(44) @ 805: uvm_test_top.env.scb [SCB_PASS] MATCH exp_rdata=52, ACT rdata=52
# KERNEL: UVM_INFO /home/runner/scoreboard.sv(64) @ 805: uvm_test_top.env.scb [fifo_scoreboard] Scoreboard received item
# KERNEL: UVM_INFO /home/runner/driver.sv(36) @ 805: uvm_test_top.env.agent.drv [DRV] rst_n = 1, wr_en=1, wdata=50, rd_en=1
# KERNEL: UVM_INFO /home/runner/monitor.sv(34) @ 815: uvm_test_top.env.agent.mon [MON] rst_n=1, wr_en=1, wdata=d9, rd_en=0, rdata=a7, full=0, empty=0
# KERNEL: UVM_INFO /home/runner/scoreboard.sv(35) @ 815: uvm_test_top.env.scb [fifo_scoreboard] Scoreboard received item
# KERNEL: UVM_INFO /home/runner/scoreboard.sv(64) @ 815: uvm_test_top.env.scb [fifo_scoreboard] Scoreboard received item
# KERNEL: UVM_INFO /home/runner/scoreboard.sv(68) @ 815: uvm_test_top.env.scb [SCB_WR] DATA WRITTEN=d9 ,count = 3
# KERNEL: UVM_INFO /home/runner/driver.sv(36) @ 815: uvm_test_top.env.agent.drv [DRV] rst_n = 1, wr_en=1, wdata=4f, rd_en=0
# KERNEL: UVM_INFO /home/runner/monitor.sv(34) @ 825: uvm_test_top.env.agent.mon [MON] rst_n=1, wr_en=1, wdata=50, rd_en=1, rdata=a7, full=0, empty=0
# KERNEL: UVM_INFO /home/runner/scoreboard.sv(35) @ 825: uvm_test_top.env.scb [fifo_scoreboard] Scoreboard received item
# KERNEL: UVM_INFO /home/runner/scoreboard.sv(41) @ 825: uvm_test_top.env.scb [SCB_RD] DATA READ=a7 ,count = 2
# KERNEL: UVM_INFO /home/runner/scoreboard.sv(44) @ 825: uvm_test_top.env.scb [SCB_PASS] MATCH exp_rdata=a7, ACT rdata=a7
# KERNEL: UVM_INFO /home/runner/scoreboard.sv(64) @ 825: uvm_test_top.env.scb [fifo_scoreboard] Scoreboard received item
# KERNEL: UVM_INFO /home/runner/scoreboard.sv(68) @ 825: uvm_test_top.env.scb [SCB_WR] DATA WRITTEN=50 ,count = 3
# KERNEL: UVM_INFO /home/runner/driver.sv(36) @ 825: uvm_test_top.env.agent.drv [DRV] rst_n = 1, wr_en=1, wdata=d7, rd_en=0
# KERNEL: UVM_INFO /home/runner/monitor.sv(34) @ 835: uvm_test_top.env.agent.mon [MON] rst_n=1, wr_en=1, wdata=4f, rd_en=0, rdata=84, full=0, empty=0
# KERNEL: UVM_INFO /home/runner/scoreboard.sv(35) @ 835: uvm_test_top.env.scb [fifo_scoreboard] Scoreboard received item
# KERNEL: UVM_INFO /home/runner/scoreboard.sv(64) @ 835: uvm_test_top.env.scb [fifo_scoreboard] Scoreboard received item
# KERNEL: UVM_INFO /home/runner/scoreboard.sv(68) @ 835: uvm_test_top.env.scb [SCB_WR] DATA WRITTEN=4f ,count = 4
# KERNEL: UVM_INFO /home/runner/driver.sv(36) @ 835: uvm_test_top.env.agent.drv [DRV] rst_n = 1, wr_en=1, wdata=e8, rd_en=1
# KERNEL: UVM_INFO /home/runner/monitor.sv(34) @ 845: uvm_test_top.env.agent.mon [MON] rst_n=1, wr_en=1, wdata=d7, rd_en=0, rdata=84, full=0, empty=0
# KERNEL: UVM_INFO /home/runner/scoreboard.sv(35) @ 845: uvm_test_top.env.scb [fifo_scoreboard] Scoreboard received item
# KERNEL: UVM_INFO /home/runner/scoreboard.sv(64) @ 845: uvm_test_top.env.scb [fifo_scoreboard] Scoreboard received item
# KERNEL: UVM_INFO /home/runner/scoreboard.sv(68) @ 845: uvm_test_top.env.scb [SCB_WR] DATA WRITTEN=d7 ,count = 5
# KERNEL: UVM_INFO /home/runner/driver.sv(36) @ 845: uvm_test_top.env.agent.drv [DRV] rst_n = 1, wr_en=1, wdata=81, rd_en=0
# KERNEL: UVM_INFO /home/runner/monitor.sv(34) @ 855: uvm_test_top.env.agent.mon [MON] rst_n=1, wr_en=1, wdata=e8, rd_en=1, rdata=84, full=0, empty=0
# KERNEL: UVM_INFO /home/runner/scoreboard.sv(35) @ 855: uvm_test_top.env.scb [fifo_scoreboard] Scoreboard received item
# KERNEL: UVM_INFO /home/runner/scoreboard.sv(41) @ 855: uvm_test_top.env.scb [SCB_RD] DATA READ=84 ,count = 4
# KERNEL: UVM_INFO /home/runner/scoreboard.sv(44) @ 855: uvm_test_top.env.scb [SCB_PASS] MATCH exp_rdata=84, ACT rdata=84
# KERNEL: UVM_INFO /home/runner/scoreboard.sv(64) @ 855: uvm_test_top.env.scb [fifo_scoreboard] Scoreboard received item
# KERNEL: UVM_INFO /home/runner/scoreboard.sv(68) @ 855: uvm_test_top.env.scb [SCB_WR] DATA WRITTEN=e8 ,count = 5
# KERNEL: UVM_INFO /home/runner/driver.sv(36) @ 855: uvm_test_top.env.agent.drv [DRV] rst_n = 1, wr_en=0, wdata=a2, rd_en=1
# KERNEL: UVM_INFO /home/runner/monitor.sv(34) @ 865: uvm_test_top.env.agent.mon [MON] rst_n=1, wr_en=1, wdata=81, rd_en=0, rdata=d9, full=0, empty=0
# KERNEL: UVM_INFO /home/runner/scoreboard.sv(35) @ 865: uvm_test_top.env.scb [fifo_scoreboard] Scoreboard received item
# KERNEL: UVM_INFO /home/runner/scoreboard.sv(64) @ 865: uvm_test_top.env.scb [fifo_scoreboard] Scoreboard received item
# KERNEL: UVM_INFO /home/runner/scoreboard.sv(68) @ 865: uvm_test_top.env.scb [SCB_WR] DATA WRITTEN=81 ,count = 6
# KERNEL: UVM_INFO /home/runner/driver.sv(36) @ 865: uvm_test_top.env.agent.drv [DRV] rst_n = 1, wr_en=0, wdata=4c, rd_en=1
# KERNEL: UVM_INFO /home/runner/monitor.sv(34) @ 875: uvm_test_top.env.agent.mon [MON] rst_n=1, wr_en=0, wdata=a2, rd_en=1, rdata=d9, full=0, empty=0
# KERNEL: UVM_INFO /home/runner/scoreboard.sv(35) @ 875: uvm_test_top.env.scb [fifo_scoreboard] Scoreboard received item
# KERNEL: UVM_INFO /home/runner/scoreboard.sv(41) @ 875: uvm_test_top.env.scb [SCB_RD] DATA READ=d9 ,count = 5
# KERNEL: UVM_INFO /home/runner/scoreboard.sv(44) @ 875: uvm_test_top.env.scb [SCB_PASS] MATCH exp_rdata=d9, ACT rdata=d9
# KERNEL: UVM_INFO /home/runner/scoreboard.sv(64) @ 875: uvm_test_top.env.scb [fifo_scoreboard] Scoreboard received item
# KERNEL: UVM_INFO /home/runner/driver.sv(36) @ 875: uvm_test_top.env.agent.drv [DRV] rst_n = 1, wr_en=1, wdata=7f, rd_en=0
# KERNEL: UVM_INFO /home/runner/monitor.sv(34) @ 885: uvm_test_top.env.agent.mon [MON] rst_n=1, wr_en=0, wdata=4c, rd_en=1, rdata=50, full=0, empty=0
# KERNEL: UVM_INFO /home/runner/scoreboard.sv(35) @ 885: uvm_test_top.env.scb [fifo_scoreboard] Scoreboard received item
# KERNEL: UVM_INFO /home/runner/scoreboard.sv(41) @ 885: uvm_test_top.env.scb [SCB_RD] DATA READ=50 ,count = 4
# KERNEL: UVM_INFO /home/runner/scoreboard.sv(44) @ 885: uvm_test_top.env.scb [SCB_PASS] MATCH exp_rdata=50, ACT rdata=50
# KERNEL: UVM_INFO /home/runner/scoreboard.sv(64) @ 885: uvm_test_top.env.scb [fifo_scoreboard] Scoreboard received item
# KERNEL: UVM_INFO /home/runner/driver.sv(36) @ 885: uvm_test_top.env.agent.drv [DRV] rst_n = 1, wr_en=1, wdata=3a, rd_en=1
# KERNEL: UVM_INFO /home/runner/monitor.sv(34) @ 895: uvm_test_top.env.agent.mon [MON] rst_n=1, wr_en=1, wdata=7f, rd_en=0, rdata=4f, full=0, empty=0
# KERNEL: UVM_INFO /home/runner/scoreboard.sv(35) @ 895: uvm_test_top.env.scb [fifo_scoreboard] Scoreboard received item
# KERNEL: UVM_INFO /home/runner/scoreboard.sv(64) @ 895: uvm_test_top.env.scb [fifo_scoreboard] Scoreboard received item
# KERNEL: UVM_INFO /home/runner/scoreboard.sv(68) @ 895: uvm_test_top.env.scb [SCB_WR] DATA WRITTEN=7f ,count = 5
# KERNEL: UVM_INFO /home/runner/driver.sv(36) @ 895: uvm_test_top.env.agent.drv [DRV] rst_n = 1, wr_en=1, wdata=7d, rd_en=0
# KERNEL: UVM_INFO /home/runner/monitor.sv(34) @ 905: uvm_test_top.env.agent.mon [MON] rst_n=1, wr_en=1, wdata=3a, rd_en=1, rdata=4f, full=0, empty=0
# KERNEL: UVM_INFO /home/runner/scoreboard.sv(35) @ 905: uvm_test_top.env.scb [fifo_scoreboard] Scoreboard received item
# KERNEL: UVM_INFO /home/runner/scoreboard.sv(41) @ 905: uvm_test_top.env.scb [SCB_RD] DATA READ=4f ,count = 4
# KERNEL: UVM_INFO /home/runner/scoreboard.sv(44) @ 905: uvm_test_top.env.scb [SCB_PASS] MATCH exp_rdata=4f, ACT rdata=4f
# KERNEL: UVM_INFO /home/runner/scoreboard.sv(64) @ 905: uvm_test_top.env.scb [fifo_scoreboard] Scoreboard received item
# KERNEL: UVM_INFO /home/runner/scoreboard.sv(68) @ 905: uvm_test_top.env.scb [SCB_WR] DATA WRITTEN=3a ,count = 5
# KERNEL: UVM_INFO /home/runner/driver.sv(36) @ 905: uvm_test_top.env.agent.drv [DRV] rst_n = 1, wr_en=0, wdata=49, rd_en=1
# KERNEL: UVM_INFO /home/runner/monitor.sv(34) @ 915: uvm_test_top.env.agent.mon [MON] rst_n=1, wr_en=1, wdata=7d, rd_en=0, rdata=d7, full=0, empty=0
# KERNEL: UVM_INFO /home/runner/scoreboard.sv(35) @ 915: uvm_test_top.env.scb [fifo_scoreboard] Scoreboard received item
# KERNEL: UVM_INFO /home/runner/scoreboard.sv(64) @ 915: uvm_test_top.env.scb [fifo_scoreboard] Scoreboard received item
# KERNEL: UVM_INFO /home/runner/scoreboard.sv(68) @ 915: uvm_test_top.env.scb [SCB_WR] DATA WRITTEN=7d ,count = 6
# KERNEL: UVM_INFO /home/runner/driver.sv(36) @ 915: uvm_test_top.env.agent.drv [DRV] rst_n = 1, wr_en=1, wdata=9e, rd_en=1
# KERNEL: UVM_INFO /home/runner/monitor.sv(34) @ 925: uvm_test_top.env.agent.mon [MON] rst_n=1, wr_en=0, wdata=49, rd_en=1, rdata=d7, full=0, empty=0
# KERNEL: UVM_INFO /home/runner/scoreboard.sv(35) @ 925: uvm_test_top.env.scb [fifo_scoreboard] Scoreboard received item
# KERNEL: UVM_INFO /home/runner/scoreboard.sv(41) @ 925: uvm_test_top.env.scb [SCB_RD] DATA READ=d7 ,count = 5
# KERNEL: UVM_INFO /home/runner/scoreboard.sv(44) @ 925: uvm_test_top.env.scb [SCB_PASS] MATCH exp_rdata=d7, ACT rdata=d7
# KERNEL: UVM_INFO /home/runner/scoreboard.sv(64) @ 925: uvm_test_top.env.scb [fifo_scoreboard] Scoreboard received item
# KERNEL: UVM_INFO /home/runner/driver.sv(36) @ 925: uvm_test_top.env.agent.drv [DRV] rst_n = 1, wr_en=1, wdata=7b, rd_en=0
# KERNEL: UVM_INFO /home/runner/monitor.sv(34) @ 935: uvm_test_top.env.agent.mon [MON] rst_n=1, wr_en=1, wdata=9e, rd_en=1, rdata=e8, full=0, empty=0
# KERNEL: UVM_INFO /home/runner/scoreboard.sv(35) @ 935: uvm_test_top.env.scb [fifo_scoreboard] Scoreboard received item
# KERNEL: UVM_INFO /home/runner/scoreboard.sv(41) @ 935: uvm_test_top.env.scb [SCB_RD] DATA READ=e8 ,count = 4
# KERNEL: UVM_INFO /home/runner/scoreboard.sv(44) @ 935: uvm_test_top.env.scb [SCB_PASS] MATCH exp_rdata=e8, ACT rdata=e8
# KERNEL: UVM_INFO /home/runner/scoreboard.sv(64) @ 935: uvm_test_top.env.scb [fifo_scoreboard] Scoreboard received item
# KERNEL: UVM_INFO /home/runner/scoreboard.sv(68) @ 935: uvm_test_top.env.scb [SCB_WR] DATA WRITTEN=9e ,count = 5
# KERNEL: UVM_INFO /home/runner/driver.sv(36) @ 935: uvm_test_top.env.agent.drv [DRV] rst_n = 1, wr_en=0, wdata=e0, rd_en=1
# KERNEL: UVM_INFO /home/runner/monitor.sv(34) @ 945: uvm_test_top.env.agent.mon [MON] rst_n=1, wr_en=1, wdata=7b, rd_en=0, rdata=81, full=0, empty=0
# KERNEL: UVM_INFO /home/runner/scoreboard.sv(35) @ 945: uvm_test_top.env.scb [fifo_scoreboard] Scoreboard received item
# KERNEL: UVM_INFO /home/runner/scoreboard.sv(64) @ 945: uvm_test_top.env.scb [fifo_scoreboard] Scoreboard received item
# KERNEL: UVM_INFO /home/runner/scoreboard.sv(68) @ 945: uvm_test_top.env.scb [SCB_WR] DATA WRITTEN=7b ,count = 6
# KERNEL: UVM_INFO /home/runner/driver.sv(36) @ 945: uvm_test_top.env.agent.drv [DRV] rst_n = 1, wr_en=1, wdata=ce, rd_en=1
# KERNEL: UVM_INFO /home/runner/monitor.sv(34) @ 955: uvm_test_top.env.agent.mon [MON] rst_n=1, wr_en=0, wdata=e0, rd_en=1, rdata=81, full=0, empty=0
# KERNEL: UVM_INFO /home/runner/scoreboard.sv(35) @ 955: uvm_test_top.env.scb [fifo_scoreboard] Scoreboard received item
# KERNEL: UVM_INFO /home/runner/scoreboard.sv(41) @ 955: uvm_test_top.env.scb [SCB_RD] DATA READ=81 ,count = 5
# KERNEL: UVM_INFO /home/runner/scoreboard.sv(44) @ 955: uvm_test_top.env.scb [SCB_PASS] MATCH exp_rdata=81, ACT rdata=81
# KERNEL: UVM_INFO /home/runner/scoreboard.sv(64) @ 955: uvm_test_top.env.scb [fifo_scoreboard] Scoreboard received item
# KERNEL: UVM_INFO /home/runner/driver.sv(36) @ 955: uvm_test_top.env.agent.drv [DRV] rst_n = 1, wr_en=1, wdata=45, rd_en=0
# KERNEL: UVM_INFO /home/runner/monitor.sv(34) @ 965: uvm_test_top.env.agent.mon [MON] rst_n=1, wr_en=1, wdata=ce, rd_en=1, rdata=7f, full=0, empty=0
# KERNEL: UVM_INFO /home/runner/scoreboard.sv(35) @ 965: uvm_test_top.env.scb [fifo_scoreboard] Scoreboard received item
# KERNEL: UVM_INFO /home/runner/scoreboard.sv(41) @ 965: uvm_test_top.env.scb [SCB_RD] DATA READ=7f ,count = 4
# KERNEL: UVM_INFO /home/runner/scoreboard.sv(44) @ 965: uvm_test_top.env.scb [SCB_PASS] MATCH exp_rdata=7f, ACT rdata=7f
# KERNEL: UVM_INFO /home/runner/scoreboard.sv(64) @ 965: uvm_test_top.env.scb [fifo_scoreboard] Scoreboard received item
# KERNEL: UVM_INFO /home/runner/scoreboard.sv(68) @ 965: uvm_test_top.env.scb [SCB_WR] DATA WRITTEN=ce ,count = 5
# KERNEL: UVM_INFO /home/runner/driver.sv(36) @ 965: uvm_test_top.env.agent.drv [DRV] rst_n = 1, wr_en=1, wdata=44, rd_en=1
# KERNEL: UVM_INFO /home/runner/monitor.sv(34) @ 975: uvm_test_top.env.agent.mon [MON] rst_n=1, wr_en=1, wdata=45, rd_en=0, rdata=3a, full=0, empty=0
# KERNEL: UVM_INFO /home/runner/scoreboard.sv(35) @ 975: uvm_test_top.env.scb [fifo_scoreboard] Scoreboard received item
# KERNEL: UVM_INFO /home/runner/scoreboard.sv(64) @ 975: uvm_test_top.env.scb [fifo_scoreboard] Scoreboard received item
# KERNEL: UVM_INFO /home/runner/scoreboard.sv(68) @ 975: uvm_test_top.env.scb [SCB_WR] DATA WRITTEN=45 ,count = 6
# KERNEL: UVM_INFO /home/runner/driver.sv(36) @ 975: uvm_test_top.env.agent.drv [DRV] rst_n = 1, wr_en=1, wdata=cb, rd_en=0
# KERNEL: UVM_INFO /home/runner/monitor.sv(34) @ 985: uvm_test_top.env.agent.mon [MON] rst_n=1, wr_en=1, wdata=44, rd_en=1, rdata=3a, full=0, empty=0
# KERNEL: UVM_INFO /home/runner/scoreboard.sv(35) @ 985: uvm_test_top.env.scb [fifo_scoreboard] Scoreboard received item
# KERNEL: UVM_INFO /home/runner/scoreboard.sv(41) @ 985: uvm_test_top.env.scb [SCB_RD] DATA READ=3a ,count = 5
# KERNEL: UVM_INFO /home/runner/scoreboard.sv(44) @ 985: uvm_test_top.env.scb [SCB_PASS] MATCH exp_rdata=3a, ACT rdata=3a
# KERNEL: UVM_INFO /home/runner/scoreboard.sv(64) @ 985: uvm_test_top.env.scb [fifo_scoreboard] Scoreboard received item
# KERNEL: UVM_INFO /home/runner/scoreboard.sv(68) @ 985: uvm_test_top.env.scb [SCB_WR] DATA WRITTEN=44 ,count = 6
# KERNEL: UVM_INFO /home/runner/driver.sv(36) @ 985: uvm_test_top.env.agent.drv [DRV] rst_n = 0, wr_en=0, wdata=db, rd_en=1
# KERNEL: UVM_INFO /home/runner/monitor.sv(34) @ 995: uvm_test_top.env.agent.mon [MON] rst_n=1, wr_en=1, wdata=cb, rd_en=0, rdata=7d, full=0, empty=0
# KERNEL: UVM_INFO /home/runner/scoreboard.sv(35) @ 995: uvm_test_top.env.scb [fifo_scoreboard] Scoreboard received item
# KERNEL: UVM_INFO /home/runner/scoreboard.sv(64) @ 995: uvm_test_top.env.scb [fifo_scoreboard] Scoreboard received item
# KERNEL: UVM_INFO /home/runner/scoreboard.sv(68) @ 995: uvm_test_top.env.scb [SCB_WR] DATA WRITTEN=cb ,count = 7
# KERNEL: UVM_INFO /home/runner/driver.sv(36) @ 995: uvm_test_top.env.agent.drv [DRV] rst_n = 1, wr_en=1, wdata=74, rd_en=1
# KERNEL: UVM_INFO /home/runner/monitor.sv(34) @ 1005: uvm_test_top.env.agent.mon [MON] rst_n=0, wr_en=0, wdata=db, rd_en=1, rdata=7d, full=0, empty=1
# KERNEL: UVM_INFO /home/runner/scoreboard.sv(79) @ 1005: uvm_test_top.env.scb [SCB_RST] System in Reset, checking for clear outputs
# KERNEL: UVM_INFO /home/runner/driver.sv(36) @ 1005: uvm_test_top.env.agent.drv [DRV] rst_n = 1, wr_en=1, wdata=95, rd_en=0
# KERNEL: UVM_INFO /home/runner/monitor.sv(34) @ 1015: uvm_test_top.env.agent.mon [MON] rst_n=1, wr_en=1, wdata=74, rd_en=1, rdata=7d, full=0, empty=1
# KERNEL: UVM_INFO /home/runner/scoreboard.sv(35) @ 1015: uvm_test_top.env.scb [fifo_scoreboard] Scoreboard received item
# KERNEL: UVM_INFO /home/runner/scoreboard.sv(64) @ 1015: uvm_test_top.env.scb [fifo_scoreboard] Scoreboard received item
# KERNEL: UVM_INFO /home/runner/scoreboard.sv(68) @ 1015: uvm_test_top.env.scb [SCB_WR] DATA WRITTEN=74 ,count = 1
# KERNEL: UVM_INFO /home/runner/driver.sv(36) @ 1015: uvm_test_top.env.agent.drv [DRV] rst_n = 1, wr_en=0, wdata=3e, rd_en=1
# KERNEL: Error: assertion.sv (36): UNDERFLOW happened
# KERNEL: UVM_INFO /home/runner/monitor.sv(34) @ 1025: uvm_test_top.env.agent.mon [MON] rst_n=1, wr_en=1, wdata=95, rd_en=0, rdata=7d, full=0, empty=0
# KERNEL: UVM_INFO /home/runner/scoreboard.sv(35) @ 1025: uvm_test_top.env.scb [fifo_scoreboard] Scoreboard received item
# KERNEL: UVM_INFO /home/runner/scoreboard.sv(64) @ 1025: uvm_test_top.env.scb [fifo_scoreboard] Scoreboard received item
# KERNEL: UVM_INFO /home/runner/scoreboard.sv(68) @ 1025: uvm_test_top.env.scb [SCB_WR] DATA WRITTEN=95 ,count = 2
# KERNEL: UVM_INFO /home/runner/driver.sv(36) @ 1025: uvm_test_top.env.agent.drv [DRV] rst_n = 1, wr_en=1, wdata=70, rd_en=1
# KERNEL: UVM_INFO /home/runner/monitor.sv(34) @ 1035: uvm_test_top.env.agent.mon [MON] rst_n=1, wr_en=0, wdata=3e, rd_en=1, rdata=7d, full=0, empty=0
# KERNEL: UVM_INFO /home/runner/scoreboard.sv(35) @ 1035: uvm_test_top.env.scb [fifo_scoreboard] Scoreboard received item
# KERNEL: UVM_INFO /home/runner/scoreboard.sv(64) @ 1035: uvm_test_top.env.scb [fifo_scoreboard] Scoreboard received item
# KERNEL: UVM_INFO /home/runner/driver.sv(36) @ 1035: uvm_test_top.env.agent.drv [DRV] rst_n = 1, wr_en=1, wdata=2b, rd_en=0
# KERNEL: UVM_INFO /home/runner/monitor.sv(34) @ 1045: uvm_test_top.env.agent.mon [MON] rst_n=1, wr_en=1, wdata=70, rd_en=1, rdata=74, full=0, empty=0
# KERNEL: UVM_INFO /home/runner/scoreboard.sv(35) @ 1045: uvm_test_top.env.scb [fifo_scoreboard] Scoreboard received item
# KERNEL: UVM_INFO /home/runner/scoreboard.sv(41) @ 1045: uvm_test_top.env.scb [SCB_RD] DATA READ=74 ,count = 1
# KERNEL: UVM_INFO /home/runner/scoreboard.sv(44) @ 1045: uvm_test_top.env.scb [SCB_PASS] MATCH exp_rdata=74, ACT rdata=74
# KERNEL: UVM_INFO /home/runner/scoreboard.sv(64) @ 1045: uvm_test_top.env.scb [fifo_scoreboard] Scoreboard received item
# KERNEL: UVM_INFO /home/runner/scoreboard.sv(68) @ 1045: uvm_test_top.env.scb [SCB_WR] DATA WRITTEN=70 ,count = 2
# KERNEL: UVM_INFO /home/runner/driver.sv(36) @ 1045: uvm_test_top.env.agent.drv [DRV] rst_n = 1, wr_en=1, wdata=6e, rd_en=1
# KERNEL: UVM_INFO /home/runner/monitor.sv(34) @ 1055: uvm_test_top.env.agent.mon [MON] rst_n=1, wr_en=1, wdata=2b, rd_en=0, rdata=95, full=0, empty=0
# KERNEL: UVM_INFO /home/runner/scoreboard.sv(35) @ 1055: uvm_test_top.env.scb [fifo_scoreboard] Scoreboard received item
# KERNEL: UVM_INFO /home/runner/scoreboard.sv(64) @ 1055: uvm_test_top.env.scb [fifo_scoreboard] Scoreboard received item
# KERNEL: UVM_INFO /home/runner/scoreboard.sv(68) @ 1055: uvm_test_top.env.scb [SCB_WR] DATA WRITTEN=2b ,count = 3
# KERNEL: UVM_INFO /home/runner/driver.sv(36) @ 1055: uvm_test_top.env.agent.drv [DRV] rst_n = 1, wr_en=0, wdata=39, rd_en=1
# KERNEL: UVM_INFO /home/runner/monitor.sv(34) @ 1065: uvm_test_top.env.agent.mon [MON] rst_n=1, wr_en=1, wdata=6e, rd_en=1, rdata=95, full=0, empty=0
# KERNEL: UVM_INFO /home/runner/scoreboard.sv(35) @ 1065: uvm_test_top.env.scb [fifo_scoreboard] Scoreboard received item
# KERNEL: UVM_INFO /home/runner/scoreboard.sv(41) @ 1065: uvm_test_top.env.scb [SCB_RD] DATA READ=95 ,count = 2
# KERNEL: UVM_INFO /home/runner/scoreboard.sv(44) @ 1065: uvm_test_top.env.scb [SCB_PASS] MATCH exp_rdata=95, ACT rdata=95
# KERNEL: UVM_INFO /home/runner/scoreboard.sv(64) @ 1065: uvm_test_top.env.scb [fifo_scoreboard] Scoreboard received item
# KERNEL: UVM_INFO /home/runner/scoreboard.sv(68) @ 1065: uvm_test_top.env.scb [SCB_WR] DATA WRITTEN=6e ,count = 3
# KERNEL: UVM_INFO /home/runner/driver.sv(36) @ 1065: uvm_test_top.env.agent.drv [DRV] rst_n = 1, wr_en=0, wdata=8d, rd_en=1
# KERNEL: UVM_INFO /home/runner/monitor.sv(34) @ 1075: uvm_test_top.env.agent.mon [MON] rst_n=1, wr_en=0, wdata=39, rd_en=1, rdata=70, full=0, empty=0
# KERNEL: UVM_INFO /home/runner/scoreboard.sv(35) @ 1075: uvm_test_top.env.scb [fifo_scoreboard] Scoreboard received item
# KERNEL: UVM_INFO /home/runner/scoreboard.sv(41) @ 1075: uvm_test_top.env.scb [SCB_RD] DATA READ=70 ,count = 2
# KERNEL: UVM_INFO /home/runner/scoreboard.sv(44) @ 1075: uvm_test_top.env.scb [SCB_PASS] MATCH exp_rdata=70, ACT rdata=70
# KERNEL: UVM_INFO /home/runner/scoreboard.sv(64) @ 1075: uvm_test_top.env.scb [fifo_scoreboard] Scoreboard received item
# KERNEL: UVM_INFO /home/runner/driver.sv(36) @ 1075: uvm_test_top.env.agent.drv [DRV] rst_n = 0, wr_en=1, wdata=6a, rd_en=1
# KERNEL: UVM_INFO /home/runner/monitor.sv(34) @ 1085: uvm_test_top.env.agent.mon [MON] rst_n=1, wr_en=0, wdata=8d, rd_en=1, rdata=2b, full=0, empty=0
# KERNEL: UVM_INFO /home/runner/scoreboard.sv(35) @ 1085: uvm_test_top.env.scb [fifo_scoreboard] Scoreboard received item
# KERNEL: UVM_INFO /home/runner/scoreboard.sv(41) @ 1085: uvm_test_top.env.scb [SCB_RD] DATA READ=2b ,count = 1
# KERNEL: UVM_INFO /home/runner/scoreboard.sv(44) @ 1085: uvm_test_top.env.scb [SCB_PASS] MATCH exp_rdata=2b, ACT rdata=2b
# KERNEL: UVM_INFO /home/runner/scoreboard.sv(64) @ 1085: uvm_test_top.env.scb [fifo_scoreboard] Scoreboard received item
# KERNEL: UVM_INFO /home/runner/driver.sv(36) @ 1085: uvm_test_top.env.agent.drv [DRV] rst_n = 1, wr_en=1, wdata=cf, rd_en=0
# KERNEL: UVM_INFO /home/runner/monitor.sv(34) @ 1095: uvm_test_top.env.agent.mon [MON] rst_n=0, wr_en=1, wdata=6a, rd_en=1, rdata=6e, full=0, empty=1
# KERNEL: UVM_INFO /home/runner/scoreboard.sv(79) @ 1095: uvm_test_top.env.scb [SCB_RST] System in Reset, checking for clear outputs
# KERNEL: UVM_INFO /home/runner/driver.sv(36) @ 1095: uvm_test_top.env.agent.drv [DRV] rst_n = 0, wr_en=1, wdata=bc, rd_en=1
# KERNEL: UVM_INFO /home/runner/monitor.sv(34) @ 1105: uvm_test_top.env.agent.mon [MON] rst_n=1, wr_en=1, wdata=cf, rd_en=0, rdata=6e, full=0, empty=1
# KERNEL: UVM_INFO /home/runner/scoreboard.sv(35) @ 1105: uvm_test_top.env.scb [fifo_scoreboard] Scoreboard received item
# KERNEL: UVM_INFO /home/runner/scoreboard.sv(64) @ 1105: uvm_test_top.env.scb [fifo_scoreboard] Scoreboard received item
# KERNEL: UVM_INFO /home/runner/scoreboard.sv(68) @ 1105: uvm_test_top.env.scb [SCB_WR] DATA WRITTEN=cf ,count = 1
# KERNEL: UVM_INFO /home/runner/driver.sv(36) @ 1105: uvm_test_top.env.agent.drv [DRV] rst_n = 1, wr_en=0, wdata=32, rd_en=1
# KERNEL: UVM_INFO /home/runner/monitor.sv(34) @ 1115: uvm_test_top.env.agent.mon [MON] rst_n=0, wr_en=1, wdata=bc, rd_en=1, rdata=6e, full=0, empty=1
# KERNEL: UVM_INFO /home/runner/scoreboard.sv(79) @ 1115: uvm_test_top.env.scb [SCB_RST] System in Reset, checking for clear outputs
# KERNEL: UVM_INFO /home/runner/driver.sv(36) @ 1115: uvm_test_top.env.agent.drv [DRV] rst_n = 1, wr_en=1, wdata=31, rd_en=0
# KERNEL: UVM_INFO /home/runner/monitor.sv(34) @ 1125: uvm_test_top.env.agent.mon [MON] rst_n=1, wr_en=0, wdata=32, rd_en=1, rdata=6e, full=0, empty=1
# KERNEL: UVM_INFO /home/runner/scoreboard.sv(35) @ 1125: uvm_test_top.env.scb [fifo_scoreboard] Scoreboard received item
# KERNEL: UVM_INFO /home/runner/scoreboard.sv(64) @ 1125: uvm_test_top.env.scb [fifo_scoreboard] Scoreboard received item
# KERNEL: UVM_INFO /home/runner/driver.sv(36) @ 1125: uvm_test_top.env.agent.drv [DRV] rst_n = 1, wr_en=1, wdata=b8, rd_en=1
# KERNEL: Error: assertion.sv (36): UNDERFLOW happened
# KERNEL: UVM_INFO /home/runner/monitor.sv(34) @ 1135: uvm_test_top.env.agent.mon [MON] rst_n=1, wr_en=1, wdata=31, rd_en=0, rdata=6e, full=0, empty=1
# KERNEL: UVM_INFO /home/runner/scoreboard.sv(35) @ 1135: uvm_test_top.env.scb [fifo_scoreboard] Scoreboard received item
# KERNEL: UVM_INFO /home/runner/scoreboard.sv(64) @ 1135: uvm_test_top.env.scb [fifo_scoreboard] Scoreboard received item
# KERNEL: UVM_INFO /home/runner/scoreboard.sv(68) @ 1135: uvm_test_top.env.scb [SCB_WR] DATA WRITTEN=31 ,count = 1
# KERNEL: UVM_INFO /home/runner/driver.sv(36) @ 1135: uvm_test_top.env.agent.drv [DRV] rst_n = 1, wr_en=0, wdata=c7, rd_en=1
# KERNEL: UVM_INFO /home/runner/monitor.sv(34) @ 1145: uvm_test_top.env.agent.mon [MON] rst_n=1, wr_en=1, wdata=b8, rd_en=1, rdata=6e, full=0, empty=0
# KERNEL: UVM_INFO /home/runner/scoreboard.sv(35) @ 1145: uvm_test_top.env.scb [fifo_scoreboard] Scoreboard received item
# KERNEL: UVM_INFO /home/runner/scoreboard.sv(64) @ 1145: uvm_test_top.env.scb [fifo_scoreboard] Scoreboard received item
# KERNEL: UVM_INFO /home/runner/scoreboard.sv(68) @ 1145: uvm_test_top.env.scb [SCB_WR] DATA WRITTEN=b8 ,count = 2
# KERNEL: UVM_INFO /home/runner/driver.sv(36) @ 1145: uvm_test_top.env.agent.drv [DRV] rst_n = 1, wr_en=1, wdata=5f, rd_en=0
# KERNEL: UVM_INFO /home/runner/monitor.sv(34) @ 1155: uvm_test_top.env.agent.mon [MON] rst_n=1, wr_en=0, wdata=c7, rd_en=1, rdata=31, full=0, empty=0
# KERNEL: UVM_INFO /home/runner/scoreboard.sv(35) @ 1155: uvm_test_top.env.scb [fifo_scoreboard] Scoreboard received item
# KERNEL: UVM_INFO /home/runner/scoreboard.sv(41) @ 1155: uvm_test_top.env.scb [SCB_RD] DATA READ=31 ,count = 1
# KERNEL: UVM_INFO /home/runner/scoreboard.sv(44) @ 1155: uvm_test_top.env.scb [SCB_PASS] MATCH exp_rdata=31, ACT rdata=31
# KERNEL: UVM_INFO /home/runner/scoreboard.sv(64) @ 1155: uvm_test_top.env.scb [fifo_scoreboard] Scoreboard received item
# KERNEL: UVM_INFO /home/runner/driver.sv(36) @ 1155: uvm_test_top.env.agent.drv [DRV] rst_n = 0, wr_en=1, wdata=80, rd_en=1
# KERNEL: UVM_INFO /home/runner/monitor.sv(34) @ 1165: uvm_test_top.env.agent.mon [MON] rst_n=1, wr_en=1, wdata=5f, rd_en=0, rdata=b8, full=0, empty=1
# KERNEL: UVM_INFO /home/runner/scoreboard.sv(35) @ 1165: uvm_test_top.env.scb [fifo_scoreboard] Scoreboard received item
# KERNEL: UVM_INFO /home/runner/scoreboard.sv(64) @ 1165: uvm_test_top.env.scb [fifo_scoreboard] Scoreboard received item
# KERNEL: UVM_INFO /home/runner/scoreboard.sv(68) @ 1165: uvm_test_top.env.scb [SCB_WR] DATA WRITTEN=5f ,count = 2
# KERNEL: UVM_INFO /home/runner/monitor.sv(34) @ 1175: uvm_test_top.env.agent.mon [MON] rst_n=0, wr_en=1, wdata=80, rd_en=1, rdata=b8, full=0, empty=1
# KERNEL: UVM_INFO /home/runner/scoreboard.sv(79) @ 1175: uvm_test_top.env.scb [SCB_RST] System in Reset, checking for clear outputs
# KERNEL: UVM_INFO /home/runner/master_seq.sv(39) @ 1185: uvm_test_top.env.agent.sqr@@seq [MASTER_SEQ] Starting Sequence 3...
# KERNEL: UVM_INFO /home/runner/sequence3.sv(11) @ 1185: uvm_test_top.env.agent.sqr@@s3 [fifo_simultaneous_seq] Starting Simulatneous Stimulus for all ports...
# KERNEL: UVM_INFO /home/runner/driver.sv(36) @ 1185: uvm_test_top.env.agent.drv [DRV] rst_n = 1, wr_en=1, wdata=95, rd_en=0
# KERNEL: UVM_INFO /home/runner/monitor.sv(34) @ 1185: uvm_test_top.env.agent.mon [MON] rst_n=0, wr_en=1, wdata=80, rd_en=1, rdata=b8, full=0, empty=1
# KERNEL: UVM_INFO /home/runner/scoreboard.sv(79) @ 1185: uvm_test_top.env.scb [SCB_RST] System in Reset, checking for clear outputs
# KERNEL: UVM_INFO /home/runner/driver.sv(36) @ 1185: uvm_test_top.env.agent.drv [DRV] rst_n = 1, wr_en=0, wdata=a5, rd_en=1
# KERNEL: UVM_INFO /home/runner/monitor.sv(34) @ 1195: uvm_test_top.env.agent.mon [MON] rst_n=1, wr_en=1, wdata=95, rd_en=0, rdata=b8, full=0, empty=1
# KERNEL: UVM_INFO /home/runner/scoreboard.sv(35) @ 1195: uvm_test_top.env.scb [fifo_scoreboard] Scoreboard received item
# KERNEL: UVM_INFO /home/runner/scoreboard.sv(64) @ 1195: uvm_test_top.env.scb [fifo_scoreboard] Scoreboard received item
# KERNEL: UVM_INFO /home/runner/scoreboard.sv(68) @ 1195: uvm_test_top.env.scb [SCB_WR] DATA WRITTEN=95 ,count = 1
# KERNEL: UVM_INFO /home/runner/driver.sv(36) @ 1195: uvm_test_top.env.agent.drv [DRV] rst_n = 1, wr_en=1, wdata=90, rd_en=0
# KERNEL: UVM_INFO /home/runner/monitor.sv(34) @ 1205: uvm_test_top.env.agent.mon [MON] rst_n=1, wr_en=0, wdata=a5, rd_en=1, rdata=b8, full=0, empty=0
# KERNEL: UVM_INFO /home/runner/scoreboard.sv(35) @ 1205: uvm_test_top.env.scb [fifo_scoreboard] Scoreboard received item
# KERNEL: UVM_INFO /home/runner/scoreboard.sv(64) @ 1205: uvm_test_top.env.scb [fifo_scoreboard] Scoreboard received item
# KERNEL: UVM_INFO /home/runner/driver.sv(36) @ 1205: uvm_test_top.env.agent.drv [DRV] rst_n = 1, wr_en=0, wdata=54, rd_en=1
# KERNEL: UVM_INFO /home/runner/monitor.sv(34) @ 1215: uvm_test_top.env.agent.mon [MON] rst_n=1, wr_en=1, wdata=90, rd_en=0, rdata=95, full=0, empty=1
# KERNEL: UVM_INFO /home/runner/scoreboard.sv(35) @ 1215: uvm_test_top.env.scb [fifo_scoreboard] Scoreboard received item
# KERNEL: UVM_INFO /home/runner/scoreboard.sv(64) @ 1215: uvm_test_top.env.scb [fifo_scoreboard] Scoreboard received item
# KERNEL: UVM_INFO /home/runner/scoreboard.sv(68) @ 1215: uvm_test_top.env.scb [SCB_WR] DATA WRITTEN=90 ,count = 2
# KERNEL: UVM_INFO /home/runner/driver.sv(36) @ 1215: uvm_test_top.env.agent.drv [DRV] rst_n = 1, wr_en=1, wdata=f3, rd_en=0
# KERNEL: UVM_INFO /home/runner/monitor.sv(34) @ 1225: uvm_test_top.env.agent.mon [MON] rst_n=1, wr_en=0, wdata=54, rd_en=1, rdata=95, full=0, empty=0
# KERNEL: UVM_INFO /home/runner/scoreboard.sv(35) @ 1225: uvm_test_top.env.scb [fifo_scoreboard] Scoreboard received item
# KERNEL: UVM_INFO /home/runner/scoreboard.sv(41) @ 1225: uvm_test_top.env.scb [SCB_RD] DATA READ=95 ,count = 1
# KERNEL: UVM_INFO /home/runner/scoreboard.sv(44) @ 1225: uvm_test_top.env.scb [SCB_PASS] MATCH exp_rdata=95, ACT rdata=95
# KERNEL: UVM_INFO /home/runner/scoreboard.sv(64) @ 1225: uvm_test_top.env.scb [fifo_scoreboard] Scoreboard received item
# KERNEL: UVM_INFO /home/runner/driver.sv(36) @ 1225: uvm_test_top.env.agent.drv [DRV] rst_n = 1, wr_en=0, wdata=6b, rd_en=1
# KERNEL: UVM_INFO /home/runner/monitor.sv(34) @ 1235: uvm_test_top.env.agent.mon [MON] rst_n=1, wr_en=1, wdata=f3, rd_en=0, rdata=90, full=0, empty=1
# KERNEL: UVM_INFO /home/runner/scoreboard.sv(35) @ 1235: uvm_test_top.env.scb [fifo_scoreboard] Scoreboard received item
# KERNEL: UVM_INFO /home/runner/scoreboard.sv(64) @ 1235: uvm_test_top.env.scb [fifo_scoreboard] Scoreboard received item
# KERNEL: UVM_INFO /home/runner/scoreboard.sv(68) @ 1235: uvm_test_top.env.scb [SCB_WR] DATA WRITTEN=f3 ,count = 2
# KERNEL: UVM_INFO /home/runner/driver.sv(36) @ 1235: uvm_test_top.env.agent.drv [DRV] rst_n = 1, wr_en=1, wdata=be, rd_en=0
# KERNEL: UVM_INFO /home/runner/monitor.sv(34) @ 1245: uvm_test_top.env.agent.mon [MON] rst_n=1, wr_en=0, wdata=6b, rd_en=1, rdata=90, full=0, empty=0
# KERNEL: UVM_INFO /home/runner/scoreboard.sv(35) @ 1245: uvm_test_top.env.scb [fifo_scoreboard] Scoreboard received item
# KERNEL: UVM_INFO /home/runner/scoreboard.sv(41) @ 1245: uvm_test_top.env.scb [SCB_RD] DATA READ=90 ,count = 1
# KERNEL: UVM_INFO /home/runner/scoreboard.sv(44) @ 1245: uvm_test_top.env.scb [SCB_PASS] MATCH exp_rdata=90, ACT rdata=90
# KERNEL: UVM_INFO /home/runner/scoreboard.sv(64) @ 1245: uvm_test_top.env.scb [fifo_scoreboard] Scoreboard received item
# KERNEL: UVM_INFO /home/runner/driver.sv(36) @ 1245: uvm_test_top.env.agent.drv [DRV] rst_n = 1, wr_en=0, wdata=ea, rd_en=1
# KERNEL: UVM_INFO /home/runner/monitor.sv(34) @ 1255: uvm_test_top.env.agent.mon [MON] rst_n=1, wr_en=1, wdata=be, rd_en=0, rdata=f3, full=0, empty=1
# KERNEL: UVM_INFO /home/runner/scoreboard.sv(35) @ 1255: uvm_test_top.env.scb [fifo_scoreboard] Scoreboard received item
# KERNEL: UVM_INFO /home/runner/scoreboard.sv(64) @ 1255: uvm_test_top.env.scb [fifo_scoreboard] Scoreboard received item
# KERNEL: UVM_INFO /home/runner/scoreboard.sv(68) @ 1255: uvm_test_top.env.scb [SCB_WR] DATA WRITTEN=be ,count = 2
# KERNEL: UVM_INFO /home/runner/driver.sv(36) @ 1255: uvm_test_top.env.agent.drv [DRV] rst_n = 1, wr_en=1, wdata=f1, rd_en=0
# KERNEL: UVM_INFO /home/runner/monitor.sv(34) @ 1265: uvm_test_top.env.agent.mon [MON] rst_n=1, wr_en=0, wdata=ea, rd_en=1, rdata=f3, full=0, empty=0
# KERNEL: UVM_INFO /home/runner/scoreboard.sv(35) @ 1265: uvm_test_top.env.scb [fifo_scoreboard] Scoreboard received item
# KERNEL: UVM_INFO /home/runner/scoreboard.sv(41) @ 1265: uvm_test_top.env.scb [SCB_RD] DATA READ=f3 ,count = 1
# KERNEL: UVM_INFO /home/runner/scoreboard.sv(44) @ 1265: uvm_test_top.env.scb [SCB_PASS] MATCH exp_rdata=f3, ACT rdata=f3
# KERNEL: UVM_INFO /home/runner/scoreboard.sv(64) @ 1265: uvm_test_top.env.scb [fifo_scoreboard] Scoreboard received item
# KERNEL: UVM_INFO /home/runner/driver.sv(36) @ 1265: uvm_test_top.env.agent.drv [DRV] rst_n = 1, wr_en=0, wdata=d1, rd_en=1
# KERNEL: UVM_INFO /home/runner/monitor.sv(34) @ 1275: uvm_test_top.env.agent.mon [MON] rst_n=1, wr_en=1, wdata=f1, rd_en=0, rdata=be, full=0, empty=1
# KERNEL: UVM_INFO /home/runner/scoreboard.sv(35) @ 1275: uvm_test_top.env.scb [fifo_scoreboard] Scoreboard received item
# KERNEL: UVM_INFO /home/runner/scoreboard.sv(64) @ 1275: uvm_test_top.env.scb [fifo_scoreboard] Scoreboard received item
# KERNEL: UVM_INFO /home/runner/scoreboard.sv(68) @ 1275: uvm_test_top.env.scb [SCB_WR] DATA WRITTEN=f1 ,count = 2
# KERNEL: UVM_INFO /home/runner/driver.sv(36) @ 1275: uvm_test_top.env.agent.drv [DRV] rst_n = 1, wr_en=1, wdata=8c, rd_en=0
# KERNEL: UVM_INFO /home/runner/monitor.sv(34) @ 1285: uvm_test_top.env.agent.mon [MON] rst_n=1, wr_en=0, wdata=d1, rd_en=1, rdata=be, full=0, empty=0
# KERNEL: UVM_INFO /home/runner/scoreboard.sv(35) @ 1285: uvm_test_top.env.scb [fifo_scoreboard] Scoreboard received item
# KERNEL: UVM_INFO /home/runner/scoreboard.sv(41) @ 1285: uvm_test_top.env.scb [SCB_RD] DATA READ=be ,count = 1
# KERNEL: UVM_INFO /home/runner/scoreboard.sv(44) @ 1285: uvm_test_top.env.scb [SCB_PASS] MATCH exp_rdata=be, ACT rdata=be
# KERNEL: UVM_INFO /home/runner/scoreboard.sv(64) @ 1285: uvm_test_top.env.scb [fifo_scoreboard] Scoreboard received item
# KERNEL: UVM_INFO /home/runner/driver.sv(36) @ 1285: uvm_test_top.env.agent.drv [DRV] rst_n = 1, wr_en=0, wdata=20, rd_en=1
# KERNEL: UVM_INFO /home/runner/monitor.sv(34) @ 1295: uvm_test_top.env.agent.mon [MON] rst_n=1, wr_en=1, wdata=8c, rd_en=0, rdata=f1, full=0, empty=1
# KERNEL: UVM_INFO /home/runner/scoreboard.sv(35) @ 1295: uvm_test_top.env.scb [fifo_scoreboard] Scoreboard received item
# KERNEL: UVM_INFO /home/runner/scoreboard.sv(64) @ 1295: uvm_test_top.env.scb [fifo_scoreboard] Scoreboard received item
# KERNEL: UVM_INFO /home/runner/scoreboard.sv(68) @ 1295: uvm_test_top.env.scb [SCB_WR] DATA WRITTEN=8c ,count = 2
# KERNEL: UVM_INFO /home/runner/driver.sv(36) @ 1295: uvm_test_top.env.agent.drv [DRV] rst_n = 1, wr_en=1, wdata=8f, rd_en=0
# KERNEL: UVM_INFO /home/runner/monitor.sv(34) @ 1305: uvm_test_top.env.agent.mon [MON] rst_n=1, wr_en=0, wdata=20, rd_en=1, rdata=f1, full=0, empty=0
# KERNEL: UVM_INFO /home/runner/scoreboard.sv(35) @ 1305: uvm_test_top.env.scb [fifo_scoreboard] Scoreboard received item
# KERNEL: UVM_INFO /home/runner/scoreboard.sv(41) @ 1305: uvm_test_top.env.scb [SCB_RD] DATA READ=f1 ,count = 1
# KERNEL: UVM_INFO /home/runner/scoreboard.sv(44) @ 1305: uvm_test_top.env.scb [SCB_PASS] MATCH exp_rdata=f1, ACT rdata=f1
# KERNEL: UVM_INFO /home/runner/scoreboard.sv(64) @ 1305: uvm_test_top.env.scb [fifo_scoreboard] Scoreboard received item
# KERNEL: UVM_INFO /home/runner/driver.sv(36) @ 1305: uvm_test_top.env.agent.drv [DRV] rst_n = 1, wr_en=0, wdata=d7, rd_en=1
# KERNEL: UVM_INFO /home/runner/monitor.sv(34) @ 1315: uvm_test_top.env.agent.mon [MON] rst_n=1, wr_en=1, wdata=8f, rd_en=0, rdata=8c, full=0, empty=1
# KERNEL: UVM_INFO /home/runner/scoreboard.sv(35) @ 1315: uvm_test_top.env.scb [fifo_scoreboard] Scoreboard received item
# KERNEL: UVM_INFO /home/runner/scoreboard.sv(64) @ 1315: uvm_test_top.env.scb [fifo_scoreboard] Scoreboard received item
# KERNEL: UVM_INFO /home/runner/scoreboard.sv(68) @ 1315: uvm_test_top.env.scb [SCB_WR] DATA WRITTEN=8f ,count = 2
# KERNEL: UVM_INFO /home/runner/driver.sv(36) @ 1315: uvm_test_top.env.agent.drv [DRV] rst_n = 1, wr_en=1, wdata=fa, rd_en=0
# KERNEL: UVM_INFO /home/runner/monitor.sv(34) @ 1325: uvm_test_top.env.agent.mon [MON] rst_n=1, wr_en=0, wdata=d7, rd_en=1, rdata=8c, full=0, empty=0
# KERNEL: UVM_INFO /home/runner/scoreboard.sv(35) @ 1325: uvm_test_top.env.scb [fifo_scoreboard] Scoreboard received item
# KERNEL: UVM_INFO /home/runner/scoreboard.sv(41) @ 1325: uvm_test_top.env.scb [SCB_RD] DATA READ=8c ,count = 1
# KERNEL: UVM_INFO /home/runner/scoreboard.sv(44) @ 1325: uvm_test_top.env.scb [SCB_PASS] MATCH exp_rdata=8c, ACT rdata=8c
# KERNEL: UVM_INFO /home/runner/scoreboard.sv(64) @ 1325: uvm_test_top.env.scb [fifo_scoreboard] Scoreboard received item
# KERNEL: UVM_INFO /home/runner/driver.sv(36) @ 1325: uvm_test_top.env.agent.drv [DRV] rst_n = 1, wr_en=0, wdata=f6, rd_en=1
# KERNEL: UVM_INFO /home/runner/monitor.sv(34) @ 1335: uvm_test_top.env.agent.mon [MON] rst_n=1, wr_en=1, wdata=fa, rd_en=0, rdata=8f, full=0, empty=1
# KERNEL: UVM_INFO /home/runner/scoreboard.sv(35) @ 1335: uvm_test_top.env.scb [fifo_scoreboard] Scoreboard received item
# KERNEL: UVM_INFO /home/runner/scoreboard.sv(64) @ 1335: uvm_test_top.env.scb [fifo_scoreboard] Scoreboard received item
# KERNEL: UVM_INFO /home/runner/scoreboard.sv(68) @ 1335: uvm_test_top.env.scb [SCB_WR] DATA WRITTEN=fa ,count = 2
# KERNEL: UVM_INFO /home/runner/driver.sv(36) @ 1335: uvm_test_top.env.agent.drv [DRV] rst_n = 1, wr_en=1, wdata=cd, rd_en=0
# KERNEL: UVM_INFO /home/runner/monitor.sv(34) @ 1345: uvm_test_top.env.agent.mon [MON] rst_n=1, wr_en=0, wdata=f6, rd_en=1, rdata=8f, full=0, empty=0
# KERNEL: UVM_INFO /home/runner/scoreboard.sv(35) @ 1345: uvm_test_top.env.scb [fifo_scoreboard] Scoreboard received item
# KERNEL: UVM_INFO /home/runner/scoreboard.sv(41) @ 1345: uvm_test_top.env.scb [SCB_RD] DATA READ=8f ,count = 1
# KERNEL: UVM_INFO /home/runner/scoreboard.sv(44) @ 1345: uvm_test_top.env.scb [SCB_PASS] MATCH exp_rdata=8f, ACT rdata=8f
# KERNEL: UVM_INFO /home/runner/scoreboard.sv(64) @ 1345: uvm_test_top.env.scb [fifo_scoreboard] Scoreboard received item
# KERNEL: UVM_INFO /home/runner/driver.sv(36) @ 1345: uvm_test_top.env.agent.drv [DRV] rst_n = 1, wr_en=0, wdata=7d, rd_en=1
# KERNEL: UVM_INFO /home/runner/monitor.sv(34) @ 1355: uvm_test_top.env.agent.mon [MON] rst_n=1, wr_en=1, wdata=cd, rd_en=0, rdata=fa, full=0, empty=1
# KERNEL: UVM_INFO /home/runner/scoreboard.sv(35) @ 1355: uvm_test_top.env.scb [fifo_scoreboard] Scoreboard received item
# KERNEL: UVM_INFO /home/runner/scoreboard.sv(64) @ 1355: uvm_test_top.env.scb [fifo_scoreboard] Scoreboard received item
# KERNEL: UVM_INFO /home/runner/scoreboard.sv(68) @ 1355: uvm_test_top.env.scb [SCB_WR] DATA WRITTEN=cd ,count = 2
# KERNEL: UVM_INFO /home/runner/driver.sv(36) @ 1355: uvm_test_top.env.agent.drv [DRV] rst_n = 1, wr_en=1, wdata=8, rd_en=0
# KERNEL: UVM_INFO /home/runner/monitor.sv(34) @ 1365: uvm_test_top.env.agent.mon [MON] rst_n=1, wr_en=0, wdata=7d, rd_en=1, rdata=fa, full=0, empty=0
# KERNEL: UVM_INFO /home/runner/scoreboard.sv(35) @ 1365: uvm_test_top.env.scb [fifo_scoreboard] Scoreboard received item
# KERNEL: UVM_INFO /home/runner/scoreboard.sv(41) @ 1365: uvm_test_top.env.scb [SCB_RD] DATA READ=fa ,count = 1
# KERNEL: UVM_INFO /home/runner/scoreboard.sv(44) @ 1365: uvm_test_top.env.scb [SCB_PASS] MATCH exp_rdata=fa, ACT rdata=fa
# KERNEL: UVM_INFO /home/runner/scoreboard.sv(64) @ 1365: uvm_test_top.env.scb [fifo_scoreboard] Scoreboard received item
# KERNEL: UVM_INFO /home/runner/driver.sv(36) @ 1365: uvm_test_top.env.agent.drv [DRV] rst_n = 1, wr_en=0, wdata=6c, rd_en=1
# KERNEL: UVM_INFO /home/runner/monitor.sv(34) @ 1375: uvm_test_top.env.agent.mon [MON] rst_n=1, wr_en=1, wdata=8, rd_en=0, rdata=cd, full=0, empty=1
# KERNEL: UVM_INFO /home/runner/scoreboard.sv(35) @ 1375: uvm_test_top.env.scb [fifo_scoreboard] Scoreboard received item
# KERNEL: UVM_INFO /home/runner/scoreboard.sv(64) @ 1375: uvm_test_top.env.scb [fifo_scoreboard] Scoreboard received item
# KERNEL: UVM_INFO /home/runner/scoreboard.sv(68) @ 1375: uvm_test_top.env.scb [SCB_WR] DATA WRITTEN=8 ,count = 2
# KERNEL: UVM_INFO /home/runner/driver.sv(36) @ 1375: uvm_test_top.env.agent.drv [DRV] rst_n = 1, wr_en=1, wdata=ab, rd_en=0
# KERNEL: UVM_INFO /home/runner/monitor.sv(34) @ 1385: uvm_test_top.env.agent.mon [MON] rst_n=1, wr_en=0, wdata=6c, rd_en=1, rdata=cd, full=0, empty=0
# KERNEL: UVM_INFO /home/runner/scoreboard.sv(35) @ 1385: uvm_test_top.env.scb [fifo_scoreboard] Scoreboard received item
# KERNEL: UVM_INFO /home/runner/scoreboard.sv(41) @ 1385: uvm_test_top.env.scb [SCB_RD] DATA READ=cd ,count = 1
# KERNEL: UVM_INFO /home/runner/scoreboard.sv(44) @ 1385: uvm_test_top.env.scb [SCB_PASS] MATCH exp_rdata=cd, ACT rdata=cd
# KERNEL: UVM_INFO /home/runner/scoreboard.sv(64) @ 1385: uvm_test_top.env.scb [fifo_scoreboard] Scoreboard received item
# KERNEL: UVM_INFO /home/runner/driver.sv(36) @ 1385: uvm_test_top.env.agent.drv [DRV] rst_n = 1, wr_en=0, wdata=c3, rd_en=1
# KERNEL: UVM_INFO /home/runner/monitor.sv(34) @ 1395: uvm_test_top.env.agent.mon [MON] rst_n=1, wr_en=1, wdata=ab, rd_en=0, rdata=8, full=0, empty=1
# KERNEL: UVM_INFO /home/runner/scoreboard.sv(35) @ 1395: uvm_test_top.env.scb [fifo_scoreboard] Scoreboard received item
# KERNEL: UVM_INFO /home/runner/scoreboard.sv(64) @ 1395: uvm_test_top.env.scb [fifo_scoreboard] Scoreboard received item
# KERNEL: UVM_INFO /home/runner/scoreboard.sv(68) @ 1395: uvm_test_top.env.scb [SCB_WR] DATA WRITTEN=ab ,count = 2
# KERNEL: UVM_INFO /home/runner/driver.sv(36) @ 1395: uvm_test_top.env.agent.drv [DRV] rst_n = 1, wr_en=1, wdata=b6, rd_en=0
# KERNEL: UVM_INFO /home/runner/monitor.sv(34) @ 1405: uvm_test_top.env.agent.mon [MON] rst_n=1, wr_en=0, wdata=c3, rd_en=1, rdata=8, full=0, empty=0
# KERNEL: UVM_INFO /home/runner/scoreboard.sv(35) @ 1405: uvm_test_top.env.scb [fifo_scoreboard] Scoreboard received item
# KERNEL: UVM_INFO /home/runner/scoreboard.sv(41) @ 1405: uvm_test_top.env.scb [SCB_RD] DATA READ=8 ,count = 1
# KERNEL: UVM_INFO /home/runner/scoreboard.sv(44) @ 1405: uvm_test_top.env.scb [SCB_PASS] MATCH exp_rdata=8, ACT rdata=8
# KERNEL: UVM_INFO /home/runner/scoreboard.sv(64) @ 1405: uvm_test_top.env.scb [fifo_scoreboard] Scoreboard received item
# KERNEL: UVM_INFO /home/runner/driver.sv(36) @ 1405: uvm_test_top.env.agent.drv [DRV] rst_n = 1, wr_en=0, wdata=82, rd_en=1
# KERNEL: UVM_INFO /home/runner/monitor.sv(34) @ 1415: uvm_test_top.env.agent.mon [MON] rst_n=1, wr_en=1, wdata=b6, rd_en=0, rdata=ab, full=0, empty=1
# KERNEL: UVM_INFO /home/runner/scoreboard.sv(35) @ 1415: uvm_test_top.env.scb [fifo_scoreboard] Scoreboard received item
# KERNEL: UVM_INFO /home/runner/scoreboard.sv(64) @ 1415: uvm_test_top.env.scb [fifo_scoreboard] Scoreboard received item
# KERNEL: UVM_INFO /home/runner/scoreboard.sv(68) @ 1415: uvm_test_top.env.scb [SCB_WR] DATA WRITTEN=b6 ,count = 2
# KERNEL: UVM_INFO /home/runner/driver.sv(36) @ 1415: uvm_test_top.env.agent.drv [DRV] rst_n = 1, wr_en=1, wdata=29, rd_en=0
# KERNEL: UVM_INFO /home/runner/monitor.sv(34) @ 1425: uvm_test_top.env.agent.mon [MON] rst_n=1, wr_en=0, wdata=82, rd_en=1, rdata=ab, full=0, empty=0
# KERNEL: UVM_INFO /home/runner/scoreboard.sv(35) @ 1425: uvm_test_top.env.scb [fifo_scoreboard] Scoreboard received item
# KERNEL: UVM_INFO /home/runner/scoreboard.sv(41) @ 1425: uvm_test_top.env.scb [SCB_RD] DATA READ=ab ,count = 1
# KERNEL: UVM_INFO /home/runner/scoreboard.sv(44) @ 1425: uvm_test_top.env.scb [SCB_PASS] MATCH exp_rdata=ab, ACT rdata=ab
# KERNEL: UVM_INFO /home/runner/scoreboard.sv(64) @ 1425: uvm_test_top.env.scb [fifo_scoreboard] Scoreboard received item
# KERNEL: UVM_INFO /home/runner/driver.sv(36) @ 1425: uvm_test_top.env.agent.drv [DRV] rst_n = 1, wr_en=0, wdata=a9, rd_en=1
# KERNEL: UVM_INFO /home/runner/monitor.sv(34) @ 1435: uvm_test_top.env.agent.mon [MON] rst_n=1, wr_en=1, wdata=29, rd_en=0, rdata=b6, full=0, empty=1
# KERNEL: UVM_INFO /home/runner/scoreboard.sv(35) @ 1435: uvm_test_top.env.scb [fifo_scoreboard] Scoreboard received item
# KERNEL: UVM_INFO /home/runner/scoreboard.sv(64) @ 1435: uvm_test_top.env.scb [fifo_scoreboard] Scoreboard received item
# KERNEL: UVM_INFO /home/runner/scoreboard.sv(68) @ 1435: uvm_test_top.env.scb [SCB_WR] DATA WRITTEN=29 ,count = 2
# KERNEL: UVM_INFO /home/runner/driver.sv(36) @ 1435: uvm_test_top.env.agent.drv [DRV] rst_n = 1, wr_en=1, wdata=4, rd_en=0
# KERNEL: UVM_INFO /home/runner/monitor.sv(34) @ 1445: uvm_test_top.env.agent.mon [MON] rst_n=1, wr_en=0, wdata=a9, rd_en=1, rdata=b6, full=0, empty=0
# KERNEL: UVM_INFO /home/runner/scoreboard.sv(35) @ 1445: uvm_test_top.env.scb [fifo_scoreboard] Scoreboard received item
# KERNEL: UVM_INFO /home/runner/scoreboard.sv(41) @ 1445: uvm_test_top.env.scb [SCB_RD] DATA READ=b6 ,count = 1
# KERNEL: UVM_INFO /home/runner/scoreboard.sv(44) @ 1445: uvm_test_top.env.scb [SCB_PASS] MATCH exp_rdata=b6, ACT rdata=b6
# KERNEL: UVM_INFO /home/runner/scoreboard.sv(64) @ 1445: uvm_test_top.env.scb [fifo_scoreboard] Scoreboard received item
# KERNEL: UVM_INFO /home/runner/driver.sv(36) @ 1445: uvm_test_top.env.agent.drv [DRV] rst_n = 1, wr_en=0, wdata=38, rd_en=1
# KERNEL: UVM_INFO /home/runner/monitor.sv(34) @ 1455: uvm_test_top.env.agent.mon [MON] rst_n=1, wr_en=1, wdata=4, rd_en=0, rdata=29, full=0, empty=1
# KERNEL: UVM_INFO /home/runner/scoreboard.sv(35) @ 1455: uvm_test_top.env.scb [fifo_scoreboard] Scoreboard received item
# KERNEL: UVM_INFO /home/runner/scoreboard.sv(64) @ 1455: uvm_test_top.env.scb [fifo_scoreboard] Scoreboard received item
# KERNEL: UVM_INFO /home/runner/scoreboard.sv(68) @ 1455: uvm_test_top.env.scb [SCB_WR] DATA WRITTEN=4 ,count = 2
# KERNEL: UVM_INFO /home/runner/driver.sv(36) @ 1455: uvm_test_top.env.agent.drv [DRV] rst_n = 1, wr_en=1, wdata=47, rd_en=0
# KERNEL: UVM_INFO /home/runner/monitor.sv(34) @ 1465: uvm_test_top.env.agent.mon [MON] rst_n=1, wr_en=0, wdata=38, rd_en=1, rdata=29, full=0, empty=0
# KERNEL: UVM_INFO /home/runner/scoreboard.sv(35) @ 1465: uvm_test_top.env.scb [fifo_scoreboard] Scoreboard received item
# KERNEL: UVM_INFO /home/runner/scoreboard.sv(41) @ 1465: uvm_test_top.env.scb [SCB_RD] DATA READ=29 ,count = 1
# KERNEL: UVM_INFO /home/runner/scoreboard.sv(44) @ 1465: uvm_test_top.env.scb [SCB_PASS] MATCH exp_rdata=29, ACT rdata=29
# KERNEL: UVM_INFO /home/runner/scoreboard.sv(64) @ 1465: uvm_test_top.env.scb [fifo_scoreboard] Scoreboard received item
# KERNEL: UVM_INFO /home/runner/driver.sv(36) @ 1465: uvm_test_top.env.agent.drv [DRV] rst_n = 1, wr_en=0, wdata=2f, rd_en=1
# KERNEL: UVM_INFO /home/runner/monitor.sv(34) @ 1475: uvm_test_top.env.agent.mon [MON] rst_n=1, wr_en=1, wdata=47, rd_en=0, rdata=4, full=0, empty=1
# KERNEL: UVM_INFO /home/runner/scoreboard.sv(35) @ 1475: uvm_test_top.env.scb [fifo_scoreboard] Scoreboard received item
# KERNEL: UVM_INFO /home/runner/scoreboard.sv(64) @ 1475: uvm_test_top.env.scb [fifo_scoreboard] Scoreboard received item
# KERNEL: UVM_INFO /home/runner/scoreboard.sv(68) @ 1475: uvm_test_top.env.scb [SCB_WR] DATA WRITTEN=47 ,count = 2
# KERNEL: UVM_INFO /home/runner/driver.sv(36) @ 1475: uvm_test_top.env.agent.drv [DRV] rst_n = 1, wr_en=1, wdata=f2, rd_en=0
# KERNEL: UVM_INFO /home/runner/monitor.sv(34) @ 1485: uvm_test_top.env.agent.mon [MON] rst_n=1, wr_en=0, wdata=2f, rd_en=1, rdata=4, full=0, empty=0
# KERNEL: UVM_INFO /home/runner/scoreboard.sv(35) @ 1485: uvm_test_top.env.scb [fifo_scoreboard] Scoreboard received item
# KERNEL: UVM_INFO /home/runner/scoreboard.sv(41) @ 1485: uvm_test_top.env.scb [SCB_RD] DATA READ=4 ,count = 1
# KERNEL: UVM_INFO /home/runner/scoreboard.sv(44) @ 1485: uvm_test_top.env.scb [SCB_PASS] MATCH exp_rdata=4, ACT rdata=4
# KERNEL: UVM_INFO /home/runner/scoreboard.sv(64) @ 1485: uvm_test_top.env.scb [fifo_scoreboard] Scoreboard received item
# KERNEL: UVM_INFO /home/runner/driver.sv(36) @ 1485: uvm_test_top.env.agent.drv [DRV] rst_n = 1, wr_en=0, wdata=8e, rd_en=1
# KERNEL: UVM_INFO /home/runner/monitor.sv(34) @ 1495: uvm_test_top.env.agent.mon [MON] rst_n=1, wr_en=1, wdata=f2, rd_en=0, rdata=47, full=0, empty=1
# KERNEL: UVM_INFO /home/runner/scoreboard.sv(35) @ 1495: uvm_test_top.env.scb [fifo_scoreboard] Scoreboard received item
# KERNEL: UVM_INFO /home/runner/scoreboard.sv(64) @ 1495: uvm_test_top.env.scb [fifo_scoreboard] Scoreboard received item
# KERNEL: UVM_INFO /home/runner/scoreboard.sv(68) @ 1495: uvm_test_top.env.scb [SCB_WR] DATA WRITTEN=f2 ,count = 2
# KERNEL: UVM_INFO /home/runner/driver.sv(36) @ 1495: uvm_test_top.env.agent.drv [DRV] rst_n = 1, wr_en=1, wdata=5, rd_en=0
# KERNEL: UVM_INFO /home/runner/monitor.sv(34) @ 1505: uvm_test_top.env.agent.mon [MON] rst_n=1, wr_en=0, wdata=8e, rd_en=1, rdata=47, full=0, empty=0
# KERNEL: UVM_INFO /home/runner/scoreboard.sv(35) @ 1505: uvm_test_top.env.scb [fifo_scoreboard] Scoreboard received item
# KERNEL: UVM_INFO /home/runner/scoreboard.sv(41) @ 1505: uvm_test_top.env.scb [SCB_RD] DATA READ=47 ,count = 1
# KERNEL: UVM_INFO /home/runner/scoreboard.sv(44) @ 1505: uvm_test_top.env.scb [SCB_PASS] MATCH exp_rdata=47, ACT rdata=47
# KERNEL: UVM_INFO /home/runner/scoreboard.sv(64) @ 1505: uvm_test_top.env.scb [fifo_scoreboard] Scoreboard received item
# KERNEL: UVM_INFO /home/runner/driver.sv(36) @ 1505: uvm_test_top.env.agent.drv [DRV] rst_n = 1, wr_en=0, wdata=55, rd_en=1
# KERNEL: UVM_INFO /home/runner/monitor.sv(34) @ 1515: uvm_test_top.env.agent.mon [MON] rst_n=1, wr_en=1, wdata=5, rd_en=0, rdata=f2, full=0, empty=1
# KERNEL: UVM_INFO /home/runner/scoreboard.sv(35) @ 1515: uvm_test_top.env.scb [fifo_scoreboard] Scoreboard received item
# KERNEL: UVM_INFO /home/runner/scoreboard.sv(64) @ 1515: uvm_test_top.env.scb [fifo_scoreboard] Scoreboard received item
# KERNEL: UVM_INFO /home/runner/scoreboard.sv(68) @ 1515: uvm_test_top.env.scb [SCB_WR] DATA WRITTEN=5 ,count = 2
# KERNEL: UVM_INFO /home/runner/driver.sv(36) @ 1515: uvm_test_top.env.agent.drv [DRV] rst_n = 1, wr_en=1, wdata=80, rd_en=0
# KERNEL: UVM_INFO /home/runner/monitor.sv(34) @ 1525: uvm_test_top.env.agent.mon [MON] rst_n=1, wr_en=0, wdata=55, rd_en=1, rdata=f2, full=0, empty=0
# KERNEL: UVM_INFO /home/runner/scoreboard.sv(35) @ 1525: uvm_test_top.env.scb [fifo_scoreboard] Scoreboard received item
# KERNEL: UVM_INFO /home/runner/scoreboard.sv(41) @ 1525: uvm_test_top.env.scb [SCB_RD] DATA READ=f2 ,count = 1
# KERNEL: UVM_INFO /home/runner/scoreboard.sv(44) @ 1525: uvm_test_top.env.scb [SCB_PASS] MATCH exp_rdata=f2, ACT rdata=f2
# KERNEL: UVM_INFO /home/runner/scoreboard.sv(64) @ 1525: uvm_test_top.env.scb [fifo_scoreboard] Scoreboard received item
# KERNEL: UVM_INFO /home/runner/driver.sv(36) @ 1525: uvm_test_top.env.agent.drv [DRV] rst_n = 1, wr_en=0, wdata=84, rd_en=1
# KERNEL: UVM_INFO /home/runner/monitor.sv(34) @ 1535: uvm_test_top.env.agent.mon [MON] rst_n=1, wr_en=1, wdata=80, rd_en=0, rdata=5, full=0, empty=1
# KERNEL: UVM_INFO /home/runner/scoreboard.sv(35) @ 1535: uvm_test_top.env.scb [fifo_scoreboard] Scoreboard received item
# KERNEL: UVM_INFO /home/runner/scoreboard.sv(64) @ 1535: uvm_test_top.env.scb [fifo_scoreboard] Scoreboard received item
# KERNEL: UVM_INFO /home/runner/scoreboard.sv(68) @ 1535: uvm_test_top.env.scb [SCB_WR] DATA WRITTEN=80 ,count = 2
# KERNEL: UVM_INFO /home/runner/driver.sv(36) @ 1535: uvm_test_top.env.agent.drv [DRV] rst_n = 1, wr_en=1, wdata=63, rd_en=0
# KERNEL: UVM_INFO /home/runner/monitor.sv(34) @ 1545: uvm_test_top.env.agent.mon [MON] rst_n=1, wr_en=0, wdata=84, rd_en=1, rdata=5, full=0, empty=0
# KERNEL: UVM_INFO /home/runner/scoreboard.sv(35) @ 1545: uvm_test_top.env.scb [fifo_scoreboard] Scoreboard received item
# KERNEL: UVM_INFO /home/runner/scoreboard.sv(41) @ 1545: uvm_test_top.env.scb [SCB_RD] DATA READ=5 ,count = 1
# KERNEL: UVM_INFO /home/runner/scoreboard.sv(44) @ 1545: uvm_test_top.env.scb [SCB_PASS] MATCH exp_rdata=5, ACT rdata=5
# KERNEL: UVM_INFO /home/runner/scoreboard.sv(64) @ 1545: uvm_test_top.env.scb [fifo_scoreboard] Scoreboard received item
# KERNEL: UVM_INFO /home/runner/driver.sv(36) @ 1545: uvm_test_top.env.agent.drv [DRV] rst_n = 1, wr_en=0, wdata=1b, rd_en=1
# KERNEL: UVM_INFO /home/runner/monitor.sv(34) @ 1555: uvm_test_top.env.agent.mon [MON] rst_n=1, wr_en=1, wdata=63, rd_en=0, rdata=80, full=0, empty=1
# KERNEL: UVM_INFO /home/runner/scoreboard.sv(35) @ 1555: uvm_test_top.env.scb [fifo_scoreboard] Scoreboard received item
# KERNEL: UVM_INFO /home/runner/scoreboard.sv(64) @ 1555: uvm_test_top.env.scb [fifo_scoreboard] Scoreboard received item
# KERNEL: UVM_INFO /home/runner/scoreboard.sv(68) @ 1555: uvm_test_top.env.scb [SCB_WR] DATA WRITTEN=63 ,count = 2
# KERNEL: UVM_INFO /home/runner/driver.sv(36) @ 1555: uvm_test_top.env.agent.drv [DRV] rst_n = 1, wr_en=1, wdata=ae, rd_en=0
# KERNEL: UVM_INFO /home/runner/monitor.sv(34) @ 1565: uvm_test_top.env.agent.mon [MON] rst_n=1, wr_en=0, wdata=1b, rd_en=1, rdata=80, full=0, empty=0
# KERNEL: UVM_INFO /home/runner/scoreboard.sv(35) @ 1565: uvm_test_top.env.scb [fifo_scoreboard] Scoreboard received item
# KERNEL: UVM_INFO /home/runner/scoreboard.sv(41) @ 1565: uvm_test_top.env.scb [SCB_RD] DATA READ=80 ,count = 1
# KERNEL: UVM_INFO /home/runner/scoreboard.sv(44) @ 1565: uvm_test_top.env.scb [SCB_PASS] MATCH exp_rdata=80, ACT rdata=80
# KERNEL: UVM_INFO /home/runner/scoreboard.sv(64) @ 1565: uvm_test_top.env.scb [fifo_scoreboard] Scoreboard received item
# KERNEL: UVM_INFO /home/runner/driver.sv(36) @ 1565: uvm_test_top.env.agent.drv [DRV] rst_n = 1, wr_en=0, wdata=1a, rd_en=1
# KERNEL: UVM_INFO /home/runner/monitor.sv(34) @ 1575: uvm_test_top.env.agent.mon [MON] rst_n=1, wr_en=1, wdata=ae, rd_en=0, rdata=63, full=0, empty=1
# KERNEL: UVM_INFO /home/runner/scoreboard.sv(35) @ 1575: uvm_test_top.env.scb [fifo_scoreboard] Scoreboard received item
# KERNEL: UVM_INFO /home/runner/scoreboard.sv(64) @ 1575: uvm_test_top.env.scb [fifo_scoreboard] Scoreboard received item
# KERNEL: UVM_INFO /home/runner/scoreboard.sv(68) @ 1575: uvm_test_top.env.scb [SCB_WR] DATA WRITTEN=ae ,count = 2
# KERNEL: UVM_INFO /home/runner/driver.sv(36) @ 1575: uvm_test_top.env.agent.drv [DRV] rst_n = 1, wr_en=1, wdata=61, rd_en=0
# KERNEL: UVM_INFO /home/runner/monitor.sv(34) @ 1585: uvm_test_top.env.agent.mon [MON] rst_n=1, wr_en=0, wdata=1a, rd_en=1, rdata=63, full=0, empty=0
# KERNEL: UVM_INFO /home/runner/scoreboard.sv(35) @ 1585: uvm_test_top.env.scb [fifo_scoreboard] Scoreboard received item
# KERNEL: UVM_INFO /home/runner/scoreboard.sv(41) @ 1585: uvm_test_top.env.scb [SCB_RD] DATA READ=63 ,count = 1
# KERNEL: UVM_INFO /home/runner/scoreboard.sv(44) @ 1585: uvm_test_top.env.scb [SCB_PASS] MATCH exp_rdata=63, ACT rdata=63
# KERNEL: UVM_INFO /home/runner/scoreboard.sv(64) @ 1585: uvm_test_top.env.scb [fifo_scoreboard] Scoreboard received item
# KERNEL: UVM_INFO /home/runner/driver.sv(36) @ 1585: uvm_test_top.env.agent.drv [DRV] rst_n = 1, wr_en=0, wdata=81, rd_en=1
# KERNEL: UVM_INFO /home/runner/monitor.sv(34) @ 1595: uvm_test_top.env.agent.mon [MON] rst_n=1, wr_en=1, wdata=61, rd_en=0, rdata=ae, full=0, empty=1
# KERNEL: UVM_INFO /home/runner/scoreboard.sv(35) @ 1595: uvm_test_top.env.scb [fifo_scoreboard] Scoreboard received item
# KERNEL: UVM_INFO /home/runner/scoreboard.sv(64) @ 1595: uvm_test_top.env.scb [fifo_scoreboard] Scoreboard received item
# KERNEL: UVM_INFO /home/runner/scoreboard.sv(68) @ 1595: uvm_test_top.env.scb [SCB_WR] DATA WRITTEN=61 ,count = 2
# KERNEL: UVM_INFO /home/runner/driver.sv(36) @ 1595: uvm_test_top.env.agent.drv [DRV] rst_n = 1, wr_en=1, wdata=7c, rd_en=0
# KERNEL: UVM_INFO /home/runner/monitor.sv(34) @ 1605: uvm_test_top.env.agent.mon [MON] rst_n=1, wr_en=0, wdata=81, rd_en=1, rdata=ae, full=0, empty=0
# KERNEL: UVM_INFO /home/runner/scoreboard.sv(35) @ 1605: uvm_test_top.env.scb [fifo_scoreboard] Scoreboard received item
# KERNEL: UVM_INFO /home/runner/scoreboard.sv(41) @ 1605: uvm_test_top.env.scb [SCB_RD] DATA READ=ae ,count = 1
# KERNEL: UVM_INFO /home/runner/scoreboard.sv(44) @ 1605: uvm_test_top.env.scb [SCB_PASS] MATCH exp_rdata=ae, ACT rdata=ae
# KERNEL: UVM_INFO /home/runner/scoreboard.sv(64) @ 1605: uvm_test_top.env.scb [fifo_scoreboard] Scoreboard received item
# KERNEL: UVM_INFO /home/runner/driver.sv(36) @ 1605: uvm_test_top.env.agent.drv [DRV] rst_n = 1, wr_en=0, wdata=50, rd_en=1
# KERNEL: UVM_INFO /home/runner/monitor.sv(34) @ 1615: uvm_test_top.env.agent.mon [MON] rst_n=1, wr_en=1, wdata=7c, rd_en=0, rdata=61, full=0, empty=1
# KERNEL: UVM_INFO /home/runner/scoreboard.sv(35) @ 1615: uvm_test_top.env.scb [fifo_scoreboard] Scoreboard received item
# KERNEL: UVM_INFO /home/runner/scoreboard.sv(64) @ 1615: uvm_test_top.env.scb [fifo_scoreboard] Scoreboard received item
# KERNEL: UVM_INFO /home/runner/scoreboard.sv(68) @ 1615: uvm_test_top.env.scb [SCB_WR] DATA WRITTEN=7c ,count = 2
# KERNEL: UVM_INFO /home/runner/driver.sv(36) @ 1615: uvm_test_top.env.agent.drv [DRV] rst_n = 1, wr_en=1, wdata=ff, rd_en=0
# KERNEL: UVM_INFO /home/runner/monitor.sv(34) @ 1625: uvm_test_top.env.agent.mon [MON] rst_n=1, wr_en=0, wdata=50, rd_en=1, rdata=61, full=0, empty=0
# KERNEL: UVM_INFO /home/runner/scoreboard.sv(35) @ 1625: uvm_test_top.env.scb [fifo_scoreboard] Scoreboard received item
# KERNEL: UVM_INFO /home/runner/scoreboard.sv(41) @ 1625: uvm_test_top.env.scb [SCB_RD] DATA READ=61 ,count = 1
# KERNEL: UVM_INFO /home/runner/scoreboard.sv(44) @ 1625: uvm_test_top.env.scb [SCB_PASS] MATCH exp_rdata=61, ACT rdata=61
# KERNEL: UVM_INFO /home/runner/scoreboard.sv(64) @ 1625: uvm_test_top.env.scb [fifo_scoreboard] Scoreboard received item
# KERNEL: UVM_INFO /home/runner/driver.sv(36) @ 1625: uvm_test_top.env.agent.drv [DRV] rst_n = 1, wr_en=0, wdata=87, rd_en=1
# KERNEL: UVM_INFO /home/runner/monitor.sv(34) @ 1635: uvm_test_top.env.agent.mon [MON] rst_n=1, wr_en=1, wdata=ff, rd_en=0, rdata=7c, full=0, empty=1
# KERNEL: UVM_INFO /home/runner/scoreboard.sv(35) @ 1635: uvm_test_top.env.scb [fifo_scoreboard] Scoreboard received item
# KERNEL: UVM_INFO /home/runner/scoreboard.sv(64) @ 1635: uvm_test_top.env.scb [fifo_scoreboard] Scoreboard received item
# KERNEL: UVM_INFO /home/runner/scoreboard.sv(68) @ 1635: uvm_test_top.env.scb [SCB_WR] DATA WRITTEN=ff ,count = 2
# KERNEL: UVM_INFO /home/runner/driver.sv(36) @ 1635: uvm_test_top.env.agent.drv [DRV] rst_n = 1, wr_en=1, wdata=ea, rd_en=0
# KERNEL: UVM_INFO /home/runner/monitor.sv(34) @ 1645: uvm_test_top.env.agent.mon [MON] rst_n=1, wr_en=0, wdata=87, rd_en=1, rdata=7c, full=0, empty=0
# KERNEL: UVM_INFO /home/runner/scoreboard.sv(35) @ 1645: uvm_test_top.env.scb [fifo_scoreboard] Scoreboard received item
# KERNEL: UVM_INFO /home/runner/scoreboard.sv(41) @ 1645: uvm_test_top.env.scb [SCB_RD] DATA READ=7c ,count = 1
# KERNEL: UVM_INFO /home/runner/scoreboard.sv(44) @ 1645: uvm_test_top.env.scb [SCB_PASS] MATCH exp_rdata=7c, ACT rdata=7c
# KERNEL: UVM_INFO /home/runner/scoreboard.sv(64) @ 1645: uvm_test_top.env.scb [fifo_scoreboard] Scoreboard received item
# KERNEL: UVM_INFO /home/runner/driver.sv(36) @ 1645: uvm_test_top.env.agent.drv [DRV] rst_n = 1, wr_en=0, wdata=26, rd_en=1
# KERNEL: UVM_INFO /home/runner/monitor.sv(34) @ 1655: uvm_test_top.env.agent.mon [MON] rst_n=1, wr_en=1, wdata=ea, rd_en=0, rdata=ff, full=0, empty=1
# KERNEL: UVM_INFO /home/runner/scoreboard.sv(35) @ 1655: uvm_test_top.env.scb [fifo_scoreboard] Scoreboard received item
# KERNEL: UVM_INFO /home/runner/scoreboard.sv(64) @ 1655: uvm_test_top.env.scb [fifo_scoreboard] Scoreboard received item
# KERNEL: UVM_INFO /home/runner/scoreboard.sv(68) @ 1655: uvm_test_top.env.scb [SCB_WR] DATA WRITTEN=ea ,count = 2
# KERNEL: UVM_INFO /home/runner/driver.sv(36) @ 1655: uvm_test_top.env.agent.drv [DRV] rst_n = 1, wr_en=1, wdata=3d, rd_en=0
# KERNEL: UVM_INFO /home/runner/monitor.sv(34) @ 1665: uvm_test_top.env.agent.mon [MON] rst_n=1, wr_en=0, wdata=26, rd_en=1, rdata=ff, full=0, empty=0
# KERNEL: UVM_INFO /home/runner/scoreboard.sv(35) @ 1665: uvm_test_top.env.scb [fifo_scoreboard] Scoreboard received item
# KERNEL: UVM_INFO /home/runner/scoreboard.sv(41) @ 1665: uvm_test_top.env.scb [SCB_RD] DATA READ=ff ,count = 1
# KERNEL: UVM_INFO /home/runner/scoreboard.sv(44) @ 1665: uvm_test_top.env.scb [SCB_PASS] MATCH exp_rdata=ff, ACT rdata=ff
# KERNEL: UVM_INFO /home/runner/scoreboard.sv(64) @ 1665: uvm_test_top.env.scb [fifo_scoreboard] Scoreboard received item
# KERNEL: UVM_INFO /home/runner/driver.sv(36) @ 1665: uvm_test_top.env.agent.drv [DRV] rst_n = 1, wr_en=0, wdata=2d, rd_en=1
# KERNEL: UVM_INFO /home/runner/monitor.sv(34) @ 1675: uvm_test_top.env.agent.mon [MON] rst_n=1, wr_en=1, wdata=3d, rd_en=0, rdata=ea, full=0, empty=1
# KERNEL: UVM_INFO /home/runner/scoreboard.sv(35) @ 1675: uvm_test_top.env.scb [fifo_scoreboard] Scoreboard received item
# KERNEL: UVM_INFO /home/runner/scoreboard.sv(64) @ 1675: uvm_test_top.env.scb [fifo_scoreboard] Scoreboard received item
# KERNEL: UVM_INFO /home/runner/scoreboard.sv(68) @ 1675: uvm_test_top.env.scb [SCB_WR] DATA WRITTEN=3d ,count = 2
# KERNEL: UVM_INFO /home/runner/driver.sv(36) @ 1675: uvm_test_top.env.agent.drv [DRV] rst_n = 1, wr_en=1, wdata=f8, rd_en=0
# KERNEL: UVM_INFO /home/runner/monitor.sv(34) @ 1685: uvm_test_top.env.agent.mon [MON] rst_n=1, wr_en=0, wdata=2d, rd_en=1, rdata=ea, full=0, empty=0
# KERNEL: UVM_INFO /home/runner/scoreboard.sv(35) @ 1685: uvm_test_top.env.scb [fifo_scoreboard] Scoreboard received item
# KERNEL: UVM_INFO /home/runner/scoreboard.sv(41) @ 1685: uvm_test_top.env.scb [SCB_RD] DATA READ=ea ,count = 1
# KERNEL: UVM_INFO /home/runner/scoreboard.sv(44) @ 1685: uvm_test_top.env.scb [SCB_PASS] MATCH exp_rdata=ea, ACT rdata=ea
# KERNEL: UVM_INFO /home/runner/scoreboard.sv(64) @ 1685: uvm_test_top.env.scb [fifo_scoreboard] Scoreboard received item
# KERNEL: UVM_INFO /home/runner/driver.sv(36) @ 1685: uvm_test_top.env.agent.drv [DRV] rst_n = 1, wr_en=0, wdata=9c, rd_en=1
# KERNEL: UVM_INFO /home/runner/monitor.sv(34) @ 1695: uvm_test_top.env.agent.mon [MON] rst_n=1, wr_en=1, wdata=f8, rd_en=0, rdata=3d, full=0, empty=1
# KERNEL: UVM_INFO /home/runner/scoreboard.sv(35) @ 1695: uvm_test_top.env.scb [fifo_scoreboard] Scoreboard received item
# KERNEL: UVM_INFO /home/runner/scoreboard.sv(64) @ 1695: uvm_test_top.env.scb [fifo_scoreboard] Scoreboard received item
# KERNEL: UVM_INFO /home/runner/scoreboard.sv(68) @ 1695: uvm_test_top.env.scb [SCB_WR] DATA WRITTEN=f8 ,count = 2
# KERNEL: UVM_INFO /home/runner/driver.sv(36) @ 1695: uvm_test_top.env.agent.drv [DRV] rst_n = 1, wr_en=1, wdata=1b, rd_en=0
# KERNEL: UVM_INFO /home/runner/monitor.sv(34) @ 1705: uvm_test_top.env.agent.mon [MON] rst_n=1, wr_en=0, wdata=9c, rd_en=1, rdata=3d, full=0, empty=0
# KERNEL: UVM_INFO /home/runner/scoreboard.sv(35) @ 1705: uvm_test_top.env.scb [fifo_scoreboard] Scoreboard received item
# KERNEL: UVM_INFO /home/runner/scoreboard.sv(41) @ 1705: uvm_test_top.env.scb [SCB_RD] DATA READ=3d ,count = 1
# KERNEL: UVM_INFO /home/runner/scoreboard.sv(44) @ 1705: uvm_test_top.env.scb [SCB_PASS] MATCH exp_rdata=3d, ACT rdata=3d
# KERNEL: UVM_INFO /home/runner/scoreboard.sv(64) @ 1705: uvm_test_top.env.scb [fifo_scoreboard] Scoreboard received item
# KERNEL: UVM_INFO /home/runner/driver.sv(36) @ 1705: uvm_test_top.env.agent.drv [DRV] rst_n = 1, wr_en=0, wdata=73, rd_en=1
# KERNEL: UVM_INFO /home/runner/monitor.sv(34) @ 1715: uvm_test_top.env.agent.mon [MON] rst_n=1, wr_en=1, wdata=1b, rd_en=0, rdata=f8, full=0, empty=1
# KERNEL: UVM_INFO /home/runner/scoreboard.sv(35) @ 1715: uvm_test_top.env.scb [fifo_scoreboard] Scoreboard received item
# KERNEL: UVM_INFO /home/runner/scoreboard.sv(64) @ 1715: uvm_test_top.env.scb [fifo_scoreboard] Scoreboard received item
# KERNEL: UVM_INFO /home/runner/scoreboard.sv(68) @ 1715: uvm_test_top.env.scb [SCB_WR] DATA WRITTEN=1b ,count = 2
# KERNEL: UVM_INFO /home/runner/driver.sv(36) @ 1715: uvm_test_top.env.agent.drv [DRV] rst_n = 1, wr_en=1, wdata=a6, rd_en=0
# KERNEL: UVM_INFO /home/runner/monitor.sv(34) @ 1725: uvm_test_top.env.agent.mon [MON] rst_n=1, wr_en=0, wdata=73, rd_en=1, rdata=f8, full=0, empty=0
# KERNEL: UVM_INFO /home/runner/scoreboard.sv(35) @ 1725: uvm_test_top.env.scb [fifo_scoreboard] Scoreboard received item
# KERNEL: UVM_INFO /home/runner/scoreboard.sv(41) @ 1725: uvm_test_top.env.scb [SCB_RD] DATA READ=f8 ,count = 1
# KERNEL: UVM_INFO /home/runner/scoreboard.sv(44) @ 1725: uvm_test_top.env.scb [SCB_PASS] MATCH exp_rdata=f8, ACT rdata=f8
# KERNEL: UVM_INFO /home/runner/scoreboard.sv(64) @ 1725: uvm_test_top.env.scb [fifo_scoreboard] Scoreboard received item
# KERNEL: UVM_INFO /home/runner/driver.sv(36) @ 1725: uvm_test_top.env.agent.drv [DRV] rst_n = 1, wr_en=0, wdata=b2, rd_en=1
# KERNEL: UVM_INFO /home/runner/monitor.sv(34) @ 1735: uvm_test_top.env.agent.mon [MON] rst_n=1, wr_en=1, wdata=a6, rd_en=0, rdata=1b, full=0, empty=1
# KERNEL: UVM_INFO /home/runner/scoreboard.sv(35) @ 1735: uvm_test_top.env.scb [fifo_scoreboard] Scoreboard received item
# KERNEL: UVM_INFO /home/runner/scoreboard.sv(64) @ 1735: uvm_test_top.env.scb [fifo_scoreboard] Scoreboard received item
# KERNEL: UVM_INFO /home/runner/scoreboard.sv(68) @ 1735: uvm_test_top.env.scb [SCB_WR] DATA WRITTEN=a6 ,count = 2
# KERNEL: UVM_INFO /home/runner/driver.sv(36) @ 1735: uvm_test_top.env.agent.drv [DRV] rst_n = 1, wr_en=1, wdata=99, rd_en=0
# KERNEL: UVM_INFO /home/runner/monitor.sv(34) @ 1745: uvm_test_top.env.agent.mon [MON] rst_n=1, wr_en=0, wdata=b2, rd_en=1, rdata=1b, full=0, empty=0
# KERNEL: UVM_INFO /home/runner/scoreboard.sv(35) @ 1745: uvm_test_top.env.scb [fifo_scoreboard] Scoreboard received item
# KERNEL: UVM_INFO /home/runner/scoreboard.sv(41) @ 1745: uvm_test_top.env.scb [SCB_RD] DATA READ=1b ,count = 1
# KERNEL: UVM_INFO /home/runner/scoreboard.sv(44) @ 1745: uvm_test_top.env.scb [SCB_PASS] MATCH exp_rdata=1b, ACT rdata=1b
# KERNEL: UVM_INFO /home/runner/scoreboard.sv(64) @ 1745: uvm_test_top.env.scb [fifo_scoreboard] Scoreboard received item
# KERNEL: UVM_INFO /home/runner/driver.sv(36) @ 1745: uvm_test_top.env.agent.drv [DRV] rst_n = 1, wr_en=0, wdata=59, rd_en=1
# KERNEL: UVM_INFO /home/runner/monitor.sv(34) @ 1755: uvm_test_top.env.agent.mon [MON] rst_n=1, wr_en=1, wdata=99, rd_en=0, rdata=a6, full=0, empty=1
# KERNEL: UVM_INFO /home/runner/scoreboard.sv(35) @ 1755: uvm_test_top.env.scb [fifo_scoreboard] Scoreboard received item
# KERNEL: UVM_INFO /home/runner/scoreboard.sv(64) @ 1755: uvm_test_top.env.scb [fifo_scoreboard] Scoreboard received item
# KERNEL: UVM_INFO /home/runner/scoreboard.sv(68) @ 1755: uvm_test_top.env.scb [SCB_WR] DATA WRITTEN=99 ,count = 2
# KERNEL: UVM_INFO /home/runner/driver.sv(36) @ 1755: uvm_test_top.env.agent.drv [DRV] rst_n = 1, wr_en=1, wdata=f4, rd_en=0
# KERNEL: UVM_INFO /home/runner/monitor.sv(34) @ 1765: uvm_test_top.env.agent.mon [MON] rst_n=1, wr_en=0, wdata=59, rd_en=1, rdata=a6, full=0, empty=0
# KERNEL: UVM_INFO /home/runner/scoreboard.sv(35) @ 1765: uvm_test_top.env.scb [fifo_scoreboard] Scoreboard received item
# KERNEL: UVM_INFO /home/runner/scoreboard.sv(41) @ 1765: uvm_test_top.env.scb [SCB_RD] DATA READ=a6 ,count = 1
# KERNEL: UVM_INFO /home/runner/scoreboard.sv(44) @ 1765: uvm_test_top.env.scb [SCB_PASS] MATCH exp_rdata=a6, ACT rdata=a6
# KERNEL: UVM_INFO /home/runner/scoreboard.sv(64) @ 1765: uvm_test_top.env.scb [fifo_scoreboard] Scoreboard received item
# KERNEL: UVM_INFO /home/runner/driver.sv(36) @ 1765: uvm_test_top.env.agent.drv [DRV] rst_n = 1, wr_en=0, wdata=68, rd_en=1
# KERNEL: UVM_INFO /home/runner/monitor.sv(34) @ 1775: uvm_test_top.env.agent.mon [MON] rst_n=1, wr_en=1, wdata=f4, rd_en=0, rdata=99, full=0, empty=1
# KERNEL: UVM_INFO /home/runner/scoreboard.sv(35) @ 1775: uvm_test_top.env.scb [fifo_scoreboard] Scoreboard received item
# KERNEL: UVM_INFO /home/runner/scoreboard.sv(64) @ 1775: uvm_test_top.env.scb [fifo_scoreboard] Scoreboard received item
# KERNEL: UVM_INFO /home/runner/scoreboard.sv(68) @ 1775: uvm_test_top.env.scb [SCB_WR] DATA WRITTEN=f4 ,count = 2
# KERNEL: UVM_INFO /home/runner/monitor.sv(34) @ 1785: uvm_test_top.env.agent.mon [MON] rst_n=1, wr_en=0, wdata=68, rd_en=1, rdata=99, full=0, empty=0
# KERNEL: UVM_INFO /home/runner/scoreboard.sv(35) @ 1785: uvm_test_top.env.scb [fifo_scoreboard] Scoreboard received item
# KERNEL: UVM_INFO /home/runner/scoreboard.sv(41) @ 1785: uvm_test_top.env.scb [SCB_RD] DATA READ=99 ,count = 1
# KERNEL: UVM_INFO /home/runner/scoreboard.sv(44) @ 1785: uvm_test_top.env.scb [SCB_PASS] MATCH exp_rdata=99, ACT rdata=99
# KERNEL: UVM_INFO /home/runner/scoreboard.sv(64) @ 1785: uvm_test_top.env.scb [fifo_scoreboard] Scoreboard received item
# KERNEL: UVM_INFO /home/runner/master_seq.sv(45) @ 1795: uvm_test_top.env.agent.sqr@@seq [MASTER_SEQ] Starting Sequence 4...
# KERNEL: UVM_INFO /home/runner/sequence4.sv(11) @ 1795: uvm_test_top.env.agent.sqr@@s4 [fifo_ovfl_unfl_seq] Starting OVERFLOW and UNDERFLOW Stimulus for all ports...
# KERNEL: UVM_INFO /home/runner/driver.sv(36) @ 1795: uvm_test_top.env.agent.drv [DRV] rst_n = 1, wr_en=1, wdata=6b, rd_en=0
# KERNEL: UVM_INFO /home/runner/monitor.sv(34) @ 1795: uvm_test_top.env.agent.mon [MON] rst_n=1, wr_en=0, wdata=68, rd_en=1, rdata=f4, full=0, empty=1
# KERNEL: UVM_INFO /home/runner/scoreboard.sv(35) @ 1795: uvm_test_top.env.scb [fifo_scoreboard] Scoreboard received item
# KERNEL: UVM_INFO /home/runner/scoreboard.sv(64) @ 1795: uvm_test_top.env.scb [fifo_scoreboard] Scoreboard received item
# KERNEL: UVM_INFO /home/runner/driver.sv(36) @ 1795: uvm_test_top.env.agent.drv [DRV] rst_n = 1, wr_en=1, wdata=7c, rd_en=0
# KERNEL: Error: assertion.sv (36): UNDERFLOW happened
# KERNEL: UVM_INFO /home/runner/monitor.sv(34) @ 1805: uvm_test_top.env.agent.mon [MON] rst_n=1, wr_en=1, wdata=6b, rd_en=0, rdata=f4, full=0, empty=1
# KERNEL: UVM_INFO /home/runner/scoreboard.sv(35) @ 1805: uvm_test_top.env.scb [fifo_scoreboard] Scoreboard received item
# KERNEL: UVM_INFO /home/runner/scoreboard.sv(64) @ 1805: uvm_test_top.env.scb [fifo_scoreboard] Scoreboard received item
# KERNEL: UVM_INFO /home/runner/scoreboard.sv(68) @ 1805: uvm_test_top.env.scb [SCB_WR] DATA WRITTEN=6b ,count = 2
# KERNEL: UVM_INFO /home/runner/driver.sv(36) @ 1805: uvm_test_top.env.agent.drv [DRV] rst_n = 1, wr_en=1, wdata=66, rd_en=0
# KERNEL: UVM_INFO /home/runner/monitor.sv(34) @ 1815: uvm_test_top.env.agent.mon [MON] rst_n=1, wr_en=1, wdata=7c, rd_en=0, rdata=f4, full=0, empty=0
# KERNEL: UVM_INFO /home/runner/scoreboard.sv(35) @ 1815: uvm_test_top.env.scb [fifo_scoreboard] Scoreboard received item
# KERNEL: UVM_INFO /home/runner/scoreboard.sv(64) @ 1815: uvm_test_top.env.scb [fifo_scoreboard] Scoreboard received item
# KERNEL: UVM_INFO /home/runner/scoreboard.sv(68) @ 1815: uvm_test_top.env.scb [SCB_WR] DATA WRITTEN=7c ,count = 3
# KERNEL: UVM_INFO /home/runner/driver.sv(36) @ 1815: uvm_test_top.env.agent.drv [DRV] rst_n = 1, wr_en=1, wdata=2b, rd_en=0
# KERNEL: UVM_INFO /home/runner/monitor.sv(34) @ 1825: uvm_test_top.env.agent.mon [MON] rst_n=1, wr_en=1, wdata=66, rd_en=0, rdata=f4, full=0, empty=0
# KERNEL: UVM_INFO /home/runner/scoreboard.sv(35) @ 1825: uvm_test_top.env.scb [fifo_scoreboard] Scoreboard received item
# KERNEL: UVM_INFO /home/runner/scoreboard.sv(64) @ 1825: uvm_test_top.env.scb [fifo_scoreboard] Scoreboard received item
# KERNEL: UVM_INFO /home/runner/scoreboard.sv(68) @ 1825: uvm_test_top.env.scb [SCB_WR] DATA WRITTEN=66 ,count = 4
# KERNEL: UVM_INFO /home/runner/driver.sv(36) @ 1825: uvm_test_top.env.agent.drv [DRV] rst_n = 1, wr_en=1, wdata=c9, rd_en=0
# KERNEL: UVM_INFO /home/runner/monitor.sv(34) @ 1835: uvm_test_top.env.agent.mon [MON] rst_n=1, wr_en=1, wdata=2b, rd_en=0, rdata=f4, full=0, empty=0
# KERNEL: UVM_INFO /home/runner/scoreboard.sv(35) @ 1835: uvm_test_top.env.scb [fifo_scoreboard] Scoreboard received item
# KERNEL: UVM_INFO /home/runner/scoreboard.sv(64) @ 1835: uvm_test_top.env.scb [fifo_scoreboard] Scoreboard received item
# KERNEL: UVM_INFO /home/runner/scoreboard.sv(68) @ 1835: uvm_test_top.env.scb [SCB_WR] DATA WRITTEN=2b ,count = 5
# KERNEL: UVM_INFO /home/runner/driver.sv(36) @ 1835: uvm_test_top.env.agent.drv [DRV] rst_n = 1, wr_en=1, wdata=42, rd_en=0
# KERNEL: UVM_INFO /home/runner/monitor.sv(34) @ 1845: uvm_test_top.env.agent.mon [MON] rst_n=1, wr_en=1, wdata=c9, rd_en=0, rdata=f4, full=0, empty=0
# KERNEL: UVM_INFO /home/runner/scoreboard.sv(35) @ 1845: uvm_test_top.env.scb [fifo_scoreboard] Scoreboard received item
# KERNEL: UVM_INFO /home/runner/scoreboard.sv(64) @ 1845: uvm_test_top.env.scb [fifo_scoreboard] Scoreboard received item
# KERNEL: UVM_INFO /home/runner/scoreboard.sv(68) @ 1845: uvm_test_top.env.scb [SCB_WR] DATA WRITTEN=c9 ,count = 6
# KERNEL: UVM_INFO /home/runner/driver.sv(36) @ 1845: uvm_test_top.env.agent.drv [DRV] rst_n = 1, wr_en=1, wdata=94, rd_en=0
# KERNEL: UVM_INFO /home/runner/monitor.sv(34) @ 1855: uvm_test_top.env.agent.mon [MON] rst_n=1, wr_en=1, wdata=42, rd_en=0, rdata=f4, full=0, empty=0
# KERNEL: UVM_INFO /home/runner/scoreboard.sv(35) @ 1855: uvm_test_top.env.scb [fifo_scoreboard] Scoreboard received item
# KERNEL: UVM_INFO /home/runner/scoreboard.sv(64) @ 1855: uvm_test_top.env.scb [fifo_scoreboard] Scoreboard received item
# KERNEL: UVM_INFO /home/runner/scoreboard.sv(68) @ 1855: uvm_test_top.env.scb [SCB_WR] DATA WRITTEN=42 ,count = 7
# KERNEL: UVM_INFO /home/runner/driver.sv(36) @ 1855: uvm_test_top.env.agent.drv [DRV] rst_n = 1, wr_en=1, wdata=c1, rd_en=0
# KERNEL: UVM_INFO /home/runner/monitor.sv(34) @ 1865: uvm_test_top.env.agent.mon [MON] rst_n=1, wr_en=1, wdata=94, rd_en=0, rdata=f4, full=0, empty=0
# KERNEL: UVM_INFO /home/runner/scoreboard.sv(35) @ 1865: uvm_test_top.env.scb [fifo_scoreboard] Scoreboard received item
# KERNEL: UVM_INFO /home/runner/scoreboard.sv(64) @ 1865: uvm_test_top.env.scb [fifo_scoreboard] Scoreboard received item
# KERNEL: UVM_INFO /home/runner/scoreboard.sv(68) @ 1865: uvm_test_top.env.scb [SCB_WR] DATA WRITTEN=94 ,count = 8
# KERNEL: UVM_INFO /home/runner/driver.sv(36) @ 1865: uvm_test_top.env.agent.drv [DRV] rst_n = 1, wr_en=1, wdata=c7, rd_en=0
# KERNEL: UVM_INFO /home/runner/monitor.sv(34) @ 1875: uvm_test_top.env.agent.mon [MON] rst_n=1, wr_en=1, wdata=c1, rd_en=0, rdata=f4, full=0, empty=0
# KERNEL: UVM_INFO /home/runner/scoreboard.sv(35) @ 1875: uvm_test_top.env.scb [fifo_scoreboard] Scoreboard received item
# KERNEL: UVM_INFO /home/runner/scoreboard.sv(64) @ 1875: uvm_test_top.env.scb [fifo_scoreboard] Scoreboard received item
# KERNEL: UVM_INFO /home/runner/scoreboard.sv(68) @ 1875: uvm_test_top.env.scb [SCB_WR] DATA WRITTEN=c1 ,count = 9
# KERNEL: UVM_INFO /home/runner/driver.sv(36) @ 1875: uvm_test_top.env.agent.drv [DRV] rst_n = 1, wr_en=1, wdata=a8, rd_en=0
# KERNEL: UVM_INFO /home/runner/monitor.sv(34) @ 1885: uvm_test_top.env.agent.mon [MON] rst_n=1, wr_en=1, wdata=c7, rd_en=0, rdata=f4, full=0, empty=0
# KERNEL: UVM_INFO /home/runner/scoreboard.sv(35) @ 1885: uvm_test_top.env.scb [fifo_scoreboard] Scoreboard received item
# KERNEL: UVM_INFO /home/runner/scoreboard.sv(64) @ 1885: uvm_test_top.env.scb [fifo_scoreboard] Scoreboard received item
# KERNEL: UVM_INFO /home/runner/scoreboard.sv(68) @ 1885: uvm_test_top.env.scb [SCB_WR] DATA WRITTEN=c7 ,count = 10
# KERNEL: UVM_INFO /home/runner/driver.sv(36) @ 1885: uvm_test_top.env.agent.drv [DRV] rst_n = 1, wr_en=1, wdata=62, rd_en=0
# KERNEL: UVM_INFO /home/runner/monitor.sv(34) @ 1895: uvm_test_top.env.agent.mon [MON] rst_n=1, wr_en=1, wdata=a8, rd_en=0, rdata=f4, full=0, empty=0
# KERNEL: UVM_INFO /home/runner/scoreboard.sv(35) @ 1895: uvm_test_top.env.scb [fifo_scoreboard] Scoreboard received item
# KERNEL: UVM_INFO /home/runner/scoreboard.sv(64) @ 1895: uvm_test_top.env.scb [fifo_scoreboard] Scoreboard received item
# KERNEL: UVM_INFO /home/runner/scoreboard.sv(68) @ 1895: uvm_test_top.env.scb [SCB_WR] DATA WRITTEN=a8 ,count = 11
# KERNEL: UVM_INFO /home/runner/driver.sv(36) @ 1895: uvm_test_top.env.agent.drv [DRV] rst_n = 1, wr_en=1, wdata=f7, rd_en=0
# KERNEL: UVM_INFO /home/runner/monitor.sv(34) @ 1905: uvm_test_top.env.agent.mon [MON] rst_n=1, wr_en=1, wdata=62, rd_en=0, rdata=f4, full=0, empty=0
# KERNEL: UVM_INFO /home/runner/scoreboard.sv(35) @ 1905: uvm_test_top.env.scb [fifo_scoreboard] Scoreboard received item
# KERNEL: UVM_INFO /home/runner/scoreboard.sv(64) @ 1905: uvm_test_top.env.scb [fifo_scoreboard] Scoreboard received item
# KERNEL: UVM_INFO /home/runner/scoreboard.sv(68) @ 1905: uvm_test_top.env.scb [SCB_WR] DATA WRITTEN=62 ,count = 12
# KERNEL: UVM_INFO /home/runner/driver.sv(36) @ 1905: uvm_test_top.env.agent.drv [DRV] rst_n = 1, wr_en=1, wdata=65, rd_en=0
# KERNEL: UVM_INFO /home/runner/monitor.sv(34) @ 1915: uvm_test_top.env.agent.mon [MON] rst_n=1, wr_en=1, wdata=f7, rd_en=0, rdata=f4, full=0, empty=0
# KERNEL: UVM_INFO /home/runner/scoreboard.sv(35) @ 1915: uvm_test_top.env.scb [fifo_scoreboard] Scoreboard received item
# KERNEL: UVM_INFO /home/runner/scoreboard.sv(64) @ 1915: uvm_test_top.env.scb [fifo_scoreboard] Scoreboard received item
# KERNEL: UVM_INFO /home/runner/scoreboard.sv(68) @ 1915: uvm_test_top.env.scb [SCB_WR] DATA WRITTEN=f7 ,count = 13
# KERNEL: UVM_INFO /home/runner/driver.sv(36) @ 1915: uvm_test_top.env.agent.drv [DRV] rst_n = 1, wr_en=1, wdata=24, rd_en=0
# KERNEL: UVM_INFO /home/runner/monitor.sv(34) @ 1925: uvm_test_top.env.agent.mon [MON] rst_n=1, wr_en=1, wdata=65, rd_en=0, rdata=f4, full=0, empty=0
# KERNEL: UVM_INFO /home/runner/scoreboard.sv(35) @ 1925: uvm_test_top.env.scb [fifo_scoreboard] Scoreboard received item
# KERNEL: UVM_INFO /home/runner/scoreboard.sv(64) @ 1925: uvm_test_top.env.scb [fifo_scoreboard] Scoreboard received item
# KERNEL: UVM_INFO /home/runner/scoreboard.sv(68) @ 1925: uvm_test_top.env.scb [SCB_WR] DATA WRITTEN=65 ,count = 14
# KERNEL: UVM_INFO /home/runner/driver.sv(36) @ 1925: uvm_test_top.env.agent.drv [DRV] rst_n = 1, wr_en=1, wdata=47, rd_en=0
# KERNEL: UVM_INFO /home/runner/monitor.sv(34) @ 1935: uvm_test_top.env.agent.mon [MON] rst_n=1, wr_en=1, wdata=24, rd_en=0, rdata=f4, full=0, empty=0
# KERNEL: UVM_INFO /home/runner/scoreboard.sv(35) @ 1935: uvm_test_top.env.scb [fifo_scoreboard] Scoreboard received item
# KERNEL: UVM_INFO /home/runner/scoreboard.sv(64) @ 1935: uvm_test_top.env.scb [fifo_scoreboard] Scoreboard received item
# KERNEL: UVM_INFO /home/runner/scoreboard.sv(68) @ 1935: uvm_test_top.env.scb [SCB_WR] DATA WRITTEN=24 ,count = 15
# KERNEL: UVM_INFO /home/runner/driver.sv(36) @ 1935: uvm_test_top.env.agent.drv [DRV] rst_n = 1, wr_en=1, wdata=43, rd_en=0
# KERNEL: UVM_INFO /home/runner/monitor.sv(34) @ 1945: uvm_test_top.env.agent.mon [MON] rst_n=1, wr_en=1, wdata=47, rd_en=0, rdata=f4, full=0, empty=0
# KERNEL: UVM_INFO /home/runner/scoreboard.sv(35) @ 1945: uvm_test_top.env.scb [fifo_scoreboard] Scoreboard received item
# KERNEL: UVM_INFO /home/runner/scoreboard.sv(64) @ 1945: uvm_test_top.env.scb [fifo_scoreboard] Scoreboard received item
# KERNEL: UVM_INFO /home/runner/scoreboard.sv(68) @ 1945: uvm_test_top.env.scb [SCB_WR] DATA WRITTEN=47 ,count = 16
# KERNEL: UVM_INFO /home/runner/driver.sv(36) @ 1945: uvm_test_top.env.agent.drv [DRV] rst_n = 1, wr_en=1, wdata=1a, rd_en=0
# KERNEL: UVM_INFO /home/runner/monitor.sv(34) @ 1955: uvm_test_top.env.agent.mon [MON] rst_n=1, wr_en=1, wdata=43, rd_en=0, rdata=f4, full=0, empty=0
# KERNEL: UVM_INFO /home/runner/scoreboard.sv(35) @ 1955: uvm_test_top.env.scb [fifo_scoreboard] Scoreboard received item
# KERNEL: UVM_INFO /home/runner/scoreboard.sv(64) @ 1955: uvm_test_top.env.scb [fifo_scoreboard] Scoreboard received item
# KERNEL: UVM_INFO /home/runner/driver.sv(36) @ 1955: uvm_test_top.env.agent.drv [DRV] rst_n = 1, wr_en=1, wdata=ca, rd_en=0
# KERNEL: UVM_INFO /home/runner/monitor.sv(34) @ 1965: uvm_test_top.env.agent.mon [MON] rst_n=1, wr_en=1, wdata=1a, rd_en=0, rdata=f4, full=1, empty=0
# KERNEL: UVM_INFO /home/runner/scoreboard.sv(35) @ 1965: uvm_test_top.env.scb [fifo_scoreboard] Scoreboard received item
# KERNEL: UVM_INFO /home/runner/scoreboard.sv(64) @ 1965: uvm_test_top.env.scb [fifo_scoreboard] Scoreboard received item
# KERNEL: UVM_INFO /home/runner/scoreboard.sv(71) @ 1965: uvm_test_top.env.scb [SCB_wr_ig] Write ignored correctly: FIFO Full
# KERNEL: UVM_INFO /home/runner/driver.sv(36) @ 1965: uvm_test_top.env.agent.drv [DRV] rst_n = 1, wr_en=1, wdata=55, rd_en=0
# KERNEL: Error: assertion.sv (29): OVERFLOW happened
# KERNEL: UVM_INFO /home/runner/monitor.sv(34) @ 1975: uvm_test_top.env.agent.mon [MON] rst_n=1, wr_en=1, wdata=ca, rd_en=0, rdata=f4, full=1, empty=0
# KERNEL: UVM_INFO /home/runner/scoreboard.sv(35) @ 1975: uvm_test_top.env.scb [fifo_scoreboard] Scoreboard received item
# KERNEL: UVM_INFO /home/runner/scoreboard.sv(64) @ 1975: uvm_test_top.env.scb [fifo_scoreboard] Scoreboard received item
# KERNEL: UVM_INFO /home/runner/scoreboard.sv(71) @ 1975: uvm_test_top.env.scb [SCB_wr_ig] Write ignored correctly: FIFO Full
# KERNEL: UVM_INFO /home/runner/driver.sv(36) @ 1975: uvm_test_top.env.agent.drv [DRV] rst_n = 1, wr_en=1, wdata=b9, rd_en=0
# KERNEL: UVM_INFO /home/runner/monitor.sv(34) @ 1985: uvm_test_top.env.agent.mon [MON] rst_n=1, wr_en=1, wdata=55, rd_en=0, rdata=f4, full=1, empty=0
# KERNEL: UVM_INFO /home/runner/scoreboard.sv(35) @ 1985: uvm_test_top.env.scb [fifo_scoreboard] Scoreboard received item
# KERNEL: UVM_INFO /home/runner/scoreboard.sv(64) @ 1985: uvm_test_top.env.scb [fifo_scoreboard] Scoreboard received item
# KERNEL: UVM_INFO /home/runner/scoreboard.sv(71) @ 1985: uvm_test_top.env.scb [SCB_wr_ig] Write ignored correctly: FIFO Full
# KERNEL: UVM_INFO /home/runner/driver.sv(36) @ 1985: uvm_test_top.env.agent.drv [DRV] rst_n = 1, wr_en=1, wdata=f8, rd_en=0
# KERNEL: UVM_INFO /home/runner/monitor.sv(34) @ 1995: uvm_test_top.env.agent.mon [MON] rst_n=1, wr_en=1, wdata=b9, rd_en=0, rdata=f4, full=1, empty=0
# KERNEL: UVM_INFO /home/runner/scoreboard.sv(35) @ 1995: uvm_test_top.env.scb [fifo_scoreboard] Scoreboard received item
# KERNEL: UVM_INFO /home/runner/scoreboard.sv(64) @ 1995: uvm_test_top.env.scb [fifo_scoreboard] Scoreboard received item
# KERNEL: UVM_INFO /home/runner/scoreboard.sv(71) @ 1995: uvm_test_top.env.scb [SCB_wr_ig] Write ignored correctly: FIFO Full
# KERNEL: UVM_INFO /home/runner/driver.sv(36) @ 1995: uvm_test_top.env.agent.drv [DRV] rst_n = 1, wr_en=1, wdata=10, rd_en=0
# KERNEL: UVM_INFO /home/runner/monitor.sv(34) @ 2005: uvm_test_top.env.agent.mon [MON] rst_n=1, wr_en=1, wdata=f8, rd_en=0, rdata=f4, full=1, empty=0
# KERNEL: UVM_INFO /home/runner/scoreboard.sv(35) @ 2005: uvm_test_top.env.scb [fifo_scoreboard] Scoreboard received item
# KERNEL: UVM_INFO /home/runner/scoreboard.sv(64) @ 2005: uvm_test_top.env.scb [fifo_scoreboard] Scoreboard received item
# KERNEL: UVM_INFO /home/runner/scoreboard.sv(71) @ 2005: uvm_test_top.env.scb [SCB_wr_ig] Write ignored correctly: FIFO Full
# KERNEL: UVM_INFO /home/runner/driver.sv(36) @ 2005: uvm_test_top.env.agent.drv [DRV] rst_n = 1, wr_en=1, wdata=3, rd_en=0
# KERNEL: UVM_INFO /home/runner/monitor.sv(34) @ 2015: uvm_test_top.env.agent.mon [MON] rst_n=1, wr_en=1, wdata=10, rd_en=0, rdata=f4, full=1, empty=0
# KERNEL: UVM_INFO /home/runner/scoreboard.sv(35) @ 2015: uvm_test_top.env.scb [fifo_scoreboard] Scoreboard received item
# KERNEL: UVM_INFO /home/runner/scoreboard.sv(64) @ 2015: uvm_test_top.env.scb [fifo_scoreboard] Scoreboard received item
# KERNEL: UVM_INFO /home/runner/scoreboard.sv(71) @ 2015: uvm_test_top.env.scb [SCB_wr_ig] Write ignored correctly: FIFO Full
# KERNEL: UVM_INFO /home/runner/driver.sv(36) @ 2015: uvm_test_top.env.agent.drv [DRV] rst_n = 1, wr_en=1, wdata=cf, rd_en=0
# KERNEL: UVM_INFO /home/runner/monitor.sv(34) @ 2025: uvm_test_top.env.agent.mon [MON] rst_n=1, wr_en=1, wdata=3, rd_en=0, rdata=f4, full=1, empty=0
# KERNEL: UVM_INFO /home/runner/scoreboard.sv(35) @ 2025: uvm_test_top.env.scb [fifo_scoreboard] Scoreboard received item
# KERNEL: UVM_INFO /home/runner/scoreboard.sv(64) @ 2025: uvm_test_top.env.scb [fifo_scoreboard] Scoreboard received item
# KERNEL: UVM_INFO /home/runner/scoreboard.sv(71) @ 2025: uvm_test_top.env.scb [SCB_wr_ig] Write ignored correctly: FIFO Full
# KERNEL: UVM_INFO /home/runner/driver.sv(36) @ 2025: uvm_test_top.env.agent.drv [DRV] rst_n = 1, wr_en=1, wdata=76, rd_en=0
# KERNEL: UVM_INFO /home/runner/monitor.sv(34) @ 2035: uvm_test_top.env.agent.mon [MON] rst_n=1, wr_en=1, wdata=cf, rd_en=0, rdata=f4, full=1, empty=0
# KERNEL: UVM_INFO /home/runner/scoreboard.sv(35) @ 2035: uvm_test_top.env.scb [fifo_scoreboard] Scoreboard received item
# KERNEL: UVM_INFO /home/runner/scoreboard.sv(64) @ 2035: uvm_test_top.env.scb [fifo_scoreboard] Scoreboard received item
# KERNEL: UVM_INFO /home/runner/scoreboard.sv(71) @ 2035: uvm_test_top.env.scb [SCB_wr_ig] Write ignored correctly: FIFO Full
# KERNEL: UVM_INFO /home/runner/driver.sv(36) @ 2035: uvm_test_top.env.agent.drv [DRV] rst_n = 1, wr_en=1, wdata=f6, rd_en=0
# KERNEL: UVM_INFO /home/runner/monitor.sv(34) @ 2045: uvm_test_top.env.agent.mon [MON] rst_n=1, wr_en=1, wdata=76, rd_en=0, rdata=f4, full=1, empty=0
# KERNEL: UVM_INFO /home/runner/scoreboard.sv(35) @ 2045: uvm_test_top.env.scb [fifo_scoreboard] Scoreboard received item
# KERNEL: UVM_INFO /home/runner/scoreboard.sv(64) @ 2045: uvm_test_top.env.scb [fifo_scoreboard] Scoreboard received item
# KERNEL: UVM_INFO /home/runner/scoreboard.sv(71) @ 2045: uvm_test_top.env.scb [SCB_wr_ig] Write ignored correctly: FIFO Full
# KERNEL: UVM_INFO /home/runner/driver.sv(36) @ 2045: uvm_test_top.env.agent.drv [DRV] rst_n = 1, wr_en=1, wdata=51, rd_en=0
# KERNEL: UVM_INFO /home/runner/monitor.sv(34) @ 2055: uvm_test_top.env.agent.mon [MON] rst_n=1, wr_en=1, wdata=f6, rd_en=0, rdata=f4, full=1, empty=0
# KERNEL: UVM_INFO /home/runner/scoreboard.sv(35) @ 2055: uvm_test_top.env.scb [fifo_scoreboard] Scoreboard received item
# KERNEL: UVM_INFO /home/runner/scoreboard.sv(64) @ 2055: uvm_test_top.env.scb [fifo_scoreboard] Scoreboard received item
# KERNEL: UVM_INFO /home/runner/scoreboard.sv(71) @ 2055: uvm_test_top.env.scb [SCB_wr_ig] Write ignored correctly: FIFO Full
# KERNEL: UVM_INFO /home/runner/driver.sv(36) @ 2055: uvm_test_top.env.agent.drv [DRV] rst_n = 1, wr_en=1, wdata=85, rd_en=0
# KERNEL: UVM_INFO /home/runner/monitor.sv(34) @ 2065: uvm_test_top.env.agent.mon [MON] rst_n=1, wr_en=1, wdata=51, rd_en=0, rdata=f4, full=1, empty=0
# KERNEL: UVM_INFO /home/runner/scoreboard.sv(35) @ 2065: uvm_test_top.env.scb [fifo_scoreboard] Scoreboard received item
# KERNEL: UVM_INFO /home/runner/scoreboard.sv(64) @ 2065: uvm_test_top.env.scb [fifo_scoreboard] Scoreboard received item
# KERNEL: UVM_INFO /home/runner/scoreboard.sv(71) @ 2065: uvm_test_top.env.scb [SCB_wr_ig] Write ignored correctly: FIFO Full
# KERNEL: UVM_INFO /home/runner/driver.sv(36) @ 2065: uvm_test_top.env.agent.drv [DRV] rst_n = 1, wr_en=1, wdata=94, rd_en=0
# KERNEL: UVM_INFO /home/runner/monitor.sv(34) @ 2075: uvm_test_top.env.agent.mon [MON] rst_n=1, wr_en=1, wdata=85, rd_en=0, rdata=f4, full=1, empty=0
# KERNEL: UVM_INFO /home/runner/scoreboard.sv(35) @ 2075: uvm_test_top.env.scb [fifo_scoreboard] Scoreboard received item
# KERNEL: UVM_INFO /home/runner/scoreboard.sv(64) @ 2075: uvm_test_top.env.scb [fifo_scoreboard] Scoreboard received item
# KERNEL: UVM_INFO /home/runner/scoreboard.sv(71) @ 2075: uvm_test_top.env.scb [SCB_wr_ig] Write ignored correctly: FIFO Full
# KERNEL: UVM_INFO /home/runner/driver.sv(36) @ 2075: uvm_test_top.env.agent.drv [DRV] rst_n = 1, wr_en=1, wdata=7c, rd_en=0
# KERNEL: UVM_INFO /home/runner/monitor.sv(34) @ 2085: uvm_test_top.env.agent.mon [MON] rst_n=1, wr_en=1, wdata=94, rd_en=0, rdata=f4, full=1, empty=0
# KERNEL: UVM_INFO /home/runner/scoreboard.sv(35) @ 2085: uvm_test_top.env.scb [fifo_scoreboard] Scoreboard received item
# KERNEL: UVM_INFO /home/runner/scoreboard.sv(64) @ 2085: uvm_test_top.env.scb [fifo_scoreboard] Scoreboard received item
# KERNEL: UVM_INFO /home/runner/scoreboard.sv(71) @ 2085: uvm_test_top.env.scb [SCB_wr_ig] Write ignored correctly: FIFO Full
# KERNEL: UVM_INFO /home/runner/driver.sv(36) @ 2085: uvm_test_top.env.agent.drv [DRV] rst_n = 1, wr_en=0, wdata=3f, rd_en=1
# KERNEL: UVM_INFO /home/runner/monitor.sv(34) @ 2095: uvm_test_top.env.agent.mon [MON] rst_n=1, wr_en=1, wdata=7c, rd_en=0, rdata=f4, full=1, empty=0
# KERNEL: UVM_INFO /home/runner/scoreboard.sv(35) @ 2095: uvm_test_top.env.scb [fifo_scoreboard] Scoreboard received item
# KERNEL: UVM_INFO /home/runner/scoreboard.sv(64) @ 2095: uvm_test_top.env.scb [fifo_scoreboard] Scoreboard received item
# KERNEL: UVM_INFO /home/runner/scoreboard.sv(71) @ 2095: uvm_test_top.env.scb [SCB_wr_ig] Write ignored correctly: FIFO Full
# KERNEL: UVM_INFO /home/runner/driver.sv(36) @ 2095: uvm_test_top.env.agent.drv [DRV] rst_n = 1, wr_en=0, wdata=db, rd_en=1
# KERNEL: UVM_INFO /home/runner/monitor.sv(34) @ 2105: uvm_test_top.env.agent.mon [MON] rst_n=1, wr_en=0, wdata=3f, rd_en=1, rdata=f4, full=1, empty=0
# KERNEL: UVM_INFO /home/runner/scoreboard.sv(35) @ 2105: uvm_test_top.env.scb [fifo_scoreboard] Scoreboard received item
# KERNEL: UVM_INFO /home/runner/scoreboard.sv(41) @ 2105: uvm_test_top.env.scb [SCB_RD] DATA READ=f4 ,count = 15
# KERNEL: UVM_INFO /home/runner/scoreboard.sv(44) @ 2105: uvm_test_top.env.scb [SCB_PASS] MATCH exp_rdata=f4, ACT rdata=f4
# KERNEL: UVM_INFO /home/runner/scoreboard.sv(64) @ 2105: uvm_test_top.env.scb [fifo_scoreboard] Scoreboard received item
# KERNEL: UVM_INFO /home/runner/driver.sv(36) @ 2105: uvm_test_top.env.agent.drv [DRV] rst_n = 1, wr_en=0, wdata=52, rd_en=1
# KERNEL: UVM_INFO /home/runner/monitor.sv(34) @ 2115: uvm_test_top.env.agent.mon [MON] rst_n=1, wr_en=0, wdata=db, rd_en=1, rdata=6b, full=0, empty=0
# KERNEL: UVM_INFO /home/runner/scoreboard.sv(35) @ 2115: uvm_test_top.env.scb [fifo_scoreboard] Scoreboard received item
# KERNEL: UVM_INFO /home/runner/scoreboard.sv(41) @ 2115: uvm_test_top.env.scb [SCB_RD] DATA READ=6b ,count = 14
# KERNEL: UVM_INFO /home/runner/scoreboard.sv(44) @ 2115: uvm_test_top.env.scb [SCB_PASS] MATCH exp_rdata=6b, ACT rdata=6b
# KERNEL: UVM_INFO /home/runner/scoreboard.sv(64) @ 2115: uvm_test_top.env.scb [fifo_scoreboard] Scoreboard received item
# KERNEL: UVM_INFO /home/runner/driver.sv(36) @ 2115: uvm_test_top.env.agent.drv [DRV] rst_n = 1, wr_en=0, wdata=a2, rd_en=1
# KERNEL: UVM_INFO /home/runner/monitor.sv(34) @ 2125: uvm_test_top.env.agent.mon [MON] rst_n=1, wr_en=0, wdata=52, rd_en=1, rdata=7c, full=0, empty=0
# KERNEL: UVM_INFO /home/runner/scoreboard.sv(35) @ 2125: uvm_test_top.env.scb [fifo_scoreboard] Scoreboard received item
# KERNEL: UVM_INFO /home/runner/scoreboard.sv(41) @ 2125: uvm_test_top.env.scb [SCB_RD] DATA READ=7c ,count = 13
# KERNEL: UVM_INFO /home/runner/scoreboard.sv(44) @ 2125: uvm_test_top.env.scb [SCB_PASS] MATCH exp_rdata=7c, ACT rdata=7c
# KERNEL: UVM_INFO /home/runner/scoreboard.sv(64) @ 2125: uvm_test_top.env.scb [fifo_scoreboard] Scoreboard received item
# KERNEL: UVM_INFO /home/runner/driver.sv(36) @ 2125: uvm_test_top.env.agent.drv [DRV] rst_n = 1, wr_en=0, wdata=cd, rd_en=1
# KERNEL: UVM_INFO /home/runner/monitor.sv(34) @ 2135: uvm_test_top.env.agent.mon [MON] rst_n=1, wr_en=0, wdata=a2, rd_en=1, rdata=66, full=0, empty=0
# KERNEL: UVM_INFO /home/runner/scoreboard.sv(35) @ 2135: uvm_test_top.env.scb [fifo_scoreboard] Scoreboard received item
# KERNEL: UVM_INFO /home/runner/scoreboard.sv(41) @ 2135: uvm_test_top.env.scb [SCB_RD] DATA READ=66 ,count = 12
# KERNEL: UVM_INFO /home/runner/scoreboard.sv(44) @ 2135: uvm_test_top.env.scb [SCB_PASS] MATCH exp_rdata=66, ACT rdata=66
# KERNEL: UVM_INFO /home/runner/scoreboard.sv(64) @ 2135: uvm_test_top.env.scb [fifo_scoreboard] Scoreboard received item
# KERNEL: UVM_INFO /home/runner/driver.sv(36) @ 2135: uvm_test_top.env.agent.drv [DRV] rst_n = 1, wr_en=0, wdata=d1, rd_en=1
# KERNEL: UVM_INFO /home/runner/monitor.sv(34) @ 2145: uvm_test_top.env.agent.mon [MON] rst_n=1, wr_en=0, wdata=cd, rd_en=1, rdata=2b, full=0, empty=0
# KERNEL: UVM_INFO /home/runner/scoreboard.sv(35) @ 2145: uvm_test_top.env.scb [fifo_scoreboard] Scoreboard received item
# KERNEL: UVM_INFO /home/runner/scoreboard.sv(41) @ 2145: uvm_test_top.env.scb [SCB_RD] DATA READ=2b ,count = 11
# KERNEL: UVM_INFO /home/runner/scoreboard.sv(44) @ 2145: uvm_test_top.env.scb [SCB_PASS] MATCH exp_rdata=2b, ACT rdata=2b
# KERNEL: UVM_INFO /home/runner/scoreboard.sv(64) @ 2145: uvm_test_top.env.scb [fifo_scoreboard] Scoreboard received item
# KERNEL: UVM_INFO /home/runner/driver.sv(36) @ 2145: uvm_test_top.env.agent.drv [DRV] rst_n = 1, wr_en=0, wdata=b0, rd_en=1
# KERNEL: UVM_INFO /home/runner/monitor.sv(34) @ 2155: uvm_test_top.env.agent.mon [MON] rst_n=1, wr_en=0, wdata=d1, rd_en=1, rdata=c9, full=0, empty=0
# KERNEL: UVM_INFO /home/runner/scoreboard.sv(35) @ 2155: uvm_test_top.env.scb [fifo_scoreboard] Scoreboard received item
# KERNEL: UVM_INFO /home/runner/scoreboard.sv(41) @ 2155: uvm_test_top.env.scb [SCB_RD] DATA READ=c9 ,count = 10
# KERNEL: UVM_INFO /home/runner/scoreboard.sv(44) @ 2155: uvm_test_top.env.scb [SCB_PASS] MATCH exp_rdata=c9, ACT rdata=c9
# KERNEL: UVM_INFO /home/runner/scoreboard.sv(64) @ 2155: uvm_test_top.env.scb [fifo_scoreboard] Scoreboard received item
# KERNEL: UVM_INFO /home/runner/driver.sv(36) @ 2155: uvm_test_top.env.agent.drv [DRV] rst_n = 1, wr_en=0, wdata=68, rd_en=1
# KERNEL: UVM_INFO /home/runner/monitor.sv(34) @ 2165: uvm_test_top.env.agent.mon [MON] rst_n=1, wr_en=0, wdata=b0, rd_en=1, rdata=42, full=0, empty=0
# KERNEL: UVM_INFO /home/runner/scoreboard.sv(35) @ 2165: uvm_test_top.env.scb [fifo_scoreboard] Scoreboard received item
# KERNEL: UVM_INFO /home/runner/scoreboard.sv(41) @ 2165: uvm_test_top.env.scb [SCB_RD] DATA READ=42 ,count = 9
# KERNEL: UVM_INFO /home/runner/scoreboard.sv(44) @ 2165: uvm_test_top.env.scb [SCB_PASS] MATCH exp_rdata=42, ACT rdata=42
# KERNEL: UVM_INFO /home/runner/scoreboard.sv(64) @ 2165: uvm_test_top.env.scb [fifo_scoreboard] Scoreboard received item
# KERNEL: UVM_INFO /home/runner/driver.sv(36) @ 2165: uvm_test_top.env.agent.drv [DRV] rst_n = 1, wr_en=0, wdata=fb, rd_en=1
# KERNEL: UVM_INFO /home/runner/monitor.sv(34) @ 2175: uvm_test_top.env.agent.mon [MON] rst_n=1, wr_en=0, wdata=68, rd_en=1, rdata=94, full=0, empty=0
# KERNEL: UVM_INFO /home/runner/scoreboard.sv(35) @ 2175: uvm_test_top.env.scb [fifo_scoreboard] Scoreboard received item
# KERNEL: UVM_INFO /home/runner/scoreboard.sv(41) @ 2175: uvm_test_top.env.scb [SCB_RD] DATA READ=94 ,count = 8
# KERNEL: UVM_INFO /home/runner/scoreboard.sv(44) @ 2175: uvm_test_top.env.scb [SCB_PASS] MATCH exp_rdata=94, ACT rdata=94
# KERNEL: UVM_INFO /home/runner/scoreboard.sv(64) @ 2175: uvm_test_top.env.scb [fifo_scoreboard] Scoreboard received item
# KERNEL: UVM_INFO /home/runner/driver.sv(36) @ 2175: uvm_test_top.env.agent.drv [DRV] rst_n = 1, wr_en=0, wdata=67, rd_en=1
# KERNEL: UVM_INFO /home/runner/monitor.sv(34) @ 2185: uvm_test_top.env.agent.mon [MON] rst_n=1, wr_en=0, wdata=fb, rd_en=1, rdata=c1, full=0, empty=0
# KERNEL: UVM_INFO /home/runner/scoreboard.sv(35) @ 2185: uvm_test_top.env.scb [fifo_scoreboard] Scoreboard received item
# KERNEL: UVM_INFO /home/runner/scoreboard.sv(41) @ 2185: uvm_test_top.env.scb [SCB_RD] DATA READ=c1 ,count = 7
# KERNEL: UVM_INFO /home/runner/scoreboard.sv(44) @ 2185: uvm_test_top.env.scb [SCB_PASS] MATCH exp_rdata=c1, ACT rdata=c1
# KERNEL: UVM_INFO /home/runner/scoreboard.sv(64) @ 2185: uvm_test_top.env.scb [fifo_scoreboard] Scoreboard received item
# KERNEL: UVM_INFO /home/runner/driver.sv(36) @ 2185: uvm_test_top.env.agent.drv [DRV] rst_n = 1, wr_en=0, wdata=ae, rd_en=1
# KERNEL: UVM_INFO /home/runner/monitor.sv(34) @ 2195: uvm_test_top.env.agent.mon [MON] rst_n=1, wr_en=0, wdata=67, rd_en=1, rdata=c7, full=0, empty=0
# KERNEL: UVM_INFO /home/runner/scoreboard.sv(35) @ 2195: uvm_test_top.env.scb [fifo_scoreboard] Scoreboard received item
# KERNEL: UVM_INFO /home/runner/scoreboard.sv(41) @ 2195: uvm_test_top.env.scb [SCB_RD] DATA READ=c7 ,count = 6
# KERNEL: UVM_INFO /home/runner/scoreboard.sv(44) @ 2195: uvm_test_top.env.scb [SCB_PASS] MATCH exp_rdata=c7, ACT rdata=c7
# KERNEL: UVM_INFO /home/runner/scoreboard.sv(64) @ 2195: uvm_test_top.env.scb [fifo_scoreboard] Scoreboard received item
# KERNEL: UVM_INFO /home/runner/driver.sv(36) @ 2195: uvm_test_top.env.agent.drv [DRV] rst_n = 1, wr_en=0, wdata=ce, rd_en=1
# KERNEL: UVM_INFO /home/runner/monitor.sv(34) @ 2205: uvm_test_top.env.agent.mon [MON] rst_n=1, wr_en=0, wdata=ae, rd_en=1, rdata=a8, full=0, empty=0
# KERNEL: UVM_INFO /home/runner/scoreboard.sv(35) @ 2205: uvm_test_top.env.scb [fifo_scoreboard] Scoreboard received item
# KERNEL: UVM_INFO /home/runner/scoreboard.sv(41) @ 2205: uvm_test_top.env.scb [SCB_RD] DATA READ=a8 ,count = 5
# KERNEL: UVM_INFO /home/runner/scoreboard.sv(44) @ 2205: uvm_test_top.env.scb [SCB_PASS] MATCH exp_rdata=a8, ACT rdata=a8
# KERNEL: UVM_INFO /home/runner/scoreboard.sv(64) @ 2205: uvm_test_top.env.scb [fifo_scoreboard] Scoreboard received item
# KERNEL: UVM_INFO /home/runner/driver.sv(36) @ 2205: uvm_test_top.env.agent.drv [DRV] rst_n = 1, wr_en=0, wdata=c9, rd_en=1
# KERNEL: UVM_INFO /home/runner/monitor.sv(34) @ 2215: uvm_test_top.env.agent.mon [MON] rst_n=1, wr_en=0, wdata=ce, rd_en=1, rdata=62, full=0, empty=0
# KERNEL: UVM_INFO /home/runner/scoreboard.sv(35) @ 2215: uvm_test_top.env.scb [fifo_scoreboard] Scoreboard received item
# KERNEL: UVM_INFO /home/runner/scoreboard.sv(41) @ 2215: uvm_test_top.env.scb [SCB_RD] DATA READ=62 ,count = 4
# KERNEL: UVM_INFO /home/runner/scoreboard.sv(44) @ 2215: uvm_test_top.env.scb [SCB_PASS] MATCH exp_rdata=62, ACT rdata=62
# KERNEL: UVM_INFO /home/runner/scoreboard.sv(64) @ 2215: uvm_test_top.env.scb [fifo_scoreboard] Scoreboard received item
# KERNEL: UVM_INFO /home/runner/driver.sv(36) @ 2215: uvm_test_top.env.agent.drv [DRV] rst_n = 1, wr_en=0, wdata=9d, rd_en=1
# KERNEL: UVM_INFO /home/runner/monitor.sv(34) @ 2225: uvm_test_top.env.agent.mon [MON] rst_n=1, wr_en=0, wdata=c9, rd_en=1, rdata=f7, full=0, empty=0
# KERNEL: UVM_INFO /home/runner/scoreboard.sv(35) @ 2225: uvm_test_top.env.scb [fifo_scoreboard] Scoreboard received item
# KERNEL: UVM_INFO /home/runner/scoreboard.sv(41) @ 2225: uvm_test_top.env.scb [SCB_RD] DATA READ=f7 ,count = 3
# KERNEL: UVM_INFO /home/runner/scoreboard.sv(44) @ 2225: uvm_test_top.env.scb [SCB_PASS] MATCH exp_rdata=f7, ACT rdata=f7
# KERNEL: UVM_INFO /home/runner/scoreboard.sv(64) @ 2225: uvm_test_top.env.scb [fifo_scoreboard] Scoreboard received item
# KERNEL: UVM_INFO /home/runner/driver.sv(36) @ 2225: uvm_test_top.env.agent.drv [DRV] rst_n = 1, wr_en=0, wdata=4c, rd_en=1
# KERNEL: UVM_INFO /home/runner/monitor.sv(34) @ 2235: uvm_test_top.env.agent.mon [MON] rst_n=1, wr_en=0, wdata=9d, rd_en=1, rdata=65, full=0, empty=0
# KERNEL: UVM_INFO /home/runner/scoreboard.sv(35) @ 2235: uvm_test_top.env.scb [fifo_scoreboard] Scoreboard received item
# KERNEL: UVM_INFO /home/runner/scoreboard.sv(41) @ 2235: uvm_test_top.env.scb [SCB_RD] DATA READ=65 ,count = 2
# KERNEL: UVM_INFO /home/runner/scoreboard.sv(44) @ 2235: uvm_test_top.env.scb [SCB_PASS] MATCH exp_rdata=65, ACT rdata=65
# KERNEL: UVM_INFO /home/runner/scoreboard.sv(64) @ 2235: uvm_test_top.env.scb [fifo_scoreboard] Scoreboard received item
# KERNEL: UVM_INFO /home/runner/driver.sv(36) @ 2235: uvm_test_top.env.agent.drv [DRV] rst_n = 1, wr_en=0, wdata=d4, rd_en=1
# KERNEL: UVM_INFO /home/runner/monitor.sv(34) @ 2245: uvm_test_top.env.agent.mon [MON] rst_n=1, wr_en=0, wdata=4c, rd_en=1, rdata=24, full=0, empty=0
# KERNEL: UVM_INFO /home/runner/scoreboard.sv(35) @ 2245: uvm_test_top.env.scb [fifo_scoreboard] Scoreboard received item
# KERNEL: UVM_INFO /home/runner/scoreboard.sv(41) @ 2245: uvm_test_top.env.scb [SCB_RD] DATA READ=24 ,count = 1
# KERNEL: UVM_INFO /home/runner/scoreboard.sv(44) @ 2245: uvm_test_top.env.scb [SCB_PASS] MATCH exp_rdata=24, ACT rdata=24
# KERNEL: UVM_INFO /home/runner/scoreboard.sv(64) @ 2245: uvm_test_top.env.scb [fifo_scoreboard] Scoreboard received item
# KERNEL: UVM_INFO /home/runner/driver.sv(36) @ 2245: uvm_test_top.env.agent.drv [DRV] rst_n = 1, wr_en=0, wdata=37, rd_en=1
# KERNEL: UVM_INFO /home/runner/monitor.sv(34) @ 2255: uvm_test_top.env.agent.mon [MON] rst_n=1, wr_en=0, wdata=d4, rd_en=1, rdata=47, full=0, empty=0
# KERNEL: UVM_INFO /home/runner/scoreboard.sv(35) @ 2255: uvm_test_top.env.scb [fifo_scoreboard] Scoreboard received item
# KERNEL: UVM_INFO /home/runner/scoreboard.sv(41) @ 2255: uvm_test_top.env.scb [SCB_RD] DATA READ=47 ,count = 0
# KERNEL: UVM_INFO /home/runner/scoreboard.sv(44) @ 2255: uvm_test_top.env.scb [SCB_PASS] MATCH exp_rdata=47, ACT rdata=47
# KERNEL: UVM_INFO /home/runner/scoreboard.sv(64) @ 2255: uvm_test_top.env.scb [fifo_scoreboard] Scoreboard received item
# KERNEL: UVM_INFO /home/runner/driver.sv(36) @ 2255: uvm_test_top.env.agent.drv [DRV] rst_n = 1, wr_en=0, wdata=73, rd_en=1
# KERNEL: UVM_INFO /home/runner/monitor.sv(34) @ 2265: uvm_test_top.env.agent.mon [MON] rst_n=1, wr_en=0, wdata=37, rd_en=1, rdata=43, full=0, empty=1
# KERNEL: UVM_INFO /home/runner/scoreboard.sv(35) @ 2265: uvm_test_top.env.scb [fifo_scoreboard] Scoreboard received item
# KERNEL: UVM_INFO /home/runner/scoreboard.sv(64) @ 2265: uvm_test_top.env.scb [fifo_scoreboard] Scoreboard received item
# KERNEL: UVM_INFO /home/runner/driver.sv(36) @ 2265: uvm_test_top.env.agent.drv [DRV] rst_n = 1, wr_en=0, wdata=8a, rd_en=1
# KERNEL: Error: assertion.sv (36): UNDERFLOW happened
# KERNEL: UVM_INFO /home/runner/monitor.sv(34) @ 2275: uvm_test_top.env.agent.mon [MON] rst_n=1, wr_en=0, wdata=73, rd_en=1, rdata=43, full=0, empty=1
# KERNEL: UVM_INFO /home/runner/scoreboard.sv(35) @ 2275: uvm_test_top.env.scb [fifo_scoreboard] Scoreboard received item
# KERNEL: UVM_INFO /home/runner/scoreboard.sv(64) @ 2275: uvm_test_top.env.scb [fifo_scoreboard] Scoreboard received item
# KERNEL: UVM_INFO /home/runner/driver.sv(36) @ 2275: uvm_test_top.env.agent.drv [DRV] rst_n = 1, wr_en=0, wdata=7a, rd_en=1
# KERNEL: UVM_INFO /home/runner/monitor.sv(34) @ 2285: uvm_test_top.env.agent.mon [MON] rst_n=1, wr_en=0, wdata=8a, rd_en=1, rdata=43, full=0, empty=1
# KERNEL: UVM_INFO /home/runner/scoreboard.sv(35) @ 2285: uvm_test_top.env.scb [fifo_scoreboard] Scoreboard received item
# KERNEL: UVM_INFO /home/runner/scoreboard.sv(64) @ 2285: uvm_test_top.env.scb [fifo_scoreboard] Scoreboard received item
# KERNEL: UVM_INFO /home/runner/driver.sv(36) @ 2285: uvm_test_top.env.agent.drv [DRV] rst_n = 1, wr_en=0, wdata=45, rd_en=1
# KERNEL: UVM_INFO /home/runner/monitor.sv(34) @ 2295: uvm_test_top.env.agent.mon [MON] rst_n=1, wr_en=0, wdata=7a, rd_en=1, rdata=43, full=0, empty=1
# KERNEL: UVM_INFO /home/runner/scoreboard.sv(35) @ 2295: uvm_test_top.env.scb [fifo_scoreboard] Scoreboard received item
# KERNEL: UVM_INFO /home/runner/scoreboard.sv(64) @ 2295: uvm_test_top.env.scb [fifo_scoreboard] Scoreboard received item
# KERNEL: UVM_INFO /home/runner/driver.sv(36) @ 2295: uvm_test_top.env.agent.drv [DRV] rst_n = 1, wr_en=0, wdata=e9, rd_en=1
# KERNEL: UVM_INFO /home/runner/monitor.sv(34) @ 2305: uvm_test_top.env.agent.mon [MON] rst_n=1, wr_en=0, wdata=45, rd_en=1, rdata=43, full=0, empty=1
# KERNEL: UVM_INFO /home/runner/scoreboard.sv(35) @ 2305: uvm_test_top.env.scb [fifo_scoreboard] Scoreboard received item
# KERNEL: UVM_INFO /home/runner/scoreboard.sv(64) @ 2305: uvm_test_top.env.scb [fifo_scoreboard] Scoreboard received item
# KERNEL: UVM_INFO /home/runner/driver.sv(36) @ 2305: uvm_test_top.env.agent.drv [DRV] rst_n = 1, wr_en=0, wdata=68, rd_en=1
# KERNEL: UVM_INFO /home/runner/monitor.sv(34) @ 2315: uvm_test_top.env.agent.mon [MON] rst_n=1, wr_en=0, wdata=e9, rd_en=1, rdata=43, full=0, empty=1
# KERNEL: UVM_INFO /home/runner/scoreboard.sv(35) @ 2315: uvm_test_top.env.scb [fifo_scoreboard] Scoreboard received item
# KERNEL: UVM_INFO /home/runner/scoreboard.sv(64) @ 2315: uvm_test_top.env.scb [fifo_scoreboard] Scoreboard received item
# KERNEL: UVM_INFO /home/runner/driver.sv(36) @ 2315: uvm_test_top.env.agent.drv [DRV] rst_n = 1, wr_en=0, wdata=c0, rd_en=1
# KERNEL: UVM_INFO /home/runner/monitor.sv(34) @ 2325: uvm_test_top.env.agent.mon [MON] rst_n=1, wr_en=0, wdata=68, rd_en=1, rdata=43, full=0, empty=1
# KERNEL: UVM_INFO /home/runner/scoreboard.sv(35) @ 2325: uvm_test_top.env.scb [fifo_scoreboard] Scoreboard received item
# KERNEL: UVM_INFO /home/runner/scoreboard.sv(64) @ 2325: uvm_test_top.env.scb [fifo_scoreboard] Scoreboard received item
# KERNEL: UVM_INFO /home/runner/driver.sv(36) @ 2325: uvm_test_top.env.agent.drv [DRV] rst_n = 1, wr_en=0, wdata=f3, rd_en=1
# KERNEL: UVM_INFO /home/runner/monitor.sv(34) @ 2335: uvm_test_top.env.agent.mon [MON] rst_n=1, wr_en=0, wdata=c0, rd_en=1, rdata=43, full=0, empty=1
# KERNEL: UVM_INFO /home/runner/scoreboard.sv(35) @ 2335: uvm_test_top.env.scb [fifo_scoreboard] Scoreboard received item
# KERNEL: UVM_INFO /home/runner/scoreboard.sv(64) @ 2335: uvm_test_top.env.scb [fifo_scoreboard] Scoreboard received item
# KERNEL: UVM_INFO /home/runner/driver.sv(36) @ 2335: uvm_test_top.env.agent.drv [DRV] rst_n = 1, wr_en=0, wdata=ff, rd_en=1
# KERNEL: UVM_INFO /home/runner/monitor.sv(34) @ 2345: uvm_test_top.env.agent.mon [MON] rst_n=1, wr_en=0, wdata=f3, rd_en=1, rdata=43, full=0, empty=1
# KERNEL: UVM_INFO /home/runner/scoreboard.sv(35) @ 2345: uvm_test_top.env.scb [fifo_scoreboard] Scoreboard received item
# KERNEL: UVM_INFO /home/runner/scoreboard.sv(64) @ 2345: uvm_test_top.env.scb [fifo_scoreboard] Scoreboard received item
# KERNEL: UVM_INFO /home/runner/driver.sv(36) @ 2345: uvm_test_top.env.agent.drv [DRV] rst_n = 1, wr_en=0, wdata=e6, rd_en=1
# KERNEL: UVM_INFO /home/runner/monitor.sv(34) @ 2355: uvm_test_top.env.agent.mon [MON] rst_n=1, wr_en=0, wdata=ff, rd_en=1, rdata=43, full=0, empty=1
# KERNEL: UVM_INFO /home/runner/scoreboard.sv(35) @ 2355: uvm_test_top.env.scb [fifo_scoreboard] Scoreboard received item
# KERNEL: UVM_INFO /home/runner/scoreboard.sv(64) @ 2355: uvm_test_top.env.scb [fifo_scoreboard] Scoreboard received item
# KERNEL: UVM_INFO /home/runner/driver.sv(36) @ 2355: uvm_test_top.env.agent.drv [DRV] rst_n = 1, wr_en=0, wdata=a6, rd_en=1
# KERNEL: UVM_INFO /home/runner/monitor.sv(34) @ 2365: uvm_test_top.env.agent.mon [MON] rst_n=1, wr_en=0, wdata=e6, rd_en=1, rdata=43, full=0, empty=1
# KERNEL: UVM_INFO /home/runner/scoreboard.sv(35) @ 2365: uvm_test_top.env.scb [fifo_scoreboard] Scoreboard received item
# KERNEL: UVM_INFO /home/runner/scoreboard.sv(64) @ 2365: uvm_test_top.env.scb [fifo_scoreboard] Scoreboard received item
# KERNEL: UVM_INFO /home/runner/driver.sv(36) @ 2365: uvm_test_top.env.agent.drv [DRV] rst_n = 1, wr_en=0, wdata=41, rd_en=1
# KERNEL: UVM_INFO /home/runner/monitor.sv(34) @ 2375: uvm_test_top.env.agent.mon [MON] rst_n=1, wr_en=0, wdata=a6, rd_en=1, rdata=43, full=0, empty=1
# KERNEL: UVM_INFO /home/runner/scoreboard.sv(35) @ 2375: uvm_test_top.env.scb [fifo_scoreboard] Scoreboard received item
# KERNEL: UVM_INFO /home/runner/scoreboard.sv(64) @ 2375: uvm_test_top.env.scb [fifo_scoreboard] Scoreboard received item
# KERNEL: UVM_INFO /home/runner/driver.sv(36) @ 2375: uvm_test_top.env.agent.drv [DRV] rst_n = 1, wr_en=0, wdata=b5, rd_en=1
# KERNEL: UVM_INFO /home/runner/monitor.sv(34) @ 2385: uvm_test_top.env.agent.mon [MON] rst_n=1, wr_en=0, wdata=41, rd_en=1, rdata=43, full=0, empty=1
# KERNEL: UVM_INFO /home/runner/scoreboard.sv(35) @ 2385: uvm_test_top.env.scb [fifo_scoreboard] Scoreboard received item
# KERNEL: UVM_INFO /home/runner/scoreboard.sv(64) @ 2385: uvm_test_top.env.scb [fifo_scoreboard] Scoreboard received item
# KERNEL: UVM_INFO /home/runner/monitor.sv(34) @ 2395: uvm_test_top.env.agent.mon [MON] rst_n=1, wr_en=0, wdata=b5, rd_en=1, rdata=43, full=0, empty=1
# KERNEL: UVM_INFO /home/runner/scoreboard.sv(35) @ 2395: uvm_test_top.env.scb [fifo_scoreboard] Scoreboard received item
# KERNEL: UVM_INFO /home/runner/scoreboard.sv(64) @ 2395: uvm_test_top.env.scb [fifo_scoreboard] Scoreboard received item
# KERNEL: UVM_INFO /home/runner/master_seq.sv(50) @ 2405: uvm_test_top.env.agent.sqr@@seq [MASTER_SEQ] Starting Sequence 5...
# KERNEL: UVM_INFO /home/runner/sequence5.sv(11) @ 2405: uvm_test_top.env.agent.sqr@@s5 [fifo_threshold_seq] Starting Threshold Stimulus for all ports...
# KERNEL: UVM_INFO /home/runner/sequence5.sv(13) @ 2405: uvm_test_top.env.agent.sqr@@s5 [SEQ_5] ALMOST FULL TEST
# KERNEL: UVM_INFO /home/runner/driver.sv(36) @ 2405: uvm_test_top.env.agent.drv [DRV] rst_n = 1, wr_en=1, wdata=d5, rd_en=0
# KERNEL: UVM_INFO /home/runner/monitor.sv(34) @ 2405: uvm_test_top.env.agent.mon [MON] rst_n=1, wr_en=0, wdata=b5, rd_en=1, rdata=43, full=0, empty=1
# KERNEL: UVM_INFO /home/runner/scoreboard.sv(35) @ 2405: uvm_test_top.env.scb [fifo_scoreboard] Scoreboard received item
# KERNEL: UVM_INFO /home/runner/scoreboard.sv(64) @ 2405: uvm_test_top.env.scb [fifo_scoreboard] Scoreboard received item
# KERNEL: UVM_INFO /home/runner/driver.sv(36) @ 2405: uvm_test_top.env.agent.drv [DRV] rst_n = 1, wr_en=1, wdata=e5, rd_en=0
# KERNEL: UVM_INFO /home/runner/monitor.sv(34) @ 2415: uvm_test_top.env.agent.mon [MON] rst_n=1, wr_en=1, wdata=d5, rd_en=0, rdata=43, full=0, empty=1
# KERNEL: UVM_INFO /home/runner/scoreboard.sv(35) @ 2415: uvm_test_top.env.scb [fifo_scoreboard] Scoreboard received item
# KERNEL: UVM_INFO /home/runner/scoreboard.sv(64) @ 2415: uvm_test_top.env.scb [fifo_scoreboard] Scoreboard received item
# KERNEL: UVM_INFO /home/runner/scoreboard.sv(68) @ 2415: uvm_test_top.env.scb [SCB_WR] DATA WRITTEN=d5 ,count = 1
# KERNEL: UVM_INFO /home/runner/driver.sv(36) @ 2415: uvm_test_top.env.agent.drv [DRV] rst_n = 1, wr_en=1, wdata=d0, rd_en=0
# KERNEL: UVM_INFO /home/runner/monitor.sv(34) @ 2425: uvm_test_top.env.agent.mon [MON] rst_n=1, wr_en=1, wdata=e5, rd_en=0, rdata=43, full=0, empty=0
# KERNEL: UVM_INFO /home/runner/scoreboard.sv(35) @ 2425: uvm_test_top.env.scb [fifo_scoreboard] Scoreboard received item
# KERNEL: UVM_INFO /home/runner/scoreboard.sv(64) @ 2425: uvm_test_top.env.scb [fifo_scoreboard] Scoreboard received item
# KERNEL: UVM_INFO /home/runner/scoreboard.sv(68) @ 2425: uvm_test_top.env.scb [SCB_WR] DATA WRITTEN=e5 ,count = 2
# KERNEL: UVM_INFO /home/runner/driver.sv(36) @ 2425: uvm_test_top.env.agent.drv [DRV] rst_n = 1, wr_en=1, wdata=94, rd_en=0
# KERNEL: UVM_INFO /home/runner/monitor.sv(34) @ 2435: uvm_test_top.env.agent.mon [MON] rst_n=1, wr_en=1, wdata=d0, rd_en=0, rdata=43, full=0, empty=0
# KERNEL: UVM_INFO /home/runner/scoreboard.sv(35) @ 2435: uvm_test_top.env.scb [fifo_scoreboard] Scoreboard received item
# KERNEL: UVM_INFO /home/runner/scoreboard.sv(64) @ 2435: uvm_test_top.env.scb [fifo_scoreboard] Scoreboard received item
# KERNEL: UVM_INFO /home/runner/scoreboard.sv(68) @ 2435: uvm_test_top.env.scb [SCB_WR] DATA WRITTEN=d0 ,count = 3
# KERNEL: UVM_INFO /home/runner/driver.sv(36) @ 2435: uvm_test_top.env.agent.drv [DRV] rst_n = 1, wr_en=1, wdata=33, rd_en=0
# KERNEL: UVM_INFO /home/runner/monitor.sv(34) @ 2445: uvm_test_top.env.agent.mon [MON] rst_n=1, wr_en=1, wdata=94, rd_en=0, rdata=43, full=0, empty=0
# KERNEL: UVM_INFO /home/runner/scoreboard.sv(35) @ 2445: uvm_test_top.env.scb [fifo_scoreboard] Scoreboard received item
# KERNEL: UVM_INFO /home/runner/scoreboard.sv(64) @ 2445: uvm_test_top.env.scb [fifo_scoreboard] Scoreboard received item
# KERNEL: UVM_INFO /home/runner/scoreboard.sv(68) @ 2445: uvm_test_top.env.scb [SCB_WR] DATA WRITTEN=94 ,count = 4
# KERNEL: UVM_INFO /home/runner/driver.sv(36) @ 2445: uvm_test_top.env.agent.drv [DRV] rst_n = 1, wr_en=1, wdata=ab, rd_en=0
# KERNEL: UVM_INFO /home/runner/monitor.sv(34) @ 2455: uvm_test_top.env.agent.mon [MON] rst_n=1, wr_en=1, wdata=33, rd_en=0, rdata=43, full=0, empty=0
# KERNEL: UVM_INFO /home/runner/scoreboard.sv(35) @ 2455: uvm_test_top.env.scb [fifo_scoreboard] Scoreboard received item
# KERNEL: UVM_INFO /home/runner/scoreboard.sv(64) @ 2455: uvm_test_top.env.scb [fifo_scoreboard] Scoreboard received item
# KERNEL: UVM_INFO /home/runner/scoreboard.sv(68) @ 2455: uvm_test_top.env.scb [SCB_WR] DATA WRITTEN=33 ,count = 5
# KERNEL: UVM_INFO /home/runner/driver.sv(36) @ 2455: uvm_test_top.env.agent.drv [DRV] rst_n = 1, wr_en=1, wdata=fe, rd_en=0
# KERNEL: UVM_INFO /home/runner/monitor.sv(34) @ 2465: uvm_test_top.env.agent.mon [MON] rst_n=1, wr_en=1, wdata=ab, rd_en=0, rdata=43, full=0, empty=0
# KERNEL: UVM_INFO /home/runner/scoreboard.sv(35) @ 2465: uvm_test_top.env.scb [fifo_scoreboard] Scoreboard received item
# KERNEL: UVM_INFO /home/runner/scoreboard.sv(64) @ 2465: uvm_test_top.env.scb [fifo_scoreboard] Scoreboard received item
# KERNEL: UVM_INFO /home/runner/scoreboard.sv(68) @ 2465: uvm_test_top.env.scb [SCB_WR] DATA WRITTEN=ab ,count = 6
# KERNEL: UVM_INFO /home/runner/driver.sv(36) @ 2465: uvm_test_top.env.agent.drv [DRV] rst_n = 1, wr_en=1, wdata=2a, rd_en=0
# KERNEL: UVM_INFO /home/runner/monitor.sv(34) @ 2475: uvm_test_top.env.agent.mon [MON] rst_n=1, wr_en=1, wdata=fe, rd_en=0, rdata=43, full=0, empty=0
# KERNEL: UVM_INFO /home/runner/scoreboard.sv(35) @ 2475: uvm_test_top.env.scb [fifo_scoreboard] Scoreboard received item
# KERNEL: UVM_INFO /home/runner/scoreboard.sv(64) @ 2475: uvm_test_top.env.scb [fifo_scoreboard] Scoreboard received item
# KERNEL: UVM_INFO /home/runner/scoreboard.sv(68) @ 2475: uvm_test_top.env.scb [SCB_WR] DATA WRITTEN=fe ,count = 7
# KERNEL: UVM_INFO /home/runner/driver.sv(36) @ 2475: uvm_test_top.env.agent.drv [DRV] rst_n = 1, wr_en=1, wdata=31, rd_en=0
# KERNEL: UVM_INFO /home/runner/monitor.sv(34) @ 2485: uvm_test_top.env.agent.mon [MON] rst_n=1, wr_en=1, wdata=2a, rd_en=0, rdata=43, full=0, empty=0
# KERNEL: UVM_INFO /home/runner/scoreboard.sv(35) @ 2485: uvm_test_top.env.scb [fifo_scoreboard] Scoreboard received item
# KERNEL: UVM_INFO /home/runner/scoreboard.sv(64) @ 2485: uvm_test_top.env.scb [fifo_scoreboard] Scoreboard received item
# KERNEL: UVM_INFO /home/runner/scoreboard.sv(68) @ 2485: uvm_test_top.env.scb [SCB_WR] DATA WRITTEN=2a ,count = 8
# KERNEL: UVM_INFO /home/runner/driver.sv(36) @ 2485: uvm_test_top.env.agent.drv [DRV] rst_n = 1, wr_en=1, wdata=11, rd_en=0
# KERNEL: UVM_INFO /home/runner/monitor.sv(34) @ 2495: uvm_test_top.env.agent.mon [MON] rst_n=1, wr_en=1, wdata=31, rd_en=0, rdata=43, full=0, empty=0
# KERNEL: UVM_INFO /home/runner/scoreboard.sv(35) @ 2495: uvm_test_top.env.scb [fifo_scoreboard] Scoreboard received item
# KERNEL: UVM_INFO /home/runner/scoreboard.sv(64) @ 2495: uvm_test_top.env.scb [fifo_scoreboard] Scoreboard received item
# KERNEL: UVM_INFO /home/runner/scoreboard.sv(68) @ 2495: uvm_test_top.env.scb [SCB_WR] DATA WRITTEN=31 ,count = 9
# KERNEL: UVM_INFO /home/runner/driver.sv(36) @ 2495: uvm_test_top.env.agent.drv [DRV] rst_n = 1, wr_en=1, wdata=cc, rd_en=0
# KERNEL: UVM_INFO /home/runner/monitor.sv(34) @ 2505: uvm_test_top.env.agent.mon [MON] rst_n=1, wr_en=1, wdata=11, rd_en=0, rdata=43, full=0, empty=0
# KERNEL: UVM_INFO /home/runner/scoreboard.sv(35) @ 2505: uvm_test_top.env.scb [fifo_scoreboard] Scoreboard received item
# KERNEL: UVM_INFO /home/runner/scoreboard.sv(64) @ 2505: uvm_test_top.env.scb [fifo_scoreboard] Scoreboard received item
# KERNEL: UVM_INFO /home/runner/scoreboard.sv(68) @ 2505: uvm_test_top.env.scb [SCB_WR] DATA WRITTEN=11 ,count = 10
# KERNEL: UVM_INFO /home/runner/driver.sv(36) @ 2505: uvm_test_top.env.agent.drv [DRV] rst_n = 1, wr_en=1, wdata=60, rd_en=0
# KERNEL: UVM_INFO /home/runner/monitor.sv(34) @ 2515: uvm_test_top.env.agent.mon [MON] rst_n=1, wr_en=1, wdata=cc, rd_en=0, rdata=43, full=0, empty=0
# KERNEL: UVM_INFO /home/runner/scoreboard.sv(35) @ 2515: uvm_test_top.env.scb [fifo_scoreboard] Scoreboard received item
# KERNEL: UVM_INFO /home/runner/scoreboard.sv(64) @ 2515: uvm_test_top.env.scb [fifo_scoreboard] Scoreboard received item
# KERNEL: UVM_INFO /home/runner/scoreboard.sv(68) @ 2515: uvm_test_top.env.scb [SCB_WR] DATA WRITTEN=cc ,count = 11
# KERNEL: UVM_INFO /home/runner/driver.sv(36) @ 2515: uvm_test_top.env.agent.drv [DRV] rst_n = 1, wr_en=1, wdata=cf, rd_en=0
# KERNEL: UVM_INFO /home/runner/monitor.sv(34) @ 2525: uvm_test_top.env.agent.mon [MON] rst_n=1, wr_en=1, wdata=60, rd_en=0, rdata=43, full=0, empty=0
# KERNEL: UVM_INFO /home/runner/scoreboard.sv(35) @ 2525: uvm_test_top.env.scb [fifo_scoreboard] Scoreboard received item
# KERNEL: UVM_INFO /home/runner/scoreboard.sv(64) @ 2525: uvm_test_top.env.scb [fifo_scoreboard] Scoreboard received item
# KERNEL: UVM_INFO /home/runner/scoreboard.sv(68) @ 2525: uvm_test_top.env.scb [SCB_WR] DATA WRITTEN=60 ,count = 12
# KERNEL: UVM_INFO /home/runner/driver.sv(36) @ 2525: uvm_test_top.env.agent.drv [DRV] rst_n = 1, wr_en=1, wdata=17, rd_en=0
# KERNEL: UVM_INFO /home/runner/monitor.sv(34) @ 2535: uvm_test_top.env.agent.mon [MON] rst_n=1, wr_en=1, wdata=cf, rd_en=0, rdata=43, full=0, empty=0
# KERNEL: UVM_INFO /home/runner/scoreboard.sv(35) @ 2535: uvm_test_top.env.scb [fifo_scoreboard] Scoreboard received item
# KERNEL: UVM_INFO /home/runner/scoreboard.sv(64) @ 2535: uvm_test_top.env.scb [fifo_scoreboard] Scoreboard received item
# KERNEL: UVM_INFO /home/runner/scoreboard.sv(68) @ 2535: uvm_test_top.env.scb [SCB_WR] DATA WRITTEN=cf ,count = 13
# KERNEL: UVM_INFO /home/runner/driver.sv(36) @ 2535: uvm_test_top.env.agent.drv [DRV] rst_n = 1, wr_en=1, wdata=3a, rd_en=0
# KERNEL: UVM_INFO /home/runner/monitor.sv(34) @ 2545: uvm_test_top.env.agent.mon [MON] rst_n=1, wr_en=1, wdata=17, rd_en=0, rdata=43, full=0, empty=0
# KERNEL: UVM_INFO /home/runner/scoreboard.sv(35) @ 2545: uvm_test_top.env.scb [fifo_scoreboard] Scoreboard received item
# KERNEL: UVM_INFO /home/runner/scoreboard.sv(64) @ 2545: uvm_test_top.env.scb [fifo_scoreboard] Scoreboard received item
# KERNEL: UVM_INFO /home/runner/scoreboard.sv(68) @ 2545: uvm_test_top.env.scb [SCB_WR] DATA WRITTEN=17 ,count = 14
# KERNEL: UVM_INFO /home/runner/driver.sv(36) @ 2545: uvm_test_top.env.agent.drv [DRV] rst_n = 1, wr_en=1, wdata=36, rd_en=1
# KERNEL: UVM_INFO /home/runner/monitor.sv(34) @ 2555: uvm_test_top.env.agent.mon [MON] rst_n=1, wr_en=1, wdata=3a, rd_en=0, rdata=43, full=0, empty=0
# KERNEL: UVM_INFO /home/runner/scoreboard.sv(35) @ 2555: uvm_test_top.env.scb [fifo_scoreboard] Scoreboard received item
# KERNEL: UVM_INFO /home/runner/scoreboard.sv(64) @ 2555: uvm_test_top.env.scb [fifo_scoreboard] Scoreboard received item
# KERNEL: UVM_INFO /home/runner/scoreboard.sv(68) @ 2555: uvm_test_top.env.scb [SCB_WR] DATA WRITTEN=3a ,count = 15
# KERNEL: UVM_INFO /home/runner/driver.sv(36) @ 2555: uvm_test_top.env.agent.drv [DRV] rst_n = 1, wr_en=1, wdata=d, rd_en=0
# KERNEL: UVM_INFO /home/runner/monitor.sv(34) @ 2565: uvm_test_top.env.agent.mon [MON] rst_n=1, wr_en=1, wdata=36, rd_en=1, rdata=43, full=0, empty=0
# KERNEL: UVM_INFO /home/runner/scoreboard.sv(35) @ 2565: uvm_test_top.env.scb [fifo_scoreboard] Scoreboard received item
# KERNEL: UVM_INFO /home/runner/scoreboard.sv(64) @ 2565: uvm_test_top.env.scb [fifo_scoreboard] Scoreboard received item
# KERNEL: UVM_INFO /home/runner/scoreboard.sv(68) @ 2565: uvm_test_top.env.scb [SCB_WR] DATA WRITTEN=36 ,count = 16
# KERNEL: UVM_INFO /home/runner/driver.sv(36) @ 2565: uvm_test_top.env.agent.drv [DRV] rst_n = 1, wr_en=0, wdata=bd, rd_en=1
# KERNEL: UVM_INFO /home/runner/monitor.sv(34) @ 2575: uvm_test_top.env.agent.mon [MON] rst_n=1, wr_en=1, wdata=d, rd_en=0, rdata=d5, full=0, empty=0
# KERNEL: UVM_INFO /home/runner/scoreboard.sv(35) @ 2575: uvm_test_top.env.scb [fifo_scoreboard] Scoreboard received item
# KERNEL: UVM_INFO /home/runner/scoreboard.sv(64) @ 2575: uvm_test_top.env.scb [fifo_scoreboard] Scoreboard received item
# KERNEL: UVM_INFO /home/runner/driver.sv(36) @ 2575: uvm_test_top.env.agent.drv [DRV] rst_n = 1, wr_en=1, wdata=48, rd_en=1
# KERNEL: UVM_INFO /home/runner/monitor.sv(34) @ 2585: uvm_test_top.env.agent.mon [MON] rst_n=1, wr_en=0, wdata=bd, rd_en=1, rdata=d5, full=1, empty=0
# KERNEL: UVM_INFO /home/runner/scoreboard.sv(35) @ 2585: uvm_test_top.env.scb [fifo_scoreboard] Scoreboard received item
# KERNEL: UVM_INFO /home/runner/scoreboard.sv(41) @ 2585: uvm_test_top.env.scb [SCB_RD] DATA READ=d5 ,count = 15
# KERNEL: UVM_INFO /home/runner/scoreboard.sv(44) @ 2585: uvm_test_top.env.scb [SCB_PASS] MATCH exp_rdata=d5, ACT rdata=d5
# KERNEL: UVM_INFO /home/runner/scoreboard.sv(64) @ 2585: uvm_test_top.env.scb [fifo_scoreboard] Scoreboard received item
# KERNEL: UVM_INFO /home/runner/sequence5.sv(28) @ 2585: uvm_test_top.env.agent.sqr@@s5 [SEQ_5] ALMOST EMPTY TEST
# KERNEL: UVM_INFO /home/runner/driver.sv(36) @ 2585: uvm_test_top.env.agent.drv [DRV] rst_n = 0, wr_en=0, wdata=c0, rd_en=1
# KERNEL: UVM_INFO /home/runner/monitor.sv(34) @ 2595: uvm_test_top.env.agent.mon [MON] rst_n=1, wr_en=1, wdata=48, rd_en=1, rdata=e5, full=0, empty=0
# KERNEL: UVM_INFO /home/runner/scoreboard.sv(35) @ 2595: uvm_test_top.env.scb [fifo_scoreboard] Scoreboard received item
# KERNEL: UVM_INFO /home/runner/scoreboard.sv(41) @ 2595: uvm_test_top.env.scb [SCB_RD] DATA READ=e5 ,count = 14
# KERNEL: UVM_INFO /home/runner/scoreboard.sv(44) @ 2595: uvm_test_top.env.scb [SCB_PASS] MATCH exp_rdata=e5, ACT rdata=e5
# KERNEL: UVM_INFO /home/runner/scoreboard.sv(64) @ 2595: uvm_test_top.env.scb [fifo_scoreboard] Scoreboard received item
# KERNEL: UVM_INFO /home/runner/scoreboard.sv(68) @ 2595: uvm_test_top.env.scb [SCB_WR] DATA WRITTEN=48 ,count = 15
# KERNEL: UVM_INFO /home/runner/driver.sv(36) @ 2595: uvm_test_top.env.agent.drv [DRV] rst_n = 1, wr_en=1, wdata=eb, rd_en=0
# KERNEL: UVM_INFO /home/runner/monitor.sv(34) @ 2605: uvm_test_top.env.agent.mon [MON] rst_n=0, wr_en=0, wdata=c0, rd_en=1, rdata=d0, full=0, empty=1
# KERNEL: UVM_INFO /home/runner/scoreboard.sv(79) @ 2605: uvm_test_top.env.scb [SCB_RST] System in Reset, checking for clear outputs
# KERNEL: UVM_INFO /home/runner/driver.sv(36) @ 2605: uvm_test_top.env.agent.drv [DRV] rst_n = 1, wr_en=1, wdata=3, rd_en=0
# KERNEL: UVM_INFO /home/runner/monitor.sv(34) @ 2615: uvm_test_top.env.agent.mon [MON] rst_n=1, wr_en=1, wdata=eb, rd_en=0, rdata=d0, full=0, empty=1
# KERNEL: UVM_INFO /home/runner/scoreboard.sv(35) @ 2615: uvm_test_top.env.scb [fifo_scoreboard] Scoreboard received item
# KERNEL: UVM_INFO /home/runner/scoreboard.sv(64) @ 2615: uvm_test_top.env.scb [fifo_scoreboard] Scoreboard received item
# KERNEL: UVM_INFO /home/runner/scoreboard.sv(68) @ 2615: uvm_test_top.env.scb [SCB_WR] DATA WRITTEN=eb ,count = 1
# KERNEL: UVM_INFO /home/runner/driver.sv(36) @ 2615: uvm_test_top.env.agent.drv [DRV] rst_n = 1, wr_en=1, wdata=f6, rd_en=0
# KERNEL: UVM_INFO /home/runner/monitor.sv(34) @ 2625: uvm_test_top.env.agent.mon [MON] rst_n=1, wr_en=1, wdata=3, rd_en=0, rdata=d0, full=0, empty=0
# KERNEL: UVM_INFO /home/runner/scoreboard.sv(35) @ 2625: uvm_test_top.env.scb [fifo_scoreboard] Scoreboard received item
# KERNEL: UVM_INFO /home/runner/scoreboard.sv(64) @ 2625: uvm_test_top.env.scb [fifo_scoreboard] Scoreboard received item
# KERNEL: UVM_INFO /home/runner/scoreboard.sv(68) @ 2625: uvm_test_top.env.scb [SCB_WR] DATA WRITTEN=3 ,count = 2
# KERNEL: UVM_INFO /home/runner/driver.sv(36) @ 2625: uvm_test_top.env.agent.drv [DRV] rst_n = 1, wr_en=1, wdata=c2, rd_en=0
# KERNEL: UVM_INFO /home/runner/monitor.sv(34) @ 2635: uvm_test_top.env.agent.mon [MON] rst_n=1, wr_en=1, wdata=f6, rd_en=0, rdata=d0, full=0, empty=0
# KERNEL: UVM_INFO /home/runner/scoreboard.sv(35) @ 2635: uvm_test_top.env.scb [fifo_scoreboard] Scoreboard received item
# KERNEL: UVM_INFO /home/runner/scoreboard.sv(64) @ 2635: uvm_test_top.env.scb [fifo_scoreboard] Scoreboard received item
# KERNEL: UVM_INFO /home/runner/scoreboard.sv(68) @ 2635: uvm_test_top.env.scb [SCB_WR] DATA WRITTEN=f6 ,count = 3
# KERNEL: UVM_INFO /home/runner/driver.sv(36) @ 2635: uvm_test_top.env.agent.drv [DRV] rst_n = 1, wr_en=1, wdata=69, rd_en=0
# KERNEL: UVM_INFO /home/runner/monitor.sv(34) @ 2645: uvm_test_top.env.agent.mon [MON] rst_n=1, wr_en=1, wdata=c2, rd_en=0, rdata=d0, full=0, empty=0
# KERNEL: UVM_INFO /home/runner/scoreboard.sv(35) @ 2645: uvm_test_top.env.scb [fifo_scoreboard] Scoreboard received item
# KERNEL: UVM_INFO /home/runner/scoreboard.sv(64) @ 2645: uvm_test_top.env.scb [fifo_scoreboard] Scoreboard received item
# KERNEL: UVM_INFO /home/runner/scoreboard.sv(68) @ 2645: uvm_test_top.env.scb [SCB_WR] DATA WRITTEN=c2 ,count = 4
# KERNEL: UVM_INFO /home/runner/driver.sv(36) @ 2645: uvm_test_top.env.agent.drv [DRV] rst_n = 1, wr_en=1, wdata=e9, rd_en=0
# KERNEL: UVM_INFO /home/runner/monitor.sv(34) @ 2655: uvm_test_top.env.agent.mon [MON] rst_n=1, wr_en=1, wdata=69, rd_en=0, rdata=d0, full=0, empty=0
# KERNEL: UVM_INFO /home/runner/scoreboard.sv(35) @ 2655: uvm_test_top.env.scb [fifo_scoreboard] Scoreboard received item
# KERNEL: UVM_INFO /home/runner/scoreboard.sv(64) @ 2655: uvm_test_top.env.scb [fifo_scoreboard] Scoreboard received item
# KERNEL: UVM_INFO /home/runner/scoreboard.sv(68) @ 2655: uvm_test_top.env.scb [SCB_WR] DATA WRITTEN=69 ,count = 5
# KERNEL: UVM_INFO /home/runner/driver.sv(36) @ 2655: uvm_test_top.env.agent.drv [DRV] rst_n = 1, wr_en=1, wdata=44, rd_en=0
# KERNEL: UVM_INFO /home/runner/monitor.sv(34) @ 2665: uvm_test_top.env.agent.mon [MON] rst_n=1, wr_en=1, wdata=e9, rd_en=0, rdata=d0, full=0, empty=0
# KERNEL: UVM_INFO /home/runner/scoreboard.sv(35) @ 2665: uvm_test_top.env.scb [fifo_scoreboard] Scoreboard received item
# KERNEL: UVM_INFO /home/runner/scoreboard.sv(64) @ 2665: uvm_test_top.env.scb [fifo_scoreboard] Scoreboard received item
# KERNEL: UVM_INFO /home/runner/scoreboard.sv(68) @ 2665: uvm_test_top.env.scb [SCB_WR] DATA WRITTEN=e9 ,count = 6
# KERNEL: UVM_INFO /home/runner/driver.sv(36) @ 2665: uvm_test_top.env.agent.drv [DRV] rst_n = 1, wr_en=1, wdata=78, rd_en=0
# KERNEL: UVM_INFO /home/runner/monitor.sv(34) @ 2675: uvm_test_top.env.agent.mon [MON] rst_n=1, wr_en=1, wdata=44, rd_en=0, rdata=d0, full=0, empty=0
# KERNEL: UVM_INFO /home/runner/scoreboard.sv(35) @ 2675: uvm_test_top.env.scb [fifo_scoreboard] Scoreboard received item
# KERNEL: UVM_INFO /home/runner/scoreboard.sv(64) @ 2675: uvm_test_top.env.scb [fifo_scoreboard] Scoreboard received item
# KERNEL: UVM_INFO /home/runner/scoreboard.sv(68) @ 2675: uvm_test_top.env.scb [SCB_WR] DATA WRITTEN=44 ,count = 7
# KERNEL: UVM_INFO /home/runner/driver.sv(36) @ 2675: uvm_test_top.env.agent.drv [DRV] rst_n = 1, wr_en=1, wdata=87, rd_en=0
# KERNEL: UVM_INFO /home/runner/monitor.sv(34) @ 2685: uvm_test_top.env.agent.mon [MON] rst_n=1, wr_en=1, wdata=78, rd_en=0, rdata=d0, full=0, empty=0
# KERNEL: UVM_INFO /home/runner/scoreboard.sv(35) @ 2685: uvm_test_top.env.scb [fifo_scoreboard] Scoreboard received item
# KERNEL: UVM_INFO /home/runner/scoreboard.sv(64) @ 2685: uvm_test_top.env.scb [fifo_scoreboard] Scoreboard received item
# KERNEL: UVM_INFO /home/runner/scoreboard.sv(68) @ 2685: uvm_test_top.env.scb [SCB_WR] DATA WRITTEN=78 ,count = 8
# KERNEL: UVM_INFO /home/runner/driver.sv(36) @ 2685: uvm_test_top.env.agent.drv [DRV] rst_n = 1, wr_en=1, wdata=6f, rd_en=0
# KERNEL: UVM_INFO /home/runner/monitor.sv(34) @ 2695: uvm_test_top.env.agent.mon [MON] rst_n=1, wr_en=1, wdata=87, rd_en=0, rdata=d0, full=0, empty=0
# KERNEL: UVM_INFO /home/runner/scoreboard.sv(35) @ 2695: uvm_test_top.env.scb [fifo_scoreboard] Scoreboard received item
# KERNEL: UVM_INFO /home/runner/scoreboard.sv(64) @ 2695: uvm_test_top.env.scb [fifo_scoreboard] Scoreboard received item
# KERNEL: UVM_INFO /home/runner/scoreboard.sv(68) @ 2695: uvm_test_top.env.scb [SCB_WR] DATA WRITTEN=87 ,count = 9
# KERNEL: UVM_INFO /home/runner/driver.sv(36) @ 2695: uvm_test_top.env.agent.drv [DRV] rst_n = 1, wr_en=1, wdata=32, rd_en=0
# KERNEL: UVM_INFO /home/runner/monitor.sv(34) @ 2705: uvm_test_top.env.agent.mon [MON] rst_n=1, wr_en=1, wdata=6f, rd_en=0, rdata=d0, full=0, empty=0
# KERNEL: UVM_INFO /home/runner/scoreboard.sv(35) @ 2705: uvm_test_top.env.scb [fifo_scoreboard] Scoreboard received item
# KERNEL: UVM_INFO /home/runner/scoreboard.sv(64) @ 2705: uvm_test_top.env.scb [fifo_scoreboard] Scoreboard received item
# KERNEL: UVM_INFO /home/runner/scoreboard.sv(68) @ 2705: uvm_test_top.env.scb [SCB_WR] DATA WRITTEN=6f ,count = 10
# KERNEL: UVM_INFO /home/runner/driver.sv(36) @ 2705: uvm_test_top.env.agent.drv [DRV] rst_n = 1, wr_en=1, wdata=ce, rd_en=0
# KERNEL: UVM_INFO /home/runner/monitor.sv(34) @ 2715: uvm_test_top.env.agent.mon [MON] rst_n=1, wr_en=1, wdata=32, rd_en=0, rdata=d0, full=0, empty=0
# KERNEL: UVM_INFO /home/runner/scoreboard.sv(35) @ 2715: uvm_test_top.env.scb [fifo_scoreboard] Scoreboard received item
# KERNEL: UVM_INFO /home/runner/scoreboard.sv(64) @ 2715: uvm_test_top.env.scb [fifo_scoreboard] Scoreboard received item
# KERNEL: UVM_INFO /home/runner/scoreboard.sv(68) @ 2715: uvm_test_top.env.scb [SCB_WR] DATA WRITTEN=32 ,count = 11
# KERNEL: UVM_INFO /home/runner/driver.sv(36) @ 2715: uvm_test_top.env.agent.drv [DRV] rst_n = 1, wr_en=1, wdata=45, rd_en=0
# KERNEL: UVM_INFO /home/runner/monitor.sv(34) @ 2725: uvm_test_top.env.agent.mon [MON] rst_n=1, wr_en=1, wdata=ce, rd_en=0, rdata=d0, full=0, empty=0
# KERNEL: UVM_INFO /home/runner/scoreboard.sv(35) @ 2725: uvm_test_top.env.scb [fifo_scoreboard] Scoreboard received item
# KERNEL: UVM_INFO /home/runner/scoreboard.sv(64) @ 2725: uvm_test_top.env.scb [fifo_scoreboard] Scoreboard received item
# KERNEL: UVM_INFO /home/runner/scoreboard.sv(68) @ 2725: uvm_test_top.env.scb [SCB_WR] DATA WRITTEN=ce ,count = 12
# KERNEL: UVM_INFO /home/runner/driver.sv(36) @ 2725: uvm_test_top.env.agent.drv [DRV] rst_n = 1, wr_en=1, wdata=95, rd_en=0
# KERNEL: UVM_INFO /home/runner/monitor.sv(34) @ 2735: uvm_test_top.env.agent.mon [MON] rst_n=1, wr_en=1, wdata=45, rd_en=0, rdata=d0, full=0, empty=0
# KERNEL: UVM_INFO /home/runner/scoreboard.sv(35) @ 2735: uvm_test_top.env.scb [fifo_scoreboard] Scoreboard received item
# KERNEL: UVM_INFO /home/runner/scoreboard.sv(64) @ 2735: uvm_test_top.env.scb [fifo_scoreboard] Scoreboard received item
# KERNEL: UVM_INFO /home/runner/scoreboard.sv(68) @ 2735: uvm_test_top.env.scb [SCB_WR] DATA WRITTEN=45 ,count = 13
# KERNEL: UVM_INFO /home/runner/driver.sv(36) @ 2735: uvm_test_top.env.agent.drv [DRV] rst_n = 1, wr_en=1, wdata=c0, rd_en=0
# KERNEL: UVM_INFO /home/runner/monitor.sv(34) @ 2745: uvm_test_top.env.agent.mon [MON] rst_n=1, wr_en=1, wdata=95, rd_en=0, rdata=d0, full=0, empty=0
# KERNEL: UVM_INFO /home/runner/scoreboard.sv(35) @ 2745: uvm_test_top.env.scb [fifo_scoreboard] Scoreboard received item
# KERNEL: UVM_INFO /home/runner/scoreboard.sv(64) @ 2745: uvm_test_top.env.scb [fifo_scoreboard] Scoreboard received item
# KERNEL: UVM_INFO /home/runner/scoreboard.sv(68) @ 2745: uvm_test_top.env.scb [SCB_WR] DATA WRITTEN=95 ,count = 14
# KERNEL: UVM_INFO /home/runner/driver.sv(36) @ 2745: uvm_test_top.env.agent.drv [DRV] rst_n = 1, wr_en=1, wdata=c4, rd_en=0
# KERNEL: UVM_INFO /home/runner/monitor.sv(34) @ 2755: uvm_test_top.env.agent.mon [MON] rst_n=1, wr_en=1, wdata=c0, rd_en=0, rdata=d0, full=0, empty=0
# KERNEL: UVM_INFO /home/runner/scoreboard.sv(35) @ 2755: uvm_test_top.env.scb [fifo_scoreboard] Scoreboard received item
# KERNEL: UVM_INFO /home/runner/scoreboard.sv(64) @ 2755: uvm_test_top.env.scb [fifo_scoreboard] Scoreboard received item
# KERNEL: UVM_INFO /home/runner/scoreboard.sv(68) @ 2755: uvm_test_top.env.scb [SCB_WR] DATA WRITTEN=c0 ,count = 15
# KERNEL: UVM_INFO /home/runner/driver.sv(36) @ 2755: uvm_test_top.env.agent.drv [DRV] rst_n = 1, wr_en=0, wdata=a3, rd_en=1
# KERNEL: UVM_INFO /home/runner/monitor.sv(34) @ 2765: uvm_test_top.env.agent.mon [MON] rst_n=1, wr_en=1, wdata=c4, rd_en=0, rdata=d0, full=0, empty=0
# KERNEL: UVM_INFO /home/runner/scoreboard.sv(35) @ 2765: uvm_test_top.env.scb [fifo_scoreboard] Scoreboard received item
# KERNEL: UVM_INFO /home/runner/scoreboard.sv(64) @ 2765: uvm_test_top.env.scb [fifo_scoreboard] Scoreboard received item
# KERNEL: UVM_INFO /home/runner/scoreboard.sv(68) @ 2765: uvm_test_top.env.scb [SCB_WR] DATA WRITTEN=c4 ,count = 16
# KERNEL: UVM_INFO /home/runner/driver.sv(36) @ 2765: uvm_test_top.env.agent.drv [DRV] rst_n = 1, wr_en=0, wdata=5b, rd_en=1
# KERNEL: UVM_INFO /home/runner/monitor.sv(34) @ 2775: uvm_test_top.env.agent.mon [MON] rst_n=1, wr_en=0, wdata=a3, rd_en=1, rdata=d0, full=1, empty=0
# KERNEL: UVM_INFO /home/runner/scoreboard.sv(35) @ 2775: uvm_test_top.env.scb [fifo_scoreboard] Scoreboard received item
# KERNEL: UVM_INFO /home/runner/scoreboard.sv(64) @ 2775: uvm_test_top.env.scb [fifo_scoreboard] Scoreboard received item
# KERNEL: UVM_INFO /home/runner/driver.sv(36) @ 2775: uvm_test_top.env.agent.drv [DRV] rst_n = 1, wr_en=0, wdata=ee, rd_en=1
# KERNEL: UVM_INFO /home/runner/monitor.sv(34) @ 2785: uvm_test_top.env.agent.mon [MON] rst_n=1, wr_en=0, wdata=5b, rd_en=1, rdata=eb, full=0, empty=0
# KERNEL: UVM_INFO /home/runner/scoreboard.sv(35) @ 2785: uvm_test_top.env.scb [fifo_scoreboard] Scoreboard received item
# KERNEL: UVM_INFO /home/runner/scoreboard.sv(41) @ 2785: uvm_test_top.env.scb [SCB_RD] DATA READ=eb ,count = 15
# KERNEL: UVM_INFO /home/runner/scoreboard.sv(44) @ 2785: uvm_test_top.env.scb [SCB_PASS] MATCH exp_rdata=eb, ACT rdata=eb
# KERNEL: UVM_INFO /home/runner/scoreboard.sv(64) @ 2785: uvm_test_top.env.scb [fifo_scoreboard] Scoreboard received item
# KERNEL: UVM_INFO /home/runner/driver.sv(36) @ 2785: uvm_test_top.env.agent.drv [DRV] rst_n = 1, wr_en=0, wdata=5a, rd_en=1
# KERNEL: UVM_INFO /home/runner/monitor.sv(34) @ 2795: uvm_test_top.env.agent.mon [MON] rst_n=1, wr_en=0, wdata=ee, rd_en=1, rdata=3, full=0, empty=0
# KERNEL: UVM_INFO /home/runner/scoreboard.sv(35) @ 2795: uvm_test_top.env.scb [fifo_scoreboard] Scoreboard received item
# KERNEL: UVM_INFO /home/runner/scoreboard.sv(41) @ 2795: uvm_test_top.env.scb [SCB_RD] DATA READ=3 ,count = 14
# KERNEL: UVM_INFO /home/runner/scoreboard.sv(44) @ 2795: uvm_test_top.env.scb [SCB_PASS] MATCH exp_rdata=3, ACT rdata=3
# KERNEL: UVM_INFO /home/runner/scoreboard.sv(64) @ 2795: uvm_test_top.env.scb [fifo_scoreboard] Scoreboard received item
# KERNEL: UVM_INFO /home/runner/driver.sv(36) @ 2795: uvm_test_top.env.agent.drv [DRV] rst_n = 1, wr_en=0, wdata=a1, rd_en=1
# KERNEL: UVM_INFO /home/runner/monitor.sv(34) @ 2805: uvm_test_top.env.agent.mon [MON] rst_n=1, wr_en=0, wdata=5a, rd_en=1, rdata=f6, full=0, empty=0
# KERNEL: UVM_INFO /home/runner/scoreboard.sv(35) @ 2805: uvm_test_top.env.scb [fifo_scoreboard] Scoreboard received item
# KERNEL: UVM_INFO /home/runner/scoreboard.sv(41) @ 2805: uvm_test_top.env.scb [SCB_RD] DATA READ=f6 ,count = 13
# KERNEL: UVM_INFO /home/runner/scoreboard.sv(44) @ 2805: uvm_test_top.env.scb [SCB_PASS] MATCH exp_rdata=f6, ACT rdata=f6
# KERNEL: UVM_INFO /home/runner/scoreboard.sv(64) @ 2805: uvm_test_top.env.scb [fifo_scoreboard] Scoreboard received item
# KERNEL: UVM_INFO /home/runner/driver.sv(36) @ 2805: uvm_test_top.env.agent.drv [DRV] rst_n = 1, wr_en=0, wdata=c1, rd_en=1
# KERNEL: UVM_INFO /home/runner/monitor.sv(34) @ 2815: uvm_test_top.env.agent.mon [MON] rst_n=1, wr_en=0, wdata=a1, rd_en=1, rdata=c2, full=0, empty=0
# KERNEL: UVM_INFO /home/runner/scoreboard.sv(35) @ 2815: uvm_test_top.env.scb [fifo_scoreboard] Scoreboard received item
# KERNEL: UVM_INFO /home/runner/scoreboard.sv(41) @ 2815: uvm_test_top.env.scb [SCB_RD] DATA READ=c2 ,count = 12
# KERNEL: UVM_INFO /home/runner/scoreboard.sv(44) @ 2815: uvm_test_top.env.scb [SCB_PASS] MATCH exp_rdata=c2, ACT rdata=c2
# KERNEL: UVM_INFO /home/runner/scoreboard.sv(64) @ 2815: uvm_test_top.env.scb [fifo_scoreboard] Scoreboard received item
# KERNEL: UVM_INFO /home/runner/driver.sv(36) @ 2815: uvm_test_top.env.agent.drv [DRV] rst_n = 1, wr_en=0, wdata=bc, rd_en=1
# KERNEL: UVM_INFO /home/runner/monitor.sv(34) @ 2825: uvm_test_top.env.agent.mon [MON] rst_n=1, wr_en=0, wdata=c1, rd_en=1, rdata=69, full=0, empty=0
# KERNEL: UVM_INFO /home/runner/scoreboard.sv(35) @ 2825: uvm_test_top.env.scb [fifo_scoreboard] Scoreboard received item
# KERNEL: UVM_INFO /home/runner/scoreboard.sv(41) @ 2825: uvm_test_top.env.scb [SCB_RD] DATA READ=69 ,count = 11
# KERNEL: UVM_INFO /home/runner/scoreboard.sv(44) @ 2825: uvm_test_top.env.scb [SCB_PASS] MATCH exp_rdata=69, ACT rdata=69
# KERNEL: UVM_INFO /home/runner/scoreboard.sv(64) @ 2825: uvm_test_top.env.scb [fifo_scoreboard] Scoreboard received item
# KERNEL: UVM_INFO /home/runner/driver.sv(36) @ 2825: uvm_test_top.env.agent.drv [DRV] rst_n = 1, wr_en=0, wdata=90, rd_en=1
# KERNEL: UVM_INFO /home/runner/monitor.sv(34) @ 2835: uvm_test_top.env.agent.mon [MON] rst_n=1, wr_en=0, wdata=bc, rd_en=1, rdata=e9, full=0, empty=0
# KERNEL: UVM_INFO /home/runner/scoreboard.sv(35) @ 2835: uvm_test_top.env.scb [fifo_scoreboard] Scoreboard received item
# KERNEL: UVM_INFO /home/runner/scoreboard.sv(41) @ 2835: uvm_test_top.env.scb [SCB_RD] DATA READ=e9 ,count = 10
# KERNEL: UVM_INFO /home/runner/scoreboard.sv(44) @ 2835: uvm_test_top.env.scb [SCB_PASS] MATCH exp_rdata=e9, ACT rdata=e9
# KERNEL: UVM_INFO /home/runner/scoreboard.sv(64) @ 2835: uvm_test_top.env.scb [fifo_scoreboard] Scoreboard received item
# KERNEL: UVM_INFO /home/runner/driver.sv(36) @ 2835: uvm_test_top.env.agent.drv [DRV] rst_n = 1, wr_en=0, wdata=3f, rd_en=1
# KERNEL: UVM_INFO /home/runner/monitor.sv(34) @ 2845: uvm_test_top.env.agent.mon [MON] rst_n=1, wr_en=0, wdata=90, rd_en=1, rdata=44, full=0, empty=0
# KERNEL: UVM_INFO /home/runner/scoreboard.sv(35) @ 2845: uvm_test_top.env.scb [fifo_scoreboard] Scoreboard received item
# KERNEL: UVM_INFO /home/runner/scoreboard.sv(41) @ 2845: uvm_test_top.env.scb [SCB_RD] DATA READ=44 ,count = 9
# KERNEL: UVM_INFO /home/runner/scoreboard.sv(44) @ 2845: uvm_test_top.env.scb [SCB_PASS] MATCH exp_rdata=44, ACT rdata=44
# KERNEL: UVM_INFO /home/runner/scoreboard.sv(64) @ 2845: uvm_test_top.env.scb [fifo_scoreboard] Scoreboard received item
# KERNEL: UVM_INFO /home/runner/driver.sv(36) @ 2845: uvm_test_top.env.agent.drv [DRV] rst_n = 1, wr_en=0, wdata=c7, rd_en=1
# KERNEL: UVM_INFO /home/runner/monitor.sv(34) @ 2855: uvm_test_top.env.agent.mon [MON] rst_n=1, wr_en=0, wdata=3f, rd_en=1, rdata=78, full=0, empty=0
# KERNEL: UVM_INFO /home/runner/scoreboard.sv(35) @ 2855: uvm_test_top.env.scb [fifo_scoreboard] Scoreboard received item
# KERNEL: UVM_INFO /home/runner/scoreboard.sv(41) @ 2855: uvm_test_top.env.scb [SCB_RD] DATA READ=78 ,count = 8
# KERNEL: UVM_INFO /home/runner/scoreboard.sv(44) @ 2855: uvm_test_top.env.scb [SCB_PASS] MATCH exp_rdata=78, ACT rdata=78
# KERNEL: UVM_INFO /home/runner/scoreboard.sv(64) @ 2855: uvm_test_top.env.scb [fifo_scoreboard] Scoreboard received item
# KERNEL: UVM_INFO /home/runner/driver.sv(36) @ 2855: uvm_test_top.env.agent.drv [DRV] rst_n = 1, wr_en=0, wdata=2a, rd_en=1
# KERNEL: UVM_INFO /home/runner/monitor.sv(34) @ 2865: uvm_test_top.env.agent.mon [MON] rst_n=1, wr_en=0, wdata=c7, rd_en=1, rdata=87, full=0, empty=0
# KERNEL: UVM_INFO /home/runner/scoreboard.sv(35) @ 2865: uvm_test_top.env.scb [fifo_scoreboard] Scoreboard received item
# KERNEL: UVM_INFO /home/runner/scoreboard.sv(41) @ 2865: uvm_test_top.env.scb [SCB_RD] DATA READ=87 ,count = 7
# KERNEL: UVM_INFO /home/runner/scoreboard.sv(44) @ 2865: uvm_test_top.env.scb [SCB_PASS] MATCH exp_rdata=87, ACT rdata=87
# KERNEL: UVM_INFO /home/runner/scoreboard.sv(64) @ 2865: uvm_test_top.env.scb [fifo_scoreboard] Scoreboard received item
# KERNEL: UVM_INFO /home/runner/driver.sv(36) @ 2865: uvm_test_top.env.agent.drv [DRV] rst_n = 1, wr_en=0, wdata=66, rd_en=1
# KERNEL: UVM_INFO /home/runner/monitor.sv(34) @ 2875: uvm_test_top.env.agent.mon [MON] rst_n=1, wr_en=0, wdata=2a, rd_en=1, rdata=6f, full=0, empty=0
# KERNEL: UVM_INFO /home/runner/scoreboard.sv(35) @ 2875: uvm_test_top.env.scb [fifo_scoreboard] Scoreboard received item
# KERNEL: UVM_INFO /home/runner/scoreboard.sv(41) @ 2875: uvm_test_top.env.scb [SCB_RD] DATA READ=6f ,count = 6
# KERNEL: UVM_INFO /home/runner/scoreboard.sv(44) @ 2875: uvm_test_top.env.scb [SCB_PASS] MATCH exp_rdata=6f, ACT rdata=6f
# KERNEL: UVM_INFO /home/runner/scoreboard.sv(64) @ 2875: uvm_test_top.env.scb [fifo_scoreboard] Scoreboard received item
# KERNEL: UVM_INFO /home/runner/driver.sv(36) @ 2875: uvm_test_top.env.agent.drv [DRV] rst_n = 1, wr_en=0, wdata=7d, rd_en=1
# KERNEL: UVM_INFO /home/runner/monitor.sv(34) @ 2885: uvm_test_top.env.agent.mon [MON] rst_n=1, wr_en=0, wdata=66, rd_en=1, rdata=32, full=0, empty=0
# KERNEL: UVM_INFO /home/runner/scoreboard.sv(35) @ 2885: uvm_test_top.env.scb [fifo_scoreboard] Scoreboard received item
# KERNEL: UVM_INFO /home/runner/scoreboard.sv(41) @ 2885: uvm_test_top.env.scb [SCB_RD] DATA READ=32 ,count = 5
# KERNEL: UVM_INFO /home/runner/scoreboard.sv(44) @ 2885: uvm_test_top.env.scb [SCB_PASS] MATCH exp_rdata=32, ACT rdata=32
# KERNEL: UVM_INFO /home/runner/scoreboard.sv(64) @ 2885: uvm_test_top.env.scb [fifo_scoreboard] Scoreboard received item
# KERNEL: UVM_INFO /home/runner/driver.sv(36) @ 2885: uvm_test_top.env.agent.drv [DRV] rst_n = 1, wr_en=0, wdata=6d, rd_en=1
# KERNEL: UVM_INFO /home/runner/monitor.sv(34) @ 2895: uvm_test_top.env.agent.mon [MON] rst_n=1, wr_en=0, wdata=7d, rd_en=1, rdata=ce, full=0, empty=0
# KERNEL: UVM_INFO /home/runner/scoreboard.sv(35) @ 2895: uvm_test_top.env.scb [fifo_scoreboard] Scoreboard received item
# KERNEL: UVM_INFO /home/runner/scoreboard.sv(41) @ 2895: uvm_test_top.env.scb [SCB_RD] DATA READ=ce ,count = 4
# KERNEL: UVM_INFO /home/runner/scoreboard.sv(44) @ 2895: uvm_test_top.env.scb [SCB_PASS] MATCH exp_rdata=ce, ACT rdata=ce
# KERNEL: UVM_INFO /home/runner/scoreboard.sv(64) @ 2895: uvm_test_top.env.scb [fifo_scoreboard] Scoreboard received item
# KERNEL: UVM_INFO /home/runner/driver.sv(36) @ 2895: uvm_test_top.env.agent.drv [DRV] rst_n = 1, wr_en=0, wdata=38, rd_en=1
# KERNEL: UVM_INFO /home/runner/monitor.sv(34) @ 2905: uvm_test_top.env.agent.mon [MON] rst_n=1, wr_en=0, wdata=6d, rd_en=1, rdata=45, full=0, empty=0
# KERNEL: UVM_INFO /home/runner/scoreboard.sv(35) @ 2905: uvm_test_top.env.scb [fifo_scoreboard] Scoreboard received item
# KERNEL: UVM_INFO /home/runner/scoreboard.sv(41) @ 2905: uvm_test_top.env.scb [SCB_RD] DATA READ=45 ,count = 3
# KERNEL: UVM_INFO /home/runner/scoreboard.sv(44) @ 2905: uvm_test_top.env.scb [SCB_PASS] MATCH exp_rdata=45, ACT rdata=45
# KERNEL: UVM_INFO /home/runner/scoreboard.sv(64) @ 2905: uvm_test_top.env.scb [fifo_scoreboard] Scoreboard received item
# KERNEL: UVM_INFO /home/runner/driver.sv(36) @ 2905: uvm_test_top.env.agent.drv [DRV] rst_n = 1, wr_en=1, wdata=dc, rd_en=1
# KERNEL: UVM_INFO /home/runner/monitor.sv(34) @ 2915: uvm_test_top.env.agent.mon [MON] rst_n=1, wr_en=0, wdata=38, rd_en=1, rdata=95, full=0, empty=0
# KERNEL: UVM_INFO /home/runner/scoreboard.sv(35) @ 2915: uvm_test_top.env.scb [fifo_scoreboard] Scoreboard received item
# KERNEL: UVM_INFO /home/runner/scoreboard.sv(41) @ 2915: uvm_test_top.env.scb [SCB_RD] DATA READ=95 ,count = 2
# KERNEL: UVM_INFO /home/runner/scoreboard.sv(44) @ 2915: uvm_test_top.env.scb [SCB_PASS] MATCH exp_rdata=95, ACT rdata=95
# KERNEL: UVM_INFO /home/runner/scoreboard.sv(64) @ 2915: uvm_test_top.env.scb [fifo_scoreboard] Scoreboard received item
# KERNEL: UVM_INFO /home/runner/monitor.sv(34) @ 2925: uvm_test_top.env.agent.mon [MON] rst_n=1, wr_en=1, wdata=dc, rd_en=1, rdata=c0, full=0, empty=0
# KERNEL: UVM_INFO /home/runner/scoreboard.sv(35) @ 2925: uvm_test_top.env.scb [fifo_scoreboard] Scoreboard received item
# KERNEL: UVM_INFO /home/runner/scoreboard.sv(41) @ 2925: uvm_test_top.env.scb [SCB_RD] DATA READ=c0 ,count = 1
# KERNEL: UVM_INFO /home/runner/scoreboard.sv(44) @ 2925: uvm_test_top.env.scb [SCB_PASS] MATCH exp_rdata=c0, ACT rdata=c0
# KERNEL: UVM_INFO /home/runner/scoreboard.sv(64) @ 2925: uvm_test_top.env.scb [fifo_scoreboard] Scoreboard received item
# KERNEL: UVM_INFO /home/runner/scoreboard.sv(68) @ 2925: uvm_test_top.env.scb [SCB_WR] DATA WRITTEN=dc ,count = 2
# KERNEL: UVM_INFO /home/runner/monitor.sv(34) @ 2935: uvm_test_top.env.agent.mon [MON] rst_n=1, wr_en=1, wdata=dc, rd_en=1, rdata=c4, full=0, empty=0
# KERNEL: UVM_INFO /home/runner/scoreboard.sv(35) @ 2935: uvm_test_top.env.scb [fifo_scoreboard] Scoreboard received item
# KERNEL: UVM_INFO /home/runner/scoreboard.sv(41) @ 2935: uvm_test_top.env.scb [SCB_RD] DATA READ=c4 ,count = 1
# KERNEL: UVM_INFO /home/runner/scoreboard.sv(44) @ 2935: uvm_test_top.env.scb [SCB_PASS] MATCH exp_rdata=c4, ACT rdata=c4
# KERNEL: UVM_INFO /home/runner/scoreboard.sv(64) @ 2935: uvm_test_top.env.scb [fifo_scoreboard] Scoreboard received item
# KERNEL: UVM_INFO /home/runner/scoreboard.sv(68) @ 2935: uvm_test_top.env.scb [SCB_WR] DATA WRITTEN=dc ,count = 2
# KERNEL: UVM_INFO /home/runner/monitor.sv(34) @ 2945: uvm_test_top.env.agent.mon [MON] rst_n=1, wr_en=1, wdata=dc, rd_en=1, rdata=dc, full=0, empty=0
# KERNEL: UVM_INFO /home/runner/scoreboard.sv(35) @ 2945: uvm_test_top.env.scb [fifo_scoreboard] Scoreboard received item
# KERNEL: UVM_INFO /home/runner/scoreboard.sv(41) @ 2945: uvm_test_top.env.scb [SCB_RD] DATA READ=dc ,count = 1
# KERNEL: UVM_INFO /home/runner/scoreboard.sv(44) @ 2945: uvm_test_top.env.scb [SCB_PASS] MATCH exp_rdata=dc, ACT rdata=dc
# KERNEL: UVM_INFO /home/runner/scoreboard.sv(64) @ 2945: uvm_test_top.env.scb [fifo_scoreboard] Scoreboard received item
# KERNEL: UVM_INFO /home/runner/scoreboard.sv(68) @ 2945: uvm_test_top.env.scb [SCB_WR] DATA WRITTEN=dc ,count = 2
# KERNEL: UVM_INFO /home/runner/monitor.sv(34) @ 2955: uvm_test_top.env.agent.mon [MON] rst_n=1, wr_en=1, wdata=dc, rd_en=1, rdata=dc, full=0, empty=0
# KERNEL: UVM_INFO /home/runner/scoreboard.sv(35) @ 2955: uvm_test_top.env.scb [fifo_scoreboard] Scoreboard received item
# KERNEL: UVM_INFO /home/runner/scoreboard.sv(41) @ 2955: uvm_test_top.env.scb [SCB_RD] DATA READ=dc ,count = 1
# KERNEL: UVM_INFO /home/runner/scoreboard.sv(44) @ 2955: uvm_test_top.env.scb [SCB_PASS] MATCH exp_rdata=dc, ACT rdata=dc
# KERNEL: UVM_INFO /home/runner/scoreboard.sv(64) @ 2955: uvm_test_top.env.scb [fifo_scoreboard] Scoreboard received item
# KERNEL: UVM_INFO /home/runner/scoreboard.sv(68) @ 2955: uvm_test_top.env.scb [SCB_WR] DATA WRITTEN=dc ,count = 2
# KERNEL: UVM_INFO /home/runner/monitor.sv(34) @ 2965: uvm_test_top.env.agent.mon [MON] rst_n=1, wr_en=1, wdata=dc, rd_en=1, rdata=dc, full=0, empty=0
# KERNEL: UVM_INFO /home/runner/scoreboard.sv(35) @ 2965: uvm_test_top.env.scb [fifo_scoreboard] Scoreboard received item
# KERNEL: UVM_INFO /home/runner/scoreboard.sv(41) @ 2965: uvm_test_top.env.scb [SCB_RD] DATA READ=dc ,count = 1
# KERNEL: UVM_INFO /home/runner/scoreboard.sv(44) @ 2965: uvm_test_top.env.scb [SCB_PASS] MATCH exp_rdata=dc, ACT rdata=dc
# KERNEL: UVM_INFO /home/runner/scoreboard.sv(64) @ 2965: uvm_test_top.env.scb [fifo_scoreboard] Scoreboard received item
# KERNEL: UVM_INFO /home/runner/scoreboard.sv(68) @ 2965: uvm_test_top.env.scb [SCB_WR] DATA WRITTEN=dc ,count = 2
# KERNEL: UVM_INFO /home/runner/monitor.sv(34) @ 2975: uvm_test_top.env.agent.mon [MON] rst_n=1, wr_en=1, wdata=dc, rd_en=1, rdata=dc, full=0, empty=0
# KERNEL: UVM_INFO /home/runner/scoreboard.sv(35) @ 2975: uvm_test_top.env.scb [fifo_scoreboard] Scoreboard received item
# KERNEL: UVM_INFO /home/runner/scoreboard.sv(41) @ 2975: uvm_test_top.env.scb [SCB_RD] DATA READ=dc ,count = 1
# KERNEL: UVM_INFO /home/runner/scoreboard.sv(44) @ 2975: uvm_test_top.env.scb [SCB_PASS] MATCH exp_rdata=dc, ACT rdata=dc
# KERNEL: UVM_INFO /home/runner/scoreboard.sv(64) @ 2975: uvm_test_top.env.scb [fifo_scoreboard] Scoreboard received item
# KERNEL: UVM_INFO /home/runner/scoreboard.sv(68) @ 2975: uvm_test_top.env.scb [SCB_WR] DATA WRITTEN=dc ,count = 2
# KERNEL: UVM_INFO /home/runner/test.sv(26) @ 2985: uvm_test_top [fifo_test] Test finished!
# KERNEL: UVM_INFO ./uvm-1.2/src/base/uvm_objection.svh(1271) @ 2985: reporter [TEST_DONE] 'run' phase is ready to proceed to the 'extract' phase
# KERNEL: UVM_INFO ./uvm-1.2/src/base/uvm_report_server.svh(869) @ 2985: reporter [UVM/REPORT/SERVER] 
# KERNEL: --- UVM Report Summary ---
# KERNEL: 
# KERNEL: ** Report counts by severity
# KERNEL: UVM_INFO : 1572
# KERNEL: UVM_WARNING :    0
# KERNEL: UVM_ERROR :    0
# KERNEL: UVM_FATAL :    0
# KERNEL: ** Report counts by id
# KERNEL: [DRV]   288
# KERNEL: [MASTER_SEQ]     5
# KERNEL: [MON]   297
# KERNEL: [RNTST]     1
# KERNEL: [SCB_PASS]   107
# KERNEL: [SCB_RD]   107
# KERNEL: [SCB_RST]    11
# KERNEL: [SCB_WR]   154
# KERNEL: [SCB_wr_ig]    17
# KERNEL: [SEQ_1]     1
# KERNEL: [SEQ_5]     2
# KERNEL: [TEST_DONE]     1
# KERNEL: [UVM/RELNOTES]     1
# KERNEL: [fifo_directed_sequence]     2
# KERNEL: [fifo_ovfl_unfl_seq]     1
# KERNEL: [fifo_random_seq]     1
# KERNEL: [fifo_scoreboard]   572
# KERNEL: [fifo_simultaneous_seq]     1
# KERNEL: [fifo_test]     2
# KERNEL: [fifo_threshold_seq]     1
# KERNEL: 
# RUNTIME: Info: RUNTIME_0068 uvm_root.svh (521): $finish called.
# KERNEL: Time: 2985 ns,  Iteration: 57,  Instance: /tb_top,  Process: @INITIAL#42_1@.
# KERNEL: stopped at time: 2985 ns
# VSIM: Simulation has finished. There are no more test vectors to simulate.
